algorithm,scenario_id,interference_seed,interference_activity_ids,interference_rate,makespan,budget_used,budget_limit,deadline_limit,budget_violation,deadline_violation,feasible,interference_time,interference_pairs,algorithm_milliseconds,machine_distribution,machine_utilization,recommendations_json
heft_colocation,hybrid_hetero,1,maddid0000018|maddid0000037|maddid0000056|mbackgroundid0000015|mbackgroundid0000035|mbgmodelid0000012|mbgmodelid0000031|mconcatfitid0000011|mconcatfitid0000030|mdifffitid0000005|mdifffitid0000007|mdifffitid0000010|mdifffitid0000025|mdifffitid0000026|mdifffitid0000028|mdifffitid0000029|mdifffitid0000044|mimgtblid0000017|mimgtblid0000036|mimgtblid0000055|mprojectid0000003|mprojectid0000020|mprojectid0000022|mprojectid0000023|mprojectid0000040|mprojectid0000041|mviewerid0000038|mviewerid0000057|mviewerid0000058,0.200000,91.837000,0.440836,0.241327,110.620800,0.199500,0.000000,false,40.661000,17,1.968000,"{""bora011"":2,""diablo03"":1,""h3-standard-88-2"":9,""h4d-standard-192-7"":46}","{""bora011"":0.000555,""diablo03"":0.00021,""h3-standard-88-2"":0.003991,""h4d-standard-192-7"":0.019509}",[]
prism_cc_cost,hybrid_hetero,1,maddid0000018|maddid0000037|maddid0000056|mbackgroundid0000015|mbackgroundid0000035|mbgmodelid0000012|mbgmodelid0000031|mconcatfitid0000011|mconcatfitid0000030|mdifffitid0000005|mdifffitid0000007|mdifffitid0000010|mdifffitid0000025|mdifffitid0000026|mdifffitid0000028|mdifffitid0000029|mdifffitid0000044|mimgtblid0000017|mimgtblid0000036|mimgtblid0000055|mprojectid0000003|mprojectid0000020|mprojectid0000022|mprojectid0000023|mprojectid0000040|mprojectid0000041|mviewerid0000038|mviewerid0000057|mviewerid0000058,0.200000,150.276000,0.241708,0.241327,110.620800,0.000400,39.655000,false,88.183000,18,292.573000,"{""bora011"":25,""diablo03"":15,""h4d-standard-192-7"":18}","{""bora011"":0.008734,""diablo03"":0.003588,""h3-standard-88-2"":0,""h4d-standard-192-7"":0.013663}","[{""rank"":1,""recommended"":true,""feasible"":false,""budget_used"":0.241708,""budget_violation"":0.0004,""makespan"":150.276,""deadline_violation"":39.655,""machine_signature"":""fe200d980f1dac09"",""weighted_score"":0.241708,""diversity_score"":2.568966},{""rank"":2,""recommended"":false,""feasible"":false,""budget_used"":0.254705,""budget_violation"":0.0134,""makespan"":132.18,""deadline_violation"":21.559,""machine_signature"":""9b4b2221638545ea"",""weighted_score"":0.254705,""diversity_score"":3.568966},{""rank"":3,""recommended"":false,""feasible"":false,""budget_used"":0.354098,""budget_violation"":0.1128,""makespan"":98.74,""deadline_violation"":0,""machine_signature"":""44e8ae2520da9fdc"",""weighted_score"":0.354098,""diversity_score"":3.327586},{""rank"":4,""recommended"":false,""feasible"":false,""budget_used"":0.412218,""budget_violation"":0.1709,""makespan"":91.837,""deadline_violation"":0,""machine_signature"":""a211077edb87144e"",""weighted_score"":0.412218,""diversity_score"":3.189655},{""rank"":5,""recommended"":false,""feasible"":false,""budget_used"":0.440836,""budget_violation"":0.1995,""makespan"":91.837,""deadline_violation"":0,""machine_signature"":""40ff2fdf32c3b3ad"",""weighted_score"":0.440836,""diversity_score"":3.206897}]"
prism_cc_time,hybrid_hetero,1,maddid0000018|maddid0000037|maddid0000056|mbackgroundid0000015|mbackgroundid0000035|mbgmodelid0000012|mbgmodelid0000031|mconcatfitid0000011|mconcatfitid0000030|mdifffitid0000005|mdifffitid0000007|mdifffitid0000010|mdifffitid0000025|mdifffitid0000026|mdifffitid0000028|mdifffitid0000029|mdifffitid0000044|mimgtblid0000017|mimgtblid0000036|mimgtblid0000055|mprojectid0000003|mprojectid0000020|mprojectid0000022|mprojectid0000023|mprojectid0000040|mprojectid0000041|mviewerid0000038|mviewerid0000057|mviewerid0000058,0.200000,98.740000,0.354098,0.241327,110.620800,0.112800,0.000000,false,41.282000,18,292.573000,"{""bora011"":7,""diablo03"":5,""h3-standard-88-2"":7,""h4d-standard-192-7"":39}","{""bora011"":0.002714,""diablo03"":0.00156,""h3-standard-88-2"":0.003562,""h4d-standard-192-7"":0.018045}","[{""rank"":1,""recommended"":true,""feasible"":false,""budget_used"":0.354098,""budget_violation"":0.1128,""makespan"":98.74,""deadline_violation"":0,""machine_signature"":""44e8ae2520da9fdc"",""weighted_score"":0.657058,""diversity_score"":3.327586},{""rank"":2,""recommended"":false,""feasible"":false,""budget_used"":0.412218,""budget_violation"":0.1709,""makespan"":91.837,""deadline_violation"":0,""machine_signature"":""a211077edb87144e"",""weighted_score"":0.611122,""diversity_score"":3.189655},{""rank"":3,""recommended"":false,""feasible"":false,""budget_used"":0.440836,""budget_violation"":0.1995,""makespan"":91.837,""deadline_violation"":0,""machine_signature"":""40ff2fdf32c3b3ad"",""weighted_score"":0.611122,""diversity_score"":3.206897},{""rank"":4,""recommended"":false,""feasible"":false,""budget_used"":0.254705,""budget_violation"":0.0134,""makespan"":132.18,""deadline_violation"":21.559,""machine_signature"":""9b4b2221638545ea"",""weighted_score"":0.879582,""diversity_score"":3.568966},{""rank"":5,""recommended"":false,""feasible"":false,""budget_used"":0.241708,""budget_violation"":0.0004,""makespan"":150.276,""deadline_violation"":39.655,""machine_signature"":""fe200d980f1dac09"",""weighted_score"":1,""diversity_score"":2.568966}]"
heft_colocation,hybrid_hetero,2,maddid0000037|mbackgroundid0000013|mbackgroundid0000014|mbackgroundid0000032|mbackgroundid0000033|mbackgroundid0000051|mbackgroundid0000052|mbackgroundid0000053|mbackgroundid0000054|mconcatfitid0000049|mdifffitid0000008|mdifffitid0000009|mdifffitid0000010|mdifffitid0000025|mdifffitid0000027|mdifffitid0000029|mdifffitid0000045|mdifffitid0000046|mdifffitid0000048|mimgtblid0000055|mprojectid0000001|mprojectid0000002|mprojectid0000020|mprojectid0000021|mprojectid0000022|mprojectid0000040|mviewerid0000038|mviewerid0000057|mviewerid0000058,0.200000,95.314000,0.467603,0.241327,110.620800,0.226300,0.000000,false,37.314000,31,1.473000,"{""bora011"":2,""diablo03"":1,""h3-standard-88-2"":10,""h4d-standard-192-7"":45}","{""bora011"":0.000534,""diablo03"":0.000202,""h3-standard-88-2"":0.002915,""h4d-standard-192-7"":0.018831}",[]
prism_cc_cost,hybrid_hetero,2,maddid0000037|mbackgroundid0000013|mbackgroundid0000014|mbackgroundid0000032|mbackgroundid0000033|mbackgroundid0000051|mbackgroundid0000052|mbackgroundid0000053|mbackgroundid0000054|mconcatfitid0000049|mdifffitid0000008|mdifffitid0000009|mdifffitid0000010|mdifffitid0000025|mdifffitid0000027|mdifffitid0000029|mdifffitid0000045|mdifffitid0000046|mdifffitid0000048|mimgtblid0000055|mprojectid0000001|mprojectid0000002|mprojectid0000020|mprojectid0000021|mprojectid0000022|mprojectid0000040|mviewerid0000038|mviewerid0000057|mviewerid0000058,0.200000,155.921000,0.239055,0.241327,110.620800,0.000000,45.300000,false,97.950000,18,332.160000,"{""bora011"":27,""diablo03"":17,""h4d-standard-192-7"":14}","{""bora011"":0.017876,""diablo03"":0.003776,""h3-standard-88-2"":0,""h4d-standard-192-7"":0.013158}","[{""rank"":1,""recommended"":true,""feasible"":false,""budget_used"":0.239055,""budget_violation"":0,""makespan"":155.921,""deadline_violation"":45.3,""machine_signature"":""81c505b3a50f2aa2"",""weighted_score"":0.239055,""diversity_score"":2.534483},{""rank"":2,""recommended"":false,""feasible"":false,""budget_used"":0.321537,""budget_violation"":0.0802,""makespan"":99.587,""deadline_violation"":0,""machine_signature"":""895b576939ef6902"",""weighted_score"":0.321537,""diversity_score"":3.413793},{""rank"":3,""recommended"":false,""feasible"":false,""budget_used"":0.363536,""budget_violation"":0.1222,""makespan"":95.314,""deadline_violation"":0,""machine_signature"":""ffb7c7231c4619f4"",""weighted_score"":0.363536,""diversity_score"":3.206897},{""rank"":4,""recommended"":false,""feasible"":false,""budget_used"":0.467603,""budget_violation"":0.2263,""makespan"":95.314,""deadline_violation"":0,""machine_signature"":""e0d090176bd5d4d0"",""weighted_score"":0.467603,""diversity_score"":3.224138}]"
prism_cc_time,hybrid_hetero,2,maddid0000037|mbackgroundid0000013|mbackgroundid0000014|mbackgroundid0000032|mbackgroundid0000033|mbackgroundid0000051|mbackgroundid0000052|mbackgroundid0000053|mbackgroundid0000054|mconcatfitid0000049|mdifffitid0000008|mdifffitid0000009|mdifffitid0000010|mdifffitid0000025|mdifffitid0000027|mdifffitid0000029|mdifffitid0000045|mdifffitid0000046|mdifffitid0000048|mimgtblid0000055|mprojectid0000001|mprojectid0000002|mprojectid0000020|mprojectid0000021|mprojectid0000022|mprojectid0000040|mviewerid0000038|mviewerid0000057|mviewerid0000058,0.200000,99.587000,0.321537,0.241327,110.620800,0.080200,0.000000,false,38.329000,34,332.160000,"{""bora011"":13,""diablo03"":6,""h3-standard-88-2"":5,""h4d-standard-192-7"":34}","{""bora011"":0.004965,""diablo03"":0.001558,""h3-standard-88-2"":0.002585,""h4d-standard-192-7"":0.017863}","[{""rank"":1,""recommended"":true,""feasible"":false,""budget_used"":0.321537,""budget_violation"":0.0802,""makespan"":99.587,""deadline_violation"":0,""machine_signature"":""895b576939ef6902"",""weighted_score"":0.638702,""diversity_score"":3.413793},{""rank"":2,""recommended"":false,""feasible"":false,""budget_used"":0.363536,""budget_violation"":0.1222,""makespan"":95.314,""deadline_violation"":0,""machine_signature"":""ffb7c7231c4619f4"",""weighted_score"":0.611297,""diversity_score"":3.206897},{""rank"":3,""recommended"":false,""feasible"":false,""budget_used"":0.467603,""budget_violation"":0.2263,""makespan"":95.314,""deadline_violation"":0,""machine_signature"":""e0d090176bd5d4d0"",""weighted_score"":0.611297,""diversity_score"":3.224138},{""rank"":4,""recommended"":false,""feasible"":false,""budget_used"":0.239055,""budget_violation"":0,""makespan"":155.921,""deadline_violation"":45.3,""machine_signature"":""81c505b3a50f2aa2"",""weighted_score"":1,""diversity_score"":2.534483}]"
heft_colocation,hybrid_hetero,3,maddid0000018|maddid0000037|mbackgroundid0000013|mbackgroundid0000014|mbackgroundid0000016|mbackgroundid0000032|mbackgroundid0000033|mbackgroundid0000034|mbackgroundid0000035|mbackgroundid0000052|mbackgroundid0000053|mbackgroundid0000054|mbgmodelid0000050|mconcatfitid0000011|mconcatfitid0000030|mdifffitid0000005|mdifffitid0000010|mdifffitid0000025|mdifffitid0000027|mdifffitid0000029|mdifffitid0000043|mdifffitid0000044|mdifffitid0000048|mimgtblid0000017|mimgtblid0000036|mprojectid0000004|mprojectid0000039|mviewerid0000038|mviewerid0000058,0.200000,92.184000,0.201113,0.241327,110.620800,0.000000,0.000000,true,5.564000,18,1.383000,"{""bora011"":5,""diablo03"":1,""h4d-standard-192-7"":52}","{""bora011"":0.000638,""diablo03"":0.000209,""h3-standard-88-2"":0,""h4d-standard-192-7"":0.018377}",[]
prism_cc_cost,hybrid_hetero,3,maddid0000018|maddid0000037|mbackgroundid0000013|mbackgroundid0000014|mbackgroundid0000016|mbackgroundid0000032|mbackgroundid0000033|mbackgroundid0000034|mbackgroundid0000035|mbackgroundid0000052|mbackgroundid0000053|mbackgroundid0000054|mbgmodelid0000050|mconcatfitid0000011|mconcatfitid0000030|mdifffitid0000005|mdifffitid0000010|mdifffitid0000025|mdifffitid0000027|mdifffitid0000029|mdifffitid0000043|mdifffitid0000044|mdifffitid0000048|mimgtblid0000017|mimgtblid0000036|mprojectid0000004|mprojectid0000039|mviewerid0000038|mviewerid0000058,0.200000,104.982000,0.127925,0.241327,110.620800,0.000000,0.000000,true,7.336000,9,319.542000,"{""bora011"":26,""diablo03"":14,""h4d-standard-192-7"":18}","{""bora011"":0.012808,""diablo03"":0.005078,""h3-standard-88-2"":0,""h4d-standard-192-7"":0.015447}","[{""rank"":1,""recommended"":true,""feasible"":true,""budget_used"":0.127925,""budget_violation"":0,""makespan"":104.982,""deadline_violation"":0,""machine_signature"":""a1cac7120c565bc6"",""weighted_score"":0.127925,""diversity_score"":2.551724},{""rank"":2,""recommended"":false,""feasible"":true,""budget_used"":0.201113,""budget_violation"":0,""makespan"":92.184,""deadline_violation"":0,""machine_signature"":""666b2fcb82cc1292"",""weighted_score"":0.201113,""diversity_score"":2.103448}]"
prism_cc_time,hybrid_hetero,3,maddid0000018|maddid0000037|mbackgroundid0000013|mbackgroundid0000014|mbackgroundid0000016|mbackgroundid0000032|mbackgroundid0000033|mbackgroundid0000034|mbackgroundid0000035|mbackgroundid0000052|mbackgroundid0000053|mbackgroundid0000054|mbgmodelid0000050|mconcatfitid0000011|mconcatfitid0000030|mdifffitid0000005|mdifffitid0000010|mdifffitid0000025|mdifffitid0000027|mdifffitid0000029|mdifffitid0000043|mdifffitid0000044|mdifffitid0000048|mimgtblid0000017|mimgtblid0000036|mprojectid0000004|mprojectid0000039|mviewerid0000038|mviewerid0000058,0.200000,92.184000,0.201113,0.241327,110.620800,0.000000,0.000000,true,5.564000,18,319.542000,"{""bora011"":5,""diablo03"":1,""h4d-standard-192-7"":52}","{""bora011"":0.000638,""diablo03"":0.000209,""h3-standard-88-2"":0,""h4d-standard-192-7"":0.018377}","[{""rank"":1,""recommended"":true,""feasible"":true,""budget_used"":0.201113,""budget_violation"":0,""makespan"":92.184,""deadline_violation"":0,""machine_signature"":""666b2fcb82cc1292"",""weighted_score"":0.878093,""diversity_score"":2.103448},{""rank"":2,""recommended"":false,""feasible"":true,""budget_used"":0.127925,""budget_violation"":0,""makespan"":104.982,""deadline_violation"":0,""machine_signature"":""a1cac7120c565bc6"",""weighted_score"":1,""diversity_score"":2.551724}]"
heft_colocation,hybrid_hetero,4,maddid0000056|mbackgroundid0000013|mbackgroundid0000016|mbackgroundid0000032|mbackgroundid0000033|mbackgroundid0000034|mbackgroundid0000052|mbackgroundid0000053|mdifffitid0000005|mdifffitid0000006|mdifffitid0000009|mdifffitid0000010|mdifffitid0000027|mdifffitid0000028|mdifffitid0000044|mdifffitid0000045|mdifffitid0000047|mdifffitid0000048|mimgtblid0000036|mimgtblid0000055|mprojectid0000001|mprojectid0000003|mprojectid0000021|mprojectid0000022|mprojectid0000023|mprojectid0000039|mprojectid0000040|mviewerid0000038|mviewerid0000058,0.200000,103.142000,0.557006,0.241327,110.620800,0.315700,0.000000,false,79.516000,34,1.689000,"{""bora011"":2,""diablo03"":1,""h3-standard-88-2"":15,""h4d-standard-192-7"":40}","{""bora011"":0.000494,""diablo03"":0.000187,""h3-standard-88-2"":0.003198,""h4d-standard-192-7"":0.019403}",[]
prism_cc_cost,hybrid_hetero,4,maddid0000056|mbackgroundid0000013|mbackgroundid0000016|mbackgroundid0000032|mbackgroundid0000033|mbackgroundid0000034|mbackgroundid0000052|mbackgroundid0000053|mdifffitid0000005|mdifffitid0000006|mdifffitid0000009|mdifffitid0000010|mdifffitid0000027|mdifffitid0000028|mdifffitid0000044|mdifffitid0000045|mdifffitid0000047|mdifffitid0000048|mimgtblid0000036|mimgtblid0000055|mprojectid0000001|mprojectid0000003|mprojectid0000021|mprojectid0000022|mprojectid0000023|mprojectid0000039|mprojectid0000040|mviewerid0000038|mviewerid0000058,0.200000,156.184000,0.239056,0.241327,110.620800,0.000000,45.563000,false,126.769000,25,292.713000,"{""bora011"":26,""diablo03"":19,""h4d-standard-192-7"":13}","{""bora011"":0.017188,""diablo03"":0.004854,""h3-standard-88-2"":0,""h4d-standard-192-7"":0.014024}","[{""rank"":1,""recommended"":true,""feasible"":false,""budget_used"":0.239056,""budget_violation"":0,""makespan"":156.184,""deadline_violation"":45.563,""machine_signature"":""bf3ebdbe974584f3"",""weighted_score"":0.239056,""diversity_score"":2.551724},{""rank"":2,""recommended"":false,""feasible"":false,""budget_used"":0.440196,""budget_violation"":0.1989,""makespan"":105.468,""deadline_violation"":0,""machine_signature"":""ad2860426a2e36f2"",""weighted_score"":0.440196,""diversity_score"":3.413793},{""rank"":3,""recommended"":false,""feasible"":false,""budget_used"":0.458411,""budget_violation"":0.2171,""makespan"":104.162,""deadline_violation"":0,""machine_signature"":""b123731d528853ba"",""weighted_score"":0.458411,""diversity_score"":3.396552},{""rank"":4,""recommended"":false,""feasible"":false,""budget_used"":0.535838,""budget_violation"":0.2945,""makespan"":103.142,""deadline_violation"":0,""machine_signature"":""c73edb7eb71c5c9a"",""weighted_score"":0.535838,""diversity_score"":3.310345},{""rank"":5,""recommended"":false,""feasible"":false,""budget_used"":0.557006,""budget_violation"":0.3157,""makespan"":103.142,""deadline_violation"":0,""machine_signature"":""3ba84167f447dfec"",""weighted_score"":0.557006,""diversity_score"":3.310345}]"
prism_cc_time,hybrid_hetero,4,maddid0000056|mbackgroundid0000013|mbackgroundid0000016|mbackgroundid0000032|mbackgroundid0000033|mbackgroundid0000034|mbackgroundid0000052|mbackgroundid0000053|mdifffitid0000005|mdifffitid0000006|mdifffitid0000009|mdifffitid0000010|mdifffitid0000027|mdifffitid0000028|mdifffitid0000044|mdifffitid0000045|mdifffitid0000047|mdifffitid0000048|mimgtblid0000036|mimgtblid0000055|mprojectid0000001|mprojectid0000003|mprojectid0000021|mprojectid0000022|mprojectid0000023|mprojectid0000039|mprojectid0000040|mviewerid0000038|mviewerid0000058,0.200000,105.468000,0.440196,0.241327,110.620800,0.198900,0.000000,false,79.427000,33,292.713000,"{""bora011"":8,""diablo03"":6,""h3-standard-88-2"":10,""h4d-standard-192-7"":34}","{""bora011"":0.001486,""diablo03"":0.001409,""h3-standard-88-2"":0.002924,""h4d-standard-192-7"":0.018928}","[{""rank"":1,""recommended"":true,""feasible"":false,""budget_used"":0.440196,""budget_violation"":0.1989,""makespan"":105.468,""deadline_violation"":0,""machine_signature"":""ad2860426a2e36f2"",""weighted_score"":0.67528,""diversity_score"":3.413793},{""rank"":2,""recommended"":false,""feasible"":false,""budget_used"":0.458411,""budget_violation"":0.2171,""makespan"":104.162,""deadline_violation"":0,""machine_signature"":""b123731d528853ba"",""weighted_score"":0.666919,""diversity_score"":3.396552},{""rank"":3,""recommended"":false,""feasible"":false,""budget_used"":0.535838,""budget_violation"":0.2945,""makespan"":103.142,""deadline_violation"":0,""machine_signature"":""c73edb7eb71c5c9a"",""weighted_score"":0.660388,""diversity_score"":3.310345},{""rank"":4,""recommended"":false,""feasible"":false,""budget_used"":0.557006,""budget_violation"":0.3157,""makespan"":103.142,""deadline_violation"":0,""machine_signature"":""3ba84167f447dfec"",""weighted_score"":0.660388,""diversity_score"":3.310345},{""rank"":5,""recommended"":false,""feasible"":false,""budget_used"":0.239056,""budget_violation"":0,""makespan"":156.184,""deadline_violation"":45.563,""machine_signature"":""bf3ebdbe974584f3"",""weighted_score"":1,""diversity_score"":2.551724}]"
heft_colocation,hybrid_hetero,5,maddid0000037|maddid0000056|mbackgroundid0000013|mbackgroundid0000014|mbackgroundid0000016|mbackgroundid0000033|mbackgroundid0000034|mbackgroundid0000035|mbackgroundid0000051|mbgmodelid0000012|mbgmodelid0000050|mconcatfitid0000011|mconcatfitid0000030|mconcatfitid0000049|mdifffitid0000007|mdifffitid0000024|mdifffitid0000028|mdifffitid0000045|mdifffitid0000048|mimgtblid0000017|mimgtblid0000036|mprojectid0000001|mprojectid0000004|mprojectid0000021|mprojectid0000023|mprojectid0000041|mviewerid0000038|mviewerid0000057|mviewerid0000058,0.200000,92.184000,0.201104,0.241327,110.620800,0.000000,0.000000,true,34.132000,24,1.600000,"{""bora011"":5,""diablo03"":1,""h4d-standard-192-7"":52}","{""bora011"":0.000638,""diablo03"":0.000209,""h3-standard-88-2"":0,""h4d-standard-192-7"":0.019991}",[]
prism_cc_cost,hybrid_hetero,5,maddid0000037|maddid0000056|mbackgroundid0000013|mbackgroundid0000014|mbackgroundid0000016|mbackgroundid0000033|mbackgroundid0000034|mbackgroundid0000035|mbackgroundid0000051|mbgmodelid0000012|mbgmodelid0000050|mconcatfitid0000011|mconcatfitid0000030|mconcatfitid0000049|mdifffitid0000007|mdifffitid0000024|mdifffitid0000028|mdifffitid0000045|mdifffitid0000048|mimgtblid0000017|mimgtblid0000036|mprojectid0000001|mprojectid0000004|mprojectid0000021|mprojectid0000023|mprojectid0000041|mviewerid0000038|mviewerid0000057|mviewerid0000058,0.200000,103.310000,0.141114,0.241327,110.620800,0.000000,0.000000,true,36.529000,22,347.250000,"{""bora011"":16,""diablo03"":11,""h4d-standard-192-7"":31}","{""bora011"":0.005666,""diablo03"":0.004143,""h3-standard-88-2"":0,""h4d-standard-192-7"":0.017471}","[{""rank"":1,""recommended"":true,""feasible"":true,""budget_used"":0.141114,""budget_violation"":0,""makespan"":103.31,""deadline_violation"":0,""machine_signature"":""f95c27ae2eda8166"",""weighted_score"":0.141114,""diversity_score"":2.465517},{""rank"":2,""recommended"":false,""feasible"":true,""budget_used"":0.201104,""budget_violation"":0,""makespan"":92.184,""deadline_violation"":0,""machine_signature"":""4fe3353738121743"",""weighted_score"":0.201104,""diversity_score"":2.103448}]"
prism_cc_time,hybrid_hetero,5,maddid0000037|maddid0000056|mbackgroundid0000013|mbackgroundid0000014|mbackgroundid0000016|mbackgroundid0000033|mbackgroundid0000034|mbackgroundid0000035|mbackgroundid0000051|mbgmodelid0000012|mbgmodelid0000050|mconcatfitid0000011|mconcatfitid0000030|mconcatfitid0000049|mdifffitid0000007|mdifffitid0000024|mdifffitid0000028|mdifffitid0000045|mdifffitid0000048|mimgtblid0000017|mimgtblid0000036|mprojectid0000001|mprojectid0000004|mprojectid0000021|mprojectid0000023|mprojectid0000041|mviewerid0000038|mviewerid0000057|mviewerid0000058,0.200000,92.184000,0.201104,0.241327,110.620800,0.000000,0.000000,true,34.132000,24,347.250000,"{""bora011"":5,""diablo03"":1,""h4d-standard-192-7"":52}","{""bora011"":0.000638,""diablo03"":0.000209,""h3-standard-88-2"":0,""h4d-standard-192-7"":0.019991}","[{""rank"":1,""recommended"":true,""feasible"":true,""budget_used"":0.201104,""budget_violation"":0,""makespan"":92.184,""deadline_violation"":0,""machine_signature"":""4fe3353738121743"",""weighted_score"":0.892305,""diversity_score"":2.103448},{""rank"":2,""recommended"":false,""feasible"":true,""budget_used"":0.141114,""budget_violation"":0,""makespan"":103.31,""deadline_violation"":0,""machine_signature"":""f95c27ae2eda8166"",""weighted_score"":1,""diversity_score"":2.465517}]"
heft_colocation,hybrid_hetero,6,maddid0000018|maddid0000056|mbackgroundid0000013|mbackgroundid0000016|mbackgroundid0000033|mbackgroundid0000034|mbackgroundid0000035|mbackgroundid0000053|mbgmodelid0000031|mconcatfitid0000030|mdifffitid0000005|mdifffitid0000007|mdifffitid0000008|mdifffitid0000009|mdifffitid0000010|mdifffitid0000024|mdifffitid0000025|mdifffitid0000027|mdifffitid0000028|mdifffitid0000045|mdifffitid0000046|mdifffitid0000048|mprojectid0000002|mprojectid0000004|mprojectid0000039|mprojectid0000040|mprojectid0000041|mviewerid0000019|mviewerid0000057,0.200000,95.314000,0.207938,0.241327,110.620800,0.000000,0.000000,true,38.803000,42,1.605000,"{""bora011"":5,""diablo03"":1,""h4d-standard-192-7"":52}","{""bora011"":0.000617,""diablo03"":0.000202,""h3-standard-88-2"":0,""h4d-standard-192-7"":0.01959}",[]
prism_cc_cost,hybrid_hetero,6,maddid0000018|maddid0000056|mbackgroundid0000013|mbackgroundid0000016|mbackgroundid0000033|mbackgroundid0000034|mbackgroundid0000035|mbackgroundid0000053|mbgmodelid0000031|mconcatfitid0000030|mdifffitid0000005|mdifffitid0000007|mdifffitid0000008|mdifffitid0000009|mdifffitid0000010|mdifffitid0000024|mdifffitid0000025|mdifffitid0000027|mdifffitid0000028|mdifffitid0000045|mdifffitid0000046|mdifffitid0000048|mprojectid0000002|mprojectid0000004|mprojectid0000039|mprojectid0000040|mprojectid0000041|mviewerid0000019|mviewerid0000057,0.200000,102.373000,0.149173,0.241327,110.620800,0.000000,0.000000,true,38.468000,38,300.351000,"{""bora011"":17,""diablo03"":8,""h4d-standard-192-7"":33}","{""bora011"":0.0062,""diablo03"":0.002445,""h3-standard-88-2"":0,""h4d-standard-192-7"":0.017923}","[{""rank"":1,""recommended"":true,""feasible"":true,""budget_used"":0.149173,""budget_violation"":0,""makespan"":102.373,""deadline_violation"":0,""machine_signature"":""b42a9870f9e2ce0d"",""weighted_score"":0.149173,""diversity_score"":2.431034},{""rank"":2,""recommended"":false,""feasible"":true,""budget_used"":0.207938,""budget_violation"":0,""makespan"":95.314,""deadline_violation"":0,""machine_signature"":""46f7251f5134b052"",""weighted_score"":0.207938,""diversity_score"":2.103448}]"
prism_cc_time,hybrid_hetero,6,maddid0000018|maddid0000056|mbackgroundid0000013|mbackgroundid0000016|mbackgroundid0000033|mbackgroundid0000034|mbackgroundid0000035|mbackgroundid0000053|mbgmodelid0000031|mconcatfitid0000030|mdifffitid0000005|mdifffitid0000007|mdifffitid0000008|mdifffitid0000009|mdifffitid0000010|mdifffitid0000024|mdifffitid0000025|mdifffitid0000027|mdifffitid0000028|mdifffitid0000045|mdifffitid0000046|mdifffitid0000048|mprojectid0000002|mprojectid0000004|mprojectid0000039|mprojectid0000040|mprojectid0000041|mviewerid0000019|mviewerid0000057,0.200000,95.314000,0.207938,0.241327,110.620800,0.000000,0.000000,true,38.803000,42,300.351000,"{""bora011"":5,""diablo03"":1,""h4d-standard-192-7"":52}","{""bora011"":0.000617,""diablo03"":0.000202,""h3-standard-88-2"":0,""h4d-standard-192-7"":0.01959}","[{""rank"":1,""recommended"":true,""feasible"":true,""budget_used"":0.207938,""budget_violation"":0,""makespan"":95.314,""deadline_violation"":0,""machine_signature"":""46f7251f5134b052"",""weighted_score"":0.931046,""diversity_score"":2.103448},{""rank"":2,""recommended"":false,""feasible"":true,""budget_used"":0.149173,""budget_violation"":0,""makespan"":102.373,""deadline_violation"":0,""machine_signature"":""b42a9870f9e2ce0d"",""weighted_score"":1,""diversity_score"":2.431034}]"
heft_colocation,hybrid_hetero,7,maddid0000056|mbackgroundid0000013|mbackgroundid0000014|mbackgroundid0000033|mbackgroundid0000034|mbackgroundid0000035|mbackgroundid0000054|mbgmodelid0000012|mbgmodelid0000031|mconcatfitid0000030|mdifffitid0000005|mdifffitid0000008|mdifffitid0000009|mdifffitid0000010|mdifffitid0000027|mdifffitid0000028|mdifffitid0000043|mdifffitid0000046|mimgtblid0000017|mimgtblid0000055|mprojectid0000001|mprojectid0000002|mprojectid0000003|mprojectid0000020|mprojectid0000021|mprojectid0000022|mprojectid0000023|mviewerid0000019|mviewerid0000058,0.200000,91.864000,0.422879,0.241327,110.620800,0.181600,0.000000,false,46.884000,35,1.747000,"{""bora011"":2,""diablo03"":1,""h3-standard-88-2"":9,""h4d-standard-192-7"":46}","{""bora011"":0.000555,""diablo03"":0.00021,""h3-standard-88-2"":0.003284,""h4d-standard-192-7"":0.02002}",[]
prism_cc_cost,hybrid_hetero,7,maddid0000056|mbackgroundid0000013|mbackgroundid0000014|mbackgroundid0000033|mbackgroundid0000034|mbackgroundid0000035|mbackgroundid0000054|mbgmodelid0000012|mbgmodelid0000031|mconcatfitid0000030|mdifffitid0000005|mdifffitid0000008|mdifffitid0000009|mdifffitid0000010|mdifffitid0000027|mdifffitid0000028|mdifffitid0000043|mdifffitid0000046|mimgtblid0000017|mimgtblid0000055|mprojectid0000001|mprojectid0000002|mprojectid0000003|mprojectid0000020|mprojectid0000021|mprojectid0000022|mprojectid0000023|mviewerid0000019|mviewerid0000058,0.200000,155.921000,0.239053,0.241327,110.620800,0.000000,45.300000,false,79.556000,37,300.701000,"{""bora011"":16,""diablo03"":7,""h4d-standard-192-7"":35}","{""bora011"":0.013443,""diablo03"":0.001323,""h3-standard-88-2"":0,""h4d-standard-192-7"":0.012837}","[{""rank"":1,""recommended"":true,""feasible"":false,""budget_used"":0.239053,""budget_violation"":0,""makespan"":155.921,""deadline_violation"":45.3,""machine_signature"":""024aadd063b8c3cd"",""weighted_score"":0.239053,""diversity_score"":2.396552},{""rank"":2,""recommended"":false,""feasible"":false,""budget_used"":0.351969,""budget_violation"":0.1106,""makespan"":95.938,""deadline_violation"":0,""machine_signature"":""86fe1af8303cb65d"",""weighted_score"":0.351969,""diversity_score"":3.327586},{""rank"":3,""recommended"":false,""feasible"":false,""budget_used"":0.408039,""budget_violation"":0.1667,""makespan"":91.864,""deadline_violation"":0,""machine_signature"":""2f236dec9d867386"",""weighted_score"":0.408039,""diversity_score"":3.206897},{""rank"":4,""recommended"":false,""feasible"":false,""budget_used"":0.422879,""budget_violation"":0.1816,""makespan"":91.864,""deadline_violation"":0,""machine_signature"":""78066177d1081915"",""weighted_score"":0.422879,""diversity_score"":3.206897}]"
prism_cc_time,hybrid_hetero,7,maddid0000056|mbackgroundid0000013|mbackgroundid0000014|mbackgroundid0000033|mbackgroundid0000034|mbackgroundid0000035|mbackgroundid0000054|mbgmodelid0000012|mbgmodelid0000031|mconcatfitid0000030|mdifffitid0000005|mdifffitid0000008|mdifffitid0000009|mdifffitid0000010|mdifffitid0000027|mdifffitid0000028|mdifffitid0000043|mdifffitid0000046|mimgtblid0000017|mimgtblid0000055|mprojectid0000001|mprojectid0000002|mprojectid0000003|mprojectid0000020|mprojectid0000021|mprojectid0000022|mprojectid0000023|mviewerid0000019|mviewerid0000058,0.200000,95.938000,0.351969,0.241327,110.620800,0.110600,0.000000,false,46.726000,32,300.701000,"{""bora011"":7,""diablo03"":5,""h3-standard-88-2"":7,""h4d-standard-192-7"":39}","{""bora011"":0.002328,""diablo03"":0.00152,""h3-standard-88-2"":0.002991,""h4d-standard-192-7"":0.019073}","[{""rank"":1,""recommended"":true,""feasible"":false,""budget_used"":0.351969,""budget_violation"":0.1106,""makespan"":95.938,""deadline_violation"":0,""machine_signature"":""86fe1af8303cb65d"",""weighted_score"":0.615299,""diversity_score"":3.327586},{""rank"":2,""recommended"":false,""feasible"":false,""budget_used"":0.408039,""budget_violation"":0.1667,""makespan"":91.864,""deadline_violation"":0,""machine_signature"":""2f236dec9d867386"",""weighted_score"":0.58917,""diversity_score"":3.206897},{""rank"":3,""recommended"":false,""feasible"":false,""budget_used"":0.422879,""budget_violation"":0.1816,""makespan"":91.864,""deadline_violation"":0,""machine_signature"":""78066177d1081915"",""weighted_score"":0.58917,""diversity_score"":3.206897},{""rank"":4,""recommended"":false,""feasible"":false,""budget_used"":0.239053,""budget_violation"":0,""makespan"":155.921,""deadline_violation"":45.3,""machine_signature"":""024aadd063b8c3cd"",""weighted_score"":1,""diversity_score"":2.396552}]"
heft_colocation,hybrid_hetero,8,maddid0000018|maddid0000037|maddid0000056|mbackgroundid0000014|mbackgroundid0000016|mbackgroundid0000032|mbackgroundid0000033|mbackgroundid0000035|mbackgroundid0000052|mbackgroundid0000053|mbgmodelid0000012|mbgmodelid0000031|mbgmodelid0000050|mdifffitid0000006|mdifffitid0000008|mdifffitid0000024|mdifffitid0000043|mdifffitid0000044|mdifffitid0000045|mimgtblid0000036|mprojectid0000003|mprojectid0000004|mprojectid0000020|mprojectid0000021|mprojectid0000039|mprojectid0000040|mprojectid0000042|mviewerid0000038|mviewerid0000057,0.200000,103.142000,0.511428,0.241327,110.620800,0.270100,0.000000,false,57.216000,26,1.936000,"{""bora011"":2,""diablo03"":1,""h3-standard-88-2"":12,""h4d-standard-192-7"":43}","{""bora011"":0.000494,""diablo03"":0.000187,""h3-standard-88-2"":0.003822,""h4d-standard-192-7"":0.018141}",[]
prism_cc_cost,hybrid_hetero,8,maddid0000018|maddid0000037|maddid0000056|mbackgroundid0000014|mbackgroundid0000016|mbackgroundid0000032|mbackgroundid0000033|mbackgroundid0000035|mbackgroundid0000052|mbackgroundid0000053|mbgmodelid0000012|mbgmodelid0000031|mbgmodelid0000050|mdifffitid0000006|mdifffitid0000008|mdifffitid0000024|mdifffitid0000043|mdifffitid0000044|mdifffitid0000045|mimgtblid0000036|mprojectid0000003|mprojectid0000004|mprojectid0000020|mprojectid0000021|mprojectid0000039|mprojectid0000040|mprojectid0000042|mviewerid0000038|mviewerid0000057,0.200000,130.578000,0.238303,0.241327,110.620800,0.000000,19.957000,false,88.554000,35,253.735000,"{""bora011"":14,""diablo03"":5,""h4d-standard-192-7"":39}","{""bora011"":0.014042,""diablo03"":0.001096,""h3-standard-88-2"":0,""h4d-standard-192-7"":0.015778}","[{""rank"":1,""recommended"":true,""feasible"":false,""budget_used"":0.238303,""budget_violation"":0,""makespan"":130.578,""deadline_violation"":19.957,""machine_signature"":""ef5463a6730ac75b"",""weighted_score"":0.238303,""diversity_score"":2.327586},{""rank"":2,""recommended"":false,""feasible"":false,""budget_used"":0.432841,""budget_violation"":0.1915,""makespan"":104.803,""deadline_violation"":0,""machine_signature"":""f2b95b3fb1e53840"",""weighted_score"":0.432841,""diversity_score"":3.327586},{""rank"":3,""recommended"":false,""feasible"":false,""budget_used"":0.451062,""budget_violation"":0.2097,""makespan"":103.142,""deadline_violation"":0,""machine_signature"":""1f1e189431f86c8b"",""weighted_score"":0.451062,""diversity_score"":3.293103},{""rank"":4,""recommended"":false,""feasible"":false,""budget_used"":0.511428,""budget_violation"":0.2701,""makespan"":103.142,""deadline_violation"":0,""machine_signature"":""8c2fa5221be09058"",""weighted_score"":0.511428,""diversity_score"":3.258621}]"
prism_cc_time,hybrid_hetero,8,maddid0000018|maddid0000037|maddid0000056|mbackgroundid0000014|mbackgroundid0000016|mbackgroundid0000032|mbackgroundid0000033|mbackgroundid0000035|mbackgroundid0000052|mbackgroundid0000053|mbgmodelid0000012|mbgmodelid0000031|mbgmodelid0000050|mdifffitid0000006|mdifffitid0000008|mdifffitid0000024|mdifffitid0000043|mdifffitid0000044|mdifffitid0000045|mimgtblid0000036|mprojectid0000003|mprojectid0000004|mprojectid0000020|mprojectid0000021|mprojectid0000039|mprojectid0000040|mprojectid0000042|mviewerid0000038|mviewerid0000057,0.200000,104.803000,0.432841,0.241327,110.620800,0.191500,0.000000,false,57.217000,26,253.735000,"{""bora011"":6,""diablo03"":2,""h3-standard-88-2"":11,""h4d-standard-192-7"":39}","{""bora011"":0.001196,""diablo03"":0.00042,""h3-standard-88-2"":0.003756,""h4d-standard-192-7"":0.01782}","[{""rank"":1,""recommended"":true,""feasible"":false,""budget_used"":0.432841,""budget_violation"":0.1915,""makespan"":104.803,""deadline_violation"":0,""machine_signature"":""f2b95b3fb1e53840"",""weighted_score"":0.802608,""diversity_score"":3.327586},{""rank"":2,""recommended"":false,""feasible"":false,""budget_used"":0.451062,""budget_violation"":0.2097,""makespan"":103.142,""deadline_violation"":0,""machine_signature"":""1f1e189431f86c8b"",""weighted_score"":0.789888,""diversity_score"":3.293103},{""rank"":3,""recommended"":false,""feasible"":false,""budget_used"":0.511428,""budget_violation"":0.2701,""makespan"":103.142,""deadline_violation"":0,""machine_signature"":""8c2fa5221be09058"",""weighted_score"":0.789888,""diversity_score"":3.258621},{""rank"":4,""recommended"":false,""feasible"":false,""budget_used"":0.238303,""budget_violation"":0,""makespan"":130.578,""deadline_violation"":19.957,""machine_signature"":""ef5463a6730ac75b"",""weighted_score"":1,""diversity_score"":2.327586}]"
heft_colocation,hybrid_hetero,9,maddid0000037|mbackgroundid0000013|mbackgroundid0000016|mbackgroundid0000032|mbackgroundid0000033|mbackgroundid0000052|mbackgroundid0000053|mbackgroundid0000054|mbgmodelid0000012|mbgmodelid0000031|mconcatfitid0000011|mconcatfitid0000030|mdifffitid0000005|mdifffitid0000008|mdifffitid0000009|mdifffitid0000010|mdifffitid0000028|mdifffitid0000029|mdifffitid0000046|mimgtblid0000055|mprojectid0000003|mprojectid0000004|mprojectid0000020|mprojectid0000022|mprojectid0000023|mprojectid0000040|mprojectid0000042|mviewerid0000038|mviewerid0000057,0.200000,95.314000,0.479946,0.241327,110.620800,0.238600,0.000000,false,68.112000,27,1.774000,"{""bora011"":2,""diablo03"":1,""h3-standard-88-2"":12,""h4d-standard-192-7"":43}","{""bora011"":0.000534,""diablo03"":0.000202,""h3-standard-88-2"":0.004119,""h4d-standard-192-7"":0.020233}",[]
prism_cc_cost,hybrid_hetero,9,maddid0000037|mbackgroundid0000013|mbackgroundid0000016|mbackgroundid0000032|mbackgroundid0000033|mbackgroundid0000052|mbackgroundid0000053|mbackgroundid0000054|mbgmodelid0000012|mbgmodelid0000031|mconcatfitid0000011|mconcatfitid0000030|mdifffitid0000005|mdifffitid0000008|mdifffitid0000009|mdifffitid0000010|mdifffitid0000028|mdifffitid0000029|mdifffitid0000046|mimgtblid0000055|mprojectid0000003|mprojectid0000004|mprojectid0000020|mprojectid0000022|mprojectid0000023|mprojectid0000040|mprojectid0000042|mviewerid0000038|mviewerid0000057,0.200000,159.294000,0.259111,0.241327,110.620800,0.017800,48.673000,false,151.471000,40,252.088000,"{""bora011"":14,""diablo03"":9,""h4d-standard-192-7"":35}","{""bora011"":0.003025,""diablo03"":0.002028,""h3-standard-88-2"":0,""h4d-standard-192-7"":0.015212}","[{""rank"":1,""recommended"":true,""feasible"":false,""budget_used"":0.259111,""budget_violation"":0.0178,""makespan"":159.294,""deadline_violation"":48.673,""machine_signature"":""0b90b291129f1d34"",""weighted_score"":0.259111,""diversity_score"":2.396552},{""rank"":2,""recommended"":false,""feasible"":false,""budget_used"":0.374476,""budget_violation"":0.1331,""makespan"":99.864,""deadline_violation"":0,""machine_signature"":""a5689384b059f3fb"",""weighted_score"":0.374476,""diversity_score"":3.396552},{""rank"":3,""recommended"":false,""feasible"":false,""budget_used"":0.461683,""budget_violation"":0.2204,""makespan"":95.314,""deadline_violation"":0,""machine_signature"":""278859f53c4a673c"",""weighted_score"":0.461683,""diversity_score"":3.258621},{""rank"":4,""recommended"":false,""feasible"":false,""budget_used"":0.479946,""budget_violation"":0.2386,""makespan"":95.314,""deadline_violation"":0,""machine_signature"":""347d10de151b4cfb"",""weighted_score"":0.479946,""diversity_score"":3.258621}]"
prism_cc_time,hybrid_hetero,9,maddid0000037|mbackgroundid0000013|mbackgroundid0000016|mbackgroundid0000032|mbackgroundid0000033|mbackgroundid0000052|mbackgroundid0000053|mbackgroundid0000054|mbgmodelid0000012|mbgmodelid0000031|mconcatfitid0000011|mconcatfitid0000030|mdifffitid0000005|mdifffitid0000008|mdifffitid0000009|mdifffitid0000010|mdifffitid0000028|mdifffitid0000029|mdifffitid0000046|mimgtblid0000055|mprojectid0000003|mprojectid0000004|mprojectid0000020|mprojectid0000022|mprojectid0000023|mprojectid0000040|mprojectid0000042|mviewerid0000038|mviewerid0000057,0.200000,99.864000,0.374476,0.241327,110.620800,0.133100,0.000000,false,68.112000,27,252.088000,"{""bora011"":11,""diablo03"":3,""h3-standard-88-2"":9,""h4d-standard-192-7"":35}","{""bora011"":0.004119,""diablo03"":0.000661,""h3-standard-88-2"":0.003784,""h4d-standard-192-7"":0.019201}","[{""rank"":1,""recommended"":true,""feasible"":false,""budget_used"":0.374476,""budget_violation"":0.1331,""makespan"":99.864,""deadline_violation"":0,""machine_signature"":""a5689384b059f3fb"",""weighted_score"":0.626916,""diversity_score"":3.396552},{""rank"":2,""recommended"":false,""feasible"":false,""budget_used"":0.461683,""budget_violation"":0.2204,""makespan"":95.314,""deadline_violation"":0,""machine_signature"":""278859f53c4a673c"",""weighted_score"":0.598353,""diversity_score"":3.258621},{""rank"":3,""recommended"":false,""feasible"":false,""budget_used"":0.479946,""budget_violation"":0.2386,""makespan"":95.314,""deadline_violation"":0,""machine_signature"":""347d10de151b4cfb"",""weighted_score"":0.598353,""diversity_score"":3.258621},{""rank"":4,""recommended"":false,""feasible"":false,""budget_used"":0.259111,""budget_violation"":0.0178,""makespan"":159.294,""deadline_violation"":48.673,""machine_signature"":""0b90b291129f1d34"",""weighted_score"":1,""diversity_score"":2.396552}]"
heft_colocation,hybrid_hetero,10,maddid0000018|maddid0000056|mbackgroundid0000013|mbackgroundid0000015|mbackgroundid0000016|mbackgroundid0000034|mbackgroundid0000052|mbackgroundid0000053|mbackgroundid0000054|mbgmodelid0000012|mbgmodelid0000031|mconcatfitid0000011|mconcatfitid0000049|mdifffitid0000006|mdifffitid0000026|mdifffitid0000027|mdifffitid0000044|mdifffitid0000045|mdifffitid0000046|mimgtblid0000017|mprojectid0000001|mprojectid0000003|mprojectid0000020|mprojectid0000021|mprojectid0000039|mprojectid0000041|mprojectid0000042|mviewerid0000019|mviewerid0000038,0.200000,102.859000,0.509613,0.241327,110.620800,0.268300,0.000000,false,56.167000,24,1.495000,"{""bora011"":2,""diablo03"":1,""h3-standard-88-2"":11,""h4d-standard-192-7"":44}","{""bora011"":0.000495,""diablo03"":0.000187,""h3-standard-88-2"":0.003684,""h4d-standard-192-7"":0.018175}",[]
prism_cc_cost,hybrid_hetero,10,maddid0000018|maddid0000056|mbackgroundid0000013|mbackgroundid0000015|mbackgroundid0000016|mbackgroundid0000034|mbackgroundid0000052|mbackgroundid0000053|mbackgroundid0000054|mbgmodelid0000012|mbgmodelid0000031|mconcatfitid0000011|mconcatfitid0000049|mdifffitid0000006|mdifffitid0000026|mdifffitid0000027|mdifffitid0000044|mdifffitid0000045|mdifffitid0000046|mimgtblid0000017|mprojectid0000001|mprojectid0000003|mprojectid0000020|mprojectid0000021|mprojectid0000039|mprojectid0000041|mprojectid0000042|mviewerid0000019|mviewerid0000038,0.200000,147.685000,0.220534,0.241327,110.620800,0.000000,37.064000,false,92.526000,18,263.112000,"{""bora011"":28,""diablo03"":14,""h4d-standard-192-7"":16}","{""bora011"":0.019223,""diablo03"":0.003193,""h3-standard-88-2"":0,""h4d-standard-192-7"":0.013721}","[{""rank"":1,""recommended"":true,""feasible"":false,""budget_used"":0.220534,""budget_violation"":0,""makespan"":147.685,""deadline_violation"":37.064,""machine_signature"":""7142774c075740ca"",""weighted_score"":0.220534,""diversity_score"":2.517241},{""rank"":2,""recommended"":false,""feasible"":false,""budget_used"":0.402769,""budget_violation"":0.1614,""makespan"":104.52,""deadline_violation"":0,""machine_signature"":""b14feefdf3f920ea"",""weighted_score"":0.402769,""diversity_score"":3.310345},{""rank"":3,""recommended"":false,""feasible"":false,""budget_used"":0.421694,""budget_violation"":0.1804,""makespan"":103.214,""deadline_violation"":0,""machine_signature"":""2f5f62b6e61da078"",""weighted_score"":0.421694,""diversity_score"":3.293103},{""rank"":4,""recommended"":false,""feasible"":false,""budget_used"":0.471037,""budget_violation"":0.2297,""makespan"":102.859,""deadline_violation"":0,""machine_signature"":""84fe6e87b4c738f8"",""weighted_score"":0.471037,""diversity_score"":3.241379},{""rank"":5,""recommended"":false,""feasible"":false,""budget_used"":0.509613,""budget_violation"":0.2683,""makespan"":102.859,""deadline_violation"":0,""machine_signature"":""c62ffe504f080cc8"",""weighted_score"":0.509613,""diversity_score"":3.241379}]"
prism_cc_time,hybrid_hetero,10,maddid0000018|maddid0000056|mbackgroundid0000013|mbackgroundid0000015|mbackgroundid0000016|mbackgroundid0000034|mbackgroundid0000052|mbackgroundid0000053|mbackgroundid0000054|mbgmodelid0000012|mbgmodelid0000031|mconcatfitid0000011|mconcatfitid0000049|mdifffitid0000006|mdifffitid0000026|mdifffitid0000027|mdifffitid0000044|mdifffitid0000045|mdifffitid0000046|mimgtblid0000017|mprojectid0000001|mprojectid0000003|mprojectid0000020|mprojectid0000021|mprojectid0000039|mprojectid0000041|mprojectid0000042|mviewerid0000019|mviewerid0000038,0.200000,104.520000,0.402769,0.241327,110.620800,0.161400,0.000000,false,56.213000,25,263.112000,"{""bora011"":9,""diablo03"":1,""h3-standard-88-2"":8,""h4d-standard-192-7"":40}","{""bora011"":0.002961,""diablo03"":0.000184,""h3-standard-88-2"":0.003485,""h4d-standard-192-7"":0.017838}","[{""rank"":1,""recommended"":true,""feasible"":false,""budget_used"":0.402769,""budget_violation"":0.1614,""makespan"":104.52,""deadline_violation"":0,""machine_signature"":""b14feefdf3f920ea"",""weighted_score"":0.707723,""diversity_score"":3.310345},{""rank"":2,""recommended"":false,""feasible"":false,""budget_used"":0.421694,""budget_violation"":0.1804,""makespan"":103.214,""deadline_violation"":0,""machine_signature"":""2f5f62b6e61da078"",""weighted_score"":0.698879,""diversity_score"":3.293103},{""rank"":3,""recommended"":false,""feasible"":false,""budget_used"":0.471037,""budget_violation"":0.2297,""makespan"":102.859,""deadline_violation"":0,""machine_signature"":""84fe6e87b4c738f8"",""weighted_score"":0.696476,""diversity_score"":3.241379},{""rank"":4,""recommended"":false,""feasible"":false,""budget_used"":0.509613,""budget_violation"":0.2683,""makespan"":102.859,""deadline_violation"":0,""machine_signature"":""c62ffe504f080cc8"",""weighted_score"":0.696476,""diversity_score"":3.241379},{""rank"":5,""recommended"":false,""feasible"":false,""budget_used"":0.220534,""budget_violation"":0,""makespan"":147.685,""deadline_violation"":37.064,""machine_signature"":""7142774c075740ca"",""weighted_score"":1,""diversity_score"":2.517241}]"
heft_colocation,hybrid_hetero,11,maddid0000018|maddid0000037|mbackgroundid0000014|mbackgroundid0000032|mbackgroundid0000034|mbackgroundid0000053|mbackgroundid0000054|mbgmodelid0000031|mconcatfitid0000030|mconcatfitid0000049|mdifffitid0000005|mdifffitid0000006|mdifffitid0000009|mdifffitid0000010|mdifffitid0000026|mdifffitid0000029|mdifffitid0000045|mdifffitid0000047|mdifffitid0000048|mimgtblid0000017|mprojectid0000001|mprojectid0000002|mprojectid0000003|mprojectid0000021|mprojectid0000039|mprojectid0000041|mprojectid0000042|mviewerid0000019|mviewerid0000038,0.200000,102.859000,0.491593,0.241327,110.620800,0.250300,0.000000,false,57.298000,36,1.693000,"{""bora011"":2,""diablo03"":1,""h3-standard-88-2"":11,""h4d-standard-192-7"":44}","{""bora011"":0.000495,""diablo03"":0.000187,""h3-standard-88-2"":0.003096,""h4d-standard-192-7"":0.01836}",[]
prism_cc_cost,hybrid_hetero,11,maddid0000018|maddid0000037|mbackgroundid0000014|mbackgroundid0000032|mbackgroundid0000034|mbackgroundid0000053|mbackgroundid0000054|mbgmodelid0000031|mconcatfitid0000030|mconcatfitid0000049|mdifffitid0000005|mdifffitid0000006|mdifffitid0000009|mdifffitid0000010|mdifffitid0000026|mdifffitid0000029|mdifffitid0000045|mdifffitid0000047|mdifffitid0000048|mimgtblid0000017|mprojectid0000001|mprojectid0000002|mprojectid0000003|mprojectid0000021|mprojectid0000039|mprojectid0000041|mprojectid0000042|mviewerid0000019|mviewerid0000038,0.200000,165.258000,0.257575,0.241327,110.620800,0.016200,54.637000,false,124.846000,24,297.636000,"{""bora011"":27,""diablo03"":16,""h4d-standard-192-7"":15}","{""bora011"":0.016576,""diablo03"":0.003805,""h3-standard-88-2"":0,""h4d-standard-192-7"":0.013224}","[{""rank"":1,""recommended"":true,""feasible"":false,""budget_used"":0.257575,""budget_violation"":0.0162,""makespan"":165.258,""deadline_violation"":54.637,""machine_signature"":""951b504949c0daa5"",""weighted_score"":0.257575,""diversity_score"":2.534483},{""rank"":2,""recommended"":false,""feasible"":false,""budget_used"":0.313444,""budget_violation"":0.0721,""makespan"":109.134,""deadline_violation"":0,""machine_signature"":""79a8c603ff763a29"",""weighted_score"":0.313444,""diversity_score"":3.482759},{""rank"":3,""recommended"":false,""feasible"":false,""budget_used"":0.354755,""budget_violation"":0.1134,""makespan"":104.868,""deadline_violation"":0,""machine_signature"":""4f7958cb1900e187"",""weighted_score"":0.354755,""diversity_score"":3.327586},{""rank"":4,""recommended"":false,""feasible"":false,""budget_used"":0.373744,""budget_violation"":0.1324,""makespan"":103.562,""deadline_violation"":0,""machine_signature"":""b61a69cf5ccdb162"",""weighted_score"":0.373744,""diversity_score"":3.310345},{""rank"":5,""recommended"":false,""feasible"":false,""budget_used"":0.452899,""budget_violation"":0.2116,""makespan"":102.859,""deadline_violation"":0,""machine_signature"":""222a239038c68ca6"",""weighted_score"":0.452899,""diversity_score"":3.241379},{""rank"":6,""recommended"":false,""feasible"":false,""budget_used"":0.491593,""budget_violation"":0.2503,""makespan"":102.859,""deadline_violation"":0,""machine_signature"":""8878c0ad988b6705"",""weighted_score"":0.491593,""diversity_score"":3.241379}]"
prism_cc_time,hybrid_hetero,11,maddid0000018|maddid0000037|mbackgroundid0000014|mbackgroundid0000032|mbackgroundid0000034|mbackgroundid0000053|mbackgroundid0000054|mbgmodelid0000031|mconcatfitid0000030|mconcatfitid0000049|mdifffitid0000005|mdifffitid0000006|mdifffitid0000009|mdifffitid0000010|mdifffitid0000026|mdifffitid0000029|mdifffitid0000045|mdifffitid0000047|mdifffitid0000048|mimgtblid0000017|mprojectid0000001|mprojectid0000002|mprojectid0000003|mprojectid0000021|mprojectid0000039|mprojectid0000041|mprojectid0000042|mviewerid0000019|mviewerid0000038,0.200000,109.134000,0.313444,0.241327,110.620800,0.072100,0.000000,false,57.463000,36,297.636000,"{""bora011"":15,""diablo03"":7,""h3-standard-88-2"":6,""h4d-standard-192-7"":30}","{""bora011"":0.00466,""diablo03"":0.001865,""h3-standard-88-2"":0.002721,""h4d-standard-192-7"":0.017127}","[{""rank"":1,""recommended"":true,""feasible"":false,""budget_used"":0.313444,""budget_violation"":0.0721,""makespan"":109.134,""deadline_violation"":0,""machine_signature"":""79a8c603ff763a29"",""weighted_score"":0.660386,""diversity_score"":3.482759},{""rank"":2,""recommended"":false,""feasible"":false,""budget_used"":0.354755,""budget_violation"":0.1134,""makespan"":104.868,""deadline_violation"":0,""machine_signature"":""4f7958cb1900e187"",""weighted_score"":0.634571,""diversity_score"":3.327586},{""rank"":3,""recommended"":false,""feasible"":false,""budget_used"":0.373744,""budget_violation"":0.1324,""makespan"":103.562,""deadline_violation"":0,""machine_signature"":""b61a69cf5ccdb162"",""weighted_score"":0.626669,""diversity_score"":3.310345},{""rank"":4,""recommended"":false,""feasible"":false,""budget_used"":0.452899,""budget_violation"":0.2116,""makespan"":102.859,""deadline_violation"":0,""machine_signature"":""222a239038c68ca6"",""weighted_score"":0.622415,""diversity_score"":3.241379},{""rank"":5,""recommended"":false,""feasible"":false,""budget_used"":0.491593,""budget_violation"":0.2503,""makespan"":102.859,""deadline_violation"":0,""machine_signature"":""8878c0ad988b6705"",""weighted_score"":0.622415,""diversity_score"":3.241379},{""rank"":6,""recommended"":false,""feasible"":false,""budget_used"":0.257575,""budget_violation"":0.0162,""makespan"":165.258,""deadline_violation"":54.637,""machine_signature"":""951b504949c0daa5"",""weighted_score"":1,""diversity_score"":2.534483}]"
heft_colocation,hybrid_hetero,12,mbackgroundid0000013|mbackgroundid0000014|mbackgroundid0000032|mbackgroundid0000033|mbgmodelid0000050|mconcatfitid0000011|mdifffitid0000005|mdifffitid0000006|mdifffitid0000007|mdifffitid0000008|mdifffitid0000009|mdifffitid0000010|mdifffitid0000026|mdifffitid0000027|mdifffitid0000043|mdifffitid0000044|mdifffitid0000045|mdifffitid0000048|mimgtblid0000017|mimgtblid0000036|mimgtblid0000055|mprojectid0000001|mprojectid0000004|mprojectid0000020|mprojectid0000021|mprojectid0000022|mviewerid0000019|mviewerid0000038|mviewerid0000058,0.200000,92.211000,0.201168,0.241327,110.620800,0.000000,0.000000,true,30.843000,29,1.473000,"{""bora011"":5,""diablo03"":1,""h4d-standard-192-7"":52}","{""bora011"":0.000637,""diablo03"":0.000209,""h3-standard-88-2"":0,""h4d-standard-192-7"":0.0198}",[]
prism_cc_cost,hybrid_hetero,12,mbackgroundid0000013|mbackgroundid0000014|mbackgroundid0000032|mbackgroundid0000033|mbgmodelid0000050|mconcatfitid0000011|mdifffitid0000005|mdifffitid0000006|mdifffitid0000007|mdifffitid0000008|mdifffitid0000009|mdifffitid0000010|mdifffitid0000026|mdifffitid0000027|mdifffitid0000043|mdifffitid0000044|mdifffitid0000045|mdifffitid0000048|mimgtblid0000017|mimgtblid0000036|mimgtblid0000055|mprojectid0000001|mprojectid0000004|mprojectid0000020|mprojectid0000021|mprojectid0000022|mviewerid0000019|mviewerid0000038|mviewerid0000058,0.200000,102.009000,0.141111,0.241327,110.620800,0.000000,0.000000,true,31.208000,24,288.852000,"{""bora011"":18,""diablo03"":11,""h4d-standard-192-7"":29}","{""bora011"":0.006606,""diablo03"":0.003775,""h3-standard-88-2"":0,""h4d-standard-192-7"":0.01751}","[{""rank"":1,""recommended"":true,""feasible"":true,""budget_used"":0.141111,""budget_violation"":0,""makespan"":102.009,""deadline_violation"":0,""machine_signature"":""e03593982bb53135"",""weighted_score"":0.141111,""diversity_score"":2.5},{""rank"":2,""recommended"":false,""feasible"":true,""budget_used"":0.201168,""budget_violation"":0,""makespan"":92.211,""deadline_violation"":0,""machine_signature"":""a470c860b3cb1e66"",""weighted_score"":0.201168,""diversity_score"":2.103448}]"
prism_cc_time,hybrid_hetero,12,mbackgroundid0000013|mbackgroundid0000014|mbackgroundid0000032|mbackgroundid0000033|mbgmodelid0000050|mconcatfitid0000011|mdifffitid0000005|mdifffitid0000006|mdifffitid0000007|mdifffitid0000008|mdifffitid0000009|mdifffitid0000010|mdifffitid0000026|mdifffitid0000027|mdifffitid0000043|mdifffitid0000044|mdifffitid0000045|mdifffitid0000048|mimgtblid0000017|mimgtblid0000036|mimgtblid0000055|mprojectid0000001|mprojectid0000004|mprojectid0000020|mprojectid0000021|mprojectid0000022|mviewerid0000019|mviewerid0000038|mviewerid0000058,0.200000,92.211000,0.201168,0.241327,110.620800,0.000000,0.000000,true,30.843000,29,288.852000,"{""bora011"":5,""diablo03"":1,""h4d-standard-192-7"":52}","{""bora011"":0.000637,""diablo03"":0.000209,""h3-standard-88-2"":0,""h4d-standard-192-7"":0.0198}","[{""rank"":1,""recommended"":true,""feasible"":true,""budget_used"":0.201168,""budget_violation"":0,""makespan"":92.211,""deadline_violation"":0,""machine_signature"":""a470c860b3cb1e66"",""weighted_score"":0.90395,""diversity_score"":2.103448},{""rank"":2,""recommended"":false,""feasible"":true,""budget_used"":0.141111,""budget_violation"":0,""makespan"":102.009,""deadline_violation"":0,""machine_signature"":""e03593982bb53135"",""weighted_score"":1,""diversity_score"":2.5}]"
heft_colocation,hybrid_hetero,13,maddid0000037|mbackgroundid0000013|mbackgroundid0000016|mbackgroundid0000034|mbackgroundid0000052|mbgmodelid0000012|mbgmodelid0000031|mconcatfitid0000030|mdifffitid0000005|mdifffitid0000006|mdifffitid0000007|mdifffitid0000008|mdifffitid0000009|mdifffitid0000010|mdifffitid0000025|mdifffitid0000026|mdifffitid0000027|mdifffitid0000028|mdifffitid0000029|mdifffitid0000043|mdifffitid0000044|mdifffitid0000045|mimgtblid0000017|mprojectid0000002|mprojectid0000004|mprojectid0000039|mprojectid0000040|mprojectid0000041|mviewerid0000057,0.200000,95.314000,0.207939,0.241327,110.620800,0.000000,0.000000,true,39.016000,47,2.332000,"{""bora011"":5,""diablo03"":1,""h4d-standard-192-7"":52}","{""bora011"":0.000617,""diablo03"":0.000202,""h3-standard-88-2"":0,""h4d-standard-192-7"":0.019602}",[]
prism_cc_cost,hybrid_hetero,13,maddid0000037|mbackgroundid0000013|mbackgroundid0000016|mbackgroundid0000034|mbackgroundid0000052|mbgmodelid0000012|mbgmodelid0000031|mconcatfitid0000030|mdifffitid0000005|mdifffitid0000006|mdifffitid0000007|mdifffitid0000008|mdifffitid0000009|mdifffitid0000010|mdifffitid0000025|mdifffitid0000026|mdifffitid0000027|mdifffitid0000028|mdifffitid0000029|mdifffitid0000043|mdifffitid0000044|mdifffitid0000045|mimgtblid0000017|mprojectid0000002|mprojectid0000004|mprojectid0000039|mprojectid0000040|mprojectid0000041|mviewerid0000057,0.200000,102.009000,0.149172,0.241327,110.620800,0.000000,0.000000,true,38.961000,46,290.919000,"{""bora011"":18,""diablo03"":6,""h4d-standard-192-7"":34}","{""bora011"":0.006337,""diablo03"":0.001753,""h3-standard-88-2"":0,""h4d-standard-192-7"":0.018042}","[{""rank"":1,""recommended"":true,""feasible"":true,""budget_used"":0.149172,""budget_violation"":0,""makespan"":102.009,""deadline_violation"":0,""machine_signature"":""dd02661628891e28"",""weighted_score"":0.149172,""diversity_score"":2.413793},{""rank"":2,""recommended"":false,""feasible"":true,""budget_used"":0.207939,""budget_violation"":0,""makespan"":95.314,""deadline_violation"":0,""machine_signature"":""4b04eb53997fff14"",""weighted_score"":0.207939,""diversity_score"":2.103448}]"
prism_cc_time,hybrid_hetero,13,maddid0000037|mbackgroundid0000013|mbackgroundid0000016|mbackgroundid0000034|mbackgroundid0000052|mbgmodelid0000012|mbgmodelid0000031|mconcatfitid0000030|mdifffitid0000005|mdifffitid0000006|mdifffitid0000007|mdifffitid0000008|mdifffitid0000009|mdifffitid0000010|mdifffitid0000025|mdifffitid0000026|mdifffitid0000027|mdifffitid0000028|mdifffitid0000029|mdifffitid0000043|mdifffitid0000044|mdifffitid0000045|mimgtblid0000017|mprojectid0000002|mprojectid0000004|mprojectid0000039|mprojectid0000040|mprojectid0000041|mviewerid0000057,0.200000,95.314000,0.207939,0.241327,110.620800,0.000000,0.000000,true,39.016000,47,290.919000,"{""bora011"":5,""diablo03"":1,""h4d-standard-192-7"":52}","{""bora011"":0.000617,""diablo03"":0.000202,""h3-standard-88-2"":0,""h4d-standard-192-7"":0.019602}","[{""rank"":1,""recommended"":true,""feasible"":true,""budget_used"":0.207939,""budget_violation"":0,""makespan"":95.314,""deadline_violation"":0,""machine_signature"":""4b04eb53997fff14"",""weighted_score"":0.934369,""diversity_score"":2.103448},{""rank"":2,""recommended"":false,""feasible"":true,""budget_used"":0.149172,""budget_violation"":0,""makespan"":102.009,""deadline_violation"":0,""machine_signature"":""dd02661628891e28"",""weighted_score"":1,""diversity_score"":2.413793}]"
heft_colocation,hybrid_hetero,14,maddid0000018|maddid0000056|mbackgroundid0000013|mbackgroundid0000033|mbackgroundid0000052|mbackgroundid0000053|mbgmodelid0000031|mconcatfitid0000030|mconcatfitid0000049|mdifffitid0000005|mdifffitid0000007|mdifffitid0000008|mdifffitid0000010|mdifffitid0000025|mdifffitid0000044|mdifffitid0000045|mdifffitid0000046|mdifffitid0000047|mdifffitid0000048|mimgtblid0000017|mimgtblid0000055|mprojectid0000001|mprojectid0000003|mprojectid0000020|mprojectid0000021|mprojectid0000023|mprojectid0000039|mprojectid0000041|mviewerid0000058,0.200000,95.016000,0.481780,0.241327,110.620800,0.240500,0.000000,false,52.736000,32,1.444000,"{""bora011"":2,""diablo03"":1,""h3-standard-88-2"":11,""h4d-standard-192-7"":44}","{""bora011"":0.000536,""diablo03"":0.000203,""h3-standard-88-2"":0.003989,""h4d-standard-192-7"":0.019487}",[]
prism_cc_cost,hybrid_hetero,14,maddid0000018|maddid0000056|mbackgroundid0000013|mbackgroundid0000033|mbackgroundid0000052|mbackgroundid0000053|mbgmodelid0000031|mconcatfitid0000030|mconcatfitid0000049|mdifffitid0000005|mdifffitid0000007|mdifffitid0000008|mdifffitid0000010|mdifffitid0000025|mdifffitid0000044|mdifffitid0000045|mdifffitid0000046|mdifffitid0000047|mdifffitid0000048|mimgtblid0000017|mimgtblid0000055|mprojectid0000001|mprojectid0000003|mprojectid0000020|mprojectid0000021|mprojectid0000023|mprojectid0000039|mprojectid0000041|mviewerid0000058,0.200000,155.921000,0.239055,0.241327,110.620800,0.000000,45.300000,false,85.722000,24,300.298000,"{""bora011"":27,""diablo03"":18,""h4d-standard-192-7"":13}","{""bora011"":0.017815,""diablo03"":0.004425,""h3-standard-88-2"":0,""h4d-standard-192-7"":0.012688}","[{""rank"":1,""recommended"":true,""feasible"":false,""budget_used"":0.239055,""budget_violation"":0,""makespan"":155.921,""deadline_violation"":45.3,""machine_signature"":""430026b024628a5e"",""weighted_score"":0.239055,""diversity_score"":2.534483},{""rank"":2,""recommended"":false,""feasible"":false,""budget_used"":0.394692,""budget_violation"":0.1534,""makespan"":97.931,""deadline_violation"":0,""machine_signature"":""ce22586c36ff9999"",""weighted_score"":0.394692,""diversity_score"":3.362069},{""rank"":3,""recommended"":false,""feasible"":false,""budget_used"":0.451746,""budget_violation"":0.2104,""makespan"":95.016,""deadline_violation"":0,""machine_signature"":""cb10f575d39c066c"",""weighted_score"":0.451746,""diversity_score"":3.258621},{""rank"":4,""recommended"":false,""feasible"":false,""budget_used"":0.48178,""budget_violation"":0.2405,""makespan"":95.016,""deadline_violation"":0,""machine_signature"":""e2d46cf7f292e037"",""weighted_score"":0.48178,""diversity_score"":3.241379}]"
prism_cc_time,hybrid_hetero,14,maddid0000018|maddid0000056|mbackgroundid0000013|mbackgroundid0000033|mbackgroundid0000052|mbackgroundid0000053|mbgmodelid0000031|mconcatfitid0000030|mconcatfitid0000049|mdifffitid0000005|mdifffitid0000007|mdifffitid0000008|mdifffitid0000010|mdifffitid0000025|mdifffitid0000044|mdifffitid0000045|mdifffitid0000046|mdifffitid0000047|mdifffitid0000048|mimgtblid0000017|mimgtblid0000055|mprojectid0000001|mprojectid0000003|mprojectid0000020|mprojectid0000021|mprojectid0000023|mprojectid0000039|mprojectid0000041|mviewerid0000058,0.200000,97.931000,0.394692,0.241327,110.620800,0.153400,0.000000,false,52.736000,32,300.298000,"{""bora011"":9,""diablo03"":3,""h3-standard-88-2"":9,""h4d-standard-192-7"":37}","{""bora011"":0.00332,""diablo03"":0.000674,""h3-standard-88-2"":0.003719,""h4d-standard-192-7"":0.018824}","[{""rank"":1,""recommended"":true,""feasible"":false,""budget_used"":0.394692,""budget_violation"":0.1534,""makespan"":97.931,""deadline_violation"":0,""machine_signature"":""ce22586c36ff9999"",""weighted_score"":0.628081,""diversity_score"":3.362069},{""rank"":2,""recommended"":false,""feasible"":false,""budget_used"":0.451746,""budget_violation"":0.2104,""makespan"":95.016,""deadline_violation"":0,""machine_signature"":""cb10f575d39c066c"",""weighted_score"":0.609386,""diversity_score"":3.258621},{""rank"":3,""recommended"":false,""feasible"":false,""budget_used"":0.48178,""budget_violation"":0.2405,""makespan"":95.016,""deadline_violation"":0,""machine_signature"":""e2d46cf7f292e037"",""weighted_score"":0.609386,""diversity_score"":3.241379},{""rank"":4,""recommended"":false,""feasible"":false,""budget_used"":0.239055,""budget_violation"":0,""makespan"":155.921,""deadline_violation"":45.3,""machine_signature"":""430026b024628a5e"",""weighted_score"":1,""diversity_score"":2.534483}]"
heft_colocation,hybrid_hetero,15,maddid0000037|maddid0000056|mbackgroundid0000014|mbackgroundid0000032|mbackgroundid0000034|mbackgroundid0000051|mbackgroundid0000052|mbgmodelid0000031|mbgmodelid0000050|mconcatfitid0000011|mconcatfitid0000030|mconcatfitid0000049|mdifffitid0000006|mdifffitid0000008|mdifffitid0000025|mdifffitid0000026|mdifffitid0000027|mdifffitid0000046|mdifffitid0000047|mimgtblid0000055|mprojectid0000001|mprojectid0000003|mprojectid0000004|mprojectid0000021|mprojectid0000023|mprojectid0000039|mprojectid0000041|mviewerid0000038|mviewerid0000057,0.200000,95.016000,0.486938,0.241327,110.620800,0.245600,0.000000,false,62.818000,35,1.505000,"{""bora011"":2,""diablo03"":1,""h3-standard-88-2"":11,""h4d-standard-192-7"":44}","{""bora011"":0.000536,""diablo03"":0.000203,""h3-standard-88-2"":0.003001,""h4d-standard-192-7"":0.020268}",[]
prism_cc_cost,hybrid_hetero,15,maddid0000037|maddid0000056|mbackgroundid0000014|mbackgroundid0000032|mbackgroundid0000034|mbackgroundid0000051|mbackgroundid0000052|mbgmodelid0000031|mbgmodelid0000050|mconcatfitid0000011|mconcatfitid0000030|mconcatfitid0000049|mdifffitid0000006|mdifffitid0000008|mdifffitid0000025|mdifffitid0000026|mdifffitid0000027|mdifffitid0000046|mdifffitid0000047|mimgtblid0000055|mprojectid0000001|mprojectid0000003|mprojectid0000004|mprojectid0000021|mprojectid0000023|mprojectid0000039|mprojectid0000041|mviewerid0000038|mviewerid0000057,0.200000,147.431000,0.220532,0.241327,110.620800,0.000000,36.810000,false,80.466000,17,276.596000,"{""bora011"":30,""diablo03"":15,""h4d-standard-192-7"":13}","{""bora011"":0.020531,""diablo03"":0.003094,""h3-standard-88-2"":0,""h4d-standard-192-7"":0.013279}","[{""rank"":1,""recommended"":true,""feasible"":false,""budget_used"":0.220532,""budget_violation"":0,""makespan"":147.431,""deadline_violation"":36.81,""machine_signature"":""7663eee2238a1abb"",""weighted_score"":0.220532,""diversity_score"":2.482759},{""rank"":2,""recommended"":false,""feasible"":false,""budget_used"":0.428495,""budget_violation"":0.1872,""makespan"":96.677,""deadline_violation"":0,""machine_signature"":""1ace51c5d08c6bf5"",""weighted_score"":0.428495,""diversity_score"":3.344828},{""rank"":3,""recommended"":false,""feasible"":false,""budget_used"":0.447479,""budget_violation"":0.2062,""makespan"":95.371,""deadline_violation"":0,""machine_signature"":""2f7b755cc2456617"",""weighted_score"":0.447479,""diversity_score"":3.310345},{""rank"":4,""recommended"":false,""feasible"":false,""budget_used"":0.46401,""budget_violation"":0.2227,""makespan"":95.016,""deadline_violation"":0,""machine_signature"":""6de8f8161f9e3f23"",""weighted_score"":0.46401,""diversity_score"":3.241379},{""rank"":5,""recommended"":false,""feasible"":false,""budget_used"":0.486938,""budget_violation"":0.2456,""makespan"":95.016,""deadline_violation"":0,""machine_signature"":""fb30bdb896968d18"",""weighted_score"":0.486938,""diversity_score"":3.241379}]"
prism_cc_time,hybrid_hetero,15,maddid0000037|maddid0000056|mbackgroundid0000014|mbackgroundid0000032|mbackgroundid0000034|mbackgroundid0000051|mbackgroundid0000052|mbgmodelid0000031|mbgmodelid0000050|mconcatfitid0000011|mconcatfitid0000030|mconcatfitid0000049|mdifffitid0000006|mdifffitid0000008|mdifffitid0000025|mdifffitid0000026|mdifffitid0000027|mdifffitid0000046|mdifffitid0000047|mimgtblid0000055|mprojectid0000001|mprojectid0000003|mprojectid0000004|mprojectid0000021|mprojectid0000023|mprojectid0000039|mprojectid0000041|mviewerid0000038|mviewerid0000057,0.200000,96.677000,0.428495,0.241327,110.620800,0.187200,0.000000,false,62.818000,35,276.596000,"{""bora011"":7,""diablo03"":3,""h3-standard-88-2"":10,""h4d-standard-192-7"":38}","{""bora011"":0.001986,""diablo03"":0.000683,""h3-standard-88-2"":0.002943,""h4d-standard-192-7"":0.019848}","[{""rank"":1,""recommended"":true,""feasible"":false,""budget_used"":0.428495,""budget_violation"":0.1872,""makespan"":96.677,""deadline_violation"":0,""machine_signature"":""1ace51c5d08c6bf5"",""weighted_score"":0.655744,""diversity_score"":3.344828},{""rank"":2,""recommended"":false,""feasible"":false,""budget_used"":0.447479,""budget_violation"":0.2062,""makespan"":95.371,""deadline_violation"":0,""machine_signature"":""2f7b755cc2456617"",""weighted_score"":0.646886,""diversity_score"":3.310345},{""rank"":3,""recommended"":false,""feasible"":false,""budget_used"":0.46401,""budget_violation"":0.2227,""makespan"":95.016,""deadline_violation"":0,""machine_signature"":""6de8f8161f9e3f23"",""weighted_score"":0.644478,""diversity_score"":3.241379},{""rank"":4,""recommended"":false,""feasible"":false,""budget_used"":0.486938,""budget_violation"":0.2456,""makespan"":95.016,""deadline_violation"":0,""machine_signature"":""fb30bdb896968d18"",""weighted_score"":0.644478,""diversity_score"":3.241379},{""rank"":5,""recommended"":false,""feasible"":false,""budget_used"":0.220532,""budget_violation"":0,""makespan"":147.431,""deadline_violation"":36.81,""machine_signature"":""7663eee2238a1abb"",""weighted_score"":1,""diversity_score"":2.482759}]"
heft_colocation,hybrid_hetero,16,maddid0000056|mbackgroundid0000013|mbackgroundid0000014|mbackgroundid0000033|mbackgroundid0000034|mbackgroundid0000051|mbackgroundid0000053|mbgmodelid0000012|mbgmodelid0000031|mconcatfitid0000011|mconcatfitid0000030|mdifffitid0000006|mdifffitid0000007|mdifffitid0000009|mdifffitid0000010|mdifffitid0000024|mdifffitid0000025|mdifffitid0000027|mdifffitid0000028|mdifffitid0000029|mdifffitid0000045|mdifffitid0000046|mimgtblid0000017|mprojectid0000004|mprojectid0000020|mprojectid0000041|mprojectid0000042|mviewerid0000019|mviewerid0000038,0.200000,92.184000,0.201112,0.241327,110.620800,0.000000,0.000000,true,21.115000,21,1.518000,"{""bora011"":5,""diablo03"":1,""h4d-standard-192-7"":52}","{""bora011"":0.000638,""diablo03"":0.000209,""h3-standard-88-2"":0,""h4d-standard-192-7"":0.019256}",[]
prism_cc_cost,hybrid_hetero,16,maddid0000056|mbackgroundid0000013|mbackgroundid0000014|mbackgroundid0000033|mbackgroundid0000034|mbackgroundid0000051|mbackgroundid0000053|mbgmodelid0000012|mbgmodelid0000031|mconcatfitid0000011|mconcatfitid0000030|mdifffitid0000006|mdifffitid0000007|mdifffitid0000009|mdifffitid0000010|mdifffitid0000024|mdifffitid0000025|mdifffitid0000027|mdifffitid0000028|mdifffitid0000029|mdifffitid0000045|mdifffitid0000046|mimgtblid0000017|mprojectid0000004|mprojectid0000020|mprojectid0000041|mprojectid0000042|mviewerid0000019|mviewerid0000038,0.200000,102.009000,0.142804,0.241327,110.620800,0.000000,0.000000,true,21.045000,20,293.769000,"{""bora011"":16,""diablo03"":8,""h4d-standard-192-7"":34}","{""bora011"":0.005723,""diablo03"":0.002265,""h3-standard-88-2"":0,""h4d-standard-192-7"":0.017123}","[{""rank"":1,""recommended"":true,""feasible"":true,""budget_used"":0.142804,""budget_violation"":0,""makespan"":102.009,""deadline_violation"":0,""machine_signature"":""f98aea2031e19a0c"",""weighted_score"":0.142804,""diversity_score"":2.413793},{""rank"":2,""recommended"":false,""feasible"":true,""budget_used"":0.201112,""budget_violation"":0,""makespan"":92.184,""deadline_violation"":0,""machine_signature"":""39ff3f2afe281955"",""weighted_score"":0.201112,""diversity_score"":2.103448}]"
prism_cc_time,hybrid_hetero,16,maddid0000056|mbackgroundid0000013|mbackgroundid0000014|mbackgroundid0000033|mbackgroundid0000034|mbackgroundid0000051|mbackgroundid0000053|mbgmodelid0000012|mbgmodelid0000031|mconcatfitid0000011|mconcatfitid0000030|mdifffitid0000006|mdifffitid0000007|mdifffitid0000009|mdifffitid0000010|mdifffitid0000024|mdifffitid0000025|mdifffitid0000027|mdifffitid0000028|mdifffitid0000029|mdifffitid0000045|mdifffitid0000046|mimgtblid0000017|mprojectid0000004|mprojectid0000020|mprojectid0000041|mprojectid0000042|mviewerid0000019|mviewerid0000038,0.200000,92.184000,0.201112,0.241327,110.620800,0.000000,0.000000,true,21.115000,21,293.769000,"{""bora011"":5,""diablo03"":1,""h4d-standard-192-7"":52}","{""bora011"":0.000638,""diablo03"":0.000209,""h3-standard-88-2"":0,""h4d-standard-192-7"":0.019256}","[{""rank"":1,""recommended"":true,""feasible"":true,""budget_used"":0.201112,""budget_violation"":0,""makespan"":92.184,""deadline_violation"":0,""machine_signature"":""39ff3f2afe281955"",""weighted_score"":0.903685,""diversity_score"":2.103448},{""rank"":2,""recommended"":false,""feasible"":true,""budget_used"":0.142804,""budget_violation"":0,""makespan"":102.009,""deadline_violation"":0,""machine_signature"":""f98aea2031e19a0c"",""weighted_score"":1,""diversity_score"":2.413793}]"
heft_colocation,hybrid_hetero,17,maddid0000018|maddid0000037|maddid0000056|mbackgroundid0000013|mbackgroundid0000015|mbackgroundid0000032|mbackgroundid0000033|mbackgroundid0000034|mbackgroundid0000035|mbackgroundid0000052|mbackgroundid0000053|mbgmodelid0000031|mconcatfitid0000030|mdifffitid0000006|mdifffitid0000007|mdifffitid0000008|mdifffitid0000009|mdifffitid0000024|mdifffitid0000026|mdifffitid0000029|mdifffitid0000043|mdifffitid0000044|mimgtblid0000036|mprojectid0000003|mprojectid0000004|mprojectid0000020|mprojectid0000022|mprojectid0000023|mprojectid0000042,0.200000,91.837000,0.440842,0.241327,110.620800,0.199500,0.000000,false,41.729000,22,2.200000,"{""bora011"":2,""diablo03"":1,""h3-standard-88-2"":9,""h4d-standard-192-7"":46}","{""bora011"":0.000555,""diablo03"":0.00021,""h3-standard-88-2"":0.004002,""h4d-standard-192-7"":0.019564}",[]
prism_cc_cost,hybrid_hetero,17,maddid0000018|maddid0000037|maddid0000056|mbackgroundid0000013|mbackgroundid0000015|mbackgroundid0000032|mbackgroundid0000033|mbackgroundid0000034|mbackgroundid0000035|mbackgroundid0000052|mbackgroundid0000053|mbgmodelid0000031|mconcatfitid0000030|mdifffitid0000006|mdifffitid0000007|mdifffitid0000008|mdifffitid0000009|mdifffitid0000024|mdifffitid0000026|mdifffitid0000029|mdifffitid0000043|mdifffitid0000044|mimgtblid0000036|mprojectid0000003|mprojectid0000004|mprojectid0000020|mprojectid0000022|mprojectid0000023|mprojectid0000042,0.200000,150.998000,0.241928,0.241327,110.620800,0.000600,40.377000,false,88.543000,30,280.322000,"{""bora011"":15,""diablo03"":8,""h4d-standard-192-7"":35}","{""bora011"":0.003373,""diablo03"":0.001658,""h3-standard-88-2"":0,""h4d-standard-192-7"":0.013907}","[{""rank"":1,""recommended"":true,""feasible"":false,""budget_used"":0.241928,""budget_violation"":0.0006,""makespan"":150.998,""deadline_violation"":40.377,""machine_signature"":""85043434c0dc10f8"",""weighted_score"":0.241928,""diversity_score"":2.396552},{""rank"":2,""recommended"":false,""feasible"":false,""budget_used"":0.257118,""budget_violation"":0.0158,""makespan"":134.563,""deadline_violation"":23.942,""machine_signature"":""f22de66ae830819f"",""weighted_score"":0.257118,""diversity_score"":3.517241},{""rank"":3,""recommended"":false,""feasible"":false,""budget_used"":0.35409,""budget_violation"":0.1128,""makespan"":98.119,""deadline_violation"":0,""machine_signature"":""850ce175ee9a9916"",""weighted_score"":0.35409,""diversity_score"":3.327586},{""rank"":4,""recommended"":false,""feasible"":false,""budget_used"":0.412213,""budget_violation"":0.1709,""makespan"":91.837,""deadline_violation"":0,""machine_signature"":""b8deab8c1f4f83ac"",""weighted_score"":0.412213,""diversity_score"":3.189655},{""rank"":5,""recommended"":false,""feasible"":false,""budget_used"":0.440842,""budget_violation"":0.1995,""makespan"":91.837,""deadline_violation"":0,""machine_signature"":""db23025f3603d007"",""weighted_score"":0.440842,""diversity_score"":3.206897}]"
prism_cc_time,hybrid_hetero,17,maddid0000018|maddid0000037|maddid0000056|mbackgroundid0000013|mbackgroundid0000015|mbackgroundid0000032|mbackgroundid0000033|mbackgroundid0000034|mbackgroundid0000035|mbackgroundid0000052|mbackgroundid0000053|mbgmodelid0000031|mconcatfitid0000030|mdifffitid0000006|mdifffitid0000007|mdifffitid0000008|mdifffitid0000009|mdifffitid0000024|mdifffitid0000026|mdifffitid0000029|mdifffitid0000043|mdifffitid0000044|mimgtblid0000036|mprojectid0000003|mprojectid0000004|mprojectid0000020|mprojectid0000022|mprojectid0000023|mprojectid0000042,0.200000,98.119000,0.354090,0.241327,110.620800,0.112800,0.000000,false,41.729000,22,280.322000,"{""bora011"":7,""diablo03"":5,""h3-standard-88-2"":7,""h4d-standard-192-7"":39}","{""bora011"":0.002556,""diablo03"":0.00157,""h3-standard-88-2"":0.003595,""h4d-standard-192-7"":0.018212}","[{""rank"":1,""recommended"":true,""feasible"":false,""budget_used"":0.35409,""budget_violation"":0.1128,""makespan"":98.119,""deadline_violation"":0,""machine_signature"":""850ce175ee9a9916"",""weighted_score"":0.649803,""diversity_score"":3.327586},{""rank"":2,""recommended"":false,""feasible"":false,""budget_used"":0.412213,""budget_violation"":0.1709,""makespan"":91.837,""deadline_violation"":0,""machine_signature"":""b8deab8c1f4f83ac"",""weighted_score"":0.6082,""diversity_score"":3.189655},{""rank"":3,""recommended"":false,""feasible"":false,""budget_used"":0.440842,""budget_violation"":0.1995,""makespan"":91.837,""deadline_violation"":0,""machine_signature"":""db23025f3603d007"",""weighted_score"":0.6082,""diversity_score"":3.206897},{""rank"":4,""recommended"":false,""feasible"":false,""budget_used"":0.257118,""budget_violation"":0.0158,""makespan"":134.563,""deadline_violation"":23.942,""machine_signature"":""f22de66ae830819f"",""weighted_score"":0.891157,""diversity_score"":3.517241},{""rank"":5,""recommended"":false,""feasible"":false,""budget_used"":0.241928,""budget_violation"":0.0006,""makespan"":150.998,""deadline_violation"":40.377,""machine_signature"":""85043434c0dc10f8"",""weighted_score"":1,""diversity_score"":2.396552}]"
heft_colocation,hybrid_hetero,18,maddid0000018|maddid0000056|mbackgroundid0000014|mbackgroundid0000015|mbackgroundid0000035|mbackgroundid0000053|mbgmodelid0000012|mbgmodelid0000050|mconcatfitid0000030|mconcatfitid0000049|mdifffitid0000006|mdifffitid0000007|mdifffitid0000008|mdifffitid0000010|mdifffitid0000024|mdifffitid0000026|mdifffitid0000027|mdifffitid0000046|mdifffitid0000048|mprojectid0000001|mprojectid0000002|mprojectid0000020|mprojectid0000021|mprojectid0000039|mprojectid0000041|mprojectid0000042|mviewerid0000038|mviewerid0000057|mviewerid0000058,0.200000,102.859000,0.491594,0.241327,110.620800,0.250300,0.000000,false,57.158000,42,2.062000,"{""bora011"":2,""diablo03"":1,""h3-standard-88-2"":11,""h4d-standard-192-7"":44}","{""bora011"":0.000495,""diablo03"":0.000187,""h3-standard-88-2"":0.003055,""h4d-standard-192-7"":0.018372}",[]
prism_cc_cost,hybrid_hetero,18,maddid0000018|maddid0000056|mbackgroundid0000014|mbackgroundid0000015|mbackgroundid0000035|mbackgroundid0000053|mbgmodelid0000012|mbgmodelid0000050|mconcatfitid0000030|mconcatfitid0000049|mdifffitid0000006|mdifffitid0000007|mdifffitid0000008|mdifffitid0000010|mdifffitid0000024|mdifffitid0000026|mdifffitid0000027|mdifffitid0000046|mdifffitid0000048|mprojectid0000001|mprojectid0000002|mprojectid0000020|mprojectid0000021|mprojectid0000039|mprojectid0000041|mprojectid0000042|mviewerid0000038|mviewerid0000057|mviewerid0000058,0.200000,147.821000,0.220532,0.241327,110.620800,0.000000,37.200000,false,90.929000,18,267.854000,"{""bora011"":26,""diablo03"":18,""h4d-standard-192-7"":14}","{""bora011"":0.018744,""diablo03"":0.004187,""h3-standard-88-2"":0,""h4d-standard-192-7"":0.01361}","[{""rank"":1,""recommended"":true,""feasible"":false,""budget_used"":0.220532,""budget_violation"":0,""makespan"":147.821,""deadline_violation"":37.2,""machine_signature"":""c5f08aaccc983b3a"",""weighted_score"":0.220532,""diversity_score"":2.551724},{""rank"":2,""recommended"":false,""feasible"":false,""budget_used"":0.384559,""budget_violation"":0.1432,""makespan"":104.52,""deadline_violation"":0,""machine_signature"":""f8b6ece963d955bc"",""weighted_score"":0.384559,""diversity_score"":3.310345},{""rank"":3,""recommended"":false,""feasible"":false,""budget_used"":0.403549,""budget_violation"":0.1622,""makespan"":103.214,""deadline_violation"":0,""machine_signature"":""6619c6ab1b4209c9"",""weighted_score"":0.403549,""diversity_score"":3.293103},{""rank"":4,""recommended"":false,""feasible"":false,""budget_used"":0.441469,""budget_violation"":0.2001,""makespan"":102.859,""deadline_violation"":0,""machine_signature"":""de058148e36a1ed4"",""weighted_score"":0.441469,""diversity_score"":3.275862},{""rank"":5,""recommended"":false,""feasible"":false,""budget_used"":0.491594,""budget_violation"":0.2503,""makespan"":102.859,""deadline_violation"":0,""machine_signature"":""c2ce18ff3fb10b22"",""weighted_score"":0.491594,""diversity_score"":3.241379}]"
prism_cc_time,hybrid_hetero,18,maddid0000018|maddid0000056|mbackgroundid0000014|mbackgroundid0000015|mbackgroundid0000035|mbackgroundid0000053|mbgmodelid0000012|mbgmodelid0000050|mconcatfitid0000030|mconcatfitid0000049|mdifffitid0000006|mdifffitid0000007|mdifffitid0000008|mdifffitid0000010|mdifffitid0000024|mdifffitid0000026|mdifffitid0000027|mdifffitid0000046|mdifffitid0000048|mprojectid0000001|mprojectid0000002|mprojectid0000020|mprojectid0000021|mprojectid0000039|mprojectid0000041|mprojectid0000042|mviewerid0000038|mviewerid0000057|mviewerid0000058,0.200000,104.520000,0.384559,0.241327,110.620800,0.143200,0.000000,false,57.158000,42,267.854000,"{""bora011"":9,""diablo03"":1,""h3-standard-88-2"":8,""h4d-standard-192-7"":40}","{""bora011"":0.002961,""diablo03"":0.000184,""h3-standard-88-2"":0.002865,""h4d-standard-192-7"":0.018029}","[{""rank"":1,""recommended"":true,""feasible"":false,""budget_used"":0.384559,""budget_violation"":0.1432,""makespan"":104.52,""deadline_violation"":0,""machine_signature"":""f8b6ece963d955bc"",""weighted_score"":0.707071,""diversity_score"":3.310345},{""rank"":2,""recommended"":false,""feasible"":false,""budget_used"":0.403549,""budget_violation"":0.1622,""makespan"":103.214,""deadline_violation"":0,""machine_signature"":""6619c6ab1b4209c9"",""weighted_score"":0.698236,""diversity_score"":3.293103},{""rank"":3,""recommended"":false,""feasible"":false,""budget_used"":0.441469,""budget_violation"":0.2001,""makespan"":102.859,""deadline_violation"":0,""machine_signature"":""de058148e36a1ed4"",""weighted_score"":0.695835,""diversity_score"":3.275862},{""rank"":4,""recommended"":false,""feasible"":false,""budget_used"":0.491594,""budget_violation"":0.2503,""makespan"":102.859,""deadline_violation"":0,""machine_signature"":""c2ce18ff3fb10b22"",""weighted_score"":0.695835,""diversity_score"":3.241379},{""rank"":5,""recommended"":false,""feasible"":false,""budget_used"":0.220532,""budget_violation"":0,""makespan"":147.821,""deadline_violation"":37.2,""machine_signature"":""c5f08aaccc983b3a"",""weighted_score"":1,""diversity_score"":2.551724}]"
heft_colocation,hybrid_hetero,19,maddid0000018|maddid0000037|mbackgroundid0000015|mbackgroundid0000016|mbackgroundid0000033|mbackgroundid0000053|mbgmodelid0000012|mconcatfitid0000030|mconcatfitid0000049|mdifffitid0000005|mdifffitid0000007|mdifffitid0000008|mdifffitid0000010|mdifffitid0000024|mdifffitid0000025|mdifffitid0000026|mdifffitid0000029|mimgtblid0000017|mimgtblid0000036|mprojectid0000001|mprojectid0000002|mprojectid0000003|mprojectid0000020|mprojectid0000021|mprojectid0000022|mprojectid0000039|mprojectid0000041|mviewerid0000057|mviewerid0000058,0.200000,95.016000,0.481780,0.241327,110.620800,0.240500,0.000000,false,65.198000,41,1.576000,"{""bora011"":2,""diablo03"":1,""h3-standard-88-2"":11,""h4d-standard-192-7"":44}","{""bora011"":0.000536,""diablo03"":0.000203,""h3-standard-88-2"":0.003989,""h4d-standard-192-7"":0.02017}",[]
prism_cc_cost,hybrid_hetero,19,maddid0000018|maddid0000037|mbackgroundid0000015|mbackgroundid0000016|mbackgroundid0000033|mbackgroundid0000053|mbgmodelid0000012|mconcatfitid0000030|mconcatfitid0000049|mdifffitid0000005|mdifffitid0000007|mdifffitid0000008|mdifffitid0000010|mdifffitid0000024|mdifffitid0000025|mdifffitid0000026|mdifffitid0000029|mimgtblid0000017|mimgtblid0000036|mprojectid0000001|mprojectid0000002|mprojectid0000003|mprojectid0000020|mprojectid0000021|mprojectid0000022|mprojectid0000039|mprojectid0000041|mviewerid0000057|mviewerid0000058,0.200000,164.674000,0.257579,0.241327,110.620800,0.016300,54.053000,false,102.990000,26,276.168000,"{""bora011"":27,""diablo03"":18,""h4d-standard-192-7"":13}","{""bora011"":0.016521,""diablo03"":0.004243,""h3-standard-88-2"":0,""h4d-standard-192-7"":0.012614}","[{""rank"":1,""recommended"":true,""feasible"":false,""budget_used"":0.257579,""budget_violation"":0.0163,""makespan"":164.674,""deadline_violation"":54.053,""machine_signature"":""716db90f9631e779"",""weighted_score"":0.257579,""diversity_score"":2.534483},{""rank"":2,""recommended"":false,""feasible"":false,""budget_used"":0.258396,""budget_violation"":0.0171,""makespan"":146.214,""deadline_violation"":35.593,""machine_signature"":""b1f0dd9c2bb57853"",""weighted_score"":0.258396,""diversity_score"":3.534483},{""rank"":3,""recommended"":false,""feasible"":false,""budget_used"":0.383977,""budget_violation"":0.1427,""makespan"":98.74,""deadline_violation"":0,""machine_signature"":""49e3910c51f68b55"",""weighted_score"":0.383977,""diversity_score"":3.37931},{""rank"":4,""recommended"":false,""feasible"":false,""budget_used"":0.45777,""budget_violation"":0.2164,""makespan"":95.016,""deadline_violation"":0,""machine_signature"":""a35ee7cc5847a8f2"",""weighted_score"":0.45777,""diversity_score"":3.241379},{""rank"":5,""recommended"":false,""feasible"":false,""budget_used"":0.48178,""budget_violation"":0.2405,""makespan"":95.016,""deadline_violation"":0,""machine_signature"":""efee31f1235eaeea"",""weighted_score"":0.48178,""diversity_score"":3.241379}]"
prism_cc_time,hybrid_hetero,19,maddid0000018|maddid0000037|mbackgroundid0000015|mbackgroundid0000016|mbackgroundid0000033|mbackgroundid0000053|mbgmodelid0000012|mconcatfitid0000030|mconcatfitid0000049|mdifffitid0000005|mdifffitid0000007|mdifffitid0000008|mdifffitid0000010|mdifffitid0000024|mdifffitid0000025|mdifffitid0000026|mdifffitid0000029|mimgtblid0000017|mimgtblid0000036|mprojectid0000001|mprojectid0000002|mprojectid0000003|mprojectid0000020|mprojectid0000021|mprojectid0000022|mprojectid0000039|mprojectid0000041|mviewerid0000057|mviewerid0000058,0.200000,98.740000,0.383977,0.241327,110.620800,0.142700,0.000000,false,65.819000,42,276.168000,"{""bora011"":9,""diablo03"":4,""h3-standard-88-2"":9,""h4d-standard-192-7"":36}","{""bora011"":0.003349,""diablo03"":0.001365,""h3-standard-88-2"":0.003689,""h4d-standard-192-7"":0.019298}","[{""rank"":1,""recommended"":true,""feasible"":false,""budget_used"":0.383977,""budget_violation"":0.1427,""makespan"":98.74,""deadline_violation"":0,""machine_signature"":""49e3910c51f68b55"",""weighted_score"":0.599609,""diversity_score"":3.37931},{""rank"":2,""recommended"":false,""feasible"":false,""budget_used"":0.45777,""budget_violation"":0.2164,""makespan"":95.016,""deadline_violation"":0,""machine_signature"":""a35ee7cc5847a8f2"",""weighted_score"":0.576995,""diversity_score"":3.241379},{""rank"":3,""recommended"":false,""feasible"":false,""budget_used"":0.48178,""budget_violation"":0.2405,""makespan"":95.016,""deadline_violation"":0,""machine_signature"":""efee31f1235eaeea"",""weighted_score"":0.576995,""diversity_score"":3.241379},{""rank"":4,""recommended"":false,""feasible"":false,""budget_used"":0.258396,""budget_violation"":0.0171,""makespan"":146.214,""deadline_violation"":35.593,""machine_signature"":""b1f0dd9c2bb57853"",""weighted_score"":0.8879,""diversity_score"":3.534483},{""rank"":5,""recommended"":false,""feasible"":false,""budget_used"":0.257579,""budget_violation"":0.0163,""makespan"":164.674,""deadline_violation"":54.053,""machine_signature"":""716db90f9631e779"",""weighted_score"":1,""diversity_score"":2.534483}]"
heft_colocation,hybrid_hetero,20,maddid0000018|mbackgroundid0000015|mbackgroundid0000016|mbackgroundid0000032|mbackgroundid0000033|mbackgroundid0000053|mbackgroundid0000054|mbgmodelid0000031|mbgmodelid0000050|mconcatfitid0000011|mconcatfitid0000030|mconcatfitid0000049|mdifffitid0000005|mdifffitid0000006|mdifffitid0000010|mdifffitid0000025|mdifffitid0000027|mdifffitid0000044|mdifffitid0000046|mdifffitid0000047|mimgtblid0000055|mprojectid0000001|mprojectid0000004|mprojectid0000020|mprojectid0000021|mprojectid0000039|mprojectid0000040|mprojectid0000042|mviewerid0000057,0.200000,111.041000,0.538654,0.241327,110.620800,0.297300,0.420000,false,75.343000,40,1.518000,"{""bora011"":2,""diablo03"":1,""h3-standard-88-2"":11,""h4d-standard-192-7"":44}","{""bora011"":0.000459,""diablo03"":0.000173,""h3-standard-88-2"":0.003451,""h4d-standard-192-7"":0.017718}",[]
prism_cc_cost,hybrid_hetero,20,maddid0000018|mbackgroundid0000015|mbackgroundid0000016|mbackgroundid0000032|mbackgroundid0000033|mbackgroundid0000053|mbackgroundid0000054|mbgmodelid0000031|mbgmodelid0000050|mconcatfitid0000011|mconcatfitid0000030|mconcatfitid0000049|mdifffitid0000005|mdifffitid0000006|mdifffitid0000010|mdifffitid0000025|mdifffitid0000027|mdifffitid0000044|mdifffitid0000046|mdifffitid0000047|mimgtblid0000055|mprojectid0000001|mprojectid0000004|mprojectid0000020|mprojectid0000021|mprojectid0000039|mprojectid0000040|mprojectid0000042|mviewerid0000057,0.200000,157.240000,0.239053,0.241327,110.620800,0.000000,46.619000,false,133.194000,40,229.818000,"{""bora011"":20,""diablo03"":8,""h4d-standard-192-7"":30}","{""bora011"":0.014342,""diablo03"":0.001889,""h3-standard-88-2"":0,""h4d-standard-192-7"":0.014392}","[{""rank"":1,""recommended"":true,""feasible"":false,""budget_used"":0.239053,""budget_violation"":0,""makespan"":157.24,""deadline_violation"":46.619,""machine_signature"":""9f79086742516453"",""weighted_score"":0.239053,""diversity_score"":2.482759},{""rank"":2,""recommended"":false,""feasible"":false,""budget_used"":0.39958,""budget_violation"":0.1583,""makespan"":113.956,""deadline_violation"":3.335,""machine_signature"":""63a468e5ecc2349f"",""weighted_score"":0.39958,""diversity_score"":3.327586},{""rank"":3,""recommended"":false,""feasible"":false,""budget_used"":0.409244,""budget_violation"":0.1679,""makespan"":112.702,""deadline_violation"":2.081,""machine_signature"":""b69e80f75f4784f7"",""weighted_score"":0.409244,""diversity_score"":3.310345},{""rank"":4,""recommended"":false,""feasible"":false,""budget_used"":0.428233,""budget_violation"":0.1869,""makespan"":111.396,""deadline_violation"":0.775,""machine_signature"":""f7a2e81648eb0857"",""weighted_score"":0.428233,""diversity_score"":3.293103},{""rank"":5,""recommended"":false,""feasible"":false,""budget_used"":0.469788,""budget_violation"":0.2285,""makespan"":111.041,""deadline_violation"":0.42,""machine_signature"":""3bf50f832491f527"",""weighted_score"":0.469788,""diversity_score"":3.275862},{""rank"":6,""recommended"":false,""feasible"":false,""budget_used"":0.538654,""budget_violation"":0.2973,""makespan"":111.041,""deadline_violation"":0.42,""machine_signature"":""6f71e9e43b7d2de7"",""weighted_score"":0.538654,""diversity_score"":3.241379}]"
prism_cc_time,hybrid_hetero,20,maddid0000018|mbackgroundid0000015|mbackgroundid0000016|mbackgroundid0000032|mbackgroundid0000033|mbackgroundid0000053|mbackgroundid0000054|mbgmodelid0000031|mbgmodelid0000050|mconcatfitid0000011|mconcatfitid0000030|mconcatfitid0000049|mdifffitid0000005|mdifffitid0000006|mdifffitid0000010|mdifffitid0000025|mdifffitid0000027|mdifffitid0000044|mdifffitid0000046|mdifffitid0000047|mimgtblid0000055|mprojectid0000001|mprojectid0000004|mprojectid0000020|mprojectid0000021|mprojectid0000039|mprojectid0000040|mprojectid0000042|mviewerid0000057,0.200000,111.041000,0.469788,0.241327,110.620800,0.228500,0.420000,false,75.337000,39,229.818000,"{""bora011"":7,""diablo03"":1,""h3-standard-88-2"":8,""h4d-standard-192-7"":42}","{""bora011"":0.001729,""diablo03"":0.000173,""h3-standard-88-2"":0.003318,""h4d-standard-192-7"":0.017706}","[{""rank"":1,""recommended"":true,""feasible"":false,""budget_used"":0.469788,""budget_violation"":0.2285,""makespan"":111.041,""deadline_violation"":0.42,""machine_signature"":""3bf50f832491f527"",""weighted_score"":0.706188,""diversity_score"":3.275862},{""rank"":2,""recommended"":false,""feasible"":false,""budget_used"":0.538654,""budget_violation"":0.2973,""makespan"":111.041,""deadline_violation"":0.42,""machine_signature"":""6f71e9e43b7d2de7"",""weighted_score"":0.706188,""diversity_score"":3.241379},{""rank"":3,""recommended"":false,""feasible"":false,""budget_used"":0.428233,""budget_violation"":0.1869,""makespan"":111.396,""deadline_violation"":0.775,""machine_signature"":""f7a2e81648eb0857"",""weighted_score"":0.708446,""diversity_score"":3.293103},{""rank"":4,""recommended"":false,""feasible"":false,""budget_used"":0.409244,""budget_violation"":0.1679,""makespan"":112.702,""deadline_violation"":2.081,""machine_signature"":""b69e80f75f4784f7"",""weighted_score"":0.716751,""diversity_score"":3.310345},{""rank"":5,""recommended"":false,""feasible"":false,""budget_used"":0.39958,""budget_violation"":0.1583,""makespan"":113.956,""deadline_violation"":3.335,""machine_signature"":""63a468e5ecc2349f"",""weighted_score"":0.724727,""diversity_score"":3.327586},{""rank"":6,""recommended"":false,""feasible"":false,""budget_used"":0.239053,""budget_violation"":0,""makespan"":157.24,""deadline_violation"":46.619,""machine_signature"":""9f79086742516453"",""weighted_score"":1,""diversity_score"":2.482759}]"
heft_colocation,hybrid_hetero,21,maddid0000018|maddid0000037|maddid0000056|mbackgroundid0000014|mbackgroundid0000015|mbackgroundid0000034|mbackgroundid0000035|mbackgroundid0000053|mbgmodelid0000050|mconcatfitid0000011|mconcatfitid0000049|mdifffitid0000005|mdifffitid0000006|mdifffitid0000008|mdifffitid0000010|mdifffitid0000024|mdifffitid0000025|mdifffitid0000028|mdifffitid0000043|mdifffitid0000045|mdifffitid0000046|mprojectid0000002|mprojectid0000020|mprojectid0000023|mprojectid0000039|mprojectid0000040|mprojectid0000042|mviewerid0000038|mviewerid0000058,0.200000,103.142000,0.519697,0.241327,110.620800,0.278400,0.000000,false,53.409000,29,1.723000,"{""bora011"":2,""diablo03"":1,""h3-standard-88-2"":13,""h4d-standard-192-7"":42}","{""bora011"":0.000494,""diablo03"":0.000187,""h3-standard-88-2"":0.003275,""h4d-standard-192-7"":0.018072}",[]
prism_cc_cost,hybrid_hetero,21,maddid0000018|maddid0000037|maddid0000056|mbackgroundid0000014|mbackgroundid0000015|mbackgroundid0000034|mbackgroundid0000035|mbackgroundid0000053|mbgmodelid0000050|mconcatfitid0000011|mconcatfitid0000049|mdifffitid0000005|mdifffitid0000006|mdifffitid0000008|mdifffitid0000010|mdifffitid0000024|mdifffitid0000025|mdifffitid0000028|mdifffitid0000043|mdifffitid0000045|mdifffitid0000046|mprojectid0000002|mprojectid0000020|mprojectid0000023|mprojectid0000039|mprojectid0000040|mprojectid0000042|mviewerid0000038|mviewerid0000058,0.200000,134.621000,0.207554,0.241327,110.620800,0.000000,24.000000,false,88.366000,16,240.953000,"{""bora011"":28,""diablo03"":16,""h4d-standard-192-7"":14}","{""bora011"":0.010675,""diablo03"":0.004373,""h3-standard-88-2"":0,""h4d-standard-192-7"":0.015229}","[{""rank"":1,""recommended"":true,""feasible"":false,""budget_used"":0.207554,""budget_violation"":0,""makespan"":134.621,""deadline_violation"":24,""machine_signature"":""b8679874264bc1c6"",""weighted_score"":0.207554,""diversity_score"":2.517241},{""rank"":2,""recommended"":false,""feasible"":false,""budget_used"":0.483021,""budget_violation"":0.2417,""makespan"":103.142,""deadline_violation"":0,""machine_signature"":""0c869a5dbba0f008"",""weighted_score"":0.483021,""diversity_score"":3.293103},{""rank"":3,""recommended"":false,""feasible"":false,""budget_used"":0.519697,""budget_violation"":0.2784,""makespan"":103.142,""deadline_violation"":0,""machine_signature"":""15bc922702235f80"",""weighted_score"":0.519697,""diversity_score"":3.275862}]"
prism_cc_time,hybrid_hetero,21,maddid0000018|maddid0000037|maddid0000056|mbackgroundid0000014|mbackgroundid0000015|mbackgroundid0000034|mbackgroundid0000035|mbackgroundid0000053|mbgmodelid0000050|mconcatfitid0000011|mconcatfitid0000049|mdifffitid0000005|mdifffitid0000006|mdifffitid0000008|mdifffitid0000010|mdifffitid0000024|mdifffitid0000025|mdifffitid0000028|mdifffitid0000043|mdifffitid0000045|mdifffitid0000046|mprojectid0000002|mprojectid0000020|mprojectid0000023|mprojectid0000039|mprojectid0000040|mprojectid0000042|mviewerid0000038|mviewerid0000058,0.200000,103.142000,0.483021,0.241327,110.620800,0.241700,0.000000,false,53.410000,29,240.953000,"{""bora011"":3,""diablo03"":2,""h3-standard-88-2"":12,""h4d-standard-192-7"":41}","{""bora011"":0.000532,""diablo03"":0.000427,""h3-standard-88-2"":0.00327,""h4d-standard-192-7"":0.018061}","[{""rank"":1,""recommended"":true,""feasible"":false,""budget_used"":0.483021,""budget_violation"":0.2417,""makespan"":103.142,""deadline_violation"":0,""machine_signature"":""0c869a5dbba0f008"",""weighted_score"":0.766166,""diversity_score"":3.293103},{""rank"":2,""recommended"":false,""feasible"":false,""budget_used"":0.519697,""budget_violation"":0.2784,""makespan"":103.142,""deadline_violation"":0,""machine_signature"":""15bc922702235f80"",""weighted_score"":0.766166,""diversity_score"":3.275862},{""rank"":3,""recommended"":false,""feasible"":false,""budget_used"":0.207554,""budget_violation"":0,""makespan"":134.621,""deadline_violation"":24,""machine_signature"":""b8679874264bc1c6"",""weighted_score"":1,""diversity_score"":2.517241}]"
heft_colocation,hybrid_hetero,22,maddid0000018|maddid0000037|maddid0000056|mbackgroundid0000014|mbackgroundid0000015|mbackgroundid0000032|mbackgroundid0000033|mbackgroundid0000035|mbackgroundid0000051|mbackgroundid0000053|mbgmodelid0000050|mdifffitid0000007|mdifffitid0000008|mdifffitid0000009|mdifffitid0000025|mdifffitid0000043|mdifffitid0000044|mdifffitid0000045|mimgtblid0000055|mprojectid0000002|mprojectid0000021|mprojectid0000022|mprojectid0000023|mprojectid0000039|mprojectid0000041|mprojectid0000042|mviewerid0000019|mviewerid0000038|mviewerid0000057,0.200000,95.016000,0.498412,0.241327,110.620800,0.257100,0.000000,false,61.810000,28,2.108000,"{""bora011"":2,""diablo03"":1,""h3-standard-88-2"":13,""h4d-standard-192-7"":42}","{""bora011"":0.000536,""diablo03"":0.000203,""h3-standard-88-2"":0.003529,""h4d-standard-192-7"":0.020089}",[]
prism_cc_cost,hybrid_hetero,22,maddid0000018|maddid0000037|maddid0000056|mbackgroundid0000014|mbackgroundid0000015|mbackgroundid0000032|mbackgroundid0000033|mbackgroundid0000035|mbackgroundid0000051|mbackgroundid0000053|mbgmodelid0000050|mdifffitid0000007|mdifffitid0000008|mdifffitid0000009|mdifffitid0000025|mdifffitid0000043|mdifffitid0000044|mdifffitid0000045|mimgtblid0000055|mprojectid0000002|mprojectid0000021|mprojectid0000022|mprojectid0000023|mprojectid0000039|mprojectid0000041|mprojectid0000042|mviewerid0000019|mviewerid0000038|mviewerid0000057,0.200000,135.679000,0.240344,0.241327,110.620800,0.000000,25.058000,false,83.110000,20,239.483000,"{""bora011"":25,""diablo03"":12,""h4d-standard-192-7"":21}","{""bora011"":0.018573,""diablo03"":0.0029,""h3-standard-88-2"":0,""h4d-standard-192-7"":0.014679}","[{""rank"":1,""recommended"":true,""feasible"":false,""budget_used"":0.240344,""budget_violation"":0,""makespan"":135.679,""deadline_violation"":25.058,""machine_signature"":""538fa47ef8ee024d"",""weighted_score"":0.240344,""diversity_score"":2.568966},{""rank"":2,""recommended"":false,""feasible"":false,""budget_used"":0.240344,""budget_violation"":0,""makespan"":137.288,""deadline_violation"":26.667,""machine_signature"":""6a2efe77ac044017"",""weighted_score"":0.240344,""diversity_score"":2.586207},{""rank"":3,""recommended"":false,""feasible"":false,""budget_used"":0.243413,""budget_violation"":0.0021,""makespan"":133.275,""deadline_violation"":22.654,""machine_signature"":""be350364c2782bfc"",""weighted_score"":0.243413,""diversity_score"":2.568966},{""rank"":4,""recommended"":false,""feasible"":false,""budget_used"":0.465558,""budget_violation"":0.2242,""makespan"":96.075,""deadline_violation"":0,""machine_signature"":""d59bac1803a3819e"",""weighted_score"":0.465558,""diversity_score"":3.327586},{""rank"":5,""recommended"":false,""feasible"":false,""budget_used"":0.480557,""budget_violation"":0.2392,""makespan"":95.016,""deadline_violation"":0,""machine_signature"":""dbdd64801663c638"",""weighted_score"":0.480557,""diversity_score"":3.275862},{""rank"":6,""recommended"":false,""feasible"":false,""budget_used"":0.498412,""budget_violation"":0.2571,""makespan"":95.016,""deadline_violation"":0,""machine_signature"":""52a51e5ba8e079ba"",""weighted_score"":0.498412,""diversity_score"":3.275862}]"
prism_cc_time,hybrid_hetero,22,maddid0000018|maddid0000037|maddid0000056|mbackgroundid0000014|mbackgroundid0000015|mbackgroundid0000032|mbackgroundid0000033|mbackgroundid0000035|mbackgroundid0000051|mbackgroundid0000053|mbgmodelid0000050|mdifffitid0000007|mdifffitid0000008|mdifffitid0000009|mdifffitid0000025|mdifffitid0000043|mdifffitid0000044|mdifffitid0000045|mimgtblid0000055|mprojectid0000002|mprojectid0000021|mprojectid0000022|mprojectid0000023|mprojectid0000039|mprojectid0000041|mprojectid0000042|mviewerid0000019|mviewerid0000038|mviewerid0000057,0.200000,96.075000,0.465558,0.241327,110.620800,0.224200,0.000000,false,62.064000,29,239.483000,"{""bora011"":5,""diablo03"":2,""h3-standard-88-2"":12,""h4d-standard-192-7"":39}","{""bora011"":0.001093,""diablo03"":0.000458,""h3-standard-88-2"":0.003484,""h4d-standard-192-7"":0.01984}","[{""rank"":1,""recommended"":true,""feasible"":false,""budget_used"":0.465558,""budget_violation"":0.2242,""makespan"":96.075,""deadline_violation"":0,""machine_signature"":""d59bac1803a3819e"",""weighted_score"":0.699806,""diversity_score"":3.327586},{""rank"":2,""recommended"":false,""feasible"":false,""budget_used"":0.480557,""budget_violation"":0.2392,""makespan"":95.016,""deadline_violation"":0,""machine_signature"":""dbdd64801663c638"",""weighted_score"":0.692093,""diversity_score"":3.275862},{""rank"":3,""recommended"":false,""feasible"":false,""budget_used"":0.498412,""budget_violation"":0.2571,""makespan"":95.016,""deadline_violation"":0,""machine_signature"":""52a51e5ba8e079ba"",""weighted_score"":0.692093,""diversity_score"":3.275862},{""rank"":4,""recommended"":false,""feasible"":false,""budget_used"":0.243413,""budget_violation"":0.0021,""makespan"":133.275,""deadline_violation"":22.654,""machine_signature"":""be350364c2782bfc"",""weighted_score"":0.970769,""diversity_score"":2.568966},{""rank"":5,""recommended"":false,""feasible"":false,""budget_used"":0.240344,""budget_violation"":0,""makespan"":135.679,""deadline_violation"":25.058,""machine_signature"":""538fa47ef8ee024d"",""weighted_score"":0.98828,""diversity_score"":2.568966},{""rank"":6,""recommended"":false,""feasible"":false,""budget_used"":0.240344,""budget_violation"":0,""makespan"":137.288,""deadline_violation"":26.667,""machine_signature"":""6a2efe77ac044017"",""weighted_score"":1,""diversity_score"":2.586207}]"
heft_colocation,hybrid_hetero,23,maddid0000018|mbackgroundid0000013|mbackgroundid0000014|mbackgroundid0000015|mbackgroundid0000016|mbackgroundid0000032|mbackgroundid0000033|mbackgroundid0000035|mbackgroundid0000054|mconcatfitid0000011|mdifffitid0000007|mdifffitid0000026|mdifffitid0000029|mdifffitid0000043|mdifffitid0000044|mdifffitid0000045|mdifffitid0000047|mimgtblid0000036|mimgtblid0000055|mprojectid0000001|mprojectid0000002|mprojectid0000003|mprojectid0000004|mprojectid0000022|mprojectid0000023|mprojectid0000041|mprojectid0000042|mviewerid0000038|mviewerid0000057,0.200000,96.084000,0.537558,0.241327,110.620800,0.296200,0.000000,false,80.312000,25,1.775000,"{""bora011"":2,""diablo03"":1,""h3-standard-88-2"":15,""h4d-standard-192-7"":40}","{""bora011"":0.00053,""diablo03"":0.0002,""h3-standard-88-2"":0.005654,""h4d-standard-192-7"":0.020363}",[]
prism_cc_cost,hybrid_hetero,23,maddid0000018|mbackgroundid0000013|mbackgroundid0000014|mbackgroundid0000015|mbackgroundid0000016|mbackgroundid0000032|mbackgroundid0000033|mbackgroundid0000035|mbackgroundid0000054|mconcatfitid0000011|mdifffitid0000007|mdifffitid0000026|mdifffitid0000029|mdifffitid0000043|mdifffitid0000044|mdifffitid0000045|mdifffitid0000047|mimgtblid0000036|mimgtblid0000055|mprojectid0000001|mprojectid0000002|mprojectid0000003|mprojectid0000004|mprojectid0000022|mprojectid0000023|mprojectid0000041|mprojectid0000042|mviewerid0000038|mviewerid0000057,0.200000,162.621000,0.281195,0.241327,110.620800,0.039900,52.000000,false,64.279000,17,298.015000,"{""bora011"":25,""diablo03"":13,""h3-standard-88-2"":2,""h4d-standard-192-7"":18}","{""bora011"":0.007825,""diablo03"":0.002673,""h3-standard-88-2"":0.012391,""h4d-standard-192-7"":0.008761}","[{""rank"":1,""recommended"":true,""feasible"":false,""budget_used"":0.281195,""budget_violation"":0.0399,""makespan"":162.621,""deadline_violation"":52,""machine_signature"":""5d022dd41e225c31"",""weighted_score"":0.281195,""diversity_score"":3.568966},{""rank"":2,""recommended"":false,""feasible"":false,""budget_used"":0.338048,""budget_violation"":0.0967,""makespan"":105.097,""deadline_violation"":0,""machine_signature"":""488a578616adcb64"",""weighted_score"":0.338048,""diversity_score"":3.603448},{""rank"":3,""recommended"":false,""feasible"":false,""budget_used"":0.497689,""budget_violation"":0.2564,""makespan"":96.084,""deadline_violation"":0,""machine_signature"":""9ee91ef46dfde58a"",""weighted_score"":0.497689,""diversity_score"":3.310345},{""rank"":4,""recommended"":false,""feasible"":false,""budget_used"":0.537558,""budget_violation"":0.2962,""makespan"":96.084,""deadline_violation"":0,""machine_signature"":""a7e58c260ead2672"",""weighted_score"":0.537558,""diversity_score"":3.310345}]"
prism_cc_time,hybrid_hetero,23,maddid0000018|mbackgroundid0000013|mbackgroundid0000014|mbackgroundid0000015|mbackgroundid0000016|mbackgroundid0000032|mbackgroundid0000033|mbackgroundid0000035|mbackgroundid0000054|mconcatfitid0000011|mdifffitid0000007|mdifffitid0000026|mdifffitid0000029|mdifffitid0000043|mdifffitid0000044|mdifffitid0000045|mdifffitid0000047|mimgtblid0000036|mimgtblid0000055|mprojectid0000001|mprojectid0000002|mprojectid0000003|mprojectid0000004|mprojectid0000022|mprojectid0000023|mprojectid0000041|mprojectid0000042|mviewerid0000038|mviewerid0000057,0.200000,105.097000,0.338048,0.241327,110.620800,0.096700,0.000000,false,82.906000,29,298.015000,"{""bora011"":17,""diablo03"":11,""h3-standard-88-2"":7,""h4d-standard-192-7"":23}","{""bora011"":0.006076,""diablo03"":0.003811,""h3-standard-88-2"":0.00472,""h4d-standard-192-7"":0.018376}","[{""rank"":1,""recommended"":true,""feasible"":false,""budget_used"":0.338048,""budget_violation"":0.0967,""makespan"":105.097,""deadline_violation"":0,""machine_signature"":""488a578616adcb64"",""weighted_score"":0.64627,""diversity_score"":3.603448},{""rank"":2,""recommended"":false,""feasible"":false,""budget_used"":0.497689,""budget_violation"":0.2564,""makespan"":96.084,""deadline_violation"":0,""machine_signature"":""9ee91ef46dfde58a"",""weighted_score"":0.590846,""diversity_score"":3.310345},{""rank"":3,""recommended"":false,""feasible"":false,""budget_used"":0.537558,""budget_violation"":0.2962,""makespan"":96.084,""deadline_violation"":0,""machine_signature"":""a7e58c260ead2672"",""weighted_score"":0.590846,""diversity_score"":3.310345},{""rank"":4,""recommended"":false,""feasible"":false,""budget_used"":0.281195,""budget_violation"":0.0399,""makespan"":162.621,""deadline_violation"":52,""machine_signature"":""5d022dd41e225c31"",""weighted_score"":1,""diversity_score"":3.568966}]"
heft_colocation,hybrid_hetero,24,maddid0000037|maddid0000056|mbackgroundid0000032|mbackgroundid0000034|mbackgroundid0000035|mbgmodelid0000012|mbgmodelid0000050|mconcatfitid0000011|mconcatfitid0000049|mdifffitid0000006|mdifffitid0000007|mdifffitid0000008|mdifffitid0000009|mdifffitid0000010|mdifffitid0000024|mdifffitid0000025|mdifffitid0000028|mdifffitid0000045|mdifffitid0000046|mdifffitid0000047|mimgtblid0000017|mprojectid0000003|mprojectid0000004|mprojectid0000021|mprojectid0000022|mprojectid0000039|mprojectid0000041|mviewerid0000019|mviewerid0000038,0.200000,91.837000,0.446147,0.241327,110.620800,0.204800,0.000000,false,38.489000,31,1.500000,"{""bora011"":2,""diablo03"":1,""h3-standard-88-2"":9,""h4d-standard-192-7"":46}","{""bora011"":0.000555,""diablo03"":0.00021,""h3-standard-88-2"":0.002968,""h4d-standard-192-7"":0.019622}",[]
prism_cc_cost,hybrid_hetero,24,maddid0000037|maddid0000056|mbackgroundid0000032|mbackgroundid0000034|mbackgroundid0000035|mbgmodelid0000012|mbgmodelid0000050|mconcatfitid0000011|mconcatfitid0000049|mdifffitid0000006|mdifffitid0000007|mdifffitid0000008|mdifffitid0000009|mdifffitid0000010|mdifffitid0000024|mdifffitid0000025|mdifffitid0000028|mdifffitid0000045|mdifffitid0000046|mdifffitid0000047|mimgtblid0000017|mprojectid0000003|mprojectid0000004|mprojectid0000021|mprojectid0000022|mprojectid0000039|mprojectid0000041|mviewerid0000019|mviewerid0000038,0.200000,105.118000,0.127928,0.241327,110.620800,0.000000,0.000000,true,40.449000,19,294.733000,"{""bora011"":24,""diablo03"":20,""h4d-standard-192-7"":14}","{""bora011"":0.025411,""diablo03"":0.006632,""h3-standard-88-2"":0,""h4d-standard-192-7"":0.016552}","[{""rank"":1,""recommended"":true,""feasible"":true,""budget_used"":0.127928,""budget_violation"":0,""makespan"":105.118,""deadline_violation"":0,""machine_signature"":""caa05478ed3f6755"",""weighted_score"":0.127928,""diversity_score"":2.586207},{""rank"":2,""recommended"":false,""feasible"":true,""budget_used"":0.202312,""budget_violation"":0,""makespan"":92.736,""deadline_violation"":0,""machine_signature"":""265be289f61a453f"",""weighted_score"":0.202312,""diversity_score"":2.344828},{""rank"":3,""recommended"":false,""feasible"":false,""budget_used"":0.446147,""budget_violation"":0.2048,""makespan"":91.837,""deadline_violation"":0,""machine_signature"":""ff7e7214ae4bc3bb"",""weighted_score"":0.446147,""diversity_score"":3.206897}]"
prism_cc_time,hybrid_hetero,24,maddid0000037|maddid0000056|mbackgroundid0000032|mbackgroundid0000034|mbackgroundid0000035|mbgmodelid0000012|mbgmodelid0000050|mconcatfitid0000011|mconcatfitid0000049|mdifffitid0000006|mdifffitid0000007|mdifffitid0000008|mdifffitid0000009|mdifffitid0000010|mdifffitid0000024|mdifffitid0000025|mdifffitid0000028|mdifffitid0000045|mdifffitid0000046|mdifffitid0000047|mimgtblid0000017|mprojectid0000003|mprojectid0000004|mprojectid0000021|mprojectid0000022|mprojectid0000039|mprojectid0000041|mviewerid0000019|mviewerid0000038,0.200000,92.736000,0.202312,0.241327,110.620800,0.000000,0.000000,true,38.063000,15,294.733000,"{""bora011"":11,""diablo03"":9,""h4d-standard-192-7"":38}","{""bora011"":0.019046,""diablo03"":0.003465,""h3-standard-88-2"":0,""h4d-standard-192-7"":0.019271}","[{""rank"":1,""recommended"":true,""feasible"":true,""budget_used"":0.202312,""budget_violation"":0,""makespan"":92.736,""deadline_violation"":0,""machine_signature"":""265be289f61a453f"",""weighted_score"":0.882209,""diversity_score"":2.344828},{""rank"":2,""recommended"":false,""feasible"":true,""budget_used"":0.127928,""budget_violation"":0,""makespan"":105.118,""deadline_violation"":0,""machine_signature"":""caa05478ed3f6755"",""weighted_score"":1,""diversity_score"":2.586207},{""rank"":3,""recommended"":false,""feasible"":false,""budget_used"":0.446147,""budget_violation"":0.2048,""makespan"":91.837,""deadline_violation"":0,""machine_signature"":""ff7e7214ae4bc3bb"",""weighted_score"":0.873656,""diversity_score"":3.206897}]"
heft_colocation,hybrid_hetero,25,maddid0000037|maddid0000056|mbackgroundid0000013|mbackgroundid0000015|mbackgroundid0000054|mbgmodelid0000012|mbgmodelid0000031|mbgmodelid0000050|mconcatfitid0000011|mdifffitid0000006|mdifffitid0000026|mdifffitid0000027|mdifffitid0000028|mdifffitid0000029|mdifffitid0000043|mdifffitid0000046|mdifffitid0000047|mdifffitid0000048|mimgtblid0000017|mimgtblid0000036|mimgtblid0000055|mprojectid0000001|mprojectid0000002|mprojectid0000004|mprojectid0000020|mprojectid0000021|mprojectid0000042|mviewerid0000019|mviewerid0000038,0.200000,96.094000,0.466072,0.241327,110.620800,0.224700,0.000000,false,33.826000,25,1.855000,"{""bora011"":2,""diablo03"":1,""h3-standard-88-2"":9,""h4d-standard-192-7"":46}","{""bora011"":0.00053,""diablo03"":0.0002,""h3-standard-88-2"":0.002826,""h4d-standard-192-7"":0.018504}",[]
prism_cc_cost,hybrid_hetero,25,maddid0000037|maddid0000056|mbackgroundid0000013|mbackgroundid0000015|mbackgroundid0000054|mbgmodelid0000012|mbgmodelid0000031|mbgmodelid0000050|mconcatfitid0000011|mdifffitid0000006|mdifffitid0000026|mdifffitid0000027|mdifffitid0000028|mdifffitid0000029|mdifffitid0000043|mdifffitid0000046|mdifffitid0000047|mdifffitid0000048|mimgtblid0000017|mimgtblid0000036|mimgtblid0000055|mprojectid0000001|mprojectid0000002|mprojectid0000004|mprojectid0000020|mprojectid0000021|mprojectid0000042|mviewerid0000019|mviewerid0000038,0.200000,155.921000,0.239056,0.241327,110.620800,0.000000,45.300000,false,98.496000,17,310.537000,"{""bora011"":25,""diablo03"":16,""h4d-standard-192-7"":17}","{""bora011"":0.017609,""diablo03"":0.003176,""h3-standard-88-2"":0,""h4d-standard-192-7"":0.013203}","[{""rank"":1,""recommended"":true,""feasible"":false,""budget_used"":0.239056,""budget_violation"":0,""makespan"":155.921,""deadline_violation"":45.3,""machine_signature"":""5d2655b97a353123"",""weighted_score"":0.239056,""diversity_score"":2.568966},{""rank"":2,""recommended"":false,""feasible"":false,""budget_used"":0.294847,""budget_violation"":0.0535,""makespan"":102.545,""deadline_violation"":0,""machine_signature"":""c1ce41b3b706ed74"",""weighted_score"":0.294847,""diversity_score"":3.413793},{""rank"":3,""recommended"":false,""feasible"":false,""budget_used"":0.345123,""budget_violation"":0.1038,""makespan"":96.439,""deadline_violation"":0,""machine_signature"":""f99dd549c8f0a134"",""weighted_score"":0.345123,""diversity_score"":3.206897},{""rank"":4,""recommended"":false,""feasible"":false,""budget_used"":0.436632,""budget_violation"":0.1953,""makespan"":96.094,""deadline_violation"":0,""machine_signature"":""e9e7188d106177db"",""weighted_score"":0.436632,""diversity_score"":3.206897},{""rank"":5,""recommended"":false,""feasible"":false,""budget_used"":0.466072,""budget_violation"":0.2247,""makespan"":96.094,""deadline_violation"":0,""machine_signature"":""e5f33a52ec34fabe"",""weighted_score"":0.466072,""diversity_score"":3.206897}]"
prism_cc_time,hybrid_hetero,25,maddid0000037|maddid0000056|mbackgroundid0000013|mbackgroundid0000015|mbackgroundid0000054|mbgmodelid0000012|mbgmodelid0000031|mbgmodelid0000050|mconcatfitid0000011|mdifffitid0000006|mdifffitid0000026|mdifffitid0000027|mdifffitid0000028|mdifffitid0000029|mdifffitid0000043|mdifffitid0000046|mdifffitid0000047|mdifffitid0000048|mimgtblid0000017|mimgtblid0000036|mimgtblid0000055|mprojectid0000001|mprojectid0000002|mprojectid0000004|mprojectid0000020|mprojectid0000021|mprojectid0000042|mviewerid0000019|mviewerid0000038,0.200000,102.545000,0.294847,0.241327,110.620800,0.053500,0.000000,false,34.431000,26,310.537000,"{""bora011"":13,""diablo03"":7,""h3-standard-88-2"":4,""h4d-standard-192-7"":34}","{""bora011"":0.004119,""diablo03"":0.002264,""h3-standard-88-2"":0.002449,""h4d-standard-192-7"":0.017166}","[{""rank"":1,""recommended"":true,""feasible"":false,""budget_used"":0.294847,""budget_violation"":0.0535,""makespan"":102.545,""deadline_violation"":0,""machine_signature"":""c1ce41b3b706ed74"",""weighted_score"":0.657673,""diversity_score"":3.413793},{""rank"":2,""recommended"":false,""feasible"":false,""budget_used"":0.345123,""budget_violation"":0.1038,""makespan"":96.439,""deadline_violation"":0,""machine_signature"":""f99dd549c8f0a134"",""weighted_score"":0.618512,""diversity_score"":3.206897},{""rank"":3,""recommended"":false,""feasible"":false,""budget_used"":0.436632,""budget_violation"":0.1953,""makespan"":96.094,""deadline_violation"":0,""machine_signature"":""e9e7188d106177db"",""weighted_score"":0.616299,""diversity_score"":3.206897},{""rank"":4,""recommended"":false,""feasible"":false,""budget_used"":0.466072,""budget_violation"":0.2247,""makespan"":96.094,""deadline_violation"":0,""machine_signature"":""e5f33a52ec34fabe"",""weighted_score"":0.616299,""diversity_score"":3.206897},{""rank"":5,""recommended"":false,""feasible"":false,""budget_used"":0.239056,""budget_violation"":0,""makespan"":155.921,""deadline_violation"":45.3,""machine_signature"":""5d2655b97a353123"",""weighted_score"":1,""diversity_score"":2.568966}]"
heft_colocation,hybrid_hetero,26,maddid0000018|maddid0000037|mbackgroundid0000015|mbackgroundid0000016|mbackgroundid0000032|mbackgroundid0000033|mbackgroundid0000034|mbackgroundid0000051|mbackgroundid0000052|mbackgroundid0000053|mbgmodelid0000012|mconcatfitid0000011|mconcatfitid0000030|mdifffitid0000006|mdifffitid0000007|mdifffitid0000009|mdifffitid0000025|mdifffitid0000026|mdifffitid0000029|mdifffitid0000044|mdifffitid0000045|mdifffitid0000046|mimgtblid0000017|mprojectid0000002|mprojectid0000003|mprojectid0000022|mprojectid0000041|mviewerid0000038|mviewerid0000058,0.200000,92.184000,0.201108,0.241327,110.620800,0.000000,0.000000,true,16.006000,10,1.590000,"{""bora011"":5,""diablo03"":1,""h4d-standard-192-7"":52}","{""bora011"":0.000638,""diablo03"":0.000209,""h3-standard-88-2"":0,""h4d-standard-192-7"":0.018967}",[]
prism_cc_cost,hybrid_hetero,26,maddid0000018|maddid0000037|mbackgroundid0000015|mbackgroundid0000016|mbackgroundid0000032|mbackgroundid0000033|mbackgroundid0000034|mbackgroundid0000051|mbackgroundid0000052|mbackgroundid0000053|mbgmodelid0000012|mconcatfitid0000011|mconcatfitid0000030|mdifffitid0000006|mdifffitid0000007|mdifffitid0000009|mdifffitid0000025|mdifffitid0000026|mdifffitid0000029|mdifffitid0000044|mdifffitid0000045|mdifffitid0000046|mimgtblid0000017|mprojectid0000002|mprojectid0000003|mprojectid0000022|mprojectid0000041|mviewerid0000038|mviewerid0000058,0.200000,104.982000,0.127927,0.241327,110.620800,0.000000,0.000000,true,18.299000,12,316.166000,"{""bora011"":23,""diablo03"":16,""h4d-standard-192-7"":19}","{""bora011"":0.010792,""diablo03"":0.005571,""h3-standard-88-2"":0,""h4d-standard-192-7"":0.016058}","[{""rank"":1,""recommended"":true,""feasible"":true,""budget_used"":0.127927,""budget_violation"":0,""makespan"":104.982,""deadline_violation"":0,""machine_signature"":""e959840eaf1c1c90"",""weighted_score"":0.127927,""diversity_score"":2.603448},{""rank"":2,""recommended"":false,""feasible"":true,""budget_used"":0.201108,""budget_violation"":0,""makespan"":92.184,""deadline_violation"":0,""machine_signature"":""ea8f43430d9fdba9"",""weighted_score"":0.201108,""diversity_score"":2.103448}]"
prism_cc_time,hybrid_hetero,26,maddid0000018|maddid0000037|mbackgroundid0000015|mbackgroundid0000016|mbackgroundid0000032|mbackgroundid0000033|mbackgroundid0000034|mbackgroundid0000051|mbackgroundid0000052|mbackgroundid0000053|mbgmodelid0000012|mconcatfitid0000011|mconcatfitid0000030|mdifffitid0000006|mdifffitid0000007|mdifffitid0000009|mdifffitid0000025|mdifffitid0000026|mdifffitid0000029|mdifffitid0000044|mdifffitid0000045|mdifffitid0000046|mimgtblid0000017|mprojectid0000002|mprojectid0000003|mprojectid0000022|mprojectid0000041|mviewerid0000038|mviewerid0000058,0.200000,92.184000,0.201108,0.241327,110.620800,0.000000,0.000000,true,16.006000,10,316.166000,"{""bora011"":5,""diablo03"":1,""h4d-standard-192-7"":52}","{""bora011"":0.000638,""diablo03"":0.000209,""h3-standard-88-2"":0,""h4d-standard-192-7"":0.018967}","[{""rank"":1,""recommended"":true,""feasible"":true,""budget_used"":0.201108,""budget_violation"":0,""makespan"":92.184,""deadline_violation"":0,""machine_signature"":""ea8f43430d9fdba9"",""weighted_score"":0.878093,""diversity_score"":2.103448},{""rank"":2,""recommended"":false,""feasible"":true,""budget_used"":0.127927,""budget_violation"":0,""makespan"":104.982,""deadline_violation"":0,""machine_signature"":""e959840eaf1c1c90"",""weighted_score"":1,""diversity_score"":2.603448}]"
heft_colocation,hybrid_hetero,27,maddid0000037|mbackgroundid0000013|mbackgroundid0000033|mbackgroundid0000034|mbackgroundid0000035|mbackgroundid0000052|mbgmodelid0000012|mbgmodelid0000050|mdifffitid0000005|mdifffitid0000006|mdifffitid0000007|mdifffitid0000009|mdifffitid0000010|mdifffitid0000024|mdifffitid0000026|mdifffitid0000027|mdifffitid0000028|mdifffitid0000048|mimgtblid0000017|mimgtblid0000036|mprojectid0000002|mprojectid0000003|mprojectid0000020|mprojectid0000021|mprojectid0000039|mprojectid0000041|mviewerid0000038|mviewerid0000057|mviewerid0000058,0.200000,91.837000,0.445763,0.241327,110.620800,0.204400,0.000000,false,26.970000,21,1.673000,"{""bora011"":2,""diablo03"":1,""h3-standard-88-2"":8,""h4d-standard-192-7"":47}","{""bora011"":0.000555,""diablo03"":0.00021,""h3-standard-88-2"":0.00285,""h4d-standard-192-7"":0.018991}",[]
prism_cc_cost,hybrid_hetero,27,maddid0000037|mbackgroundid0000013|mbackgroundid0000033|mbackgroundid0000034|mbackgroundid0000035|mbackgroundid0000052|mbgmodelid0000012|mbgmodelid0000050|mdifffitid0000005|mdifffitid0000006|mdifffitid0000007|mdifffitid0000009|mdifffitid0000010|mdifffitid0000024|mdifffitid0000026|mdifffitid0000027|mdifffitid0000028|mdifffitid0000048|mimgtblid0000017|mimgtblid0000036|mprojectid0000002|mprojectid0000003|mprojectid0000020|mprojectid0000021|mprojectid0000039|mprojectid0000041|mviewerid0000038|mviewerid0000057|mviewerid0000058,0.200000,106.816000,0.127927,0.241327,110.620800,0.000000,0.000000,true,31.704000,20,307.364000,"{""bora011"":23,""diablo03"":20,""h4d-standard-192-7"":15}","{""bora011"":0.024179,""diablo03"":0.00753,""h3-standard-88-2"":0,""h4d-standard-192-7"":0.01575}","[{""rank"":1,""recommended"":true,""feasible"":true,""budget_used"":0.127927,""budget_violation"":0,""makespan"":106.816,""deadline_violation"":0,""machine_signature"":""334b1e0d39d414ba"",""weighted_score"":0.127927,""diversity_score"":2.603448},{""rank"":2,""recommended"":false,""feasible"":true,""budget_used"":0.202642,""budget_violation"":0,""makespan"":92.889,""deadline_violation"":0,""machine_signature"":""5f66903f3aebd8ce"",""weighted_score"":0.202642,""diversity_score"":2.310345},{""rank"":3,""recommended"":false,""feasible"":false,""budget_used"":0.445763,""budget_violation"":0.2044,""makespan"":91.837,""deadline_violation"":0,""machine_signature"":""d914671988fcd2df"",""weighted_score"":0.445763,""diversity_score"":3.189655}]"
prism_cc_time,hybrid_hetero,27,maddid0000037|mbackgroundid0000013|mbackgroundid0000033|mbackgroundid0000034|mbackgroundid0000035|mbackgroundid0000052|mbgmodelid0000012|mbgmodelid0000050|mdifffitid0000005|mdifffitid0000006|mdifffitid0000007|mdifffitid0000009|mdifffitid0000010|mdifffitid0000024|mdifffitid0000026|mdifffitid0000027|mdifffitid0000028|mdifffitid0000048|mimgtblid0000017|mimgtblid0000036|mprojectid0000002|mprojectid0000003|mprojectid0000020|mprojectid0000021|mprojectid0000039|mprojectid0000041|mviewerid0000038|mviewerid0000057|mviewerid0000058,0.200000,92.889000,0.202642,0.241327,110.620800,0.000000,0.000000,true,26.398000,14,307.364000,"{""bora011"":10,""diablo03"":8,""h4d-standard-192-7"":40}","{""bora011"":0.018517,""diablo03"":0.003169,""h3-standard-88-2"":0,""h4d-standard-192-7"":0.018658}","[{""rank"":1,""recommended"":true,""feasible"":true,""budget_used"":0.202642,""budget_violation"":0,""makespan"":92.889,""deadline_violation"":0,""machine_signature"":""5f66903f3aebd8ce"",""weighted_score"":0.869617,""diversity_score"":2.310345},{""rank"":2,""recommended"":false,""feasible"":true,""budget_used"":0.127927,""budget_violation"":0,""makespan"":106.816,""deadline_violation"":0,""machine_signature"":""334b1e0d39d414ba"",""weighted_score"":1,""diversity_score"":2.603448},{""rank"":3,""recommended"":false,""feasible"":false,""budget_used"":0.445763,""budget_violation"":0.2044,""makespan"":91.837,""deadline_violation"":0,""machine_signature"":""d914671988fcd2df"",""weighted_score"":0.859768,""diversity_score"":3.189655}]"
heft_colocation,hybrid_hetero,28,maddid0000037|maddid0000056|mbackgroundid0000013|mbackgroundid0000014|mbackgroundid0000015|mbackgroundid0000016|mbackgroundid0000032|mbackgroundid0000035|mbackgroundid0000053|mbackgroundid0000054|mbgmodelid0000012|mbgmodelid0000050|mconcatfitid0000030|mdifffitid0000005|mdifffitid0000009|mdifffitid0000010|mdifffitid0000024|mdifffitid0000028|mdifffitid0000044|mdifffitid0000046|mimgtblid0000036|mprojectid0000001|mprojectid0000002|mprojectid0000004|mprojectid0000040|mprojectid0000041|mprojectid0000042|mviewerid0000019|mviewerid0000057,0.200000,103.142000,0.472203,0.241327,110.620800,0.230900,0.000000,false,53.337000,34,3.236000,"{""bora011"":2,""diablo03"":2,""h3-standard-88-2"":10,""h4d-standard-192-7"":44}","{""bora011"":0.000494,""diablo03"":0.00048,""h3-standard-88-2"":0.002996,""h4d-standard-192-7"":0.018124}",[]
prism_cc_cost,hybrid_hetero,28,maddid0000037|maddid0000056|mbackgroundid0000013|mbackgroundid0000014|mbackgroundid0000015|mbackgroundid0000016|mbackgroundid0000032|mbackgroundid0000035|mbackgroundid0000053|mbackgroundid0000054|mbgmodelid0000012|mbgmodelid0000050|mconcatfitid0000030|mdifffitid0000005|mdifffitid0000009|mdifffitid0000010|mdifffitid0000024|mdifffitid0000028|mdifffitid0000044|mdifffitid0000046|mimgtblid0000036|mprojectid0000001|mprojectid0000002|mprojectid0000004|mprojectid0000040|mprojectid0000041|mprojectid0000042|mviewerid0000019|mviewerid0000057,0.200000,111.172000,0.271995,0.241327,110.620800,0.030700,0.551000,false,53.202000,32,258.929000,"{""bora011"":17,""diablo03"":11,""h3-standard-88-2"":3,""h4d-standard-192-7"":27}","{""bora011"":0.005145,""diablo03"":0.003069,""h3-standard-88-2"":0.002412,""h4d-standard-192-7"":0.016611}","[{""rank"":1,""recommended"":true,""feasible"":false,""budget_used"":0.271995,""budget_violation"":0.0307,""makespan"":111.172,""deadline_violation"":0.551,""machine_signature"":""31f2cf85baba9b97"",""weighted_score"":0.271995,""diversity_score"":3.534483},{""rank"":2,""recommended"":false,""feasible"":false,""budget_used"":0.323245,""budget_violation"":0.0819,""makespan"":105.158,""deadline_violation"":0,""machine_signature"":""c8a0ea4ea60bc05e"",""weighted_score"":0.323245,""diversity_score"":3.275862},{""rank"":3,""recommended"":false,""feasible"":false,""budget_used"":0.342238,""budget_violation"":0.1009,""makespan"":103.852,""deadline_violation"":0,""machine_signature"":""cdb170c58862dd85"",""weighted_score"":0.342238,""diversity_score"":3.258621},{""rank"":4,""recommended"":false,""feasible"":false,""budget_used"":0.433124,""budget_violation"":0.1918,""makespan"":103.142,""deadline_violation"":0,""machine_signature"":""e1a7d3b9d2f578ba"",""weighted_score"":0.433124,""diversity_score"":3.241379},{""rank"":5,""recommended"":false,""feasible"":false,""budget_used"":0.472203,""budget_violation"":0.2309,""makespan"":103.142,""deadline_violation"":0,""machine_signature"":""8f0f4194b8c40c74"",""weighted_score"":0.472203,""diversity_score"":3.241379}]"
prism_cc_time,hybrid_hetero,28,maddid0000037|maddid0000056|mbackgroundid0000013|mbackgroundid0000014|mbackgroundid0000015|mbackgroundid0000016|mbackgroundid0000032|mbackgroundid0000035|mbackgroundid0000053|mbackgroundid0000054|mbgmodelid0000012|mbgmodelid0000050|mconcatfitid0000030|mdifffitid0000005|mdifffitid0000009|mdifffitid0000010|mdifffitid0000024|mdifffitid0000028|mdifffitid0000044|mdifffitid0000046|mimgtblid0000036|mprojectid0000001|mprojectid0000002|mprojectid0000004|mprojectid0000040|mprojectid0000041|mprojectid0000042|mviewerid0000019|mviewerid0000057,0.200000,105.158000,0.323245,0.241327,110.620800,0.081900,0.000000,false,53.202000,32,258.929000,"{""bora011"":10,""diablo03"":3,""h3-standard-88-2"":3,""h4d-standard-192-7"":42}","{""bora011"":0.002347,""diablo03"":0.000706,""h3-standard-88-2"":0.00255,""h4d-standard-192-7"":0.017788}","[{""rank"":1,""recommended"":true,""feasible"":false,""budget_used"":0.323245,""budget_violation"":0.0819,""makespan"":105.158,""deadline_violation"":0,""machine_signature"":""c8a0ea4ea60bc05e"",""weighted_score"":0.945904,""diversity_score"":3.275862},{""rank"":2,""recommended"":false,""feasible"":false,""budget_used"":0.342238,""budget_violation"":0.1009,""makespan"":103.852,""deadline_violation"":0,""machine_signature"":""cdb170c58862dd85"",""weighted_score"":0.934156,""diversity_score"":3.258621},{""rank"":3,""recommended"":false,""feasible"":false,""budget_used"":0.433124,""budget_violation"":0.1918,""makespan"":103.142,""deadline_violation"":0,""machine_signature"":""e1a7d3b9d2f578ba"",""weighted_score"":0.92777,""diversity_score"":3.241379},{""rank"":4,""recommended"":false,""feasible"":false,""budget_used"":0.472203,""budget_violation"":0.2309,""makespan"":103.142,""deadline_violation"":0,""machine_signature"":""8f0f4194b8c40c74"",""weighted_score"":0.92777,""diversity_score"":3.241379},{""rank"":5,""recommended"":false,""feasible"":false,""budget_used"":0.271995,""budget_violation"":0.0307,""makespan"":111.172,""deadline_violation"":0.551,""machine_signature"":""31f2cf85baba9b97"",""weighted_score"":1,""diversity_score"":3.534483}]"
heft_colocation,hybrid_hetero,29,maddid0000037|maddid0000056|mbackgroundid0000013|mbackgroundid0000016|mbackgroundid0000033|mbgmodelid0000050|mconcatfitid0000011|mconcatfitid0000049|mdifffitid0000006|mdifffitid0000007|mdifffitid0000008|mdifffitid0000009|mdifffitid0000010|mdifffitid0000024|mdifffitid0000025|mdifffitid0000027|mdifffitid0000028|mdifffitid0000029|mdifffitid0000044|mdifffitid0000047|mimgtblid0000017|mprojectid0000001|mprojectid0000003|mprojectid0000020|mprojectid0000039|mprojectid0000040|mprojectid0000042|mviewerid0000019|mviewerid0000038,0.200000,110.970000,0.539209,0.241327,110.620800,0.297900,0.349000,false,61.846000,54,2.255000,"{""bora011"":2,""diablo03"":1,""h3-standard-88-2"":12,""h4d-standard-192-7"":43}","{""bora011"":0.000459,""diablo03"":0.000173,""h3-standard-88-2"":0.003543,""h4d-standard-192-7"":0.017083}",[]
prism_cc_cost,hybrid_hetero,29,maddid0000037|maddid0000056|mbackgroundid0000013|mbackgroundid0000016|mbackgroundid0000033|mbgmodelid0000050|mconcatfitid0000011|mconcatfitid0000049|mdifffitid0000006|mdifffitid0000007|mdifffitid0000008|mdifffitid0000009|mdifffitid0000010|mdifffitid0000024|mdifffitid0000025|mdifffitid0000027|mdifffitid0000028|mdifffitid0000029|mdifffitid0000044|mdifffitid0000047|mimgtblid0000017|mprojectid0000001|mprojectid0000003|mprojectid0000020|mprojectid0000039|mprojectid0000040|mprojectid0000042|mviewerid0000019|mviewerid0000038,0.200000,164.547000,0.257576,0.241327,110.620800,0.016200,53.926000,false,154.931000,24,226.725000,"{""bora011"":27,""diablo03"":16,""h4d-standard-192-7"":15}","{""bora011"":0.008991,""diablo03"":0.00316,""h3-standard-88-2"":0,""h4d-standard-192-7"":0.014564}","[{""rank"":1,""recommended"":true,""feasible"":false,""budget_used"":0.257576,""budget_violation"":0.0162,""makespan"":164.547,""deadline_violation"":53.926,""machine_signature"":""c32c243a6ed0ad85"",""weighted_score"":0.257576,""diversity_score"":2.534483},{""rank"":2,""recommended"":false,""feasible"":false,""budget_used"":0.362801,""budget_violation"":0.1215,""makespan"":117.252,""deadline_violation"":6.631,""machine_signature"":""2f14b9df5a08bc7c"",""weighted_score"":0.362801,""diversity_score"":3.448276},{""rank"":3,""recommended"":false,""feasible"":false,""budget_used"":0.412152,""budget_violation"":0.1708,""makespan"":112.631,""deadline_violation"":2.01,""machine_signature"":""a683e72167f07b8f"",""weighted_score"":0.412152,""diversity_score"":3.310345},{""rank"":4,""recommended"":false,""feasible"":false,""budget_used"":0.431144,""budget_violation"":0.1898,""makespan"":111.325,""deadline_violation"":0.704,""machine_signature"":""0a8717840052b143"",""weighted_score"":0.431144,""diversity_score"":3.293103},{""rank"":5,""recommended"":false,""feasible"":false,""budget_used"":0.472595,""budget_violation"":0.2313,""makespan"":110.97,""deadline_violation"":0.349,""machine_signature"":""5acd515a44d2002d"",""weighted_score"":0.472595,""diversity_score"":3.275862},{""rank"":6,""recommended"":false,""feasible"":false,""budget_used"":0.539209,""budget_violation"":0.2979,""makespan"":110.97,""deadline_violation"":0.349,""machine_signature"":""54fced1fb051e663"",""weighted_score"":0.539209,""diversity_score"":3.258621}]"
prism_cc_time,hybrid_hetero,29,maddid0000037|maddid0000056|mbackgroundid0000013|mbackgroundid0000016|mbackgroundid0000033|mbgmodelid0000050|mconcatfitid0000011|mconcatfitid0000049|mdifffitid0000006|mdifffitid0000007|mdifffitid0000008|mdifffitid0000009|mdifffitid0000010|mdifffitid0000024|mdifffitid0000025|mdifffitid0000027|mdifffitid0000028|mdifffitid0000029|mdifffitid0000044|mdifffitid0000047|mimgtblid0000017|mprojectid0000001|mprojectid0000003|mprojectid0000020|mprojectid0000039|mprojectid0000040|mprojectid0000042|mviewerid0000019|mviewerid0000038,0.200000,110.970000,0.472595,0.241327,110.620800,0.231300,0.349000,false,61.801000,53,226.725000,"{""bora011"":5,""diablo03"":2,""h3-standard-88-2"":9,""h4d-standard-192-7"":42}","{""bora011"":0.001377,""diablo03"":0.000397,""h3-standard-88-2"":0.00341,""h4d-standard-192-7"":0.01707}","[{""rank"":1,""recommended"":true,""feasible"":false,""budget_used"":0.472595,""budget_violation"":0.2313,""makespan"":110.97,""deadline_violation"":0.349,""machine_signature"":""5acd515a44d2002d"",""weighted_score"":0.674397,""diversity_score"":3.275862},{""rank"":2,""recommended"":false,""feasible"":false,""budget_used"":0.539209,""budget_violation"":0.2979,""makespan"":110.97,""deadline_violation"":0.349,""machine_signature"":""54fced1fb051e663"",""weighted_score"":0.674397,""diversity_score"":3.258621},{""rank"":3,""recommended"":false,""feasible"":false,""budget_used"":0.431144,""budget_violation"":0.1898,""makespan"":111.325,""deadline_violation"":0.704,""machine_signature"":""0a8717840052b143"",""weighted_score"":0.676554,""diversity_score"":3.293103},{""rank"":4,""recommended"":false,""feasible"":false,""budget_used"":0.412152,""budget_violation"":0.1708,""makespan"":112.631,""deadline_violation"":2.01,""machine_signature"":""a683e72167f07b8f"",""weighted_score"":0.684491,""diversity_score"":3.310345},{""rank"":5,""recommended"":false,""feasible"":false,""budget_used"":0.362801,""budget_violation"":0.1215,""makespan"":117.252,""deadline_violation"":6.631,""machine_signature"":""2f14b9df5a08bc7c"",""weighted_score"":0.712575,""diversity_score"":3.448276},{""rank"":6,""recommended"":false,""feasible"":false,""budget_used"":0.257576,""budget_violation"":0.0162,""makespan"":164.547,""deadline_violation"":53.926,""machine_signature"":""c32c243a6ed0ad85"",""weighted_score"":1,""diversity_score"":2.534483}]"
heft_colocation,hybrid_hetero,30,mbackgroundid0000014|mbackgroundid0000032|mbackgroundid0000033|mbackgroundid0000034|mbackgroundid0000052|mbgmodelid0000031|mconcatfitid0000011|mconcatfitid0000030|mdifffitid0000005|mdifffitid0000006|mdifffitid0000007|mdifffitid0000010|mdifffitid0000026|mdifffitid0000028|mdifffitid0000029|mdifffitid0000043|mdifffitid0000044|mdifffitid0000045|mdifffitid0000046|mdifffitid0000048|mprojectid0000001|mprojectid0000002|mprojectid0000020|mprojectid0000039|mprojectid0000040|mprojectid0000041|mprojectid0000042|mviewerid0000038|mviewerid0000058,0.200000,110.970000,0.548672,0.241327,110.620800,0.307300,0.349000,false,76.284000,51,1.602000,"{""bora011"":2,""diablo03"":1,""h3-standard-88-2"":12,""h4d-standard-192-7"":43}","{""bora011"":0.000459,""diablo03"":0.000173,""h3-standard-88-2"":0.00355,""h4d-standard-192-7"":0.017751}",[]
prism_cc_cost,hybrid_hetero,30,mbackgroundid0000014|mbackgroundid0000032|mbackgroundid0000033|mbackgroundid0000034|mbackgroundid0000052|mbgmodelid0000031|mconcatfitid0000011|mconcatfitid0000030|mdifffitid0000005|mdifffitid0000006|mdifffitid0000007|mdifffitid0000010|mdifffitid0000026|mdifffitid0000028|mdifffitid0000029|mdifffitid0000043|mdifffitid0000044|mdifffitid0000045|mdifffitid0000046|mdifffitid0000048|mprojectid0000001|mprojectid0000002|mprojectid0000020|mprojectid0000039|mprojectid0000040|mprojectid0000041|mprojectid0000042|mviewerid0000038|mviewerid0000058,0.200000,165.258000,0.257576,0.241327,110.620800,0.016200,54.637000,false,163.462000,28,226.996000,"{""bora011"":25,""diablo03"":15,""h4d-standard-192-7"":18}","{""bora011"":0.007724,""diablo03"":0.003472,""h3-standard-88-2"":0,""h4d-standard-192-7"":0.014761}","[{""rank"":1,""recommended"":true,""feasible"":false,""budget_used"":0.257576,""budget_violation"":0.0162,""makespan"":165.258,""deadline_violation"":54.637,""machine_signature"":""dab177a18f507e30"",""weighted_score"":0.257576,""diversity_score"":2.568966},{""rank"":2,""recommended"":false,""feasible"":false,""budget_used"":0.368944,""budget_violation"":0.1276,""makespan"":117.252,""deadline_violation"":6.631,""machine_signature"":""680834f6c90f4749"",""weighted_score"":0.368944,""diversity_score"":3.448276},{""rank"":3,""recommended"":false,""feasible"":false,""budget_used"":0.419354,""budget_violation"":0.178,""makespan"":112.631,""deadline_violation"":2.01,""machine_signature"":""016297684d608940"",""weighted_score"":0.419354,""diversity_score"":3.310345},{""rank"":4,""recommended"":false,""feasible"":false,""budget_used"":0.438339,""budget_violation"":0.197,""makespan"":111.325,""deadline_violation"":0.704,""machine_signature"":""ef0b3f2c9a42a6ed"",""weighted_score"":0.438339,""diversity_score"":3.293103},{""rank"":5,""recommended"":false,""feasible"":false,""budget_used"":0.4798,""budget_violation"":0.2385,""makespan"":110.97,""deadline_violation"":0.349,""machine_signature"":""97ba481dd5b064e9"",""weighted_score"":0.4798,""diversity_score"":3.275862},{""rank"":6,""recommended"":false,""feasible"":false,""budget_used"":0.548672,""budget_violation"":0.3073,""makespan"":110.97,""deadline_violation"":0.349,""machine_signature"":""da9cea1fa0d8e3ef"",""weighted_score"":0.548672,""diversity_score"":3.258621}]"
prism_cc_time,hybrid_hetero,30,mbackgroundid0000014|mbackgroundid0000032|mbackgroundid0000033|mbackgroundid0000034|mbackgroundid0000052|mbgmodelid0000031|mconcatfitid0000011|mconcatfitid0000030|mdifffitid0000005|mdifffitid0000006|mdifffitid0000007|mdifffitid0000010|mdifffitid0000026|mdifffitid0000028|mdifffitid0000029|mdifffitid0000043|mdifffitid0000044|mdifffitid0000045|mdifffitid0000046|mdifffitid0000048|mprojectid0000001|mprojectid0000002|mprojectid0000020|mprojectid0000039|mprojectid0000040|mprojectid0000041|mprojectid0000042|mviewerid0000038|mviewerid0000058,0.200000,110.970000,0.479800,0.241327,110.620800,0.238500,0.349000,false,76.235000,51,226.996000,"{""bora011"":6,""diablo03"":2,""h3-standard-88-2"":8,""h4d-standard-192-7"":42}","{""bora011"":0.001695,""diablo03"":0.000397,""h3-standard-88-2"":0.003362,""h4d-standard-192-7"":0.017742}","[{""rank"":1,""recommended"":true,""feasible"":false,""budget_used"":0.4798,""budget_violation"":0.2385,""makespan"":110.97,""deadline_violation"":0.349,""machine_signature"":""97ba481dd5b064e9"",""weighted_score"":0.671495,""diversity_score"":3.275862},{""rank"":2,""recommended"":false,""feasible"":false,""budget_used"":0.548672,""budget_violation"":0.3073,""makespan"":110.97,""deadline_violation"":0.349,""machine_signature"":""da9cea1fa0d8e3ef"",""weighted_score"":0.671495,""diversity_score"":3.258621},{""rank"":3,""recommended"":false,""feasible"":false,""budget_used"":0.438339,""budget_violation"":0.197,""makespan"":111.325,""deadline_violation"":0.704,""machine_signature"":""ef0b3f2c9a42a6ed"",""weighted_score"":0.673644,""diversity_score"":3.293103},{""rank"":4,""recommended"":false,""feasible"":false,""budget_used"":0.419354,""budget_violation"":0.178,""makespan"":112.631,""deadline_violation"":2.01,""machine_signature"":""016297684d608940"",""weighted_score"":0.681546,""diversity_score"":3.310345},{""rank"":5,""recommended"":false,""feasible"":false,""budget_used"":0.368944,""budget_violation"":0.1276,""makespan"":117.252,""deadline_violation"":6.631,""machine_signature"":""680834f6c90f4749"",""weighted_score"":0.709509,""diversity_score"":3.448276},{""rank"":6,""recommended"":false,""feasible"":false,""budget_used"":0.257576,""budget_violation"":0.0162,""makespan"":165.258,""deadline_violation"":54.637,""machine_signature"":""dab177a18f507e30"",""weighted_score"":1,""diversity_score"":2.568966}]"
