algorithm,scenario_id,interference_seed,interference_activity_ids,interference_rate,makespan,budget_used,budget_limit,deadline_limit,budget_violation,deadline_violation,feasible,interference_time,interference_pairs,algorithm_milliseconds,machine_distribution,machine_utilization,recommendations_json
heft_colocation,cloud_hetero,1,maddid0000018|maddid0000037|maddid0000056|mbackgroundid0000015|mbackgroundid0000035|mbgmodelid0000012|mbgmodelid0000031|mconcatfitid0000011|mconcatfitid0000030|mdifffitid0000005|mdifffitid0000007|mdifffitid0000010|mdifffitid0000025|mdifffitid0000026|mdifffitid0000028|mdifffitid0000029|mdifffitid0000044|mimgtblid0000017|mimgtblid0000036|mimgtblid0000055|mprojectid0000003|mprojectid0000020|mprojectid0000022|mprojectid0000023|mprojectid0000040|mprojectid0000041|mviewerid0000038|mviewerid0000057|mviewerid0000058,0.200000,95.263000,0.508121,0.641828,118.113160,0.000000,0.000000,true,20.948000,11,1.937000,"{""h4d-highmem-192-1"":45,""h4d-standard-192-1"":13}","{""h3-standard-88-1"":0,""h3-standard-88-2"":0,""h4d-highmem-192-1"":0.011826,""h4d-standard-192-1"":0.006829}",[]
prism_cc_cost,cloud_hetero,1,maddid0000018|maddid0000037|maddid0000056|mbackgroundid0000015|mbackgroundid0000035|mbgmodelid0000012|mbgmodelid0000031|mconcatfitid0000011|mconcatfitid0000030|mdifffitid0000005|mdifffitid0000007|mdifffitid0000010|mdifffitid0000025|mdifffitid0000026|mdifffitid0000028|mdifffitid0000029|mdifffitid0000044|mimgtblid0000017|mimgtblid0000036|mimgtblid0000055|mprojectid0000003|mprojectid0000020|mprojectid0000022|mprojectid0000023|mprojectid0000040|mprojectid0000041|mviewerid0000038|mviewerid0000057|mviewerid0000058,0.200000,94.586000,0.206349,0.641828,118.113160,0.000000,0.000000,true,54.138000,22,268.853000,"{""h4d-standard-192-1"":58}","{""h3-standard-88-1"":0,""h3-standard-88-2"":0,""h4d-highmem-192-1"":0,""h4d-standard-192-1"":0.020616}","[{""rank"":1,""recommended"":true,""feasible"":true,""budget_used"":0.206349,""budget_violation"":0,""makespan"":94.586,""deadline_violation"":0,""machine_signature"":""7c23ded23c31a234"",""weighted_score"":0.206349,""diversity_score"":0},{""rank"":2,""recommended"":false,""feasible"":true,""budget_used"":0.508121,""budget_violation"":0,""makespan"":95.263,""deadline_violation"":0,""machine_signature"":""1d0c5eb76f2bf40f"",""weighted_score"":0.508121,""diversity_score"":1.224138}]"
prism_cc_time,cloud_hetero,1,maddid0000018|maddid0000037|maddid0000056|mbackgroundid0000015|mbackgroundid0000035|mbgmodelid0000012|mbgmodelid0000031|mconcatfitid0000011|mconcatfitid0000030|mdifffitid0000005|mdifffitid0000007|mdifffitid0000010|mdifffitid0000025|mdifffitid0000026|mdifffitid0000028|mdifffitid0000029|mdifffitid0000044|mimgtblid0000017|mimgtblid0000036|mimgtblid0000055|mprojectid0000003|mprojectid0000020|mprojectid0000022|mprojectid0000023|mprojectid0000040|mprojectid0000041|mviewerid0000038|mviewerid0000057|mviewerid0000058,0.200000,94.586000,0.206349,0.641828,118.113160,0.000000,0.000000,true,54.138000,22,268.853000,"{""h4d-standard-192-1"":58}","{""h3-standard-88-1"":0,""h3-standard-88-2"":0,""h4d-highmem-192-1"":0,""h4d-standard-192-1"":0.020616}","[{""rank"":1,""recommended"":true,""feasible"":true,""budget_used"":0.206349,""budget_violation"":0,""makespan"":94.586,""deadline_violation"":0,""machine_signature"":""7c23ded23c31a234"",""weighted_score"":0.992893,""diversity_score"":0},{""rank"":2,""recommended"":false,""feasible"":true,""budget_used"":0.508121,""budget_violation"":0,""makespan"":95.263,""deadline_violation"":0,""machine_signature"":""1d0c5eb76f2bf40f"",""weighted_score"":1,""diversity_score"":1.224138}]"
heft_colocation,cloud_homo,1,maddid0000018|maddid0000037|maddid0000056|mbackgroundid0000015|mbackgroundid0000035|mbgmodelid0000012|mbgmodelid0000031|mconcatfitid0000011|mconcatfitid0000030|mdifffitid0000005|mdifffitid0000007|mdifffitid0000010|mdifffitid0000025|mdifffitid0000026|mdifffitid0000028|mdifffitid0000029|mdifffitid0000044|mimgtblid0000017|mimgtblid0000036|mimgtblid0000055|mprojectid0000003|mprojectid0000020|mprojectid0000022|mprojectid0000023|mprojectid0000040|mprojectid0000041|mviewerid0000038|mviewerid0000057|mviewerid0000058,0.200000,99.816000,0.851270,1.059152,119.559000,0.000000,0.000000,true,5.617000,3,2.829000,"{""h4d-standard-192-1"":27,""h4d-standard-192-2"":4,""h4d-standard-192-3"":8,""h4d-standard-192-4"":19}","{""h4d-standard-192-1"":0.004954,""h4d-standard-192-2"":0.002121,""h4d-standard-192-3"":0.003736,""h4d-standard-192-4"":0.006193}",[]
prism_cc_cost,cloud_homo,1,maddid0000018|maddid0000037|maddid0000056|mbackgroundid0000015|mbackgroundid0000035|mbgmodelid0000012|mbgmodelid0000031|mconcatfitid0000011|mconcatfitid0000030|mdifffitid0000005|mdifffitid0000007|mdifffitid0000010|mdifffitid0000025|mdifffitid0000026|mdifffitid0000028|mdifffitid0000029|mdifffitid0000044|mimgtblid0000017|mimgtblid0000036|mimgtblid0000055|mprojectid0000003|mprojectid0000020|mprojectid0000022|mprojectid0000023|mprojectid0000040|mprojectid0000041|mviewerid0000038|mviewerid0000057|mviewerid0000058,0.200000,92.991000,0.202874,1.059152,119.559000,0.000000,0.000000,true,54.554000,28,265.493000,"{""h4d-standard-192-1"":58}","{""h4d-standard-192-1"":0.020993,""h4d-standard-192-2"":0,""h4d-standard-192-3"":0,""h4d-standard-192-4"":0}","[{""rank"":1,""recommended"":true,""feasible"":true,""budget_used"":0.202874,""budget_violation"":0,""makespan"":92.991,""deadline_violation"":0,""machine_signature"":""0997303dfb029158"",""weighted_score"":0.202874,""diversity_score"":0},{""rank"":2,""recommended"":false,""feasible"":true,""budget_used"":0.85127,""budget_violation"":0,""makespan"":99.816,""deadline_violation"":0,""machine_signature"":""ff17a462d9716f7f"",""weighted_score"":0.85127,""diversity_score"":3.534483}]"
prism_cc_time,cloud_homo,1,maddid0000018|maddid0000037|maddid0000056|mbackgroundid0000015|mbackgroundid0000035|mbgmodelid0000012|mbgmodelid0000031|mconcatfitid0000011|mconcatfitid0000030|mdifffitid0000005|mdifffitid0000007|mdifffitid0000010|mdifffitid0000025|mdifffitid0000026|mdifffitid0000028|mdifffitid0000029|mdifffitid0000044|mimgtblid0000017|mimgtblid0000036|mimgtblid0000055|mprojectid0000003|mprojectid0000020|mprojectid0000022|mprojectid0000023|mprojectid0000040|mprojectid0000041|mviewerid0000038|mviewerid0000057|mviewerid0000058,0.200000,92.991000,0.202874,1.059152,119.559000,0.000000,0.000000,true,54.554000,28,265.493000,"{""h4d-standard-192-1"":58}","{""h4d-standard-192-1"":0.020993,""h4d-standard-192-2"":0,""h4d-standard-192-3"":0,""h4d-standard-192-4"":0}","[{""rank"":1,""recommended"":true,""feasible"":true,""budget_used"":0.202874,""budget_violation"":0,""makespan"":92.991,""deadline_violation"":0,""machine_signature"":""0997303dfb029158"",""weighted_score"":0.931624,""diversity_score"":0},{""rank"":2,""recommended"":false,""feasible"":true,""budget_used"":0.85127,""budget_violation"":0,""makespan"":99.816,""deadline_violation"":0,""machine_signature"":""ff17a462d9716f7f"",""weighted_score"":1,""diversity_score"":3.534483}]"
heft_colocation,cluster_hetero,1,maddid0000018|maddid0000037|maddid0000056|mbackgroundid0000015|mbackgroundid0000035|mbgmodelid0000012|mbgmodelid0000031|mconcatfitid0000011|mconcatfitid0000030|mdifffitid0000005|mdifffitid0000007|mdifffitid0000010|mdifffitid0000025|mdifffitid0000026|mdifffitid0000028|mdifffitid0000029|mdifffitid0000044|mimgtblid0000017|mimgtblid0000036|mimgtblid0000055|mprojectid0000003|mprojectid0000020|mprojectid0000022|mprojectid0000023|mprojectid0000040|mprojectid0000041|mviewerid0000038|mviewerid0000057|mviewerid0000058,0.200000,287.957000,0.000000,0.000000,353.759520,0.000000,0.000000,true,56.676000,12,0.863000,"{""bora005"":36,""bora006"":18,""diablo01"":2,""diablo02"":2}","{""bora005"":0.113467,""bora006"":0.048113,""diablo01"":0.005197,""diablo02"":0.00534}",[]
prism_cc_cost,cluster_hetero,1,maddid0000018|maddid0000037|maddid0000056|mbackgroundid0000015|mbackgroundid0000035|mbgmodelid0000012|mbgmodelid0000031|mconcatfitid0000011|mconcatfitid0000030|mdifffitid0000005|mdifffitid0000007|mdifffitid0000010|mdifffitid0000025|mdifffitid0000026|mdifffitid0000028|mdifffitid0000029|mdifffitid0000044|mimgtblid0000017|mimgtblid0000036|mimgtblid0000055|mprojectid0000003|mprojectid0000020|mprojectid0000022|mprojectid0000023|mprojectid0000040|mprojectid0000041|mviewerid0000038|mviewerid0000057|mviewerid0000058,0.200000,287.957000,0.000000,0.000000,353.759520,0.000000,0.000000,true,56.676000,12,181.358000,"{""bora005"":36,""bora006"":18,""diablo01"":2,""diablo02"":2}","{""bora005"":0.113467,""bora006"":0.048113,""diablo01"":0.005197,""diablo02"":0.00534}","[{""rank"":1,""recommended"":true,""feasible"":true,""budget_used"":0,""budget_violation"":0,""makespan"":287.957,""deadline_violation"":0,""machine_signature"":""0b4e77ce1201030c"",""weighted_score"":0,""diversity_score"":3.431034},{""rank"":2,""recommended"":false,""feasible"":true,""budget_used"":0,""budget_violation"":0,""makespan"":287.957,""deadline_violation"":0,""machine_signature"":""d61e476d40739f78"",""weighted_score"":0,""diversity_score"":3.37931}]"
prism_cc_time,cluster_hetero,1,maddid0000018|maddid0000037|maddid0000056|mbackgroundid0000015|mbackgroundid0000035|mbgmodelid0000012|mbgmodelid0000031|mconcatfitid0000011|mconcatfitid0000030|mdifffitid0000005|mdifffitid0000007|mdifffitid0000010|mdifffitid0000025|mdifffitid0000026|mdifffitid0000028|mdifffitid0000029|mdifffitid0000044|mimgtblid0000017|mimgtblid0000036|mimgtblid0000055|mprojectid0000003|mprojectid0000020|mprojectid0000022|mprojectid0000023|mprojectid0000040|mprojectid0000041|mviewerid0000038|mviewerid0000057|mviewerid0000058,0.200000,287.957000,0.000000,0.000000,353.759520,0.000000,0.000000,true,56.676000,12,181.358000,"{""bora005"":36,""bora006"":18,""diablo01"":2,""diablo02"":2}","{""bora005"":0.113467,""bora006"":0.048113,""diablo01"":0.005197,""diablo02"":0.00534}","[{""rank"":1,""recommended"":true,""feasible"":true,""budget_used"":0,""budget_violation"":0,""makespan"":287.957,""deadline_violation"":0,""machine_signature"":""0b4e77ce1201030c"",""weighted_score"":1,""diversity_score"":3.431034},{""rank"":2,""recommended"":false,""feasible"":true,""budget_used"":0,""budget_violation"":0,""makespan"":287.957,""deadline_violation"":0,""machine_signature"":""d61e476d40739f78"",""weighted_score"":1,""diversity_score"":3.37931}]"
heft_colocation,cluster_homo,1,maddid0000018|maddid0000037|maddid0000056|mbackgroundid0000015|mbackgroundid0000035|mbgmodelid0000012|mbgmodelid0000031|mconcatfitid0000011|mconcatfitid0000030|mdifffitid0000005|mdifffitid0000007|mdifffitid0000010|mdifffitid0000025|mdifffitid0000026|mdifffitid0000028|mdifffitid0000029|mdifffitid0000044|mimgtblid0000017|mimgtblid0000036|mimgtblid0000055|mprojectid0000003|mprojectid0000020|mprojectid0000022|mprojectid0000023|mprojectid0000040|mprojectid0000041|mviewerid0000038|mviewerid0000057|mviewerid0000058,0.200000,287.957000,0.000000,0.000000,345.548400,0.000000,0.000000,true,31.091000,3,0.929000,"{""bora001"":17,""bora002"":4,""bora003"":10,""bora004"":27}","{""bora001"":0.044096,""bora002"":0.021715,""bora003"":0.047095,""bora004"":0.061212}",[]
prism_cc_cost,cluster_homo,1,maddid0000018|maddid0000037|maddid0000056|mbackgroundid0000015|mbackgroundid0000035|mbgmodelid0000012|mbgmodelid0000031|mconcatfitid0000011|mconcatfitid0000030|mdifffitid0000005|mdifffitid0000007|mdifffitid0000010|mdifffitid0000025|mdifffitid0000026|mdifffitid0000028|mdifffitid0000029|mdifffitid0000044|mimgtblid0000017|mimgtblid0000036|mimgtblid0000055|mprojectid0000003|mprojectid0000020|mprojectid0000022|mprojectid0000023|mprojectid0000040|mprojectid0000041|mviewerid0000038|mviewerid0000057|mviewerid0000058,0.200000,287.957000,0.000000,0.000000,345.548400,0.000000,0.000000,true,31.091000,3,174.701000,"{""bora001"":17,""bora002"":4,""bora003"":10,""bora004"":27}","{""bora001"":0.044096,""bora002"":0.021715,""bora003"":0.047095,""bora004"":0.061212}","[{""rank"":1,""recommended"":true,""feasible"":true,""budget_used"":0,""budget_violation"":0,""makespan"":287.957,""deadline_violation"":0,""machine_signature"":""e73d7ecd726b119f"",""weighted_score"":0,""diversity_score"":3.534483},{""rank"":2,""recommended"":false,""feasible"":true,""budget_used"":0,""budget_violation"":0,""makespan"":287.957,""deadline_violation"":0,""machine_signature"":""cacf7003b4dee569"",""weighted_score"":0,""diversity_score"":3.534483}]"
prism_cc_time,cluster_homo,1,maddid0000018|maddid0000037|maddid0000056|mbackgroundid0000015|mbackgroundid0000035|mbgmodelid0000012|mbgmodelid0000031|mconcatfitid0000011|mconcatfitid0000030|mdifffitid0000005|mdifffitid0000007|mdifffitid0000010|mdifffitid0000025|mdifffitid0000026|mdifffitid0000028|mdifffitid0000029|mdifffitid0000044|mimgtblid0000017|mimgtblid0000036|mimgtblid0000055|mprojectid0000003|mprojectid0000020|mprojectid0000022|mprojectid0000023|mprojectid0000040|mprojectid0000041|mviewerid0000038|mviewerid0000057|mviewerid0000058,0.200000,287.957000,0.000000,0.000000,345.548400,0.000000,0.000000,true,31.091000,3,174.701000,"{""bora001"":17,""bora002"":4,""bora003"":10,""bora004"":27}","{""bora001"":0.044096,""bora002"":0.021715,""bora003"":0.047095,""bora004"":0.061212}","[{""rank"":1,""recommended"":true,""feasible"":true,""budget_used"":0,""budget_violation"":0,""makespan"":287.957,""deadline_violation"":0,""machine_signature"":""e73d7ecd726b119f"",""weighted_score"":1,""diversity_score"":3.534483},{""rank"":2,""recommended"":false,""feasible"":true,""budget_used"":0,""budget_violation"":0,""makespan"":287.957,""deadline_violation"":0,""machine_signature"":""cacf7003b4dee569"",""weighted_score"":1,""diversity_score"":3.534483}]"
heft_colocation,hybrid_hetero,1,maddid0000018|maddid0000037|maddid0000056|mbackgroundid0000015|mbackgroundid0000035|mbgmodelid0000012|mbgmodelid0000031|mconcatfitid0000011|mconcatfitid0000030|mdifffitid0000005|mdifffitid0000007|mdifffitid0000010|mdifffitid0000025|mdifffitid0000026|mdifffitid0000028|mdifffitid0000029|mdifffitid0000044|mimgtblid0000017|mimgtblid0000036|mimgtblid0000055|mprojectid0000003|mprojectid0000020|mprojectid0000022|mprojectid0000023|mprojectid0000040|mprojectid0000041|mviewerid0000038|mviewerid0000057|mviewerid0000058,0.200000,92.864000,0.295770,0.348827,119.109960,0.000000,0.000000,true,40.672000,18,1.744000,"{""h3-standard-88-2"":2,""h4d-standard-192-7"":56}","{""bora011"":0,""diablo03"":0,""h3-standard-88-2"":0.003328,""h4d-standard-192-7"":0.019466}",[]
prism_cc_cost,hybrid_hetero,1,maddid0000018|maddid0000037|maddid0000056|mbackgroundid0000015|mbackgroundid0000035|mbgmodelid0000012|mbgmodelid0000031|mconcatfitid0000011|mconcatfitid0000030|mdifffitid0000005|mdifffitid0000007|mdifffitid0000010|mdifffitid0000025|mdifffitid0000026|mdifffitid0000028|mdifffitid0000029|mdifffitid0000044|mimgtblid0000017|mimgtblid0000036|mimgtblid0000055|mprojectid0000003|mprojectid0000020|mprojectid0000022|mprojectid0000023|mprojectid0000040|mprojectid0000041|mviewerid0000038|mviewerid0000057|mviewerid0000058,0.200000,113.237000,0.260263,0.348827,119.109960,0.000000,0.000000,true,41.959000,20,315.653000,"{""bora011"":14,""h3-standard-88-2"":2,""h4d-standard-192-7"":42}","{""bora011"":0.004193,""diablo03"":0,""h3-standard-88-2"":0.00273,""h4d-standard-192-7"":0.015832}","[{""rank"":1,""recommended"":true,""feasible"":true,""budget_used"":0.260263,""budget_violation"":0,""makespan"":113.237,""deadline_violation"":0,""machine_signature"":""f1d674a321e735af"",""weighted_score"":0.260263,""diversity_score"":2.275862},{""rank"":2,""recommended"":false,""feasible"":true,""budget_used"":0.29577,""budget_violation"":0,""makespan"":92.864,""deadline_violation"":0,""machine_signature"":""36a83f79a4cc0aac"",""weighted_score"":0.29577,""diversity_score"":1.034483}]"
prism_cc_time,hybrid_hetero,1,maddid0000018|maddid0000037|maddid0000056|mbackgroundid0000015|mbackgroundid0000035|mbgmodelid0000012|mbgmodelid0000031|mconcatfitid0000011|mconcatfitid0000030|mdifffitid0000005|mdifffitid0000007|mdifffitid0000010|mdifffitid0000025|mdifffitid0000026|mdifffitid0000028|mdifffitid0000029|mdifffitid0000044|mimgtblid0000017|mimgtblid0000036|mimgtblid0000055|mprojectid0000003|mprojectid0000020|mprojectid0000022|mprojectid0000023|mprojectid0000040|mprojectid0000041|mviewerid0000038|mviewerid0000057|mviewerid0000058,0.200000,92.864000,0.295770,0.348827,119.109960,0.000000,0.000000,true,40.672000,18,315.653000,"{""h3-standard-88-2"":2,""h4d-standard-192-7"":56}","{""bora011"":0,""diablo03"":0,""h3-standard-88-2"":0.003328,""h4d-standard-192-7"":0.019466}","[{""rank"":1,""recommended"":true,""feasible"":true,""budget_used"":0.29577,""budget_violation"":0,""makespan"":92.864,""deadline_violation"":0,""machine_signature"":""36a83f79a4cc0aac"",""weighted_score"":0.820085,""diversity_score"":1.034483},{""rank"":2,""recommended"":false,""feasible"":true,""budget_used"":0.260263,""budget_violation"":0,""makespan"":113.237,""deadline_violation"":0,""machine_signature"":""f1d674a321e735af"",""weighted_score"":1,""diversity_score"":2.275862}]"
heft_colocation,hybrid_homo,1,maddid0000018|maddid0000037|maddid0000056|mbackgroundid0000015|mbackgroundid0000035|mbgmodelid0000012|mbgmodelid0000031|mconcatfitid0000011|mconcatfitid0000030|mdifffitid0000005|mdifffitid0000007|mdifffitid0000010|mdifffitid0000025|mdifffitid0000026|mdifffitid0000028|mdifffitid0000029|mdifffitid0000044|mimgtblid0000017|mimgtblid0000036|mimgtblid0000055|mprojectid0000003|mprojectid0000020|mprojectid0000022|mprojectid0000023|mprojectid0000040|mprojectid0000041|mviewerid0000038|mviewerid0000057|mviewerid0000058,0.200000,95.263000,0.481943,0.607531,118.113160,0.000000,0.000000,true,20.948000,11,2.005000,"{""h4d-standard-192-5"":13,""h4d-standard-192-6"":45}","{""bora009"":0,""bora010"":0,""h4d-standard-192-5"":0.006829,""h4d-standard-192-6"":0.011826}",[]
prism_cc_cost,hybrid_homo,1,maddid0000018|maddid0000037|maddid0000056|mbackgroundid0000015|mbackgroundid0000035|mbgmodelid0000012|mbgmodelid0000031|mconcatfitid0000011|mconcatfitid0000030|mdifffitid0000005|mdifffitid0000007|mdifffitid0000010|mdifffitid0000025|mdifffitid0000026|mdifffitid0000028|mdifffitid0000029|mdifffitid0000044|mimgtblid0000017|mimgtblid0000036|mimgtblid0000055|mprojectid0000003|mprojectid0000020|mprojectid0000022|mprojectid0000023|mprojectid0000040|mprojectid0000041|mviewerid0000038|mviewerid0000057|mviewerid0000058,0.200000,116.312000,0.215532,0.607531,118.113160,0.000000,0.000000,true,61.516000,24,356.957000,"{""bora009"":4,""h4d-standard-192-5"":54}","{""bora009"":0.001664,""bora010"":0,""h4d-standard-192-5"":0.017032,""h4d-standard-192-6"":0}","[{""rank"":1,""recommended"":true,""feasible"":true,""budget_used"":0.215532,""budget_violation"":0,""makespan"":116.312,""deadline_violation"":0,""machine_signature"":""7e0bdc44f47885ae"",""weighted_score"":0.215532,""diversity_score"":1.068966},{""rank"":2,""recommended"":false,""feasible"":true,""budget_used"":0.21874,""budget_violation"":0,""makespan"":113.131,""deadline_violation"":0,""machine_signature"":""80719cc1d55cfea7"",""weighted_score"":0.21874,""diversity_score"":2.051724},{""rank"":3,""recommended"":false,""feasible"":true,""budget_used"":0.230137,""budget_violation"":0,""makespan"":105.49,""deadline_violation"":0,""machine_signature"":""fc5bbb4f03419602"",""weighted_score"":0.230137,""diversity_score"":1.017241},{""rank"":4,""recommended"":false,""feasible"":true,""budget_used"":0.481943,""budget_violation"":0,""makespan"":95.263,""deadline_violation"":0,""machine_signature"":""d09193e1d37a74fe"",""weighted_score"":0.481943,""diversity_score"":1.224138}]"
prism_cc_time,hybrid_homo,1,maddid0000018|maddid0000037|maddid0000056|mbackgroundid0000015|mbackgroundid0000035|mbgmodelid0000012|mbgmodelid0000031|mconcatfitid0000011|mconcatfitid0000030|mdifffitid0000005|mdifffitid0000007|mdifffitid0000010|mdifffitid0000025|mdifffitid0000026|mdifffitid0000028|mdifffitid0000029|mdifffitid0000044|mimgtblid0000017|mimgtblid0000036|mimgtblid0000055|mprojectid0000003|mprojectid0000020|mprojectid0000022|mprojectid0000023|mprojectid0000040|mprojectid0000041|mviewerid0000038|mviewerid0000057|mviewerid0000058,0.200000,95.263000,0.481943,0.607531,118.113160,0.000000,0.000000,true,20.948000,11,356.957000,"{""h4d-standard-192-5"":13,""h4d-standard-192-6"":45}","{""bora009"":0,""bora010"":0,""h4d-standard-192-5"":0.006829,""h4d-standard-192-6"":0.011826}","[{""rank"":1,""recommended"":true,""feasible"":true,""budget_used"":0.481943,""budget_violation"":0,""makespan"":95.263,""deadline_violation"":0,""machine_signature"":""d09193e1d37a74fe"",""weighted_score"":0.81903,""diversity_score"":1.224138},{""rank"":2,""recommended"":false,""feasible"":true,""budget_used"":0.230137,""budget_violation"":0,""makespan"":105.49,""deadline_violation"":0,""machine_signature"":""fc5bbb4f03419602"",""weighted_score"":0.906957,""diversity_score"":1.017241},{""rank"":3,""recommended"":false,""feasible"":true,""budget_used"":0.21874,""budget_violation"":0,""makespan"":113.131,""deadline_violation"":0,""machine_signature"":""80719cc1d55cfea7"",""weighted_score"":0.972651,""diversity_score"":2.051724},{""rank"":4,""recommended"":false,""feasible"":true,""budget_used"":0.215532,""budget_violation"":0,""makespan"":116.312,""deadline_violation"":0,""machine_signature"":""7e0bdc44f47885ae"",""weighted_score"":1,""diversity_score"":1.068966}]"
heft_colocation,hybrid_raspberry_500mbps,1,maddid0000018|maddid0000037|maddid0000056|mbackgroundid0000015|mbackgroundid0000035|mbgmodelid0000012|mbgmodelid0000031|mconcatfitid0000011|mconcatfitid0000030|mdifffitid0000005|mdifffitid0000007|mdifffitid0000010|mdifffitid0000025|mdifffitid0000026|mdifffitid0000028|mdifffitid0000029|mdifffitid0000044|mimgtblid0000017|mimgtblid0000036|mimgtblid0000055|mprojectid0000003|mprojectid0000020|mprojectid0000022|mprojectid0000023|mprojectid0000040|mprojectid0000041|mviewerid0000038|mviewerid0000057|mviewerid0000058,0.200000,135.525000,0.441991,0.533583,179.300320,0.000000,0.000000,true,59.767000,14,2.253000,"{""cloud-node-02"":53,""hpc-node-02"":5}","{""cloud-node-01"":0,""cloud-node-02"":0.070542,""hpc-node-01"":0,""hpc-node-02"":0.028093,""rpi-edge-01"":0,""rpi-edge-02"":0,""rpi-edge-03"":0,""rpi-edge-04"":0,""rpi-edge-05"":0,""rpi-edge-06"":0,""rpi-edge-07"":0,""rpi-edge-08"":0,""rpi-edge-09"":0,""rpi-edge-10"":0}",[]
prism_cc_cost,hybrid_raspberry_500mbps,1,maddid0000018|maddid0000037|maddid0000056|mbackgroundid0000015|mbackgroundid0000035|mbgmodelid0000012|mbgmodelid0000031|mconcatfitid0000011|mconcatfitid0000030|mdifffitid0000005|mdifffitid0000007|mdifffitid0000010|mdifffitid0000025|mdifffitid0000026|mdifffitid0000028|mdifffitid0000029|mdifffitid0000044|mimgtblid0000017|mimgtblid0000036|mimgtblid0000055|mprojectid0000003|mprojectid0000020|mprojectid0000022|mprojectid0000023|mprojectid0000040|mprojectid0000041|mviewerid0000038|mviewerid0000057|mviewerid0000058,0.200000,135.525000,0.441991,0.533583,179.300320,0.000000,0.000000,true,59.767000,14,546.117000,"{""cloud-node-02"":53,""hpc-node-02"":5}","{""cloud-node-01"":0,""cloud-node-02"":0.070542,""hpc-node-01"":0,""hpc-node-02"":0.028093,""rpi-edge-01"":0,""rpi-edge-02"":0,""rpi-edge-03"":0,""rpi-edge-04"":0,""rpi-edge-05"":0,""rpi-edge-06"":0,""rpi-edge-07"":0,""rpi-edge-08"":0,""rpi-edge-09"":0,""rpi-edge-10"":0}","[{""rank"":1,""recommended"":true,""feasible"":true,""budget_used"":0.441991,""budget_violation"":0,""makespan"":135.525,""deadline_violation"":0,""machine_signature"":""f4e8e9be2ac762dc"",""weighted_score"":0.441991,""diversity_score"":1.086207}]"
prism_cc_time,hybrid_raspberry_500mbps,1,maddid0000018|maddid0000037|maddid0000056|mbackgroundid0000015|mbackgroundid0000035|mbgmodelid0000012|mbgmodelid0000031|mconcatfitid0000011|mconcatfitid0000030|mdifffitid0000005|mdifffitid0000007|mdifffitid0000010|mdifffitid0000025|mdifffitid0000026|mdifffitid0000028|mdifffitid0000029|mdifffitid0000044|mimgtblid0000017|mimgtblid0000036|mimgtblid0000055|mprojectid0000003|mprojectid0000020|mprojectid0000022|mprojectid0000023|mprojectid0000040|mprojectid0000041|mviewerid0000038|mviewerid0000057|mviewerid0000058,0.200000,135.525000,0.441991,0.533583,179.300320,0.000000,0.000000,true,59.767000,14,546.117000,"{""cloud-node-02"":53,""hpc-node-02"":5}","{""cloud-node-01"":0,""cloud-node-02"":0.070542,""hpc-node-01"":0,""hpc-node-02"":0.028093,""rpi-edge-01"":0,""rpi-edge-02"":0,""rpi-edge-03"":0,""rpi-edge-04"":0,""rpi-edge-05"":0,""rpi-edge-06"":0,""rpi-edge-07"":0,""rpi-edge-08"":0,""rpi-edge-09"":0,""rpi-edge-10"":0}","[{""rank"":1,""recommended"":true,""feasible"":true,""budget_used"":0.441991,""budget_violation"":0,""makespan"":135.525,""deadline_violation"":0,""machine_signature"":""f4e8e9be2ac762dc"",""weighted_score"":1,""diversity_score"":1.086207}]"
heft_colocation,cloud_hetero,2,maddid0000037|mbackgroundid0000013|mbackgroundid0000014|mbackgroundid0000032|mbackgroundid0000033|mbackgroundid0000051|mbackgroundid0000052|mbackgroundid0000053|mbackgroundid0000054|mconcatfitid0000049|mdifffitid0000008|mdifffitid0000009|mdifffitid0000010|mdifffitid0000025|mdifffitid0000027|mdifffitid0000029|mdifffitid0000045|mdifffitid0000046|mdifffitid0000048|mimgtblid0000055|mprojectid0000001|mprojectid0000002|mprojectid0000020|mprojectid0000021|mprojectid0000022|mprojectid0000040|mviewerid0000038|mviewerid0000057|mviewerid0000058,0.200000,95.157000,0.505876,0.641828,118.113160,0.000000,0.000000,true,16.933000,18,6.753000,"{""h4d-highmem-192-1"":44,""h4d-standard-192-1"":14}","{""h3-standard-88-1"":0,""h3-standard-88-2"":0,""h4d-highmem-192-1"":0.011758,""h4d-standard-192-1"":0.006698}",[]
prism_cc_cost,cloud_hetero,2,maddid0000037|mbackgroundid0000013|mbackgroundid0000014|mbackgroundid0000032|mbackgroundid0000033|mbackgroundid0000051|mbackgroundid0000052|mbackgroundid0000053|mbackgroundid0000054|mconcatfitid0000049|mdifffitid0000008|mdifffitid0000009|mdifffitid0000010|mdifffitid0000025|mdifffitid0000027|mdifffitid0000029|mdifffitid0000045|mdifffitid0000046|mdifffitid0000048|mimgtblid0000055|mprojectid0000001|mprojectid0000002|mprojectid0000020|mprojectid0000021|mprojectid0000022|mprojectid0000040|mviewerid0000038|mviewerid0000057|mviewerid0000058,0.200000,102.923000,0.224539,0.641828,118.113160,0.000000,0.000000,true,47.262000,37,329.684000,"{""h4d-standard-192-1"":58}","{""h3-standard-88-1"":0,""h3-standard-88-2"":0,""h4d-highmem-192-1"":0,""h4d-standard-192-1"":0.018598}","[{""rank"":1,""recommended"":true,""feasible"":true,""budget_used"":0.224539,""budget_violation"":0,""makespan"":102.923,""deadline_violation"":0,""machine_signature"":""8192f4a12257482d"",""weighted_score"":0.224539,""diversity_score"":0},{""rank"":2,""recommended"":false,""feasible"":true,""budget_used"":0.505876,""budget_violation"":0,""makespan"":95.157,""deadline_violation"":0,""machine_signature"":""eb335f1d0fe8701d"",""weighted_score"":0.505876,""diversity_score"":1.241379}]"
prism_cc_time,cloud_hetero,2,maddid0000037|mbackgroundid0000013|mbackgroundid0000014|mbackgroundid0000032|mbackgroundid0000033|mbackgroundid0000051|mbackgroundid0000052|mbackgroundid0000053|mbackgroundid0000054|mconcatfitid0000049|mdifffitid0000008|mdifffitid0000009|mdifffitid0000010|mdifffitid0000025|mdifffitid0000027|mdifffitid0000029|mdifffitid0000045|mdifffitid0000046|mdifffitid0000048|mimgtblid0000055|mprojectid0000001|mprojectid0000002|mprojectid0000020|mprojectid0000021|mprojectid0000022|mprojectid0000040|mviewerid0000038|mviewerid0000057|mviewerid0000058,0.200000,95.157000,0.505876,0.641828,118.113160,0.000000,0.000000,true,16.933000,18,329.684000,"{""h4d-highmem-192-1"":44,""h4d-standard-192-1"":14}","{""h3-standard-88-1"":0,""h3-standard-88-2"":0,""h4d-highmem-192-1"":0.011758,""h4d-standard-192-1"":0.006698}","[{""rank"":1,""recommended"":true,""feasible"":true,""budget_used"":0.505876,""budget_violation"":0,""makespan"":95.157,""deadline_violation"":0,""machine_signature"":""eb335f1d0fe8701d"",""weighted_score"":0.924546,""diversity_score"":1.241379},{""rank"":2,""recommended"":false,""feasible"":true,""budget_used"":0.224539,""budget_violation"":0,""makespan"":102.923,""deadline_violation"":0,""machine_signature"":""8192f4a12257482d"",""weighted_score"":1,""diversity_score"":0}]"
heft_colocation,cloud_homo,2,maddid0000037|mbackgroundid0000013|mbackgroundid0000014|mbackgroundid0000032|mbackgroundid0000033|mbackgroundid0000051|mbackgroundid0000052|mbackgroundid0000053|mbackgroundid0000054|mconcatfitid0000049|mdifffitid0000008|mdifffitid0000009|mdifffitid0000010|mdifffitid0000025|mdifffitid0000027|mdifffitid0000029|mdifffitid0000045|mdifffitid0000046|mdifffitid0000048|mimgtblid0000055|mprojectid0000001|mprojectid0000002|mprojectid0000020|mprojectid0000021|mprojectid0000022|mprojectid0000040|mviewerid0000038|mviewerid0000057|mviewerid0000058,0.200000,99.816000,0.894086,1.059152,119.559000,0.000000,0.000000,true,4.251000,6,3.109000,"{""h4d-standard-192-1"":15,""h4d-standard-192-2"":16,""h4d-standard-192-3"":8,""h4d-standard-192-4"":19}","{""h4d-standard-192-1"":0.003153,""h4d-standard-192-2"":0.003918,""h4d-standard-192-3"":0.003835,""h4d-standard-192-4"":0.006027}",[]
prism_cc_cost,cloud_homo,2,maddid0000037|mbackgroundid0000013|mbackgroundid0000014|mbackgroundid0000032|mbackgroundid0000033|mbackgroundid0000051|mbackgroundid0000052|mbackgroundid0000053|mbackgroundid0000054|mconcatfitid0000049|mdifffitid0000008|mdifffitid0000009|mdifffitid0000010|mdifffitid0000025|mdifffitid0000027|mdifffitid0000029|mdifffitid0000045|mdifffitid0000046|mdifffitid0000048|mimgtblid0000055|mprojectid0000001|mprojectid0000002|mprojectid0000020|mprojectid0000021|mprojectid0000022|mprojectid0000040|mviewerid0000038|mviewerid0000057|mviewerid0000058,0.200000,97.365000,0.212414,1.059152,119.559000,0.000000,0.000000,true,46.501000,38,347.969000,"{""h4d-standard-192-1"":58}","{""h4d-standard-192-1"":0.019619,""h4d-standard-192-2"":0,""h4d-standard-192-3"":0,""h4d-standard-192-4"":0}","[{""rank"":1,""recommended"":true,""feasible"":true,""budget_used"":0.212414,""budget_violation"":0,""makespan"":97.365,""deadline_violation"":0,""machine_signature"":""3f6674622a9b5dfd"",""weighted_score"":0.212414,""diversity_score"":0},{""rank"":2,""recommended"":false,""feasible"":true,""budget_used"":0.472731,""budget_violation"":0,""makespan"":96.832,""deadline_violation"":0,""machine_signature"":""32418bbcfdf26ff5"",""weighted_score"":0.472731,""diversity_score"":1.241379},{""rank"":3,""recommended"":false,""feasible"":true,""budget_used"":0.894086,""budget_violation"":0,""makespan"":99.816,""deadline_violation"":0,""machine_signature"":""042908cb14cea46c"",""weighted_score"":0.894086,""diversity_score"":3.672414}]"
prism_cc_time,cloud_homo,2,maddid0000037|mbackgroundid0000013|mbackgroundid0000014|mbackgroundid0000032|mbackgroundid0000033|mbackgroundid0000051|mbackgroundid0000052|mbackgroundid0000053|mbackgroundid0000054|mconcatfitid0000049|mdifffitid0000008|mdifffitid0000009|mdifffitid0000010|mdifffitid0000025|mdifffitid0000027|mdifffitid0000029|mdifffitid0000045|mdifffitid0000046|mdifffitid0000048|mimgtblid0000055|mprojectid0000001|mprojectid0000002|mprojectid0000020|mprojectid0000021|mprojectid0000022|mprojectid0000040|mviewerid0000038|mviewerid0000057|mviewerid0000058,0.200000,96.832000,0.472731,1.059152,119.559000,0.000000,0.000000,true,25.597000,22,347.969000,"{""h4d-standard-192-1"":14,""h4d-standard-192-4"":44}","{""h4d-standard-192-1"":0.002511,""h4d-standard-192-2"":0,""h4d-standard-192-3"":0,""h4d-standard-192-4"":0.016092}","[{""rank"":1,""recommended"":true,""feasible"":true,""budget_used"":0.472731,""budget_violation"":0,""makespan"":96.832,""deadline_violation"":0,""machine_signature"":""32418bbcfdf26ff5"",""weighted_score"":0.970105,""diversity_score"":1.241379},{""rank"":2,""recommended"":false,""feasible"":true,""budget_used"":0.212414,""budget_violation"":0,""makespan"":97.365,""deadline_violation"":0,""machine_signature"":""3f6674622a9b5dfd"",""weighted_score"":0.975445,""diversity_score"":0},{""rank"":3,""recommended"":false,""feasible"":true,""budget_used"":0.894086,""budget_violation"":0,""makespan"":99.816,""deadline_violation"":0,""machine_signature"":""042908cb14cea46c"",""weighted_score"":1,""diversity_score"":3.672414}]"
heft_colocation,cluster_hetero,2,maddid0000037|mbackgroundid0000013|mbackgroundid0000014|mbackgroundid0000032|mbackgroundid0000033|mbackgroundid0000051|mbackgroundid0000052|mbackgroundid0000053|mbackgroundid0000054|mconcatfitid0000049|mdifffitid0000008|mdifffitid0000009|mdifffitid0000010|mdifffitid0000025|mdifffitid0000027|mdifffitid0000029|mdifffitid0000045|mdifffitid0000046|mdifffitid0000048|mimgtblid0000055|mprojectid0000001|mprojectid0000002|mprojectid0000020|mprojectid0000021|mprojectid0000022|mprojectid0000040|mviewerid0000038|mviewerid0000057|mviewerid0000058,0.200000,287.957000,0.000000,0.000000,353.759520,0.000000,0.000000,true,54.785000,23,1.780000,"{""bora005"":36,""bora006"":19,""diablo01"":2,""diablo02"":1}","{""bora005"":0.097387,""bora006"":0.068132,""diablo01"":0.004194,""diablo02"":0.003449}",[]
prism_cc_cost,cluster_hetero,2,maddid0000037|mbackgroundid0000013|mbackgroundid0000014|mbackgroundid0000032|mbackgroundid0000033|mbackgroundid0000051|mbackgroundid0000052|mbackgroundid0000053|mbackgroundid0000054|mconcatfitid0000049|mdifffitid0000008|mdifffitid0000009|mdifffitid0000010|mdifffitid0000025|mdifffitid0000027|mdifffitid0000029|mdifffitid0000045|mdifffitid0000046|mdifffitid0000048|mimgtblid0000055|mprojectid0000001|mprojectid0000002|mprojectid0000020|mprojectid0000021|mprojectid0000022|mprojectid0000040|mviewerid0000038|mviewerid0000057|mviewerid0000058,0.200000,287.957000,0.000000,0.000000,353.759520,0.000000,0.000000,true,54.785000,23,173.336000,"{""bora005"":36,""bora006"":19,""diablo01"":2,""diablo02"":1}","{""bora005"":0.097387,""bora006"":0.068132,""diablo01"":0.004194,""diablo02"":0.003449}","[{""rank"":1,""recommended"":true,""feasible"":true,""budget_used"":0,""budget_violation"":0,""makespan"":287.957,""deadline_violation"":0,""machine_signature"":""705db6d67b552be7"",""weighted_score"":0,""diversity_score"":3.465517},{""rank"":2,""recommended"":false,""feasible"":true,""budget_used"":0,""budget_violation"":0,""makespan"":287.957,""deadline_violation"":0,""machine_signature"":""636445915855ad4b"",""weighted_score"":0,""diversity_score"":3.37931}]"
prism_cc_time,cluster_hetero,2,maddid0000037|mbackgroundid0000013|mbackgroundid0000014|mbackgroundid0000032|mbackgroundid0000033|mbackgroundid0000051|mbackgroundid0000052|mbackgroundid0000053|mbackgroundid0000054|mconcatfitid0000049|mdifffitid0000008|mdifffitid0000009|mdifffitid0000010|mdifffitid0000025|mdifffitid0000027|mdifffitid0000029|mdifffitid0000045|mdifffitid0000046|mdifffitid0000048|mimgtblid0000055|mprojectid0000001|mprojectid0000002|mprojectid0000020|mprojectid0000021|mprojectid0000022|mprojectid0000040|mviewerid0000038|mviewerid0000057|mviewerid0000058,0.200000,287.957000,0.000000,0.000000,353.759520,0.000000,0.000000,true,54.785000,23,173.336000,"{""bora005"":36,""bora006"":19,""diablo01"":2,""diablo02"":1}","{""bora005"":0.097387,""bora006"":0.068132,""diablo01"":0.004194,""diablo02"":0.003449}","[{""rank"":1,""recommended"":true,""feasible"":true,""budget_used"":0,""budget_violation"":0,""makespan"":287.957,""deadline_violation"":0,""machine_signature"":""705db6d67b552be7"",""weighted_score"":1,""diversity_score"":3.465517},{""rank"":2,""recommended"":false,""feasible"":true,""budget_used"":0,""budget_violation"":0,""makespan"":287.957,""deadline_violation"":0,""machine_signature"":""636445915855ad4b"",""weighted_score"":1,""diversity_score"":3.37931}]"
heft_colocation,cluster_homo,2,maddid0000037|mbackgroundid0000013|mbackgroundid0000014|mbackgroundid0000032|mbackgroundid0000033|mbackgroundid0000051|mbackgroundid0000052|mbackgroundid0000053|mbackgroundid0000054|mconcatfitid0000049|mdifffitid0000008|mdifffitid0000009|mdifffitid0000010|mdifffitid0000025|mdifffitid0000027|mdifffitid0000029|mdifffitid0000045|mdifffitid0000046|mdifffitid0000048|mimgtblid0000055|mprojectid0000001|mprojectid0000002|mprojectid0000020|mprojectid0000021|mprojectid0000022|mprojectid0000040|mviewerid0000038|mviewerid0000057|mviewerid0000058,0.200000,287.957000,0.000000,0.000000,345.548400,0.000000,0.000000,true,25.956000,13,0.812000,"{""bora001"":17,""bora002"":17,""bora003"":7,""bora004"":17}","{""bora001"":0.032597,""bora002"":0.040556,""bora003"":0.038959,""bora004"":0.061512}",[]
prism_cc_cost,cluster_homo,2,maddid0000037|mbackgroundid0000013|mbackgroundid0000014|mbackgroundid0000032|mbackgroundid0000033|mbackgroundid0000051|mbackgroundid0000052|mbackgroundid0000053|mbackgroundid0000054|mconcatfitid0000049|mdifffitid0000008|mdifffitid0000009|mdifffitid0000010|mdifffitid0000025|mdifffitid0000027|mdifffitid0000029|mdifffitid0000045|mdifffitid0000046|mdifffitid0000048|mimgtblid0000055|mprojectid0000001|mprojectid0000002|mprojectid0000020|mprojectid0000021|mprojectid0000022|mprojectid0000040|mviewerid0000038|mviewerid0000057|mviewerid0000058,0.200000,287.957000,0.000000,0.000000,345.548400,0.000000,0.000000,true,25.956000,13,151.071000,"{""bora001"":17,""bora002"":17,""bora003"":7,""bora004"":17}","{""bora001"":0.032597,""bora002"":0.040556,""bora003"":0.038959,""bora004"":0.061512}","[{""rank"":1,""recommended"":true,""feasible"":true,""budget_used"":0,""budget_violation"":0,""makespan"":287.957,""deadline_violation"":0,""machine_signature"":""5bf1e1035931b4b1"",""weighted_score"":0,""diversity_score"":3.551724},{""rank"":2,""recommended"":false,""feasible"":true,""budget_used"":0,""budget_violation"":0,""makespan"":287.957,""deadline_violation"":0,""machine_signature"":""89e1ff51bf2de333"",""weighted_score"":0,""diversity_score"":3.706897}]"
prism_cc_time,cluster_homo,2,maddid0000037|mbackgroundid0000013|mbackgroundid0000014|mbackgroundid0000032|mbackgroundid0000033|mbackgroundid0000051|mbackgroundid0000052|mbackgroundid0000053|mbackgroundid0000054|mconcatfitid0000049|mdifffitid0000008|mdifffitid0000009|mdifffitid0000010|mdifffitid0000025|mdifffitid0000027|mdifffitid0000029|mdifffitid0000045|mdifffitid0000046|mdifffitid0000048|mimgtblid0000055|mprojectid0000001|mprojectid0000002|mprojectid0000020|mprojectid0000021|mprojectid0000022|mprojectid0000040|mviewerid0000038|mviewerid0000057|mviewerid0000058,0.200000,287.957000,0.000000,0.000000,345.548400,0.000000,0.000000,true,25.956000,13,151.071000,"{""bora001"":17,""bora002"":17,""bora003"":7,""bora004"":17}","{""bora001"":0.032597,""bora002"":0.040556,""bora003"":0.038959,""bora004"":0.061512}","[{""rank"":1,""recommended"":true,""feasible"":true,""budget_used"":0,""budget_violation"":0,""makespan"":287.957,""deadline_violation"":0,""machine_signature"":""5bf1e1035931b4b1"",""weighted_score"":1,""diversity_score"":3.551724},{""rank"":2,""recommended"":false,""feasible"":true,""budget_used"":0,""budget_violation"":0,""makespan"":287.957,""deadline_violation"":0,""machine_signature"":""89e1ff51bf2de333"",""weighted_score"":1,""diversity_score"":3.706897}]"
heft_colocation,hybrid_hetero,2,maddid0000037|mbackgroundid0000013|mbackgroundid0000014|mbackgroundid0000032|mbackgroundid0000033|mbackgroundid0000051|mbackgroundid0000052|mbackgroundid0000053|mbackgroundid0000054|mconcatfitid0000049|mdifffitid0000008|mdifffitid0000009|mdifffitid0000010|mdifffitid0000025|mdifffitid0000027|mdifffitid0000029|mdifffitid0000045|mdifffitid0000046|mdifffitid0000048|mimgtblid0000055|mprojectid0000001|mprojectid0000002|mprojectid0000020|mprojectid0000021|mprojectid0000022|mprojectid0000040|mviewerid0000038|mviewerid0000057|mviewerid0000058,0.200000,95.890000,0.272481,0.348827,119.109960,0.000000,0.000000,true,37.179000,30,1.648000,"{""h3-standard-88-2"":1,""h4d-standard-192-7"":57}","{""bora011"":0,""diablo03"":0,""h3-standard-88-2"":0.002139,""h4d-standard-192-7"":0.018915}",[]
prism_cc_cost,hybrid_hetero,2,maddid0000037|mbackgroundid0000013|mbackgroundid0000014|mbackgroundid0000032|mbackgroundid0000033|mbackgroundid0000051|mbackgroundid0000052|mbackgroundid0000053|mbackgroundid0000054|mconcatfitid0000049|mdifffitid0000008|mdifffitid0000009|mdifffitid0000010|mdifffitid0000025|mdifffitid0000027|mdifffitid0000029|mdifffitid0000045|mdifffitid0000046|mdifffitid0000048|mimgtblid0000055|mprojectid0000001|mprojectid0000002|mprojectid0000020|mprojectid0000021|mprojectid0000022|mprojectid0000040|mviewerid0000038|mviewerid0000057|mviewerid0000058,0.200000,118.922000,0.208459,0.348827,119.109960,0.000000,0.000000,true,37.663000,28,292.644000,"{""bora011"":12,""diablo03"":17,""h3-standard-88-2"":1,""h4d-standard-192-7"":28}","{""bora011"":0.004711,""diablo03"":0.004534,""h3-standard-88-2"":0.001725,""h4d-standard-192-7"":0.014862}","[{""rank"":1,""recommended"":true,""feasible"":true,""budget_used"":0.208459,""budget_violation"":0,""makespan"":118.922,""deadline_violation"":0,""machine_signature"":""c7267063f89d790d"",""weighted_score"":0.208459,""diversity_score"":3.517241},{""rank"":2,""recommended"":false,""feasible"":true,""budget_used"":0.272481,""budget_violation"":0,""makespan"":95.89,""deadline_violation"":0,""machine_signature"":""5a58caadd473382d"",""weighted_score"":0.272481,""diversity_score"":1.017241}]"
prism_cc_time,hybrid_hetero,2,maddid0000037|mbackgroundid0000013|mbackgroundid0000014|mbackgroundid0000032|mbackgroundid0000033|mbackgroundid0000051|mbackgroundid0000052|mbackgroundid0000053|mbackgroundid0000054|mconcatfitid0000049|mdifffitid0000008|mdifffitid0000009|mdifffitid0000010|mdifffitid0000025|mdifffitid0000027|mdifffitid0000029|mdifffitid0000045|mdifffitid0000046|mdifffitid0000048|mimgtblid0000055|mprojectid0000001|mprojectid0000002|mprojectid0000020|mprojectid0000021|mprojectid0000022|mprojectid0000040|mviewerid0000038|mviewerid0000057|mviewerid0000058,0.200000,95.890000,0.272481,0.348827,119.109960,0.000000,0.000000,true,37.179000,30,292.644000,"{""h3-standard-88-2"":1,""h4d-standard-192-7"":57}","{""bora011"":0,""diablo03"":0,""h3-standard-88-2"":0.002139,""h4d-standard-192-7"":0.018915}","[{""rank"":1,""recommended"":true,""feasible"":true,""budget_used"":0.272481,""budget_violation"":0,""makespan"":95.89,""deadline_violation"":0,""machine_signature"":""5a58caadd473382d"",""weighted_score"":0.806327,""diversity_score"":1.017241},{""rank"":2,""recommended"":false,""feasible"":true,""budget_used"":0.208459,""budget_violation"":0,""makespan"":118.922,""deadline_violation"":0,""machine_signature"":""c7267063f89d790d"",""weighted_score"":1,""diversity_score"":3.517241}]"
heft_colocation,hybrid_homo,2,maddid0000037|mbackgroundid0000013|mbackgroundid0000014|mbackgroundid0000032|mbackgroundid0000033|mbackgroundid0000051|mbackgroundid0000052|mbackgroundid0000053|mbackgroundid0000054|mconcatfitid0000049|mdifffitid0000008|mdifffitid0000009|mdifffitid0000010|mdifffitid0000025|mdifffitid0000027|mdifffitid0000029|mdifffitid0000045|mdifffitid0000046|mdifffitid0000048|mimgtblid0000055|mprojectid0000001|mprojectid0000002|mprojectid0000020|mprojectid0000021|mprojectid0000022|mprojectid0000040|mviewerid0000038|mviewerid0000057|mviewerid0000058,0.200000,95.157000,0.481744,0.607531,118.113160,0.000000,0.000000,true,16.933000,18,2.237000,"{""h4d-standard-192-5"":14,""h4d-standard-192-6"":44}","{""bora009"":0,""bora010"":0,""h4d-standard-192-5"":0.006802,""h4d-standard-192-6"":0.011654}",[]
prism_cc_cost,hybrid_homo,2,maddid0000037|mbackgroundid0000013|mbackgroundid0000014|mbackgroundid0000032|mbackgroundid0000033|mbackgroundid0000051|mbackgroundid0000052|mbackgroundid0000053|mbackgroundid0000054|mconcatfitid0000049|mdifffitid0000008|mdifffitid0000009|mdifffitid0000010|mdifffitid0000025|mdifffitid0000027|mdifffitid0000029|mdifffitid0000045|mdifffitid0000046|mdifffitid0000048|mimgtblid0000055|mprojectid0000001|mprojectid0000002|mprojectid0000020|mprojectid0000021|mprojectid0000022|mprojectid0000040|mviewerid0000038|mviewerid0000057|mviewerid0000058,0.200000,117.203000,0.356435,0.607531,118.113160,0.000000,0.000000,true,25.455000,21,370.109000,"{""bora009"":2,""bora010"":5,""h4d-standard-192-5"":50,""h4d-standard-192-6"":1}","{""bora009"":0.001605,""bora010"":0.002473,""h4d-standard-192-5"":0.013339,""h4d-standard-192-6"":0.001886}","[{""rank"":1,""recommended"":true,""feasible"":true,""budget_used"":0.356435,""budget_violation"":0,""makespan"":117.203,""deadline_violation"":0,""machine_signature"":""f9d289d781ee85c9"",""weighted_score"":0.356435,""diversity_score"":3.137931},{""rank"":2,""recommended"":false,""feasible"":true,""budget_used"":0.367635,""budget_violation"":0,""makespan"":105.611,""deadline_violation"":0,""machine_signature"":""d3b737ebce51e40c"",""weighted_score"":0.367635,""diversity_score"":3.103448},{""rank"":3,""recommended"":false,""feasible"":true,""budget_used"":0.481744,""budget_violation"":0,""makespan"":95.157,""deadline_violation"":0,""machine_signature"":""df55a6cf2d3550b7"",""weighted_score"":0.481744,""diversity_score"":1.241379}]"
prism_cc_time,hybrid_homo,2,maddid0000037|mbackgroundid0000013|mbackgroundid0000014|mbackgroundid0000032|mbackgroundid0000033|mbackgroundid0000051|mbackgroundid0000052|mbackgroundid0000053|mbackgroundid0000054|mconcatfitid0000049|mdifffitid0000008|mdifffitid0000009|mdifffitid0000010|mdifffitid0000025|mdifffitid0000027|mdifffitid0000029|mdifffitid0000045|mdifffitid0000046|mdifffitid0000048|mimgtblid0000055|mprojectid0000001|mprojectid0000002|mprojectid0000020|mprojectid0000021|mprojectid0000022|mprojectid0000040|mviewerid0000038|mviewerid0000057|mviewerid0000058,0.200000,95.157000,0.481744,0.607531,118.113160,0.000000,0.000000,true,16.933000,18,370.109000,"{""h4d-standard-192-5"":14,""h4d-standard-192-6"":44}","{""bora009"":0,""bora010"":0,""h4d-standard-192-5"":0.006802,""h4d-standard-192-6"":0.011654}","[{""rank"":1,""recommended"":true,""feasible"":true,""budget_used"":0.481744,""budget_violation"":0,""makespan"":95.157,""deadline_violation"":0,""machine_signature"":""df55a6cf2d3550b7"",""weighted_score"":0.811899,""diversity_score"":1.241379},{""rank"":2,""recommended"":false,""feasible"":true,""budget_used"":0.367635,""budget_violation"":0,""makespan"":105.611,""deadline_violation"":0,""machine_signature"":""d3b737ebce51e40c"",""weighted_score"":0.901095,""diversity_score"":3.103448},{""rank"":3,""recommended"":false,""feasible"":true,""budget_used"":0.356435,""budget_violation"":0,""makespan"":117.203,""deadline_violation"":0,""machine_signature"":""f9d289d781ee85c9"",""weighted_score"":1,""diversity_score"":3.137931}]"
heft_colocation,hybrid_raspberry_500mbps,2,maddid0000037|mbackgroundid0000013|mbackgroundid0000014|mbackgroundid0000032|mbackgroundid0000033|mbackgroundid0000051|mbackgroundid0000052|mbackgroundid0000053|mbackgroundid0000054|mconcatfitid0000049|mdifffitid0000008|mdifffitid0000009|mdifffitid0000010|mdifffitid0000025|mdifffitid0000027|mdifffitid0000029|mdifffitid0000045|mdifffitid0000046|mdifffitid0000048|mimgtblid0000055|mprojectid0000001|mprojectid0000002|mprojectid0000020|mprojectid0000021|mprojectid0000022|mprojectid0000040|mviewerid0000038|mviewerid0000057|mviewerid0000058,0.200000,145.271000,0.357810,0.533583,179.300320,0.000000,0.000000,true,60.240000,42,2.198000,"{""cloud-node-02"":55,""hpc-node-02"":3}","{""cloud-node-01"":0,""cloud-node-02"":0.068223,""hpc-node-01"":0,""hpc-node-02"":0.018658,""rpi-edge-01"":0,""rpi-edge-02"":0,""rpi-edge-03"":0,""rpi-edge-04"":0,""rpi-edge-05"":0,""rpi-edge-06"":0,""rpi-edge-07"":0,""rpi-edge-08"":0,""rpi-edge-09"":0,""rpi-edge-10"":0}",[]
prism_cc_cost,hybrid_raspberry_500mbps,2,maddid0000037|mbackgroundid0000013|mbackgroundid0000014|mbackgroundid0000032|mbackgroundid0000033|mbackgroundid0000051|mbackgroundid0000052|mbackgroundid0000053|mbackgroundid0000054|mconcatfitid0000049|mdifffitid0000008|mdifffitid0000009|mdifffitid0000010|mdifffitid0000025|mdifffitid0000027|mdifffitid0000029|mdifffitid0000045|mdifffitid0000046|mdifffitid0000048|mimgtblid0000055|mprojectid0000001|mprojectid0000002|mprojectid0000020|mprojectid0000021|mprojectid0000022|mprojectid0000040|mviewerid0000038|mviewerid0000057|mviewerid0000058,0.200000,145.271000,0.357810,0.533583,179.300320,0.000000,0.000000,true,60.240000,42,711.038000,"{""cloud-node-02"":55,""hpc-node-02"":3}","{""cloud-node-01"":0,""cloud-node-02"":0.068223,""hpc-node-01"":0,""hpc-node-02"":0.018658,""rpi-edge-01"":0,""rpi-edge-02"":0,""rpi-edge-03"":0,""rpi-edge-04"":0,""rpi-edge-05"":0,""rpi-edge-06"":0,""rpi-edge-07"":0,""rpi-edge-08"":0,""rpi-edge-09"":0,""rpi-edge-10"":0}","[{""rank"":1,""recommended"":true,""feasible"":true,""budget_used"":0.35781,""budget_violation"":0,""makespan"":145.271,""deadline_violation"":0,""machine_signature"":""dee8b414588fb82b"",""weighted_score"":0.35781,""diversity_score"":1.051724}]"
prism_cc_time,hybrid_raspberry_500mbps,2,maddid0000037|mbackgroundid0000013|mbackgroundid0000014|mbackgroundid0000032|mbackgroundid0000033|mbackgroundid0000051|mbackgroundid0000052|mbackgroundid0000053|mbackgroundid0000054|mconcatfitid0000049|mdifffitid0000008|mdifffitid0000009|mdifffitid0000010|mdifffitid0000025|mdifffitid0000027|mdifffitid0000029|mdifffitid0000045|mdifffitid0000046|mdifffitid0000048|mimgtblid0000055|mprojectid0000001|mprojectid0000002|mprojectid0000020|mprojectid0000021|mprojectid0000022|mprojectid0000040|mviewerid0000038|mviewerid0000057|mviewerid0000058,0.200000,145.271000,0.357810,0.533583,179.300320,0.000000,0.000000,true,60.240000,42,711.038000,"{""cloud-node-02"":55,""hpc-node-02"":3}","{""cloud-node-01"":0,""cloud-node-02"":0.068223,""hpc-node-01"":0,""hpc-node-02"":0.018658,""rpi-edge-01"":0,""rpi-edge-02"":0,""rpi-edge-03"":0,""rpi-edge-04"":0,""rpi-edge-05"":0,""rpi-edge-06"":0,""rpi-edge-07"":0,""rpi-edge-08"":0,""rpi-edge-09"":0,""rpi-edge-10"":0}","[{""rank"":1,""recommended"":true,""feasible"":true,""budget_used"":0.35781,""budget_violation"":0,""makespan"":145.271,""deadline_violation"":0,""machine_signature"":""dee8b414588fb82b"",""weighted_score"":1,""diversity_score"":1.051724}]"
heft_colocation,cloud_hetero,3,maddid0000018|maddid0000037|mbackgroundid0000013|mbackgroundid0000014|mbackgroundid0000016|mbackgroundid0000032|mbackgroundid0000033|mbackgroundid0000034|mbackgroundid0000035|mbackgroundid0000052|mbackgroundid0000053|mbackgroundid0000054|mbgmodelid0000050|mconcatfitid0000011|mconcatfitid0000030|mdifffitid0000005|mdifffitid0000010|mdifffitid0000025|mdifffitid0000027|mdifffitid0000029|mdifffitid0000043|mdifffitid0000044|mdifffitid0000048|mimgtblid0000017|mimgtblid0000036|mprojectid0000004|mprojectid0000039|mviewerid0000038|mviewerid0000058,0.200000,95.151000,0.509119,0.641828,118.113160,0.000000,0.000000,true,0.595000,8,2.163000,"{""h4d-highmem-192-1"":43,""h4d-standard-192-1"":15}","{""h3-standard-88-1"":0,""h3-standard-88-2"":0,""h4d-highmem-192-1"":0.010645,""h4d-standard-192-1"":0.006918}",[]
prism_cc_cost,cloud_hetero,3,maddid0000018|maddid0000037|mbackgroundid0000013|mbackgroundid0000014|mbackgroundid0000016|mbackgroundid0000032|mbackgroundid0000033|mbackgroundid0000034|mbackgroundid0000035|mbackgroundid0000052|mbackgroundid0000053|mbackgroundid0000054|mbgmodelid0000050|mconcatfitid0000011|mconcatfitid0000030|mdifffitid0000005|mdifffitid0000010|mdifffitid0000025|mdifffitid0000027|mdifffitid0000029|mdifffitid0000043|mdifffitid0000044|mdifffitid0000048|mimgtblid0000017|mimgtblid0000036|mprojectid0000004|mprojectid0000039|mviewerid0000038|mviewerid0000058,0.200000,94.739000,0.206680,0.641828,118.113160,0.000000,0.000000,true,5.815000,20,355.314000,"{""h4d-standard-192-1"":58}","{""h3-standard-88-1"":0,""h3-standard-88-2"":0,""h4d-highmem-192-1"":0,""h4d-standard-192-1"":0.017926}","[{""rank"":1,""recommended"":true,""feasible"":true,""budget_used"":0.20668,""budget_violation"":0,""makespan"":94.739,""deadline_violation"":0,""machine_signature"":""507735a9b6f5286b"",""weighted_score"":0.20668,""diversity_score"":0},{""rank"":2,""recommended"":false,""feasible"":true,""budget_used"":0.509119,""budget_violation"":0,""makespan"":95.151,""deadline_violation"":0,""machine_signature"":""111d9d2c01d94e24"",""weighted_score"":0.509119,""diversity_score"":1.258621}]"
prism_cc_time,cloud_hetero,3,maddid0000018|maddid0000037|mbackgroundid0000013|mbackgroundid0000014|mbackgroundid0000016|mbackgroundid0000032|mbackgroundid0000033|mbackgroundid0000034|mbackgroundid0000035|mbackgroundid0000052|mbackgroundid0000053|mbackgroundid0000054|mbgmodelid0000050|mconcatfitid0000011|mconcatfitid0000030|mdifffitid0000005|mdifffitid0000010|mdifffitid0000025|mdifffitid0000027|mdifffitid0000029|mdifffitid0000043|mdifffitid0000044|mdifffitid0000048|mimgtblid0000017|mimgtblid0000036|mprojectid0000004|mprojectid0000039|mviewerid0000038|mviewerid0000058,0.200000,94.739000,0.206680,0.641828,118.113160,0.000000,0.000000,true,5.815000,20,355.314000,"{""h4d-standard-192-1"":58}","{""h3-standard-88-1"":0,""h3-standard-88-2"":0,""h4d-highmem-192-1"":0,""h4d-standard-192-1"":0.017926}","[{""rank"":1,""recommended"":true,""feasible"":true,""budget_used"":0.20668,""budget_violation"":0,""makespan"":94.739,""deadline_violation"":0,""machine_signature"":""507735a9b6f5286b"",""weighted_score"":0.99567,""diversity_score"":0},{""rank"":2,""recommended"":false,""feasible"":true,""budget_used"":0.509119,""budget_violation"":0,""makespan"":95.151,""deadline_violation"":0,""machine_signature"":""111d9d2c01d94e24"",""weighted_score"":1,""diversity_score"":1.258621}]"
heft_colocation,cloud_homo,3,maddid0000018|maddid0000037|mbackgroundid0000013|mbackgroundid0000014|mbackgroundid0000016|mbackgroundid0000032|mbackgroundid0000033|mbackgroundid0000034|mbackgroundid0000035|mbackgroundid0000052|mbackgroundid0000053|mbackgroundid0000054|mbgmodelid0000050|mconcatfitid0000011|mconcatfitid0000030|mdifffitid0000005|mdifffitid0000010|mdifffitid0000025|mdifffitid0000027|mdifffitid0000029|mdifffitid0000043|mdifffitid0000044|mdifffitid0000048|mimgtblid0000017|mimgtblid0000036|mprojectid0000004|mprojectid0000039|mviewerid0000038|mviewerid0000058,0.200000,99.816000,0.888792,1.059152,119.559000,0.000000,0.000000,true,0.178000,2,3.263000,"{""h4d-standard-192-1"":17,""h4d-standard-192-2"":16,""h4d-standard-192-3"":8,""h4d-standard-192-4"":17}","{""h4d-standard-192-1"":0.003873,""h4d-standard-192-2"":0.003808,""h4d-standard-192-3"":0.00373,""h4d-standard-192-4"":0.005309}",[]
prism_cc_cost,cloud_homo,3,maddid0000018|maddid0000037|mbackgroundid0000013|mbackgroundid0000014|mbackgroundid0000016|mbackgroundid0000032|mbackgroundid0000033|mbackgroundid0000034|mbackgroundid0000035|mbackgroundid0000052|mbackgroundid0000053|mbackgroundid0000054|mbgmodelid0000050|mconcatfitid0000011|mconcatfitid0000030|mdifffitid0000005|mdifffitid0000010|mdifffitid0000025|mdifffitid0000027|mdifffitid0000029|mdifffitid0000043|mdifffitid0000044|mdifffitid0000048|mimgtblid0000017|mimgtblid0000036|mprojectid0000004|mprojectid0000039|mviewerid0000038|mviewerid0000058,0.200000,92.879000,0.202624,1.059152,119.559000,0.000000,0.000000,true,5.551000,17,330.733000,"{""h4d-standard-192-1"":58}","{""h4d-standard-192-1"":0.01827,""h4d-standard-192-2"":0,""h4d-standard-192-3"":0,""h4d-standard-192-4"":0}","[{""rank"":1,""recommended"":true,""feasible"":true,""budget_used"":0.202624,""budget_violation"":0,""makespan"":92.879,""deadline_violation"":0,""machine_signature"":""19a3ad4ae96ed6c6"",""weighted_score"":0.202624,""diversity_score"":0},{""rank"":2,""recommended"":false,""feasible"":true,""budget_used"":0.888792,""budget_violation"":0,""makespan"":99.816,""deadline_violation"":0,""machine_signature"":""a7ce3403da692869"",""weighted_score"":0.888792,""diversity_score"":3.706897}]"
prism_cc_time,cloud_homo,3,maddid0000018|maddid0000037|mbackgroundid0000013|mbackgroundid0000014|mbackgroundid0000016|mbackgroundid0000032|mbackgroundid0000033|mbackgroundid0000034|mbackgroundid0000035|mbackgroundid0000052|mbackgroundid0000053|mbackgroundid0000054|mbgmodelid0000050|mconcatfitid0000011|mconcatfitid0000030|mdifffitid0000005|mdifffitid0000010|mdifffitid0000025|mdifffitid0000027|mdifffitid0000029|mdifffitid0000043|mdifffitid0000044|mdifffitid0000048|mimgtblid0000017|mimgtblid0000036|mprojectid0000004|mprojectid0000039|mviewerid0000038|mviewerid0000058,0.200000,92.879000,0.202624,1.059152,119.559000,0.000000,0.000000,true,5.551000,17,330.733000,"{""h4d-standard-192-1"":58}","{""h4d-standard-192-1"":0.01827,""h4d-standard-192-2"":0,""h4d-standard-192-3"":0,""h4d-standard-192-4"":0}","[{""rank"":1,""recommended"":true,""feasible"":true,""budget_used"":0.202624,""budget_violation"":0,""makespan"":92.879,""deadline_violation"":0,""machine_signature"":""19a3ad4ae96ed6c6"",""weighted_score"":0.930502,""diversity_score"":0},{""rank"":2,""recommended"":false,""feasible"":true,""budget_used"":0.888792,""budget_violation"":0,""makespan"":99.816,""deadline_violation"":0,""machine_signature"":""a7ce3403da692869"",""weighted_score"":1,""diversity_score"":3.706897}]"
heft_colocation,cluster_hetero,3,maddid0000018|maddid0000037|mbackgroundid0000013|mbackgroundid0000014|mbackgroundid0000016|mbackgroundid0000032|mbackgroundid0000033|mbackgroundid0000034|mbackgroundid0000035|mbackgroundid0000052|mbackgroundid0000053|mbackgroundid0000054|mbgmodelid0000050|mconcatfitid0000011|mconcatfitid0000030|mdifffitid0000005|mdifffitid0000010|mdifffitid0000025|mdifffitid0000027|mdifffitid0000029|mdifffitid0000043|mdifffitid0000044|mdifffitid0000048|mimgtblid0000017|mimgtblid0000036|mprojectid0000004|mprojectid0000039|mviewerid0000038|mviewerid0000058,0.200000,287.957000,0.000000,0.000000,353.759520,0.000000,0.000000,true,4.433000,11,0.904000,"{""bora005"":34,""bora006"":23,""diablo01"":1}","{""bora005"":0.088808,""bora006"":0.082399,""diablo01"":0.000239,""diablo02"":0}",[]
prism_cc_cost,cluster_hetero,3,maddid0000018|maddid0000037|mbackgroundid0000013|mbackgroundid0000014|mbackgroundid0000016|mbackgroundid0000032|mbackgroundid0000033|mbackgroundid0000034|mbackgroundid0000035|mbackgroundid0000052|mbackgroundid0000053|mbackgroundid0000054|mbgmodelid0000050|mconcatfitid0000011|mconcatfitid0000030|mdifffitid0000005|mdifffitid0000010|mdifffitid0000025|mdifffitid0000027|mdifffitid0000029|mdifffitid0000043|mdifffitid0000044|mdifffitid0000048|mimgtblid0000017|mimgtblid0000036|mprojectid0000004|mprojectid0000039|mviewerid0000038|mviewerid0000058,0.200000,287.957000,0.000000,0.000000,353.759520,0.000000,0.000000,true,4.433000,11,153.469000,"{""bora005"":34,""bora006"":23,""diablo01"":1}","{""bora005"":0.088808,""bora006"":0.082399,""diablo01"":0.000239,""diablo02"":0}","[{""rank"":1,""recommended"":true,""feasible"":true,""budget_used"":0,""budget_violation"":0,""makespan"":287.957,""deadline_violation"":0,""machine_signature"":""5ce742675202c155"",""weighted_score"":0,""diversity_score"":2.413793},{""rank"":2,""recommended"":false,""feasible"":true,""budget_used"":0,""budget_violation"":0,""makespan"":287.957,""deadline_violation"":0,""machine_signature"":""3fd8bc6edeffd67e"",""weighted_score"":0,""diversity_score"":3.413793}]"
prism_cc_time,cluster_hetero,3,maddid0000018|maddid0000037|mbackgroundid0000013|mbackgroundid0000014|mbackgroundid0000016|mbackgroundid0000032|mbackgroundid0000033|mbackgroundid0000034|mbackgroundid0000035|mbackgroundid0000052|mbackgroundid0000053|mbackgroundid0000054|mbgmodelid0000050|mconcatfitid0000011|mconcatfitid0000030|mdifffitid0000005|mdifffitid0000010|mdifffitid0000025|mdifffitid0000027|mdifffitid0000029|mdifffitid0000043|mdifffitid0000044|mdifffitid0000048|mimgtblid0000017|mimgtblid0000036|mprojectid0000004|mprojectid0000039|mviewerid0000038|mviewerid0000058,0.200000,287.957000,0.000000,0.000000,353.759520,0.000000,0.000000,true,4.433000,11,153.469000,"{""bora005"":34,""bora006"":23,""diablo01"":1}","{""bora005"":0.088808,""bora006"":0.082399,""diablo01"":0.000239,""diablo02"":0}","[{""rank"":1,""recommended"":true,""feasible"":true,""budget_used"":0,""budget_violation"":0,""makespan"":287.957,""deadline_violation"":0,""machine_signature"":""5ce742675202c155"",""weighted_score"":1,""diversity_score"":2.413793},{""rank"":2,""recommended"":false,""feasible"":true,""budget_used"":0,""budget_violation"":0,""makespan"":287.957,""deadline_violation"":0,""machine_signature"":""3fd8bc6edeffd67e"",""weighted_score"":1,""diversity_score"":3.413793}]"
heft_colocation,cluster_homo,3,maddid0000018|maddid0000037|mbackgroundid0000013|mbackgroundid0000014|mbackgroundid0000016|mbackgroundid0000032|mbackgroundid0000033|mbackgroundid0000034|mbackgroundid0000035|mbackgroundid0000052|mbackgroundid0000053|mbackgroundid0000054|mbgmodelid0000050|mconcatfitid0000011|mconcatfitid0000030|mdifffitid0000005|mdifffitid0000010|mdifffitid0000025|mdifffitid0000027|mdifffitid0000029|mdifffitid0000043|mdifffitid0000044|mdifffitid0000048|mimgtblid0000017|mimgtblid0000036|mprojectid0000004|mprojectid0000039|mviewerid0000038|mviewerid0000058,0.200000,287.957000,0.000000,0.000000,345.548400,0.000000,0.000000,true,3.841000,9,0.808000,"{""bora001"":18,""bora002"":16,""bora003"":8,""bora004"":16}","{""bora001"":0.039756,""bora002"":0.039214,""bora003"":0.038191,""bora004"":0.054328}",[]
prism_cc_cost,cluster_homo,3,maddid0000018|maddid0000037|mbackgroundid0000013|mbackgroundid0000014|mbackgroundid0000016|mbackgroundid0000032|mbackgroundid0000033|mbackgroundid0000034|mbackgroundid0000035|mbackgroundid0000052|mbackgroundid0000053|mbackgroundid0000054|mbgmodelid0000050|mconcatfitid0000011|mconcatfitid0000030|mdifffitid0000005|mdifffitid0000010|mdifffitid0000025|mdifffitid0000027|mdifffitid0000029|mdifffitid0000043|mdifffitid0000044|mdifffitid0000048|mimgtblid0000017|mimgtblid0000036|mprojectid0000004|mprojectid0000039|mviewerid0000038|mviewerid0000058,0.200000,287.957000,0.000000,0.000000,345.548400,0.000000,0.000000,true,3.841000,9,134.963000,"{""bora001"":18,""bora002"":16,""bora003"":8,""bora004"":16}","{""bora001"":0.039756,""bora002"":0.039214,""bora003"":0.038191,""bora004"":0.054328}","[{""rank"":1,""recommended"":true,""feasible"":true,""budget_used"":0,""budget_violation"":0,""makespan"":287.957,""deadline_violation"":0,""machine_signature"":""bbd3fba77b12ed1d"",""weighted_score"":0,""diversity_score"":3.689655},{""rank"":2,""recommended"":false,""feasible"":true,""budget_used"":0,""budget_violation"":0,""makespan"":287.957,""deadline_violation"":0,""machine_signature"":""49bbec18a0aecd08"",""weighted_score"":0,""diversity_score"":3.672414}]"
prism_cc_time,cluster_homo,3,maddid0000018|maddid0000037|mbackgroundid0000013|mbackgroundid0000014|mbackgroundid0000016|mbackgroundid0000032|mbackgroundid0000033|mbackgroundid0000034|mbackgroundid0000035|mbackgroundid0000052|mbackgroundid0000053|mbackgroundid0000054|mbgmodelid0000050|mconcatfitid0000011|mconcatfitid0000030|mdifffitid0000005|mdifffitid0000010|mdifffitid0000025|mdifffitid0000027|mdifffitid0000029|mdifffitid0000043|mdifffitid0000044|mdifffitid0000048|mimgtblid0000017|mimgtblid0000036|mprojectid0000004|mprojectid0000039|mviewerid0000038|mviewerid0000058,0.200000,287.957000,0.000000,0.000000,345.548400,0.000000,0.000000,true,3.841000,9,134.963000,"{""bora001"":18,""bora002"":16,""bora003"":8,""bora004"":16}","{""bora001"":0.039756,""bora002"":0.039214,""bora003"":0.038191,""bora004"":0.054328}","[{""rank"":1,""recommended"":true,""feasible"":true,""budget_used"":0,""budget_violation"":0,""makespan"":287.957,""deadline_violation"":0,""machine_signature"":""bbd3fba77b12ed1d"",""weighted_score"":1,""diversity_score"":3.689655},{""rank"":2,""recommended"":false,""feasible"":true,""budget_used"":0,""budget_violation"":0,""makespan"":287.957,""deadline_violation"":0,""machine_signature"":""49bbec18a0aecd08"",""weighted_score"":1,""diversity_score"":3.672414}]"
heft_colocation,hybrid_hetero,3,maddid0000018|maddid0000037|mbackgroundid0000013|mbackgroundid0000014|mbackgroundid0000016|mbackgroundid0000032|mbackgroundid0000033|mbackgroundid0000034|mbackgroundid0000035|mbackgroundid0000052|mbackgroundid0000053|mbackgroundid0000054|mbgmodelid0000050|mconcatfitid0000011|mconcatfitid0000030|mdifffitid0000005|mdifffitid0000010|mdifffitid0000025|mdifffitid0000027|mdifffitid0000029|mdifffitid0000043|mdifffitid0000044|mdifffitid0000048|mimgtblid0000017|mimgtblid0000036|mprojectid0000004|mprojectid0000039|mviewerid0000038|mviewerid0000058,0.200000,92.950000,0.202784,0.348827,119.109960,0.000000,0.000000,true,5.223000,13,1.653000,"{""h4d-standard-192-7"":58}","{""bora011"":0,""diablo03"":0,""h3-standard-88-2"":0,""h4d-standard-192-7"":0.018238}",[]
prism_cc_cost,hybrid_hetero,3,maddid0000018|maddid0000037|mbackgroundid0000013|mbackgroundid0000014|mbackgroundid0000016|mbackgroundid0000032|mbackgroundid0000033|mbackgroundid0000034|mbackgroundid0000035|mbackgroundid0000052|mbackgroundid0000053|mbackgroundid0000054|mbgmodelid0000050|mconcatfitid0000011|mconcatfitid0000030|mdifffitid0000005|mdifffitid0000010|mdifffitid0000025|mdifffitid0000027|mdifffitid0000029|mdifffitid0000043|mdifffitid0000044|mdifffitid0000048|mimgtblid0000017|mimgtblid0000036|mprojectid0000004|mprojectid0000039|mviewerid0000038|mviewerid0000058,0.200000,92.950000,0.202784,0.348827,119.109960,0.000000,0.000000,true,5.223000,13,489.668000,"{""h4d-standard-192-7"":58}","{""bora011"":0,""diablo03"":0,""h3-standard-88-2"":0,""h4d-standard-192-7"":0.018238}","[{""rank"":1,""recommended"":true,""feasible"":true,""budget_used"":0.202784,""budget_violation"":0,""makespan"":92.95,""deadline_violation"":0,""machine_signature"":""5a129157150078fa"",""weighted_score"":0.202784,""diversity_score"":0}]"
prism_cc_time,hybrid_hetero,3,maddid0000018|maddid0000037|mbackgroundid0000013|mbackgroundid0000014|mbackgroundid0000016|mbackgroundid0000032|mbackgroundid0000033|mbackgroundid0000034|mbackgroundid0000035|mbackgroundid0000052|mbackgroundid0000053|mbackgroundid0000054|mbgmodelid0000050|mconcatfitid0000011|mconcatfitid0000030|mdifffitid0000005|mdifffitid0000010|mdifffitid0000025|mdifffitid0000027|mdifffitid0000029|mdifffitid0000043|mdifffitid0000044|mdifffitid0000048|mimgtblid0000017|mimgtblid0000036|mprojectid0000004|mprojectid0000039|mviewerid0000038|mviewerid0000058,0.200000,92.950000,0.202784,0.348827,119.109960,0.000000,0.000000,true,5.223000,13,489.668000,"{""h4d-standard-192-7"":58}","{""bora011"":0,""diablo03"":0,""h3-standard-88-2"":0,""h4d-standard-192-7"":0.018238}","[{""rank"":1,""recommended"":true,""feasible"":true,""budget_used"":0.202784,""budget_violation"":0,""makespan"":92.95,""deadline_violation"":0,""machine_signature"":""5a129157150078fa"",""weighted_score"":1,""diversity_score"":0}]"
heft_colocation,hybrid_homo,3,maddid0000018|maddid0000037|mbackgroundid0000013|mbackgroundid0000014|mbackgroundid0000016|mbackgroundid0000032|mbackgroundid0000033|mbackgroundid0000034|mbackgroundid0000035|mbackgroundid0000052|mbackgroundid0000053|mbackgroundid0000054|mbgmodelid0000050|mconcatfitid0000011|mconcatfitid0000030|mdifffitid0000005|mdifffitid0000010|mdifffitid0000025|mdifffitid0000027|mdifffitid0000029|mdifffitid0000043|mdifffitid0000044|mdifffitid0000048|mimgtblid0000017|mimgtblid0000036|mprojectid0000004|mprojectid0000039|mviewerid0000038|mviewerid0000058,0.200000,95.151000,0.482974,0.607531,118.113160,0.000000,0.000000,true,0.595000,8,2.202000,"{""h4d-standard-192-5"":15,""h4d-standard-192-6"":43}","{""bora009"":0,""bora010"":0,""h4d-standard-192-5"":0.006918,""h4d-standard-192-6"":0.010645}",[]
prism_cc_cost,hybrid_homo,3,maddid0000018|maddid0000037|mbackgroundid0000013|mbackgroundid0000014|mbackgroundid0000016|mbackgroundid0000032|mbackgroundid0000033|mbackgroundid0000034|mbackgroundid0000035|mbackgroundid0000052|mbackgroundid0000053|mbackgroundid0000054|mbgmodelid0000050|mconcatfitid0000011|mconcatfitid0000030|mdifffitid0000005|mdifffitid0000010|mdifffitid0000025|mdifffitid0000027|mdifffitid0000029|mdifffitid0000043|mdifffitid0000044|mdifffitid0000048|mimgtblid0000017|mimgtblid0000036|mprojectid0000004|mprojectid0000039|mviewerid0000038|mviewerid0000058,0.200000,112.696000,0.357709,0.607531,118.113160,0.000000,0.000000,true,0.826000,3,502.253000,"{""bora009"":4,""bora010"":9,""h4d-standard-192-5"":42,""h4d-standard-192-6"":3}","{""bora009"":0.00066,""bora010"":0.004401,""h4d-standard-192-5"":0.012799,""h4d-standard-192-6"":0.001844}","[{""rank"":1,""recommended"":true,""feasible"":true,""budget_used"":0.357709,""budget_violation"":0,""makespan"":112.696,""deadline_violation"":0,""machine_signature"":""598d84a7b5d211de"",""weighted_score"":0.357709,""diversity_score"":3.275862},{""rank"":2,""recommended"":false,""feasible"":true,""budget_used"":0.383076,""budget_violation"":0,""makespan"":101.039,""deadline_violation"":0,""machine_signature"":""658c28a8acc18cae"",""weighted_score"":0.383076,""diversity_score"":2.137931},{""rank"":3,""recommended"":false,""feasible"":true,""budget_used"":0.482974,""budget_violation"":0,""makespan"":95.151,""deadline_violation"":0,""machine_signature"":""52b8fa882836bd5a"",""weighted_score"":0.482974,""diversity_score"":1.258621}]"
prism_cc_time,hybrid_homo,3,maddid0000018|maddid0000037|mbackgroundid0000013|mbackgroundid0000014|mbackgroundid0000016|mbackgroundid0000032|mbackgroundid0000033|mbackgroundid0000034|mbackgroundid0000035|mbackgroundid0000052|mbackgroundid0000053|mbackgroundid0000054|mbgmodelid0000050|mconcatfitid0000011|mconcatfitid0000030|mdifffitid0000005|mdifffitid0000010|mdifffitid0000025|mdifffitid0000027|mdifffitid0000029|mdifffitid0000043|mdifffitid0000044|mdifffitid0000048|mimgtblid0000017|mimgtblid0000036|mprojectid0000004|mprojectid0000039|mviewerid0000038|mviewerid0000058,0.200000,95.151000,0.482974,0.607531,118.113160,0.000000,0.000000,true,0.595000,8,502.253000,"{""h4d-standard-192-5"":15,""h4d-standard-192-6"":43}","{""bora009"":0,""bora010"":0,""h4d-standard-192-5"":0.006918,""h4d-standard-192-6"":0.010645}","[{""rank"":1,""recommended"":true,""feasible"":true,""budget_used"":0.482974,""budget_violation"":0,""makespan"":95.151,""deadline_violation"":0,""machine_signature"":""52b8fa882836bd5a"",""weighted_score"":0.844316,""diversity_score"":1.258621},{""rank"":2,""recommended"":false,""feasible"":true,""budget_used"":0.383076,""budget_violation"":0,""makespan"":101.039,""deadline_violation"":0,""machine_signature"":""658c28a8acc18cae"",""weighted_score"":0.896562,""diversity_score"":2.137931},{""rank"":3,""recommended"":false,""feasible"":true,""budget_used"":0.357709,""budget_violation"":0,""makespan"":112.696,""deadline_violation"":0,""machine_signature"":""598d84a7b5d211de"",""weighted_score"":1,""diversity_score"":3.275862}]"
heft_colocation,hybrid_raspberry_500mbps,3,maddid0000018|maddid0000037|mbackgroundid0000013|mbackgroundid0000014|mbackgroundid0000016|mbackgroundid0000032|mbackgroundid0000033|mbackgroundid0000034|mbackgroundid0000035|mbackgroundid0000052|mbackgroundid0000053|mbackgroundid0000054|mbgmodelid0000050|mconcatfitid0000011|mconcatfitid0000030|mdifffitid0000005|mdifffitid0000010|mdifffitid0000025|mdifffitid0000027|mdifffitid0000029|mdifffitid0000043|mdifffitid0000044|mdifffitid0000048|mimgtblid0000017|mimgtblid0000036|mprojectid0000004|mprojectid0000039|mviewerid0000038|mviewerid0000058,0.200000,135.525000,0.169412,0.533583,179.300320,0.000000,0.000000,true,11.250000,23,2.229000,"{""cloud-node-02"":58}","{""cloud-node-01"":0,""cloud-node-02"":0.073799,""hpc-node-01"":0,""hpc-node-02"":0,""rpi-edge-01"":0,""rpi-edge-02"":0,""rpi-edge-03"":0,""rpi-edge-04"":0,""rpi-edge-05"":0,""rpi-edge-06"":0,""rpi-edge-07"":0,""rpi-edge-08"":0,""rpi-edge-09"":0,""rpi-edge-10"":0}",[]
prism_cc_cost,hybrid_raspberry_500mbps,3,maddid0000018|maddid0000037|mbackgroundid0000013|mbackgroundid0000014|mbackgroundid0000016|mbackgroundid0000032|mbackgroundid0000033|mbackgroundid0000034|mbackgroundid0000035|mbackgroundid0000052|mbackgroundid0000053|mbackgroundid0000054|mbgmodelid0000050|mconcatfitid0000011|mconcatfitid0000030|mdifffitid0000005|mdifffitid0000010|mdifffitid0000025|mdifffitid0000027|mdifffitid0000029|mdifffitid0000043|mdifffitid0000044|mdifffitid0000048|mimgtblid0000017|mimgtblid0000036|mprojectid0000004|mprojectid0000039|mviewerid0000038|mviewerid0000058,0.200000,135.525000,0.169412,0.533583,179.300320,0.000000,0.000000,true,11.250000,23,705.251000,"{""cloud-node-02"":58}","{""cloud-node-01"":0,""cloud-node-02"":0.073799,""hpc-node-01"":0,""hpc-node-02"":0,""rpi-edge-01"":0,""rpi-edge-02"":0,""rpi-edge-03"":0,""rpi-edge-04"":0,""rpi-edge-05"":0,""rpi-edge-06"":0,""rpi-edge-07"":0,""rpi-edge-08"":0,""rpi-edge-09"":0,""rpi-edge-10"":0}","[{""rank"":1,""recommended"":true,""feasible"":true,""budget_used"":0.169412,""budget_violation"":0,""makespan"":135.525,""deadline_violation"":0,""machine_signature"":""1437191e71471fb5"",""weighted_score"":0.169412,""diversity_score"":0}]"
prism_cc_time,hybrid_raspberry_500mbps,3,maddid0000018|maddid0000037|mbackgroundid0000013|mbackgroundid0000014|mbackgroundid0000016|mbackgroundid0000032|mbackgroundid0000033|mbackgroundid0000034|mbackgroundid0000035|mbackgroundid0000052|mbackgroundid0000053|mbackgroundid0000054|mbgmodelid0000050|mconcatfitid0000011|mconcatfitid0000030|mdifffitid0000005|mdifffitid0000010|mdifffitid0000025|mdifffitid0000027|mdifffitid0000029|mdifffitid0000043|mdifffitid0000044|mdifffitid0000048|mimgtblid0000017|mimgtblid0000036|mprojectid0000004|mprojectid0000039|mviewerid0000038|mviewerid0000058,0.200000,135.525000,0.169412,0.533583,179.300320,0.000000,0.000000,true,11.250000,23,705.251000,"{""cloud-node-02"":58}","{""cloud-node-01"":0,""cloud-node-02"":0.073799,""hpc-node-01"":0,""hpc-node-02"":0,""rpi-edge-01"":0,""rpi-edge-02"":0,""rpi-edge-03"":0,""rpi-edge-04"":0,""rpi-edge-05"":0,""rpi-edge-06"":0,""rpi-edge-07"":0,""rpi-edge-08"":0,""rpi-edge-09"":0,""rpi-edge-10"":0}","[{""rank"":1,""recommended"":true,""feasible"":true,""budget_used"":0.169412,""budget_violation"":0,""makespan"":135.525,""deadline_violation"":0,""machine_signature"":""1437191e71471fb5"",""weighted_score"":1,""diversity_score"":0}]"
heft_colocation,cloud_hetero,4,maddid0000056|mbackgroundid0000013|mbackgroundid0000016|mbackgroundid0000032|mbackgroundid0000033|mbackgroundid0000034|mbackgroundid0000052|mbackgroundid0000053|mdifffitid0000005|mdifffitid0000006|mdifffitid0000009|mdifffitid0000010|mdifffitid0000027|mdifffitid0000028|mdifffitid0000044|mdifffitid0000045|mdifffitid0000047|mdifffitid0000048|mimgtblid0000036|mimgtblid0000055|mprojectid0000001|mprojectid0000003|mprojectid0000021|mprojectid0000022|mprojectid0000023|mprojectid0000039|mprojectid0000040|mviewerid0000038|mviewerid0000058,0.200000,103.641000,0.556666,0.641828,118.113160,0.000000,0.000000,true,37.967000,23,2.053000,"{""h4d-highmem-192-1"":41,""h4d-standard-192-1"":17}","{""h3-standard-88-1"":0,""h3-standard-88-2"":0,""h4d-highmem-192-1"":0.01007,""h4d-standard-192-1"":0.007933}",[]
prism_cc_cost,cloud_hetero,4,maddid0000056|mbackgroundid0000013|mbackgroundid0000016|mbackgroundid0000032|mbackgroundid0000033|mbackgroundid0000034|mbackgroundid0000052|mbackgroundid0000053|mdifffitid0000005|mdifffitid0000006|mdifffitid0000009|mdifffitid0000010|mdifffitid0000027|mdifffitid0000028|mdifffitid0000044|mdifffitid0000045|mdifffitid0000047|mdifffitid0000048|mimgtblid0000036|mimgtblid0000055|mprojectid0000001|mprojectid0000003|mprojectid0000021|mprojectid0000022|mprojectid0000023|mprojectid0000039|mprojectid0000040|mviewerid0000038|mviewerid0000058,0.200000,106.799000,0.232991,0.641828,118.113160,0.000000,0.000000,true,92.197000,53,302.906000,"{""h4d-standard-192-1"":58}","{""h3-standard-88-1"":0,""h3-standard-88-2"":0,""h4d-highmem-192-1"":0,""h4d-standard-192-1"":0.020115}","[{""rank"":1,""recommended"":true,""feasible"":true,""budget_used"":0.232991,""budget_violation"":0,""makespan"":106.799,""deadline_violation"":0,""machine_signature"":""c374b4fef721a990"",""weighted_score"":0.232991,""diversity_score"":0},{""rank"":2,""recommended"":false,""feasible"":true,""budget_used"":0.556666,""budget_violation"":0,""makespan"":103.641,""deadline_violation"":0,""machine_signature"":""6b6b6212484d3cab"",""weighted_score"":0.556666,""diversity_score"":1.293103}]"
prism_cc_time,cloud_hetero,4,maddid0000056|mbackgroundid0000013|mbackgroundid0000016|mbackgroundid0000032|mbackgroundid0000033|mbackgroundid0000034|mbackgroundid0000052|mbackgroundid0000053|mdifffitid0000005|mdifffitid0000006|mdifffitid0000009|mdifffitid0000010|mdifffitid0000027|mdifffitid0000028|mdifffitid0000044|mdifffitid0000045|mdifffitid0000047|mdifffitid0000048|mimgtblid0000036|mimgtblid0000055|mprojectid0000001|mprojectid0000003|mprojectid0000021|mprojectid0000022|mprojectid0000023|mprojectid0000039|mprojectid0000040|mviewerid0000038|mviewerid0000058,0.200000,103.641000,0.556666,0.641828,118.113160,0.000000,0.000000,true,37.967000,23,302.906000,"{""h4d-highmem-192-1"":41,""h4d-standard-192-1"":17}","{""h3-standard-88-1"":0,""h3-standard-88-2"":0,""h4d-highmem-192-1"":0.01007,""h4d-standard-192-1"":0.007933}","[{""rank"":1,""recommended"":true,""feasible"":true,""budget_used"":0.556666,""budget_violation"":0,""makespan"":103.641,""deadline_violation"":0,""machine_signature"":""6b6b6212484d3cab"",""weighted_score"":0.97043,""diversity_score"":1.293103},{""rank"":2,""recommended"":false,""feasible"":true,""budget_used"":0.232991,""budget_violation"":0,""makespan"":106.799,""deadline_violation"":0,""machine_signature"":""c374b4fef721a990"",""weighted_score"":1,""diversity_score"":0}]"
heft_colocation,cloud_homo,4,maddid0000056|mbackgroundid0000013|mbackgroundid0000016|mbackgroundid0000032|mbackgroundid0000033|mbackgroundid0000034|mbackgroundid0000052|mbackgroundid0000053|mdifffitid0000005|mdifffitid0000006|mdifffitid0000009|mdifffitid0000010|mdifffitid0000027|mdifffitid0000028|mdifffitid0000044|mdifffitid0000045|mdifffitid0000047|mdifffitid0000048|mimgtblid0000036|mimgtblid0000055|mprojectid0000001|mprojectid0000003|mprojectid0000021|mprojectid0000022|mprojectid0000023|mprojectid0000039|mprojectid0000040|mviewerid0000038|mviewerid0000058,0.200000,99.816000,0.888787,1.059152,119.559000,0.000000,0.000000,true,10.725000,7,3.320000,"{""h4d-standard-192-1"":17,""h4d-standard-192-2"":16,""h4d-standard-192-3"":8,""h4d-standard-192-4"":17}","{""h4d-standard-192-1"":0.004019,""h4d-standard-192-2"":0.004107,""h4d-standard-192-3"":0.003835,""h4d-standard-192-4"":0.005309}",[]
prism_cc_cost,cloud_homo,4,maddid0000056|mbackgroundid0000013|mbackgroundid0000016|mbackgroundid0000032|mbackgroundid0000033|mbackgroundid0000034|mbackgroundid0000052|mbackgroundid0000053|mdifffitid0000005|mdifffitid0000006|mdifffitid0000009|mdifffitid0000010|mdifffitid0000027|mdifffitid0000028|mdifffitid0000044|mdifffitid0000045|mdifffitid0000047|mdifffitid0000048|mimgtblid0000036|mimgtblid0000055|mprojectid0000001|mprojectid0000003|mprojectid0000021|mprojectid0000022|mprojectid0000023|mprojectid0000039|mprojectid0000040|mviewerid0000038|mviewerid0000058,0.200000,105.193000,0.229493,1.059152,119.559000,0.000000,0.000000,true,91.798000,52,314.647000,"{""h4d-standard-192-1"":58}","{""h4d-standard-192-1"":0.020402,""h4d-standard-192-2"":0,""h4d-standard-192-3"":0,""h4d-standard-192-4"":0}","[{""rank"":1,""recommended"":true,""feasible"":true,""budget_used"":0.229493,""budget_violation"":0,""makespan"":105.193,""deadline_violation"":0,""machine_signature"":""d9aa310274e60a59"",""weighted_score"":0.229493,""diversity_score"":0},{""rank"":2,""recommended"":false,""feasible"":true,""budget_used"":0.888787,""budget_violation"":0,""makespan"":99.816,""deadline_violation"":0,""machine_signature"":""aad3d56e6378fb03"",""weighted_score"":0.888787,""diversity_score"":3.706897}]"
prism_cc_time,cloud_homo,4,maddid0000056|mbackgroundid0000013|mbackgroundid0000016|mbackgroundid0000032|mbackgroundid0000033|mbackgroundid0000034|mbackgroundid0000052|mbackgroundid0000053|mdifffitid0000005|mdifffitid0000006|mdifffitid0000009|mdifffitid0000010|mdifffitid0000027|mdifffitid0000028|mdifffitid0000044|mdifffitid0000045|mdifffitid0000047|mdifffitid0000048|mimgtblid0000036|mimgtblid0000055|mprojectid0000001|mprojectid0000003|mprojectid0000021|mprojectid0000022|mprojectid0000023|mprojectid0000039|mprojectid0000040|mviewerid0000038|mviewerid0000058,0.200000,99.816000,0.888787,1.059152,119.559000,0.000000,0.000000,true,10.725000,7,314.647000,"{""h4d-standard-192-1"":17,""h4d-standard-192-2"":16,""h4d-standard-192-3"":8,""h4d-standard-192-4"":17}","{""h4d-standard-192-1"":0.004019,""h4d-standard-192-2"":0.004107,""h4d-standard-192-3"":0.003835,""h4d-standard-192-4"":0.005309}","[{""rank"":1,""recommended"":true,""feasible"":true,""budget_used"":0.888787,""budget_violation"":0,""makespan"":99.816,""deadline_violation"":0,""machine_signature"":""aad3d56e6378fb03"",""weighted_score"":0.948884,""diversity_score"":3.706897},{""rank"":2,""recommended"":false,""feasible"":true,""budget_used"":0.229493,""budget_violation"":0,""makespan"":105.193,""deadline_violation"":0,""machine_signature"":""d9aa310274e60a59"",""weighted_score"":1,""diversity_score"":0}]"
heft_colocation,cluster_hetero,4,maddid0000056|mbackgroundid0000013|mbackgroundid0000016|mbackgroundid0000032|mbackgroundid0000033|mbackgroundid0000034|mbackgroundid0000052|mbackgroundid0000053|mdifffitid0000005|mdifffitid0000006|mdifffitid0000009|mdifffitid0000010|mdifffitid0000027|mdifffitid0000028|mdifffitid0000044|mdifffitid0000045|mdifffitid0000047|mdifffitid0000048|mimgtblid0000036|mimgtblid0000055|mprojectid0000001|mprojectid0000003|mprojectid0000021|mprojectid0000022|mprojectid0000023|mprojectid0000039|mprojectid0000040|mviewerid0000038|mviewerid0000058,0.200000,305.463000,0.000000,0.000000,353.759520,0.000000,0.000000,true,101.824000,15,0.932000,"{""bora005"":23,""bora006"":19,""diablo01"":6,""diablo02"":10}","{""bora005"":0.085778,""bora006"":0.060701,""diablo01"":0.005637,""diablo02"":0.011259}",[]
prism_cc_cost,cluster_hetero,4,maddid0000056|mbackgroundid0000013|mbackgroundid0000016|mbackgroundid0000032|mbackgroundid0000033|mbackgroundid0000034|mbackgroundid0000052|mbackgroundid0000053|mdifffitid0000005|mdifffitid0000006|mdifffitid0000009|mdifffitid0000010|mdifffitid0000027|mdifffitid0000028|mdifffitid0000044|mdifffitid0000045|mdifffitid0000047|mdifffitid0000048|mimgtblid0000036|mimgtblid0000055|mprojectid0000001|mprojectid0000003|mprojectid0000021|mprojectid0000022|mprojectid0000023|mprojectid0000039|mprojectid0000040|mviewerid0000038|mviewerid0000058,0.200000,305.463000,0.000000,0.000000,353.759520,0.000000,0.000000,true,101.824000,15,190.644000,"{""bora005"":23,""bora006"":19,""diablo01"":6,""diablo02"":10}","{""bora005"":0.085778,""bora006"":0.060701,""diablo01"":0.005637,""diablo02"":0.011259}","[{""rank"":1,""recommended"":true,""feasible"":true,""budget_used"":0,""budget_violation"":0,""makespan"":305.463,""deadline_violation"":0,""machine_signature"":""5be777f1d948c106"",""weighted_score"":0,""diversity_score"":3.603448},{""rank"":2,""recommended"":false,""feasible"":true,""budget_used"":0,""budget_violation"":0,""makespan"":305.463,""deadline_violation"":0,""machine_signature"":""f6506fccace4f665"",""weighted_score"":0,""diversity_score"":3.603448}]"
prism_cc_time,cluster_hetero,4,maddid0000056|mbackgroundid0000013|mbackgroundid0000016|mbackgroundid0000032|mbackgroundid0000033|mbackgroundid0000034|mbackgroundid0000052|mbackgroundid0000053|mdifffitid0000005|mdifffitid0000006|mdifffitid0000009|mdifffitid0000010|mdifffitid0000027|mdifffitid0000028|mdifffitid0000044|mdifffitid0000045|mdifffitid0000047|mdifffitid0000048|mimgtblid0000036|mimgtblid0000055|mprojectid0000001|mprojectid0000003|mprojectid0000021|mprojectid0000022|mprojectid0000023|mprojectid0000039|mprojectid0000040|mviewerid0000038|mviewerid0000058,0.200000,305.463000,0.000000,0.000000,353.759520,0.000000,0.000000,true,101.824000,15,190.644000,"{""bora005"":23,""bora006"":19,""diablo01"":6,""diablo02"":10}","{""bora005"":0.085778,""bora006"":0.060701,""diablo01"":0.005637,""diablo02"":0.011259}","[{""rank"":1,""recommended"":true,""feasible"":true,""budget_used"":0,""budget_violation"":0,""makespan"":305.463,""deadline_violation"":0,""machine_signature"":""5be777f1d948c106"",""weighted_score"":1,""diversity_score"":3.603448},{""rank"":2,""recommended"":false,""feasible"":true,""budget_used"":0,""budget_violation"":0,""makespan"":305.463,""deadline_violation"":0,""machine_signature"":""f6506fccace4f665"",""weighted_score"":1,""diversity_score"":3.603448}]"
heft_colocation,cluster_homo,4,maddid0000056|mbackgroundid0000013|mbackgroundid0000016|mbackgroundid0000032|mbackgroundid0000033|mbackgroundid0000034|mbackgroundid0000052|mbackgroundid0000053|mdifffitid0000005|mdifffitid0000006|mdifffitid0000009|mdifffitid0000010|mdifffitid0000027|mdifffitid0000028|mdifffitid0000044|mdifffitid0000045|mdifffitid0000047|mdifffitid0000048|mimgtblid0000036|mimgtblid0000055|mprojectid0000001|mprojectid0000003|mprojectid0000021|mprojectid0000022|mprojectid0000023|mprojectid0000039|mprojectid0000040|mviewerid0000038|mviewerid0000058,0.200000,287.957000,0.000000,0.000000,345.548400,0.000000,0.000000,true,62.234000,14,0.806000,"{""bora001"":18,""bora002"":17,""bora003"":7,""bora004"":16}","{""bora001"":0.041253,""bora002"":0.042545,""bora003"":0.038959,""bora004"":0.054366}",[]
prism_cc_cost,cluster_homo,4,maddid0000056|mbackgroundid0000013|mbackgroundid0000016|mbackgroundid0000032|mbackgroundid0000033|mbackgroundid0000034|mbackgroundid0000052|mbackgroundid0000053|mdifffitid0000005|mdifffitid0000006|mdifffitid0000009|mdifffitid0000010|mdifffitid0000027|mdifffitid0000028|mdifffitid0000044|mdifffitid0000045|mdifffitid0000047|mdifffitid0000048|mimgtblid0000036|mimgtblid0000055|mprojectid0000001|mprojectid0000003|mprojectid0000021|mprojectid0000022|mprojectid0000023|mprojectid0000039|mprojectid0000040|mviewerid0000038|mviewerid0000058,0.200000,287.957000,0.000000,0.000000,345.548400,0.000000,0.000000,true,62.234000,14,233.237000,"{""bora001"":18,""bora002"":17,""bora003"":7,""bora004"":16}","{""bora001"":0.041253,""bora002"":0.042545,""bora003"":0.038959,""bora004"":0.054366}","[{""rank"":1,""recommended"":true,""feasible"":true,""budget_used"":0,""budget_violation"":0,""makespan"":287.957,""deadline_violation"":0,""machine_signature"":""4cdcc7417a91bb2e"",""weighted_score"":0,""diversity_score"":3.689655},{""rank"":2,""recommended"":false,""feasible"":true,""budget_used"":0,""budget_violation"":0,""makespan"":287.957,""deadline_violation"":0,""machine_signature"":""2509b985e535d577"",""weighted_score"":0,""diversity_score"":3.689655}]"
prism_cc_time,cluster_homo,4,maddid0000056|mbackgroundid0000013|mbackgroundid0000016|mbackgroundid0000032|mbackgroundid0000033|mbackgroundid0000034|mbackgroundid0000052|mbackgroundid0000053|mdifffitid0000005|mdifffitid0000006|mdifffitid0000009|mdifffitid0000010|mdifffitid0000027|mdifffitid0000028|mdifffitid0000044|mdifffitid0000045|mdifffitid0000047|mdifffitid0000048|mimgtblid0000036|mimgtblid0000055|mprojectid0000001|mprojectid0000003|mprojectid0000021|mprojectid0000022|mprojectid0000023|mprojectid0000039|mprojectid0000040|mviewerid0000038|mviewerid0000058,0.200000,287.957000,0.000000,0.000000,345.548400,0.000000,0.000000,true,62.234000,14,233.237000,"{""bora001"":18,""bora002"":17,""bora003"":7,""bora004"":16}","{""bora001"":0.041253,""bora002"":0.042545,""bora003"":0.038959,""bora004"":0.054366}","[{""rank"":1,""recommended"":true,""feasible"":true,""budget_used"":0,""budget_violation"":0,""makespan"":287.957,""deadline_violation"":0,""machine_signature"":""4cdcc7417a91bb2e"",""weighted_score"":1,""diversity_score"":3.689655},{""rank"":2,""recommended"":false,""feasible"":true,""budget_used"":0,""budget_violation"":0,""makespan"":287.957,""deadline_violation"":0,""machine_signature"":""2509b985e535d577"",""weighted_score"":1,""diversity_score"":3.689655}]"
heft_colocation,hybrid_hetero,4,maddid0000056|mbackgroundid0000013|mbackgroundid0000016|mbackgroundid0000032|mbackgroundid0000033|mbackgroundid0000034|mbackgroundid0000052|mbackgroundid0000053|mdifffitid0000005|mdifffitid0000006|mdifffitid0000009|mdifffitid0000010|mdifffitid0000027|mdifffitid0000028|mdifffitid0000044|mdifffitid0000045|mdifffitid0000047|mdifffitid0000048|mimgtblid0000036|mimgtblid0000055|mprojectid0000001|mprojectid0000003|mprojectid0000021|mprojectid0000022|mprojectid0000023|mprojectid0000039|mprojectid0000040|mviewerid0000038|mviewerid0000058,0.200000,103.718000,0.302739,0.348827,119.109960,0.000000,0.000000,true,81.128000,49,2.186000,"{""h3-standard-88-2"":2,""h4d-standard-192-7"":56}","{""bora011"":0,""diablo03"":0,""h3-standard-88-2"":0.002065,""h4d-standard-192-7"":0.019674}",[]
prism_cc_cost,hybrid_hetero,4,maddid0000056|mbackgroundid0000013|mbackgroundid0000016|mbackgroundid0000032|mbackgroundid0000033|mbackgroundid0000034|mbackgroundid0000052|mbackgroundid0000053|mdifffitid0000005|mdifffitid0000006|mdifffitid0000009|mdifffitid0000010|mdifffitid0000027|mdifffitid0000028|mdifffitid0000044|mdifffitid0000045|mdifffitid0000047|mdifffitid0000048|mimgtblid0000036|mimgtblid0000055|mprojectid0000001|mprojectid0000003|mprojectid0000021|mprojectid0000022|mprojectid0000023|mprojectid0000039|mprojectid0000040|mviewerid0000038|mviewerid0000058,0.200000,116.241000,0.289768,0.348827,119.109960,0.000000,0.000000,true,81.128000,49,277.345000,"{""bora011"":4,""diablo03"":1,""h3-standard-88-2"":2,""h4d-standard-192-7"":51}","{""bora011"":0.00091,""diablo03"":0.000189,""h3-standard-88-2"":0.001843,""h4d-standard-192-7"":0.017515}","[{""rank"":1,""recommended"":true,""feasible"":true,""budget_used"":0.289768,""budget_violation"":0,""makespan"":116.241,""deadline_violation"":0,""machine_signature"":""69430a84befce8f7"",""weighted_score"":0.289768,""diversity_score"":3.12069},{""rank"":2,""recommended"":false,""feasible"":true,""budget_used"":0.302739,""budget_violation"":0,""makespan"":103.718,""deadline_violation"":0,""machine_signature"":""aaf93caa64ca3d47"",""weighted_score"":0.302739,""diversity_score"":1.034483}]"
prism_cc_time,hybrid_hetero,4,maddid0000056|mbackgroundid0000013|mbackgroundid0000016|mbackgroundid0000032|mbackgroundid0000033|mbackgroundid0000034|mbackgroundid0000052|mbackgroundid0000053|mdifffitid0000005|mdifffitid0000006|mdifffitid0000009|mdifffitid0000010|mdifffitid0000027|mdifffitid0000028|mdifffitid0000044|mdifffitid0000045|mdifffitid0000047|mdifffitid0000048|mimgtblid0000036|mimgtblid0000055|mprojectid0000001|mprojectid0000003|mprojectid0000021|mprojectid0000022|mprojectid0000023|mprojectid0000039|mprojectid0000040|mviewerid0000038|mviewerid0000058,0.200000,103.718000,0.302739,0.348827,119.109960,0.000000,0.000000,true,81.128000,49,277.345000,"{""h3-standard-88-2"":2,""h4d-standard-192-7"":56}","{""bora011"":0,""diablo03"":0,""h3-standard-88-2"":0.002065,""h4d-standard-192-7"":0.019674}","[{""rank"":1,""recommended"":true,""feasible"":true,""budget_used"":0.302739,""budget_violation"":0,""makespan"":103.718,""deadline_violation"":0,""machine_signature"":""aaf93caa64ca3d47"",""weighted_score"":0.892267,""diversity_score"":1.034483},{""rank"":2,""recommended"":false,""feasible"":true,""budget_used"":0.289768,""budget_violation"":0,""makespan"":116.241,""deadline_violation"":0,""machine_signature"":""69430a84befce8f7"",""weighted_score"":1,""diversity_score"":3.12069}]"
heft_colocation,hybrid_homo,4,maddid0000056|mbackgroundid0000013|mbackgroundid0000016|mbackgroundid0000032|mbackgroundid0000033|mbackgroundid0000034|mbackgroundid0000052|mbackgroundid0000053|mdifffitid0000005|mdifffitid0000006|mdifffitid0000009|mdifffitid0000010|mdifffitid0000027|mdifffitid0000028|mdifffitid0000044|mdifffitid0000045|mdifffitid0000047|mdifffitid0000048|mimgtblid0000036|mimgtblid0000055|mprojectid0000001|mprojectid0000003|mprojectid0000021|mprojectid0000022|mprojectid0000023|mprojectid0000039|mprojectid0000040|mviewerid0000038|mviewerid0000058,0.200000,103.641000,0.528184,0.607531,118.113160,0.000000,0.000000,true,37.967000,23,1.715000,"{""h4d-standard-192-5"":17,""h4d-standard-192-6"":41}","{""bora009"":0,""bora010"":0,""h4d-standard-192-5"":0.007933,""h4d-standard-192-6"":0.01007}",[]
prism_cc_cost,hybrid_homo,4,maddid0000056|mbackgroundid0000013|mbackgroundid0000016|mbackgroundid0000032|mbackgroundid0000033|mbackgroundid0000034|mbackgroundid0000052|mbackgroundid0000053|mdifffitid0000005|mdifffitid0000006|mdifffitid0000009|mdifffitid0000010|mdifffitid0000027|mdifffitid0000028|mdifffitid0000044|mdifffitid0000045|mdifffitid0000047|mdifffitid0000048|mimgtblid0000036|mimgtblid0000055|mprojectid0000001|mprojectid0000003|mprojectid0000021|mprojectid0000022|mprojectid0000023|mprojectid0000039|mprojectid0000040|mviewerid0000038|mviewerid0000058,0.200000,115.679000,0.517960,0.607531,118.113160,0.000000,0.000000,true,37.967000,23,387.833000,"{""bora010"":2,""h4d-standard-192-5"":17,""h4d-standard-192-6"":39}","{""bora009"":0,""bora010"":0.000813,""h4d-standard-192-5"":0.007107,""h4d-standard-192-6"":0.008994}","[{""rank"":1,""recommended"":true,""feasible"":true,""budget_used"":0.51796,""budget_violation"":0,""makespan"":115.679,""deadline_violation"":0,""machine_signature"":""683bcda4722d0917"",""weighted_score"":0.51796,""diversity_score"":2.327586},{""rank"":2,""recommended"":false,""feasible"":true,""budget_used"":0.528184,""budget_violation"":0,""makespan"":103.641,""deadline_violation"":0,""machine_signature"":""29e2a4c3a4933e46"",""weighted_score"":0.528184,""diversity_score"":1.293103},{""rank"":3,""recommended"":false,""feasible"":true,""budget_used"":0.528184,""budget_violation"":0,""makespan"":103.641,""deadline_violation"":0,""machine_signature"":""096cc39b18fc4a44"",""weighted_score"":0.528184,""diversity_score"":1.293103}]"
prism_cc_time,hybrid_homo,4,maddid0000056|mbackgroundid0000013|mbackgroundid0000016|mbackgroundid0000032|mbackgroundid0000033|mbackgroundid0000034|mbackgroundid0000052|mbackgroundid0000053|mdifffitid0000005|mdifffitid0000006|mdifffitid0000009|mdifffitid0000010|mdifffitid0000027|mdifffitid0000028|mdifffitid0000044|mdifffitid0000045|mdifffitid0000047|mdifffitid0000048|mimgtblid0000036|mimgtblid0000055|mprojectid0000001|mprojectid0000003|mprojectid0000021|mprojectid0000022|mprojectid0000023|mprojectid0000039|mprojectid0000040|mviewerid0000038|mviewerid0000058,0.200000,103.641000,0.528184,0.607531,118.113160,0.000000,0.000000,true,37.967000,23,387.833000,"{""h4d-standard-192-5"":17,""h4d-standard-192-6"":41}","{""bora009"":0,""bora010"":0,""h4d-standard-192-5"":0.007933,""h4d-standard-192-6"":0.01007}","[{""rank"":1,""recommended"":true,""feasible"":true,""budget_used"":0.528184,""budget_violation"":0,""makespan"":103.641,""deadline_violation"":0,""machine_signature"":""29e2a4c3a4933e46"",""weighted_score"":0.895936,""diversity_score"":1.293103},{""rank"":2,""recommended"":false,""feasible"":true,""budget_used"":0.528184,""budget_violation"":0,""makespan"":103.641,""deadline_violation"":0,""machine_signature"":""096cc39b18fc4a44"",""weighted_score"":0.895936,""diversity_score"":1.293103},{""rank"":3,""recommended"":false,""feasible"":true,""budget_used"":0.51796,""budget_violation"":0,""makespan"":115.679,""deadline_violation"":0,""machine_signature"":""683bcda4722d0917"",""weighted_score"":1,""diversity_score"":2.327586}]"
heft_colocation,hybrid_raspberry_500mbps,4,maddid0000056|mbackgroundid0000013|mbackgroundid0000016|mbackgroundid0000032|mbackgroundid0000033|mbackgroundid0000034|mbackgroundid0000052|mbackgroundid0000053|mdifffitid0000005|mdifffitid0000006|mdifffitid0000009|mdifffitid0000010|mdifffitid0000027|mdifffitid0000028|mdifffitid0000044|mdifffitid0000045|mdifffitid0000047|mdifffitid0000048|mimgtblid0000036|mimgtblid0000055|mprojectid0000001|mprojectid0000003|mprojectid0000021|mprojectid0000022|mprojectid0000023|mprojectid0000039|mprojectid0000040|mviewerid0000038|mviewerid0000058,0.200000,160.161000,0.539373,0.533583,179.300320,0.005800,0.000000,false,105.751000,35,2.478000,"{""cloud-node-02"":50,""hpc-node-02"":8}","{""cloud-node-01"":0,""cloud-node-02"":0.059179,""hpc-node-01"":0,""hpc-node-02"":0.038815,""rpi-edge-01"":0,""rpi-edge-02"":0,""rpi-edge-03"":0,""rpi-edge-04"":0,""rpi-edge-05"":0,""rpi-edge-06"":0,""rpi-edge-07"":0,""rpi-edge-08"":0,""rpi-edge-09"":0,""rpi-edge-10"":0}",[]
prism_cc_cost,hybrid_raspberry_500mbps,4,maddid0000056|mbackgroundid0000013|mbackgroundid0000016|mbackgroundid0000032|mbackgroundid0000033|mbackgroundid0000034|mbackgroundid0000052|mbackgroundid0000053|mdifffitid0000005|mdifffitid0000006|mdifffitid0000009|mdifffitid0000010|mdifffitid0000027|mdifffitid0000028|mdifffitid0000044|mdifffitid0000045|mdifffitid0000047|mdifffitid0000048|mimgtblid0000036|mimgtblid0000055|mprojectid0000001|mprojectid0000003|mprojectid0000021|mprojectid0000022|mprojectid0000023|mprojectid0000039|mprojectid0000040|mviewerid0000038|mviewerid0000058,0.200000,160.161000,0.539373,0.533583,179.300320,0.005800,0.000000,false,105.751000,35,509.406000,"{""cloud-node-02"":50,""hpc-node-02"":8}","{""cloud-node-01"":0,""cloud-node-02"":0.059179,""hpc-node-01"":0,""hpc-node-02"":0.038815,""rpi-edge-01"":0,""rpi-edge-02"":0,""rpi-edge-03"":0,""rpi-edge-04"":0,""rpi-edge-05"":0,""rpi-edge-06"":0,""rpi-edge-07"":0,""rpi-edge-08"":0,""rpi-edge-09"":0,""rpi-edge-10"":0}","[{""rank"":1,""recommended"":true,""feasible"":false,""budget_used"":0.539373,""budget_violation"":0.0058,""makespan"":160.161,""deadline_violation"":0,""machine_signature"":""2c612fdcf1d2883c"",""weighted_score"":0.539373,""diversity_score"":1.137931}]"
prism_cc_time,hybrid_raspberry_500mbps,4,maddid0000056|mbackgroundid0000013|mbackgroundid0000016|mbackgroundid0000032|mbackgroundid0000033|mbackgroundid0000034|mbackgroundid0000052|mbackgroundid0000053|mdifffitid0000005|mdifffitid0000006|mdifffitid0000009|mdifffitid0000010|mdifffitid0000027|mdifffitid0000028|mdifffitid0000044|mdifffitid0000045|mdifffitid0000047|mdifffitid0000048|mimgtblid0000036|mimgtblid0000055|mprojectid0000001|mprojectid0000003|mprojectid0000021|mprojectid0000022|mprojectid0000023|mprojectid0000039|mprojectid0000040|mviewerid0000038|mviewerid0000058,0.200000,160.161000,0.539373,0.533583,179.300320,0.005800,0.000000,false,105.751000,35,509.406000,"{""cloud-node-02"":50,""hpc-node-02"":8}","{""cloud-node-01"":0,""cloud-node-02"":0.059179,""hpc-node-01"":0,""hpc-node-02"":0.038815,""rpi-edge-01"":0,""rpi-edge-02"":0,""rpi-edge-03"":0,""rpi-edge-04"":0,""rpi-edge-05"":0,""rpi-edge-06"":0,""rpi-edge-07"":0,""rpi-edge-08"":0,""rpi-edge-09"":0,""rpi-edge-10"":0}","[{""rank"":1,""recommended"":true,""feasible"":false,""budget_used"":0.539373,""budget_violation"":0.0058,""makespan"":160.161,""deadline_violation"":0,""machine_signature"":""2c612fdcf1d2883c"",""weighted_score"":1,""diversity_score"":1.137931}]"
heft_colocation,cloud_hetero,5,maddid0000037|maddid0000056|mbackgroundid0000013|mbackgroundid0000014|mbackgroundid0000016|mbackgroundid0000033|mbackgroundid0000034|mbackgroundid0000035|mbackgroundid0000051|mbgmodelid0000012|mbgmodelid0000050|mconcatfitid0000011|mconcatfitid0000030|mconcatfitid0000049|mdifffitid0000007|mdifffitid0000024|mdifffitid0000028|mdifffitid0000045|mdifffitid0000048|mimgtblid0000017|mimgtblid0000036|mprojectid0000001|mprojectid0000004|mprojectid0000021|mprojectid0000023|mprojectid0000041|mviewerid0000038|mviewerid0000057|mviewerid0000058,0.200000,95.203000,0.509359,0.641828,118.113160,0.000000,0.000000,true,12.106000,11,1.952000,"{""h4d-highmem-192-1"":43,""h4d-standard-192-1"":15}","{""h3-standard-88-1"":0,""h3-standard-88-2"":0,""h4d-highmem-192-1"":0.010829,""h4d-standard-192-1"":0.007354}",[]
prism_cc_cost,cloud_hetero,5,maddid0000037|maddid0000056|mbackgroundid0000013|mbackgroundid0000014|mbackgroundid0000016|mbackgroundid0000033|mbackgroundid0000034|mbackgroundid0000035|mbackgroundid0000051|mbgmodelid0000012|mbgmodelid0000050|mconcatfitid0000011|mconcatfitid0000030|mconcatfitid0000049|mdifffitid0000007|mdifffitid0000024|mdifffitid0000028|mdifffitid0000045|mdifffitid0000048|mimgtblid0000017|mimgtblid0000036|mprojectid0000001|mprojectid0000004|mprojectid0000021|mprojectid0000023|mprojectid0000041|mviewerid0000038|mviewerid0000057|mviewerid0000058,0.200000,94.606000,0.206394,0.641828,118.113160,0.000000,0.000000,true,34.182000,22,226.969000,"{""h4d-standard-192-1"":58}","{""h3-standard-88-1"":0,""h3-standard-88-2"":0,""h4d-highmem-192-1"":0,""h4d-standard-192-1"":0.019513}","[{""rank"":1,""recommended"":true,""feasible"":true,""budget_used"":0.206394,""budget_violation"":0,""makespan"":94.606,""deadline_violation"":0,""machine_signature"":""c656bc216202e11e"",""weighted_score"":0.206394,""diversity_score"":0},{""rank"":2,""recommended"":false,""feasible"":true,""budget_used"":0.509359,""budget_violation"":0,""makespan"":95.203,""deadline_violation"":0,""machine_signature"":""f95971b84dc159dd"",""weighted_score"":0.509359,""diversity_score"":1.258621}]"
prism_cc_time,cloud_hetero,5,maddid0000037|maddid0000056|mbackgroundid0000013|mbackgroundid0000014|mbackgroundid0000016|mbackgroundid0000033|mbackgroundid0000034|mbackgroundid0000035|mbackgroundid0000051|mbgmodelid0000012|mbgmodelid0000050|mconcatfitid0000011|mconcatfitid0000030|mconcatfitid0000049|mdifffitid0000007|mdifffitid0000024|mdifffitid0000028|mdifffitid0000045|mdifffitid0000048|mimgtblid0000017|mimgtblid0000036|mprojectid0000001|mprojectid0000004|mprojectid0000021|mprojectid0000023|mprojectid0000041|mviewerid0000038|mviewerid0000057|mviewerid0000058,0.200000,94.606000,0.206394,0.641828,118.113160,0.000000,0.000000,true,34.182000,22,226.969000,"{""h4d-standard-192-1"":58}","{""h3-standard-88-1"":0,""h3-standard-88-2"":0,""h4d-highmem-192-1"":0,""h4d-standard-192-1"":0.019513}","[{""rank"":1,""recommended"":true,""feasible"":true,""budget_used"":0.206394,""budget_violation"":0,""makespan"":94.606,""deadline_violation"":0,""machine_signature"":""c656bc216202e11e"",""weighted_score"":0.993729,""diversity_score"":0},{""rank"":2,""recommended"":false,""feasible"":true,""budget_used"":0.509359,""budget_violation"":0,""makespan"":95.203,""deadline_violation"":0,""machine_signature"":""f95971b84dc159dd"",""weighted_score"":1,""diversity_score"":1.258621}]"
heft_colocation,cloud_homo,5,maddid0000037|maddid0000056|mbackgroundid0000013|mbackgroundid0000014|mbackgroundid0000016|mbackgroundid0000033|mbackgroundid0000034|mbackgroundid0000035|mbackgroundid0000051|mbgmodelid0000012|mbgmodelid0000050|mconcatfitid0000011|mconcatfitid0000030|mconcatfitid0000049|mdifffitid0000007|mdifffitid0000024|mdifffitid0000028|mdifffitid0000045|mdifffitid0000048|mimgtblid0000017|mimgtblid0000036|mprojectid0000001|mprojectid0000004|mprojectid0000021|mprojectid0000023|mprojectid0000041|mviewerid0000038|mviewerid0000057|mviewerid0000058,0.200000,99.816000,0.888794,1.059152,119.559000,0.000000,0.000000,true,1.925000,2,4.159000,"{""h4d-standard-192-1"":17,""h4d-standard-192-2"":16,""h4d-standard-192-3"":8,""h4d-standard-192-4"":17}","{""h4d-standard-192-1"":0.003877,""h4d-standard-192-2"":0.003804,""h4d-standard-192-3"":0.003826,""h4d-standard-192-4"":0.005304}",[]
prism_cc_cost,cloud_homo,5,maddid0000037|maddid0000056|mbackgroundid0000013|mbackgroundid0000014|mbackgroundid0000016|mbackgroundid0000033|mbackgroundid0000034|mbackgroundid0000035|mbackgroundid0000051|mbgmodelid0000012|mbgmodelid0000050|mconcatfitid0000011|mconcatfitid0000030|mconcatfitid0000049|mdifffitid0000007|mdifffitid0000024|mdifffitid0000028|mdifffitid0000045|mdifffitid0000048|mimgtblid0000017|mimgtblid0000036|mprojectid0000001|mprojectid0000004|mprojectid0000021|mprojectid0000023|mprojectid0000041|mviewerid0000038|mviewerid0000057|mviewerid0000058,0.200000,92.879000,0.202627,1.059152,119.559000,0.000000,0.000000,true,34.309000,25,268.732000,"{""h4d-standard-192-1"":58}","{""h4d-standard-192-1"":0.019883,""h4d-standard-192-2"":0,""h4d-standard-192-3"":0,""h4d-standard-192-4"":0}","[{""rank"":1,""recommended"":true,""feasible"":true,""budget_used"":0.202627,""budget_violation"":0,""makespan"":92.879,""deadline_violation"":0,""machine_signature"":""93ed2c882591fe52"",""weighted_score"":0.202627,""diversity_score"":0},{""rank"":2,""recommended"":false,""feasible"":true,""budget_used"":0.888794,""budget_violation"":0,""makespan"":99.816,""deadline_violation"":0,""machine_signature"":""badfea23a77203de"",""weighted_score"":0.888794,""diversity_score"":3.706897}]"
prism_cc_time,cloud_homo,5,maddid0000037|maddid0000056|mbackgroundid0000013|mbackgroundid0000014|mbackgroundid0000016|mbackgroundid0000033|mbackgroundid0000034|mbackgroundid0000035|mbackgroundid0000051|mbgmodelid0000012|mbgmodelid0000050|mconcatfitid0000011|mconcatfitid0000030|mconcatfitid0000049|mdifffitid0000007|mdifffitid0000024|mdifffitid0000028|mdifffitid0000045|mdifffitid0000048|mimgtblid0000017|mimgtblid0000036|mprojectid0000001|mprojectid0000004|mprojectid0000021|mprojectid0000023|mprojectid0000041|mviewerid0000038|mviewerid0000057|mviewerid0000058,0.200000,92.879000,0.202627,1.059152,119.559000,0.000000,0.000000,true,34.309000,25,268.732000,"{""h4d-standard-192-1"":58}","{""h4d-standard-192-1"":0.019883,""h4d-standard-192-2"":0,""h4d-standard-192-3"":0,""h4d-standard-192-4"":0}","[{""rank"":1,""recommended"":true,""feasible"":true,""budget_used"":0.202627,""budget_violation"":0,""makespan"":92.879,""deadline_violation"":0,""machine_signature"":""93ed2c882591fe52"",""weighted_score"":0.930502,""diversity_score"":0},{""rank"":2,""recommended"":false,""feasible"":true,""budget_used"":0.888794,""budget_violation"":0,""makespan"":99.816,""deadline_violation"":0,""machine_signature"":""badfea23a77203de"",""weighted_score"":1,""diversity_score"":3.706897}]"
heft_colocation,cluster_hetero,5,maddid0000037|maddid0000056|mbackgroundid0000013|mbackgroundid0000014|mbackgroundid0000016|mbackgroundid0000033|mbackgroundid0000034|mbackgroundid0000035|mbackgroundid0000051|mbgmodelid0000012|mbgmodelid0000050|mconcatfitid0000011|mconcatfitid0000030|mconcatfitid0000049|mdifffitid0000007|mdifffitid0000024|mdifffitid0000028|mdifffitid0000045|mdifffitid0000048|mimgtblid0000017|mimgtblid0000036|mprojectid0000001|mprojectid0000004|mprojectid0000021|mprojectid0000023|mprojectid0000041|mviewerid0000038|mviewerid0000057|mviewerid0000058,0.200000,287.957000,0.000000,0.000000,353.759520,0.000000,0.000000,true,48.579000,10,0.978000,"{""bora005"":36,""bora006"":20,""diablo01"":2}","{""bora005"":0.097991,""bora006"":0.072562,""diablo01"":0.003687,""diablo02"":0}",[]
prism_cc_cost,cluster_hetero,5,maddid0000037|maddid0000056|mbackgroundid0000013|mbackgroundid0000014|mbackgroundid0000016|mbackgroundid0000033|mbackgroundid0000034|mbackgroundid0000035|mbackgroundid0000051|mbgmodelid0000012|mbgmodelid0000050|mconcatfitid0000011|mconcatfitid0000030|mconcatfitid0000049|mdifffitid0000007|mdifffitid0000024|mdifffitid0000028|mdifffitid0000045|mdifffitid0000048|mimgtblid0000017|mimgtblid0000036|mprojectid0000001|mprojectid0000004|mprojectid0000021|mprojectid0000023|mprojectid0000041|mviewerid0000038|mviewerid0000057|mviewerid0000058,0.200000,287.957000,0.000000,0.000000,353.759520,0.000000,0.000000,true,48.579000,10,180.678000,"{""bora005"":36,""bora006"":20,""diablo01"":2}","{""bora005"":0.097991,""bora006"":0.072562,""diablo01"":0.003687,""diablo02"":0}","[{""rank"":1,""recommended"":true,""feasible"":true,""budget_used"":0,""budget_violation"":0,""makespan"":287.957,""deadline_violation"":0,""machine_signature"":""f94f197c222bddd0"",""weighted_score"":0,""diversity_score"":3.465517},{""rank"":2,""recommended"":false,""feasible"":true,""budget_used"":0,""budget_violation"":0,""makespan"":287.957,""deadline_violation"":0,""machine_signature"":""d58c56b92f0896f1"",""weighted_score"":0,""diversity_score"":2.37931}]"
prism_cc_time,cluster_hetero,5,maddid0000037|maddid0000056|mbackgroundid0000013|mbackgroundid0000014|mbackgroundid0000016|mbackgroundid0000033|mbackgroundid0000034|mbackgroundid0000035|mbackgroundid0000051|mbgmodelid0000012|mbgmodelid0000050|mconcatfitid0000011|mconcatfitid0000030|mconcatfitid0000049|mdifffitid0000007|mdifffitid0000024|mdifffitid0000028|mdifffitid0000045|mdifffitid0000048|mimgtblid0000017|mimgtblid0000036|mprojectid0000001|mprojectid0000004|mprojectid0000021|mprojectid0000023|mprojectid0000041|mviewerid0000038|mviewerid0000057|mviewerid0000058,0.200000,287.957000,0.000000,0.000000,353.759520,0.000000,0.000000,true,48.579000,10,180.678000,"{""bora005"":36,""bora006"":20,""diablo01"":2}","{""bora005"":0.097991,""bora006"":0.072562,""diablo01"":0.003687,""diablo02"":0}","[{""rank"":1,""recommended"":true,""feasible"":true,""budget_used"":0,""budget_violation"":0,""makespan"":287.957,""deadline_violation"":0,""machine_signature"":""f94f197c222bddd0"",""weighted_score"":1,""diversity_score"":3.465517},{""rank"":2,""recommended"":false,""feasible"":true,""budget_used"":0,""budget_violation"":0,""makespan"":287.957,""deadline_violation"":0,""machine_signature"":""d58c56b92f0896f1"",""weighted_score"":1,""diversity_score"":2.37931}]"
heft_colocation,cluster_homo,5,maddid0000037|maddid0000056|mbackgroundid0000013|mbackgroundid0000014|mbackgroundid0000016|mbackgroundid0000033|mbackgroundid0000034|mbackgroundid0000035|mbackgroundid0000051|mbgmodelid0000012|mbgmodelid0000050|mconcatfitid0000011|mconcatfitid0000030|mconcatfitid0000049|mdifffitid0000007|mdifffitid0000024|mdifffitid0000028|mdifffitid0000045|mdifffitid0000048|mimgtblid0000017|mimgtblid0000036|mprojectid0000001|mprojectid0000004|mprojectid0000021|mprojectid0000023|mprojectid0000041|mviewerid0000038|mviewerid0000057|mviewerid0000058,0.200000,287.957000,0.000000,0.000000,345.548400,0.000000,0.000000,true,11.825000,4,0.766000,"{""bora001"":18,""bora002"":16,""bora003"":8,""bora004"":16}","{""bora001"":0.0398,""bora002"":0.039016,""bora003"":0.039174,""bora004"":0.054271}",[]
prism_cc_cost,cluster_homo,5,maddid0000037|maddid0000056|mbackgroundid0000013|mbackgroundid0000014|mbackgroundid0000016|mbackgroundid0000033|mbackgroundid0000034|mbackgroundid0000035|mbackgroundid0000051|mbgmodelid0000012|mbgmodelid0000050|mconcatfitid0000011|mconcatfitid0000030|mconcatfitid0000049|mdifffitid0000007|mdifffitid0000024|mdifffitid0000028|mdifffitid0000045|mdifffitid0000048|mimgtblid0000017|mimgtblid0000036|mprojectid0000001|mprojectid0000004|mprojectid0000021|mprojectid0000023|mprojectid0000041|mviewerid0000038|mviewerid0000057|mviewerid0000058,0.200000,287.957000,0.000000,0.000000,345.548400,0.000000,0.000000,true,11.825000,4,135.331000,"{""bora001"":18,""bora002"":16,""bora003"":8,""bora004"":16}","{""bora001"":0.0398,""bora002"":0.039016,""bora003"":0.039174,""bora004"":0.054271}","[{""rank"":1,""recommended"":true,""feasible"":true,""budget_used"":0,""budget_violation"":0,""makespan"":287.957,""deadline_violation"":0,""machine_signature"":""0ee0b179b11779c6"",""weighted_score"":0,""diversity_score"":3.689655},{""rank"":2,""recommended"":false,""feasible"":true,""budget_used"":0,""budget_violation"":0,""makespan"":287.957,""deadline_violation"":0,""machine_signature"":""62b61feaecd2223c"",""weighted_score"":0,""diversity_score"":3.689655}]"
prism_cc_time,cluster_homo,5,maddid0000037|maddid0000056|mbackgroundid0000013|mbackgroundid0000014|mbackgroundid0000016|mbackgroundid0000033|mbackgroundid0000034|mbackgroundid0000035|mbackgroundid0000051|mbgmodelid0000012|mbgmodelid0000050|mconcatfitid0000011|mconcatfitid0000030|mconcatfitid0000049|mdifffitid0000007|mdifffitid0000024|mdifffitid0000028|mdifffitid0000045|mdifffitid0000048|mimgtblid0000017|mimgtblid0000036|mprojectid0000001|mprojectid0000004|mprojectid0000021|mprojectid0000023|mprojectid0000041|mviewerid0000038|mviewerid0000057|mviewerid0000058,0.200000,287.957000,0.000000,0.000000,345.548400,0.000000,0.000000,true,11.825000,4,135.331000,"{""bora001"":18,""bora002"":16,""bora003"":8,""bora004"":16}","{""bora001"":0.0398,""bora002"":0.039016,""bora003"":0.039174,""bora004"":0.054271}","[{""rank"":1,""recommended"":true,""feasible"":true,""budget_used"":0,""budget_violation"":0,""makespan"":287.957,""deadline_violation"":0,""machine_signature"":""0ee0b179b11779c6"",""weighted_score"":1,""diversity_score"":3.689655},{""rank"":2,""recommended"":false,""feasible"":true,""budget_used"":0,""budget_violation"":0,""makespan"":287.957,""deadline_violation"":0,""machine_signature"":""62b61feaecd2223c"",""weighted_score"":1,""diversity_score"":3.689655}]"
heft_colocation,hybrid_hetero,5,maddid0000037|maddid0000056|mbackgroundid0000013|mbackgroundid0000014|mbackgroundid0000016|mbackgroundid0000033|mbackgroundid0000034|mbackgroundid0000035|mbackgroundid0000051|mbgmodelid0000012|mbgmodelid0000050|mconcatfitid0000011|mconcatfitid0000030|mconcatfitid0000049|mdifffitid0000007|mdifffitid0000024|mdifffitid0000028|mdifffitid0000045|mdifffitid0000048|mimgtblid0000017|mimgtblid0000036|mprojectid0000001|mprojectid0000004|mprojectid0000021|mprojectid0000023|mprojectid0000041|mviewerid0000038|mviewerid0000057|mviewerid0000058,0.200000,92.950000,0.202781,0.348827,119.109960,0.000000,0.000000,true,34.197000,20,1.633000,"{""h4d-standard-192-7"":58}","{""bora011"":0,""diablo03"":0,""h3-standard-88-2"":0,""h4d-standard-192-7"":0.019862}",[]
prism_cc_cost,hybrid_hetero,5,maddid0000037|maddid0000056|mbackgroundid0000013|mbackgroundid0000014|mbackgroundid0000016|mbackgroundid0000033|mbackgroundid0000034|mbackgroundid0000035|mbackgroundid0000051|mbgmodelid0000012|mbgmodelid0000050|mconcatfitid0000011|mconcatfitid0000030|mconcatfitid0000049|mdifffitid0000007|mdifffitid0000024|mdifffitid0000028|mdifffitid0000045|mdifffitid0000048|mimgtblid0000017|mimgtblid0000036|mprojectid0000001|mprojectid0000004|mprojectid0000021|mprojectid0000023|mprojectid0000041|mviewerid0000038|mviewerid0000057|mviewerid0000058,0.200000,112.703000,0.165775,0.348827,119.109960,0.000000,0.000000,true,34.564000,18,273.575000,"{""bora011"":12,""diablo03"":3,""h4d-standard-192-7"":43}","{""bora011"":0.003455,""diablo03"":0.001025,""h3-standard-88-2"":0,""h4d-standard-192-7"":0.016208}","[{""rank"":1,""recommended"":true,""feasible"":true,""budget_used"":0.165775,""budget_violation"":0,""makespan"":112.703,""deadline_violation"":0,""machine_signature"":""a8fc7c8acb4906d7"",""weighted_score"":0.165775,""diversity_score"":2.258621},{""rank"":2,""recommended"":false,""feasible"":true,""budget_used"":0.202781,""budget_violation"":0,""makespan"":92.95,""deadline_violation"":0,""machine_signature"":""19ef87e3bdebfd59"",""weighted_score"":0.202781,""diversity_score"":0}]"
prism_cc_time,hybrid_hetero,5,maddid0000037|maddid0000056|mbackgroundid0000013|mbackgroundid0000014|mbackgroundid0000016|mbackgroundid0000033|mbackgroundid0000034|mbackgroundid0000035|mbackgroundid0000051|mbgmodelid0000012|mbgmodelid0000050|mconcatfitid0000011|mconcatfitid0000030|mconcatfitid0000049|mdifffitid0000007|mdifffitid0000024|mdifffitid0000028|mdifffitid0000045|mdifffitid0000048|mimgtblid0000017|mimgtblid0000036|mprojectid0000001|mprojectid0000004|mprojectid0000021|mprojectid0000023|mprojectid0000041|mviewerid0000038|mviewerid0000057|mviewerid0000058,0.200000,92.950000,0.202781,0.348827,119.109960,0.000000,0.000000,true,34.197000,20,273.575000,"{""h4d-standard-192-7"":58}","{""bora011"":0,""diablo03"":0,""h3-standard-88-2"":0,""h4d-standard-192-7"":0.019862}","[{""rank"":1,""recommended"":true,""feasible"":true,""budget_used"":0.202781,""budget_violation"":0,""makespan"":92.95,""deadline_violation"":0,""machine_signature"":""19ef87e3bdebfd59"",""weighted_score"":0.824734,""diversity_score"":0},{""rank"":2,""recommended"":false,""feasible"":true,""budget_used"":0.165775,""budget_violation"":0,""makespan"":112.703,""deadline_violation"":0,""machine_signature"":""a8fc7c8acb4906d7"",""weighted_score"":1,""diversity_score"":2.258621}]"
heft_colocation,hybrid_homo,5,maddid0000037|maddid0000056|mbackgroundid0000013|mbackgroundid0000014|mbackgroundid0000016|mbackgroundid0000033|mbackgroundid0000034|mbackgroundid0000035|mbackgroundid0000051|mbgmodelid0000012|mbgmodelid0000050|mconcatfitid0000011|mconcatfitid0000030|mconcatfitid0000049|mdifffitid0000007|mdifffitid0000024|mdifffitid0000028|mdifffitid0000045|mdifffitid0000048|mimgtblid0000017|mimgtblid0000036|mprojectid0000001|mprojectid0000004|mprojectid0000021|mprojectid0000023|mprojectid0000041|mviewerid0000038|mviewerid0000057|mviewerid0000058,0.200000,95.203000,0.483195,0.607531,118.113160,0.000000,0.000000,true,12.106000,11,1.716000,"{""h4d-standard-192-5"":15,""h4d-standard-192-6"":43}","{""bora009"":0,""bora010"":0,""h4d-standard-192-5"":0.007354,""h4d-standard-192-6"":0.010829}",[]
prism_cc_cost,hybrid_homo,5,maddid0000037|maddid0000056|mbackgroundid0000013|mbackgroundid0000014|mbackgroundid0000016|mbackgroundid0000033|mbackgroundid0000034|mbackgroundid0000035|mbackgroundid0000051|mbgmodelid0000012|mbgmodelid0000050|mconcatfitid0000011|mconcatfitid0000030|mconcatfitid0000049|mdifffitid0000007|mdifffitid0000024|mdifffitid0000028|mdifffitid0000045|mdifffitid0000048|mimgtblid0000017|mimgtblid0000036|mprojectid0000001|mprojectid0000004|mprojectid0000021|mprojectid0000023|mprojectid0000041|mviewerid0000038|mviewerid0000057|mviewerid0000058,0.200000,117.203000,0.356439,0.607531,118.113160,0.000000,0.000000,true,18.191000,10,336.531000,"{""bora009"":2,""bora010"":3,""h4d-standard-192-5"":52,""h4d-standard-192-6"":1}","{""bora009"":0.001337,""bora010"":0.001805,""h4d-standard-192-5"":0.013048,""h4d-standard-192-6"":0.001886}","[{""rank"":1,""recommended"":true,""feasible"":true,""budget_used"":0.356439,""budget_violation"":0,""makespan"":117.203,""deadline_violation"":0,""machine_signature"":""d2ebc16e57a5a578"",""weighted_score"":0.356439,""diversity_score"":3.103448},{""rank"":2,""recommended"":false,""feasible"":true,""budget_used"":0.367635,""budget_violation"":0,""makespan"":105.611,""deadline_violation"":0,""machine_signature"":""30b18aa890c935d5"",""weighted_score"":0.367635,""diversity_score"":3.068966},{""rank"":3,""recommended"":false,""feasible"":true,""budget_used"":0.483195,""budget_violation"":0,""makespan"":95.203,""deadline_violation"":0,""machine_signature"":""3669da1b16067e54"",""weighted_score"":0.483195,""diversity_score"":1.258621}]"
prism_cc_time,hybrid_homo,5,maddid0000037|maddid0000056|mbackgroundid0000013|mbackgroundid0000014|mbackgroundid0000016|mbackgroundid0000033|mbackgroundid0000034|mbackgroundid0000035|mbackgroundid0000051|mbgmodelid0000012|mbgmodelid0000050|mconcatfitid0000011|mconcatfitid0000030|mconcatfitid0000049|mdifffitid0000007|mdifffitid0000024|mdifffitid0000028|mdifffitid0000045|mdifffitid0000048|mimgtblid0000017|mimgtblid0000036|mprojectid0000001|mprojectid0000004|mprojectid0000021|mprojectid0000023|mprojectid0000041|mviewerid0000038|mviewerid0000057|mviewerid0000058,0.200000,95.203000,0.483195,0.607531,118.113160,0.000000,0.000000,true,12.106000,11,336.531000,"{""h4d-standard-192-5"":15,""h4d-standard-192-6"":43}","{""bora009"":0,""bora010"":0,""h4d-standard-192-5"":0.007354,""h4d-standard-192-6"":0.010829}","[{""rank"":1,""recommended"":true,""feasible"":true,""budget_used"":0.483195,""budget_violation"":0,""makespan"":95.203,""deadline_violation"":0,""machine_signature"":""3669da1b16067e54"",""weighted_score"":0.812291,""diversity_score"":1.258621},{""rank"":2,""recommended"":false,""feasible"":true,""budget_used"":0.367635,""budget_violation"":0,""makespan"":105.611,""deadline_violation"":0,""machine_signature"":""30b18aa890c935d5"",""weighted_score"":0.901095,""diversity_score"":3.068966},{""rank"":3,""recommended"":false,""feasible"":true,""budget_used"":0.356439,""budget_violation"":0,""makespan"":117.203,""deadline_violation"":0,""machine_signature"":""d2ebc16e57a5a578"",""weighted_score"":1,""diversity_score"":3.103448}]"
heft_colocation,hybrid_raspberry_500mbps,5,maddid0000037|maddid0000056|mbackgroundid0000013|mbackgroundid0000014|mbackgroundid0000016|mbackgroundid0000033|mbackgroundid0000034|mbackgroundid0000035|mbackgroundid0000051|mbgmodelid0000012|mbgmodelid0000050|mconcatfitid0000011|mconcatfitid0000030|mconcatfitid0000049|mdifffitid0000007|mdifffitid0000024|mdifffitid0000028|mdifffitid0000045|mdifffitid0000048|mimgtblid0000017|mimgtblid0000036|mprojectid0000001|mprojectid0000004|mprojectid0000021|mprojectid0000023|mprojectid0000041|mviewerid0000038|mviewerid0000057|mviewerid0000058,0.200000,135.525000,0.389570,0.533583,179.300320,0.000000,0.000000,true,35.147000,22,2.599000,"{""cloud-node-02"":54,""hpc-node-02"":4}","{""cloud-node-01"":0,""cloud-node-02"":0.068827,""hpc-node-01"":0,""hpc-node-02"":0.02483,""rpi-edge-01"":0,""rpi-edge-02"":0,""rpi-edge-03"":0,""rpi-edge-04"":0,""rpi-edge-05"":0,""rpi-edge-06"":0,""rpi-edge-07"":0,""rpi-edge-08"":0,""rpi-edge-09"":0,""rpi-edge-10"":0}",[]
prism_cc_cost,hybrid_raspberry_500mbps,5,maddid0000037|maddid0000056|mbackgroundid0000013|mbackgroundid0000014|mbackgroundid0000016|mbackgroundid0000033|mbackgroundid0000034|mbackgroundid0000035|mbackgroundid0000051|mbgmodelid0000012|mbgmodelid0000050|mconcatfitid0000011|mconcatfitid0000030|mconcatfitid0000049|mdifffitid0000007|mdifffitid0000024|mdifffitid0000028|mdifffitid0000045|mdifffitid0000048|mimgtblid0000017|mimgtblid0000036|mprojectid0000001|mprojectid0000004|mprojectid0000021|mprojectid0000023|mprojectid0000041|mviewerid0000038|mviewerid0000057|mviewerid0000058,0.200000,171.894000,0.226499,0.533583,179.300320,0.000000,0.000000,true,60.904000,22,533.863000,"{""cloud-node-02"":2,""hpc-node-02"":56}","{""cloud-node-01"":0,""cloud-node-02"":0.007704,""hpc-node-01"":0,""hpc-node-02"":0.175932,""rpi-edge-01"":0,""rpi-edge-02"":0,""rpi-edge-03"":0,""rpi-edge-04"":0,""rpi-edge-05"":0,""rpi-edge-06"":0,""rpi-edge-07"":0,""rpi-edge-08"":0,""rpi-edge-09"":0,""rpi-edge-10"":0}","[{""rank"":1,""recommended"":true,""feasible"":true,""budget_used"":0.226499,""budget_violation"":0,""makespan"":171.894,""deadline_violation"":0,""machine_signature"":""3ee338c4a94c1bc9"",""weighted_score"":0.226499,""diversity_score"":1.034483},{""rank"":2,""recommended"":false,""feasible"":true,""budget_used"":0.38957,""budget_violation"":0,""makespan"":135.525,""deadline_violation"":0,""machine_signature"":""366ca5f80d5f0e33"",""weighted_score"":0.38957,""diversity_score"":1.068966}]"
prism_cc_time,hybrid_raspberry_500mbps,5,maddid0000037|maddid0000056|mbackgroundid0000013|mbackgroundid0000014|mbackgroundid0000016|mbackgroundid0000033|mbackgroundid0000034|mbackgroundid0000035|mbackgroundid0000051|mbgmodelid0000012|mbgmodelid0000050|mconcatfitid0000011|mconcatfitid0000030|mconcatfitid0000049|mdifffitid0000007|mdifffitid0000024|mdifffitid0000028|mdifffitid0000045|mdifffitid0000048|mimgtblid0000017|mimgtblid0000036|mprojectid0000001|mprojectid0000004|mprojectid0000021|mprojectid0000023|mprojectid0000041|mviewerid0000038|mviewerid0000057|mviewerid0000058,0.200000,135.525000,0.389570,0.533583,179.300320,0.000000,0.000000,true,35.147000,22,533.863000,"{""cloud-node-02"":54,""hpc-node-02"":4}","{""cloud-node-01"":0,""cloud-node-02"":0.068827,""hpc-node-01"":0,""hpc-node-02"":0.02483,""rpi-edge-01"":0,""rpi-edge-02"":0,""rpi-edge-03"":0,""rpi-edge-04"":0,""rpi-edge-05"":0,""rpi-edge-06"":0,""rpi-edge-07"":0,""rpi-edge-08"":0,""rpi-edge-09"":0,""rpi-edge-10"":0}","[{""rank"":1,""recommended"":true,""feasible"":true,""budget_used"":0.38957,""budget_violation"":0,""makespan"":135.525,""deadline_violation"":0,""machine_signature"":""366ca5f80d5f0e33"",""weighted_score"":0.788422,""diversity_score"":1.068966},{""rank"":2,""recommended"":false,""feasible"":true,""budget_used"":0.226499,""budget_violation"":0,""makespan"":171.894,""deadline_violation"":0,""machine_signature"":""3ee338c4a94c1bc9"",""weighted_score"":1,""diversity_score"":1.034483}]"
heft_colocation,cloud_hetero,6,maddid0000018|maddid0000056|mbackgroundid0000013|mbackgroundid0000016|mbackgroundid0000033|mbackgroundid0000034|mbackgroundid0000035|mbackgroundid0000053|mbgmodelid0000031|mconcatfitid0000030|mdifffitid0000005|mdifffitid0000007|mdifffitid0000008|mdifffitid0000009|mdifffitid0000010|mdifffitid0000024|mdifffitid0000025|mdifffitid0000027|mdifffitid0000028|mdifffitid0000045|mdifffitid0000046|mdifffitid0000048|mprojectid0000002|mprojectid0000004|mprojectid0000039|mprojectid0000040|mprojectid0000041|mviewerid0000019|mviewerid0000057,0.200000,95.151000,0.509227,0.641828,118.113160,0.000000,0.000000,true,13.017000,15,1.921000,"{""h4d-highmem-192-1"":43,""h4d-standard-192-1"":15}","{""h3-standard-88-1"":0,""h3-standard-88-2"":0,""h4d-highmem-192-1"":0.01084,""h4d-standard-192-1"":0.007403}",[]
prism_cc_cost,cloud_hetero,6,maddid0000018|maddid0000056|mbackgroundid0000013|mbackgroundid0000016|mbackgroundid0000033|mbackgroundid0000034|mbackgroundid0000035|mbackgroundid0000053|mbgmodelid0000031|mconcatfitid0000030|mdifffitid0000005|mdifffitid0000007|mdifffitid0000008|mdifffitid0000009|mdifffitid0000010|mdifffitid0000024|mdifffitid0000025|mdifffitid0000027|mdifffitid0000028|mdifffitid0000045|mdifffitid0000046|mdifffitid0000048|mprojectid0000002|mprojectid0000004|mprojectid0000039|mprojectid0000040|mprojectid0000041|mviewerid0000019|mviewerid0000057,0.200000,98.895000,0.215755,0.641828,118.113160,0.000000,0.000000,true,40.260000,57,281.821000,"{""h4d-standard-192-1"":58}","{""h3-standard-88-1"":0,""h3-standard-88-2"":0,""h4d-highmem-192-1"":0,""h4d-standard-192-1"":0.018987}","[{""rank"":1,""recommended"":true,""feasible"":true,""budget_used"":0.215755,""budget_violation"":0,""makespan"":98.895,""deadline_violation"":0,""machine_signature"":""9bf9d30fc1f4ee59"",""weighted_score"":0.215755,""diversity_score"":0},{""rank"":2,""recommended"":false,""feasible"":true,""budget_used"":0.509227,""budget_violation"":0,""makespan"":95.151,""deadline_violation"":0,""machine_signature"":""5b6405f98abb7dff"",""weighted_score"":0.509227,""diversity_score"":1.258621}]"
prism_cc_time,cloud_hetero,6,maddid0000018|maddid0000056|mbackgroundid0000013|mbackgroundid0000016|mbackgroundid0000033|mbackgroundid0000034|mbackgroundid0000035|mbackgroundid0000053|mbgmodelid0000031|mconcatfitid0000030|mdifffitid0000005|mdifffitid0000007|mdifffitid0000008|mdifffitid0000009|mdifffitid0000010|mdifffitid0000024|mdifffitid0000025|mdifffitid0000027|mdifffitid0000028|mdifffitid0000045|mdifffitid0000046|mdifffitid0000048|mprojectid0000002|mprojectid0000004|mprojectid0000039|mprojectid0000040|mprojectid0000041|mviewerid0000019|mviewerid0000057,0.200000,95.151000,0.509227,0.641828,118.113160,0.000000,0.000000,true,13.017000,15,281.821000,"{""h4d-highmem-192-1"":43,""h4d-standard-192-1"":15}","{""h3-standard-88-1"":0,""h3-standard-88-2"":0,""h4d-highmem-192-1"":0.01084,""h4d-standard-192-1"":0.007403}","[{""rank"":1,""recommended"":true,""feasible"":true,""budget_used"":0.509227,""budget_violation"":0,""makespan"":95.151,""deadline_violation"":0,""machine_signature"":""5b6405f98abb7dff"",""weighted_score"":0.962142,""diversity_score"":1.258621},{""rank"":2,""recommended"":false,""feasible"":true,""budget_used"":0.215755,""budget_violation"":0,""makespan"":98.895,""deadline_violation"":0,""machine_signature"":""9bf9d30fc1f4ee59"",""weighted_score"":1,""diversity_score"":0}]"
heft_colocation,cloud_homo,6,maddid0000018|maddid0000056|mbackgroundid0000013|mbackgroundid0000016|mbackgroundid0000033|mbackgroundid0000034|mbackgroundid0000035|mbackgroundid0000053|mbgmodelid0000031|mconcatfitid0000030|mdifffitid0000005|mdifffitid0000007|mdifffitid0000008|mdifffitid0000009|mdifffitid0000010|mdifffitid0000024|mdifffitid0000025|mdifffitid0000027|mdifffitid0000028|mdifffitid0000045|mdifffitid0000046|mdifffitid0000048|mprojectid0000002|mprojectid0000004|mprojectid0000039|mprojectid0000040|mprojectid0000041|mviewerid0000019|mviewerid0000057,0.200000,99.816000,0.871431,1.059152,119.559000,0.000000,0.000000,true,2.475000,6,3.063000,"{""h4d-standard-192-1"":20,""h4d-standard-192-2"":17,""h4d-standard-192-3"":5,""h4d-standard-192-4"":16}","{""h4d-standard-192-1"":0.005028,""h4d-standard-192-2"":0.004921,""h4d-standard-192-3"":0.002588,""h4d-standard-192-4"":0.004304}",[]
prism_cc_cost,cloud_homo,6,maddid0000018|maddid0000056|mbackgroundid0000013|mbackgroundid0000016|mbackgroundid0000033|mbackgroundid0000034|mbackgroundid0000035|mbackgroundid0000053|mbgmodelid0000031|mconcatfitid0000030|mdifffitid0000005|mdifffitid0000007|mdifffitid0000008|mdifffitid0000009|mdifffitid0000010|mdifffitid0000024|mdifffitid0000025|mdifffitid0000027|mdifffitid0000028|mdifffitid0000045|mdifffitid0000046|mdifffitid0000048|mprojectid0000002|mprojectid0000004|mprojectid0000039|mprojectid0000040|mprojectid0000041|mviewerid0000019|mviewerid0000057,0.200000,97.365000,0.212408,1.059152,119.559000,0.000000,0.000000,true,39.460000,50,325.932000,"{""h4d-standard-192-1"":58}","{""h4d-standard-192-1"":0.019243,""h4d-standard-192-2"":0,""h4d-standard-192-3"":0,""h4d-standard-192-4"":0}","[{""rank"":1,""recommended"":true,""feasible"":true,""budget_used"":0.212408,""budget_violation"":0,""makespan"":97.365,""deadline_violation"":0,""machine_signature"":""1eda32a979d8988f"",""weighted_score"":0.212408,""diversity_score"":0},{""rank"":2,""recommended"":false,""feasible"":true,""budget_used"":0.871431,""budget_violation"":0,""makespan"":99.816,""deadline_violation"":0,""machine_signature"":""e5fa6365cde52816"",""weighted_score"":0.871431,""diversity_score"":3.655172}]"
prism_cc_time,cloud_homo,6,maddid0000018|maddid0000056|mbackgroundid0000013|mbackgroundid0000016|mbackgroundid0000033|mbackgroundid0000034|mbackgroundid0000035|mbackgroundid0000053|mbgmodelid0000031|mconcatfitid0000030|mdifffitid0000005|mdifffitid0000007|mdifffitid0000008|mdifffitid0000009|mdifffitid0000010|mdifffitid0000024|mdifffitid0000025|mdifffitid0000027|mdifffitid0000028|mdifffitid0000045|mdifffitid0000046|mdifffitid0000048|mprojectid0000002|mprojectid0000004|mprojectid0000039|mprojectid0000040|mprojectid0000041|mviewerid0000019|mviewerid0000057,0.200000,97.365000,0.212408,1.059152,119.559000,0.000000,0.000000,true,39.460000,50,325.932000,"{""h4d-standard-192-1"":58}","{""h4d-standard-192-1"":0.019243,""h4d-standard-192-2"":0,""h4d-standard-192-3"":0,""h4d-standard-192-4"":0}","[{""rank"":1,""recommended"":true,""feasible"":true,""budget_used"":0.212408,""budget_violation"":0,""makespan"":97.365,""deadline_violation"":0,""machine_signature"":""1eda32a979d8988f"",""weighted_score"":0.975445,""diversity_score"":0},{""rank"":2,""recommended"":false,""feasible"":true,""budget_used"":0.871431,""budget_violation"":0,""makespan"":99.816,""deadline_violation"":0,""machine_signature"":""e5fa6365cde52816"",""weighted_score"":1,""diversity_score"":3.655172}]"
heft_colocation,cluster_hetero,6,maddid0000018|maddid0000056|mbackgroundid0000013|mbackgroundid0000016|mbackgroundid0000033|mbackgroundid0000034|mbackgroundid0000035|mbackgroundid0000053|mbgmodelid0000031|mconcatfitid0000030|mdifffitid0000005|mdifffitid0000007|mdifffitid0000008|mdifffitid0000009|mdifffitid0000010|mdifffitid0000024|mdifffitid0000025|mdifffitid0000027|mdifffitid0000028|mdifffitid0000045|mdifffitid0000046|mdifffitid0000048|mprojectid0000002|mprojectid0000004|mprojectid0000039|mprojectid0000040|mprojectid0000041|mviewerid0000019|mviewerid0000057,0.200000,287.957000,0.000000,0.000000,353.759520,0.000000,0.000000,true,52.275000,21,0.977000,"{""bora005"":37,""bora006"":19,""diablo01"":2}","{""bora005"":0.102884,""bora006"":0.067305,""diablo01"":0.004194,""diablo02"":0}",[]
prism_cc_cost,cluster_hetero,6,maddid0000018|maddid0000056|mbackgroundid0000013|mbackgroundid0000016|mbackgroundid0000033|mbackgroundid0000034|mbackgroundid0000035|mbackgroundid0000053|mbgmodelid0000031|mconcatfitid0000030|mdifffitid0000005|mdifffitid0000007|mdifffitid0000008|mdifffitid0000009|mdifffitid0000010|mdifffitid0000024|mdifffitid0000025|mdifffitid0000027|mdifffitid0000028|mdifffitid0000045|mdifffitid0000046|mdifffitid0000048|mprojectid0000002|mprojectid0000004|mprojectid0000039|mprojectid0000040|mprojectid0000041|mviewerid0000019|mviewerid0000057,0.200000,287.957000,0.000000,0.000000,353.759520,0.000000,0.000000,true,52.275000,21,152.057000,"{""bora005"":37,""bora006"":19,""diablo01"":2}","{""bora005"":0.102884,""bora006"":0.067305,""diablo01"":0.004194,""diablo02"":0}","[{""rank"":1,""recommended"":true,""feasible"":true,""budget_used"":0,""budget_violation"":0,""makespan"":287.957,""deadline_violation"":0,""machine_signature"":""0e7682f49d431236"",""weighted_score"":0,""diversity_score"":3.448276},{""rank"":2,""recommended"":false,""feasible"":true,""budget_used"":0,""budget_violation"":0,""makespan"":287.957,""deadline_violation"":0,""machine_signature"":""a1d3ef0824fc63bc"",""weighted_score"":0,""diversity_score"":2.362069}]"
prism_cc_time,cluster_hetero,6,maddid0000018|maddid0000056|mbackgroundid0000013|mbackgroundid0000016|mbackgroundid0000033|mbackgroundid0000034|mbackgroundid0000035|mbackgroundid0000053|mbgmodelid0000031|mconcatfitid0000030|mdifffitid0000005|mdifffitid0000007|mdifffitid0000008|mdifffitid0000009|mdifffitid0000010|mdifffitid0000024|mdifffitid0000025|mdifffitid0000027|mdifffitid0000028|mdifffitid0000045|mdifffitid0000046|mdifffitid0000048|mprojectid0000002|mprojectid0000004|mprojectid0000039|mprojectid0000040|mprojectid0000041|mviewerid0000019|mviewerid0000057,0.200000,287.957000,0.000000,0.000000,353.759520,0.000000,0.000000,true,52.275000,21,152.057000,"{""bora005"":37,""bora006"":19,""diablo01"":2}","{""bora005"":0.102884,""bora006"":0.067305,""diablo01"":0.004194,""diablo02"":0}","[{""rank"":1,""recommended"":true,""feasible"":true,""budget_used"":0,""budget_violation"":0,""makespan"":287.957,""deadline_violation"":0,""machine_signature"":""0e7682f49d431236"",""weighted_score"":1,""diversity_score"":3.448276},{""rank"":2,""recommended"":false,""feasible"":true,""budget_used"":0,""budget_violation"":0,""makespan"":287.957,""deadline_violation"":0,""machine_signature"":""a1d3ef0824fc63bc"",""weighted_score"":1,""diversity_score"":2.362069}]"
heft_colocation,cluster_homo,6,maddid0000018|maddid0000056|mbackgroundid0000013|mbackgroundid0000016|mbackgroundid0000033|mbackgroundid0000034|mbackgroundid0000035|mbackgroundid0000053|mbgmodelid0000031|mconcatfitid0000030|mdifffitid0000005|mdifffitid0000007|mdifffitid0000008|mdifffitid0000009|mdifffitid0000010|mdifffitid0000024|mdifffitid0000025|mdifffitid0000027|mdifffitid0000028|mdifffitid0000045|mdifffitid0000046|mdifffitid0000048|mprojectid0000002|mprojectid0000004|mprojectid0000039|mprojectid0000040|mprojectid0000041|mviewerid0000019|mviewerid0000057,0.200000,287.957000,0.000000,0.000000,345.548400,0.000000,0.000000,true,15.577000,10,0.771000,"{""bora001"":21,""bora002"":17,""bora003"":5,""bora004"":15}","{""bora001"":0.051541,""bora002"":0.050483,""bora003"":0.026572,""bora004"":0.044026}",[]
prism_cc_cost,cluster_homo,6,maddid0000018|maddid0000056|mbackgroundid0000013|mbackgroundid0000016|mbackgroundid0000033|mbackgroundid0000034|mbackgroundid0000035|mbackgroundid0000053|mbgmodelid0000031|mconcatfitid0000030|mdifffitid0000005|mdifffitid0000007|mdifffitid0000008|mdifffitid0000009|mdifffitid0000010|mdifffitid0000024|mdifffitid0000025|mdifffitid0000027|mdifffitid0000028|mdifffitid0000045|mdifffitid0000046|mdifffitid0000048|mprojectid0000002|mprojectid0000004|mprojectid0000039|mprojectid0000040|mprojectid0000041|mviewerid0000019|mviewerid0000057,0.200000,287.957000,0.000000,0.000000,345.548400,0.000000,0.000000,true,15.577000,10,143.043000,"{""bora001"":21,""bora002"":17,""bora003"":5,""bora004"":15}","{""bora001"":0.051541,""bora002"":0.050483,""bora003"":0.026572,""bora004"":0.044026}","[{""rank"":1,""recommended"":true,""feasible"":true,""budget_used"":0,""budget_violation"":0,""makespan"":287.957,""deadline_violation"":0,""machine_signature"":""70d0e1ae827ace59"",""weighted_score"":0,""diversity_score"":3.637931},{""rank"":2,""recommended"":false,""feasible"":true,""budget_used"":0,""budget_violation"":0,""makespan"":287.957,""deadline_violation"":0,""machine_signature"":""ef4465b6d28ffbc2"",""weighted_score"":0,""diversity_score"":3.551724}]"
prism_cc_time,cluster_homo,6,maddid0000018|maddid0000056|mbackgroundid0000013|mbackgroundid0000016|mbackgroundid0000033|mbackgroundid0000034|mbackgroundid0000035|mbackgroundid0000053|mbgmodelid0000031|mconcatfitid0000030|mdifffitid0000005|mdifffitid0000007|mdifffitid0000008|mdifffitid0000009|mdifffitid0000010|mdifffitid0000024|mdifffitid0000025|mdifffitid0000027|mdifffitid0000028|mdifffitid0000045|mdifffitid0000046|mdifffitid0000048|mprojectid0000002|mprojectid0000004|mprojectid0000039|mprojectid0000040|mprojectid0000041|mviewerid0000019|mviewerid0000057,0.200000,287.957000,0.000000,0.000000,345.548400,0.000000,0.000000,true,15.577000,10,143.043000,"{""bora001"":21,""bora002"":17,""bora003"":5,""bora004"":15}","{""bora001"":0.051541,""bora002"":0.050483,""bora003"":0.026572,""bora004"":0.044026}","[{""rank"":1,""recommended"":true,""feasible"":true,""budget_used"":0,""budget_violation"":0,""makespan"":287.957,""deadline_violation"":0,""machine_signature"":""70d0e1ae827ace59"",""weighted_score"":1,""diversity_score"":3.637931},{""rank"":2,""recommended"":false,""feasible"":true,""budget_used"":0,""budget_violation"":0,""makespan"":287.957,""deadline_violation"":0,""machine_signature"":""ef4465b6d28ffbc2"",""weighted_score"":1,""diversity_score"":3.551724}]"
heft_colocation,hybrid_hetero,6,maddid0000018|maddid0000056|mbackgroundid0000013|mbackgroundid0000016|mbackgroundid0000033|mbackgroundid0000034|mbackgroundid0000035|mbackgroundid0000053|mbgmodelid0000031|mconcatfitid0000030|mdifffitid0000005|mdifffitid0000007|mdifffitid0000008|mdifffitid0000009|mdifffitid0000010|mdifffitid0000024|mdifffitid0000025|mdifffitid0000027|mdifffitid0000028|mdifffitid0000045|mdifffitid0000046|mdifffitid0000048|mprojectid0000002|mprojectid0000004|mprojectid0000039|mprojectid0000040|mprojectid0000041|mviewerid0000019|mviewerid0000057,0.200000,95.890000,0.209198,0.348827,119.109960,0.000000,0.000000,true,39.237000,45,1.485000,"{""h4d-standard-192-7"":58}","{""bora011"":0,""diablo03"":0,""h3-standard-88-2"":0,""h4d-standard-192-7"":0.019526}",[]
prism_cc_cost,hybrid_hetero,6,maddid0000018|maddid0000056|mbackgroundid0000013|mbackgroundid0000016|mbackgroundid0000033|mbackgroundid0000034|mbackgroundid0000035|mbackgroundid0000053|mbgmodelid0000031|mconcatfitid0000030|mdifffitid0000005|mdifffitid0000007|mdifffitid0000008|mdifffitid0000009|mdifffitid0000010|mdifffitid0000024|mdifffitid0000025|mdifffitid0000027|mdifffitid0000028|mdifffitid0000045|mdifffitid0000046|mdifffitid0000048|mprojectid0000002|mprojectid0000004|mprojectid0000039|mprojectid0000040|mprojectid0000041|mviewerid0000019|mviewerid0000057,0.200000,115.229000,0.177716,0.348827,119.109960,0.000000,0.000000,true,38.774000,37,265.400000,"{""bora011"":8,""diablo03"":9,""h4d-standard-192-7"":41}","{""bora011"":0.004012,""diablo03"":0.001886,""h3-standard-88-2"":0,""h4d-standard-192-7"":0.016002}","[{""rank"":1,""recommended"":true,""feasible"":true,""budget_used"":0.177716,""budget_violation"":0,""makespan"":115.229,""deadline_violation"":0,""machine_signature"":""38ce6232a40a49e3"",""weighted_score"":0.177716,""diversity_score"":2.293103},{""rank"":2,""recommended"":false,""feasible"":true,""budget_used"":0.209198,""budget_violation"":0,""makespan"":95.89,""deadline_violation"":0,""machine_signature"":""7c2740c41e85f3b1"",""weighted_score"":0.209198,""diversity_score"":0}]"
prism_cc_time,hybrid_hetero,6,maddid0000018|maddid0000056|mbackgroundid0000013|mbackgroundid0000016|mbackgroundid0000033|mbackgroundid0000034|mbackgroundid0000035|mbackgroundid0000053|mbgmodelid0000031|mconcatfitid0000030|mdifffitid0000005|mdifffitid0000007|mdifffitid0000008|mdifffitid0000009|mdifffitid0000010|mdifffitid0000024|mdifffitid0000025|mdifffitid0000027|mdifffitid0000028|mdifffitid0000045|mdifffitid0000046|mdifffitid0000048|mprojectid0000002|mprojectid0000004|mprojectid0000039|mprojectid0000040|mprojectid0000041|mviewerid0000019|mviewerid0000057,0.200000,95.890000,0.209198,0.348827,119.109960,0.000000,0.000000,true,39.237000,45,265.400000,"{""h4d-standard-192-7"":58}","{""bora011"":0,""diablo03"":0,""h3-standard-88-2"":0,""h4d-standard-192-7"":0.019526}","[{""rank"":1,""recommended"":true,""feasible"":true,""budget_used"":0.209198,""budget_violation"":0,""makespan"":95.89,""deadline_violation"":0,""machine_signature"":""7c2740c41e85f3b1"",""weighted_score"":0.832169,""diversity_score"":0},{""rank"":2,""recommended"":false,""feasible"":true,""budget_used"":0.177716,""budget_violation"":0,""makespan"":115.229,""deadline_violation"":0,""machine_signature"":""38ce6232a40a49e3"",""weighted_score"":1,""diversity_score"":2.293103}]"
heft_colocation,hybrid_homo,6,maddid0000018|maddid0000056|mbackgroundid0000013|mbackgroundid0000016|mbackgroundid0000033|mbackgroundid0000034|mbackgroundid0000035|mbackgroundid0000053|mbgmodelid0000031|mconcatfitid0000030|mdifffitid0000005|mdifffitid0000007|mdifffitid0000008|mdifffitid0000009|mdifffitid0000010|mdifffitid0000024|mdifffitid0000025|mdifffitid0000027|mdifffitid0000028|mdifffitid0000045|mdifffitid0000046|mdifffitid0000048|mprojectid0000002|mprojectid0000004|mprojectid0000039|mprojectid0000040|mprojectid0000041|mviewerid0000019|mviewerid0000057,0.200000,95.151000,0.483080,0.607531,118.113160,0.000000,0.000000,true,13.017000,15,2.491000,"{""h4d-standard-192-5"":15,""h4d-standard-192-6"":43}","{""bora009"":0,""bora010"":0,""h4d-standard-192-5"":0.007403,""h4d-standard-192-6"":0.01084}",[]
prism_cc_cost,hybrid_homo,6,maddid0000018|maddid0000056|mbackgroundid0000013|mbackgroundid0000016|mbackgroundid0000033|mbackgroundid0000034|mbackgroundid0000035|mbackgroundid0000053|mbgmodelid0000031|mconcatfitid0000030|mdifffitid0000005|mdifffitid0000007|mdifffitid0000008|mdifffitid0000009|mdifffitid0000010|mdifffitid0000024|mdifffitid0000025|mdifffitid0000027|mdifffitid0000028|mdifffitid0000045|mdifffitid0000046|mdifffitid0000048|mprojectid0000002|mprojectid0000004|mprojectid0000039|mprojectid0000040|mprojectid0000041|mviewerid0000019|mviewerid0000057,0.200000,110.761000,0.438333,0.607531,118.113160,0.000000,0.000000,true,13.010000,14,316.387000,"{""bora009"":4,""bora010"":6,""h4d-standard-192-5"":14,""h4d-standard-192-6"":34}","{""bora009"":0.000672,""bora010"":0.003289,""h4d-standard-192-5"":0.006329,""h4d-standard-192-6"":0.009208}","[{""rank"":1,""recommended"":true,""feasible"":true,""budget_used"":0.438333,""budget_violation"":0,""makespan"":110.761,""deadline_violation"":0,""machine_signature"":""784e1eec295b5ab7"",""weighted_score"":0.438333,""diversity_score"":3.413793},{""rank"":2,""recommended"":false,""feasible"":true,""budget_used"":0.48308,""budget_violation"":0,""makespan"":95.151,""deadline_violation"":0,""machine_signature"":""1187764befb36680"",""weighted_score"":0.48308,""diversity_score"":1.258621}]"
prism_cc_time,hybrid_homo,6,maddid0000018|maddid0000056|mbackgroundid0000013|mbackgroundid0000016|mbackgroundid0000033|mbackgroundid0000034|mbackgroundid0000035|mbackgroundid0000053|mbgmodelid0000031|mconcatfitid0000030|mdifffitid0000005|mdifffitid0000007|mdifffitid0000008|mdifffitid0000009|mdifffitid0000010|mdifffitid0000024|mdifffitid0000025|mdifffitid0000027|mdifffitid0000028|mdifffitid0000045|mdifffitid0000046|mdifffitid0000048|mprojectid0000002|mprojectid0000004|mprojectid0000039|mprojectid0000040|mprojectid0000041|mviewerid0000019|mviewerid0000057,0.200000,95.151000,0.483080,0.607531,118.113160,0.000000,0.000000,true,13.017000,15,316.387000,"{""h4d-standard-192-5"":15,""h4d-standard-192-6"":43}","{""bora009"":0,""bora010"":0,""h4d-standard-192-5"":0.007403,""h4d-standard-192-6"":0.01084}","[{""rank"":1,""recommended"":true,""feasible"":true,""budget_used"":0.48308,""budget_violation"":0,""makespan"":95.151,""deadline_violation"":0,""machine_signature"":""1187764befb36680"",""weighted_score"":0.859066,""diversity_score"":1.258621},{""rank"":2,""recommended"":false,""feasible"":true,""budget_used"":0.438333,""budget_violation"":0,""makespan"":110.761,""deadline_violation"":0,""machine_signature"":""784e1eec295b5ab7"",""weighted_score"":1,""diversity_score"":3.413793}]"
heft_colocation,hybrid_raspberry_500mbps,6,maddid0000018|maddid0000056|mbackgroundid0000013|mbackgroundid0000016|mbackgroundid0000033|mbackgroundid0000034|mbackgroundid0000035|mbackgroundid0000053|mbgmodelid0000031|mconcatfitid0000030|mdifffitid0000005|mdifffitid0000007|mdifffitid0000008|mdifffitid0000009|mdifffitid0000010|mdifffitid0000024|mdifffitid0000025|mdifffitid0000027|mdifffitid0000028|mdifffitid0000045|mdifffitid0000046|mdifffitid0000048|mprojectid0000002|mprojectid0000004|mprojectid0000039|mprojectid0000040|mprojectid0000041|mviewerid0000019|mviewerid0000057,0.200000,144.791000,0.368284,0.533583,179.300320,0.000000,0.000000,true,42.904000,39,2.515000,"{""cloud-node-02"":54,""hpc-node-02"":4}","{""cloud-node-01"":0,""cloud-node-02"":0.064859,""hpc-node-01"":0,""hpc-node-02"":0.024425,""rpi-edge-01"":0,""rpi-edge-02"":0,""rpi-edge-03"":0,""rpi-edge-04"":0,""rpi-edge-05"":0,""rpi-edge-06"":0,""rpi-edge-07"":0,""rpi-edge-08"":0,""rpi-edge-09"":0,""rpi-edge-10"":0}",[]
prism_cc_cost,hybrid_raspberry_500mbps,6,maddid0000018|maddid0000056|mbackgroundid0000013|mbackgroundid0000016|mbackgroundid0000033|mbackgroundid0000034|mbackgroundid0000035|mbackgroundid0000053|mbgmodelid0000031|mconcatfitid0000030|mdifffitid0000005|mdifffitid0000007|mdifffitid0000008|mdifffitid0000009|mdifffitid0000010|mdifffitid0000024|mdifffitid0000025|mdifffitid0000027|mdifffitid0000028|mdifffitid0000045|mdifffitid0000046|mdifffitid0000048|mprojectid0000002|mprojectid0000004|mprojectid0000039|mprojectid0000040|mprojectid0000041|mviewerid0000019|mviewerid0000057,0.200000,144.791000,0.368284,0.533583,179.300320,0.000000,0.000000,true,42.904000,39,673.141000,"{""cloud-node-02"":54,""hpc-node-02"":4}","{""cloud-node-01"":0,""cloud-node-02"":0.064859,""hpc-node-01"":0,""hpc-node-02"":0.024425,""rpi-edge-01"":0,""rpi-edge-02"":0,""rpi-edge-03"":0,""rpi-edge-04"":0,""rpi-edge-05"":0,""rpi-edge-06"":0,""rpi-edge-07"":0,""rpi-edge-08"":0,""rpi-edge-09"":0,""rpi-edge-10"":0}","[{""rank"":1,""recommended"":true,""feasible"":true,""budget_used"":0.368284,""budget_violation"":0,""makespan"":144.791,""deadline_violation"":0,""machine_signature"":""71e3f715d37c67be"",""weighted_score"":0.368284,""diversity_score"":1.068966}]"
prism_cc_time,hybrid_raspberry_500mbps,6,maddid0000018|maddid0000056|mbackgroundid0000013|mbackgroundid0000016|mbackgroundid0000033|mbackgroundid0000034|mbackgroundid0000035|mbackgroundid0000053|mbgmodelid0000031|mconcatfitid0000030|mdifffitid0000005|mdifffitid0000007|mdifffitid0000008|mdifffitid0000009|mdifffitid0000010|mdifffitid0000024|mdifffitid0000025|mdifffitid0000027|mdifffitid0000028|mdifffitid0000045|mdifffitid0000046|mdifffitid0000048|mprojectid0000002|mprojectid0000004|mprojectid0000039|mprojectid0000040|mprojectid0000041|mviewerid0000019|mviewerid0000057,0.200000,144.791000,0.368284,0.533583,179.300320,0.000000,0.000000,true,42.904000,39,673.141000,"{""cloud-node-02"":54,""hpc-node-02"":4}","{""cloud-node-01"":0,""cloud-node-02"":0.064859,""hpc-node-01"":0,""hpc-node-02"":0.024425,""rpi-edge-01"":0,""rpi-edge-02"":0,""rpi-edge-03"":0,""rpi-edge-04"":0,""rpi-edge-05"":0,""rpi-edge-06"":0,""rpi-edge-07"":0,""rpi-edge-08"":0,""rpi-edge-09"":0,""rpi-edge-10"":0}","[{""rank"":1,""recommended"":true,""feasible"":true,""budget_used"":0.368284,""budget_violation"":0,""makespan"":144.791,""deadline_violation"":0,""machine_signature"":""71e3f715d37c67be"",""weighted_score"":1,""diversity_score"":1.068966}]"
heft_colocation,cloud_hetero,7,maddid0000056|mbackgroundid0000013|mbackgroundid0000014|mbackgroundid0000033|mbackgroundid0000034|mbackgroundid0000035|mbackgroundid0000054|mbgmodelid0000012|mbgmodelid0000031|mconcatfitid0000030|mdifffitid0000005|mdifffitid0000008|mdifffitid0000009|mdifffitid0000010|mdifffitid0000027|mdifffitid0000028|mdifffitid0000043|mdifffitid0000046|mimgtblid0000017|mimgtblid0000055|mprojectid0000001|mprojectid0000002|mprojectid0000003|mprojectid0000020|mprojectid0000021|mprojectid0000022|mprojectid0000023|mviewerid0000019|mviewerid0000058,0.200000,95.290000,0.522327,0.641828,118.113160,0.000000,0.000000,true,24.344000,16,1.915000,"{""h4d-highmem-192-1"":42,""h4d-standard-192-1"":16}","{""h3-standard-88-1"":0,""h3-standard-88-2"":0,""h4d-highmem-192-1"":0.010847,""h4d-standard-192-1"":0.007988}",[]
prism_cc_cost,cloud_hetero,7,maddid0000056|mbackgroundid0000013|mbackgroundid0000014|mbackgroundid0000033|mbackgroundid0000034|mbackgroundid0000035|mbackgroundid0000054|mbgmodelid0000012|mbgmodelid0000031|mconcatfitid0000030|mdifffitid0000005|mdifffitid0000008|mdifffitid0000009|mdifffitid0000010|mdifffitid0000027|mdifffitid0000028|mdifffitid0000043|mdifffitid0000046|mimgtblid0000017|mimgtblid0000055|mprojectid0000001|mprojectid0000002|mprojectid0000003|mprojectid0000020|mprojectid0000021|mprojectid0000022|mprojectid0000023|mviewerid0000019|mviewerid0000058,0.200000,94.433000,0.206018,0.641828,118.113160,0.000000,0.000000,true,59.378000,38,354.559000,"{""h4d-standard-192-1"":58}","{""h3-standard-88-1"":0,""h3-standard-88-2"":0,""h4d-highmem-192-1"":0,""h4d-standard-192-1"":0.020939}","[{""rank"":1,""recommended"":true,""feasible"":true,""budget_used"":0.206018,""budget_violation"":0,""makespan"":94.433,""deadline_violation"":0,""machine_signature"":""ad2929b6e42e0a4a"",""weighted_score"":0.206018,""diversity_score"":0},{""rank"":2,""recommended"":false,""feasible"":true,""budget_used"":0.522327,""budget_violation"":0,""makespan"":95.29,""deadline_violation"":0,""machine_signature"":""ed9ef44b9b753e37"",""weighted_score"":0.522327,""diversity_score"":1.275862}]"
prism_cc_time,cloud_hetero,7,maddid0000056|mbackgroundid0000013|mbackgroundid0000014|mbackgroundid0000033|mbackgroundid0000034|mbackgroundid0000035|mbackgroundid0000054|mbgmodelid0000012|mbgmodelid0000031|mconcatfitid0000030|mdifffitid0000005|mdifffitid0000008|mdifffitid0000009|mdifffitid0000010|mdifffitid0000027|mdifffitid0000028|mdifffitid0000043|mdifffitid0000046|mimgtblid0000017|mimgtblid0000055|mprojectid0000001|mprojectid0000002|mprojectid0000003|mprojectid0000020|mprojectid0000021|mprojectid0000022|mprojectid0000023|mviewerid0000019|mviewerid0000058,0.200000,94.433000,0.206018,0.641828,118.113160,0.000000,0.000000,true,59.378000,38,354.559000,"{""h4d-standard-192-1"":58}","{""h3-standard-88-1"":0,""h3-standard-88-2"":0,""h4d-highmem-192-1"":0,""h4d-standard-192-1"":0.020939}","[{""rank"":1,""recommended"":true,""feasible"":true,""budget_used"":0.206018,""budget_violation"":0,""makespan"":94.433,""deadline_violation"":0,""machine_signature"":""ad2929b6e42e0a4a"",""weighted_score"":0.991006,""diversity_score"":0},{""rank"":2,""recommended"":false,""feasible"":true,""budget_used"":0.522327,""budget_violation"":0,""makespan"":95.29,""deadline_violation"":0,""machine_signature"":""ed9ef44b9b753e37"",""weighted_score"":1,""diversity_score"":1.275862}]"
heft_colocation,cloud_homo,7,maddid0000056|mbackgroundid0000013|mbackgroundid0000014|mbackgroundid0000033|mbackgroundid0000034|mbackgroundid0000035|mbackgroundid0000054|mbgmodelid0000012|mbgmodelid0000031|mconcatfitid0000030|mdifffitid0000005|mdifffitid0000008|mdifffitid0000009|mdifffitid0000010|mdifffitid0000027|mdifffitid0000028|mdifffitid0000043|mdifffitid0000046|mimgtblid0000017|mimgtblid0000055|mprojectid0000001|mprojectid0000002|mprojectid0000003|mprojectid0000020|mprojectid0000021|mprojectid0000022|mprojectid0000023|mviewerid0000019|mviewerid0000058,0.200000,99.816000,0.851420,1.059152,119.559000,0.000000,0.000000,true,6.798000,4,2.679000,"{""h4d-standard-192-1"":15,""h4d-standard-192-2"":4,""h4d-standard-192-3"":10,""h4d-standard-192-4"":29}","{""h4d-standard-192-1"":0.003299,""h4d-standard-192-2"":0.002231,""h4d-standard-192-3"":0.004548,""h4d-standard-192-4"":0.006988}",[]
prism_cc_cost,cloud_homo,7,maddid0000056|mbackgroundid0000013|mbackgroundid0000014|mbackgroundid0000033|mbackgroundid0000034|mbackgroundid0000035|mbackgroundid0000054|mbgmodelid0000012|mbgmodelid0000031|mconcatfitid0000030|mdifffitid0000005|mdifffitid0000008|mdifffitid0000009|mdifffitid0000010|mdifffitid0000027|mdifffitid0000028|mdifffitid0000043|mdifffitid0000046|mimgtblid0000017|mimgtblid0000055|mprojectid0000001|mprojectid0000002|mprojectid0000003|mprojectid0000020|mprojectid0000021|mprojectid0000022|mprojectid0000023|mviewerid0000019|mviewerid0000058,0.200000,92.915000,0.202700,1.059152,119.559000,0.000000,0.000000,true,59.608000,43,393.264000,"{""h4d-standard-192-1"":58}","{""h4d-standard-192-1"":0.021294,""h4d-standard-192-2"":0,""h4d-standard-192-3"":0,""h4d-standard-192-4"":0}","[{""rank"":1,""recommended"":true,""feasible"":true,""budget_used"":0.2027,""budget_violation"":0,""makespan"":92.915,""deadline_violation"":0,""machine_signature"":""a6b7412f09618618"",""weighted_score"":0.2027,""diversity_score"":0},{""rank"":2,""recommended"":false,""feasible"":true,""budget_used"":0.85142,""budget_violation"":0,""makespan"":99.816,""deadline_violation"":0,""machine_signature"":""c1afddb23e5356f4"",""weighted_score"":0.85142,""diversity_score"":3.5}]"
prism_cc_time,cloud_homo,7,maddid0000056|mbackgroundid0000013|mbackgroundid0000014|mbackgroundid0000033|mbackgroundid0000034|mbackgroundid0000035|mbackgroundid0000054|mbgmodelid0000012|mbgmodelid0000031|mconcatfitid0000030|mdifffitid0000005|mdifffitid0000008|mdifffitid0000009|mdifffitid0000010|mdifffitid0000027|mdifffitid0000028|mdifffitid0000043|mdifffitid0000046|mimgtblid0000017|mimgtblid0000055|mprojectid0000001|mprojectid0000002|mprojectid0000003|mprojectid0000020|mprojectid0000021|mprojectid0000022|mprojectid0000023|mviewerid0000019|mviewerid0000058,0.200000,92.915000,0.202700,1.059152,119.559000,0.000000,0.000000,true,59.608000,43,393.264000,"{""h4d-standard-192-1"":58}","{""h4d-standard-192-1"":0.021294,""h4d-standard-192-2"":0,""h4d-standard-192-3"":0,""h4d-standard-192-4"":0}","[{""rank"":1,""recommended"":true,""feasible"":true,""budget_used"":0.2027,""budget_violation"":0,""makespan"":92.915,""deadline_violation"":0,""machine_signature"":""a6b7412f09618618"",""weighted_score"":0.930863,""diversity_score"":0},{""rank"":2,""recommended"":false,""feasible"":true,""budget_used"":0.85142,""budget_violation"":0,""makespan"":99.816,""deadline_violation"":0,""machine_signature"":""c1afddb23e5356f4"",""weighted_score"":1,""diversity_score"":3.5}]"
heft_colocation,cluster_hetero,7,maddid0000056|mbackgroundid0000013|mbackgroundid0000014|mbackgroundid0000033|mbackgroundid0000034|mbackgroundid0000035|mbackgroundid0000054|mbgmodelid0000012|mbgmodelid0000031|mconcatfitid0000030|mdifffitid0000005|mdifffitid0000008|mdifffitid0000009|mdifffitid0000010|mdifffitid0000027|mdifffitid0000028|mdifffitid0000043|mdifffitid0000046|mimgtblid0000017|mimgtblid0000055|mprojectid0000001|mprojectid0000002|mprojectid0000003|mprojectid0000020|mprojectid0000021|mprojectid0000022|mprojectid0000023|mviewerid0000019|mviewerid0000058,0.200000,287.957000,0.000000,0.000000,353.759520,0.000000,0.000000,true,70.442000,11,0.941000,"{""bora005"":35,""bora006"":19,""diablo01"":3,""diablo02"":1}","{""bora005"":0.096558,""bora006"":0.067982,""diablo01"":0.005436,""diablo02"":0.003955}",[]
prism_cc_cost,cluster_hetero,7,maddid0000056|mbackgroundid0000013|mbackgroundid0000014|mbackgroundid0000033|mbackgroundid0000034|mbackgroundid0000035|mbackgroundid0000054|mbgmodelid0000012|mbgmodelid0000031|mconcatfitid0000030|mdifffitid0000005|mdifffitid0000008|mdifffitid0000009|mdifffitid0000010|mdifffitid0000027|mdifffitid0000028|mdifffitid0000043|mdifffitid0000046|mimgtblid0000017|mimgtblid0000055|mprojectid0000001|mprojectid0000002|mprojectid0000003|mprojectid0000020|mprojectid0000021|mprojectid0000022|mprojectid0000023|mviewerid0000019|mviewerid0000058,0.200000,287.957000,0.000000,0.000000,353.759520,0.000000,0.000000,true,70.442000,11,175.378000,"{""bora005"":35,""bora006"":19,""diablo01"":3,""diablo02"":1}","{""bora005"":0.096558,""bora006"":0.067982,""diablo01"":0.005436,""diablo02"":0.003955}","[{""rank"":1,""recommended"":true,""feasible"":true,""budget_used"":0,""budget_violation"":0,""makespan"":287.957,""deadline_violation"":0,""machine_signature"":""060d8326279b45fe"",""weighted_score"":0,""diversity_score"":3.396552},{""rank"":2,""recommended"":false,""feasible"":true,""budget_used"":0,""budget_violation"":0,""makespan"":294.294,""deadline_violation"":0,""machine_signature"":""73eae9b54828666e"",""weighted_score"":0,""diversity_score"":3.482759}]"
prism_cc_time,cluster_hetero,7,maddid0000056|mbackgroundid0000013|mbackgroundid0000014|mbackgroundid0000033|mbackgroundid0000034|mbackgroundid0000035|mbackgroundid0000054|mbgmodelid0000012|mbgmodelid0000031|mconcatfitid0000030|mdifffitid0000005|mdifffitid0000008|mdifffitid0000009|mdifffitid0000010|mdifffitid0000027|mdifffitid0000028|mdifffitid0000043|mdifffitid0000046|mimgtblid0000017|mimgtblid0000055|mprojectid0000001|mprojectid0000002|mprojectid0000003|mprojectid0000020|mprojectid0000021|mprojectid0000022|mprojectid0000023|mviewerid0000019|mviewerid0000058,0.200000,287.957000,0.000000,0.000000,353.759520,0.000000,0.000000,true,70.442000,11,175.378000,"{""bora005"":35,""bora006"":19,""diablo01"":3,""diablo02"":1}","{""bora005"":0.096558,""bora006"":0.067982,""diablo01"":0.005436,""diablo02"":0.003955}","[{""rank"":1,""recommended"":true,""feasible"":true,""budget_used"":0,""budget_violation"":0,""makespan"":287.957,""deadline_violation"":0,""machine_signature"":""060d8326279b45fe"",""weighted_score"":0.978467,""diversity_score"":3.396552},{""rank"":2,""recommended"":false,""feasible"":true,""budget_used"":0,""budget_violation"":0,""makespan"":294.294,""deadline_violation"":0,""machine_signature"":""73eae9b54828666e"",""weighted_score"":1,""diversity_score"":3.482759}]"
heft_colocation,cluster_homo,7,maddid0000056|mbackgroundid0000013|mbackgroundid0000014|mbackgroundid0000033|mbackgroundid0000034|mbackgroundid0000035|mbackgroundid0000054|mbgmodelid0000012|mbgmodelid0000031|mconcatfitid0000030|mdifffitid0000005|mdifffitid0000008|mdifffitid0000009|mdifffitid0000010|mdifffitid0000027|mdifffitid0000028|mdifffitid0000043|mdifffitid0000046|mimgtblid0000017|mimgtblid0000055|mprojectid0000001|mprojectid0000002|mprojectid0000003|mprojectid0000020|mprojectid0000021|mprojectid0000022|mprojectid0000023|mviewerid0000019|mviewerid0000058,0.200000,287.957000,0.000000,0.000000,345.548400,0.000000,0.000000,true,38.229000,7,0.772000,"{""bora001"":16,""bora002"":4,""bora003"":13,""bora004"":25}","{""bora001"":0.033606,""bora002"":0.022841,""bora003"":0.047411,""bora004"":0.070949}",[]
prism_cc_cost,cluster_homo,7,maddid0000056|mbackgroundid0000013|mbackgroundid0000014|mbackgroundid0000033|mbackgroundid0000034|mbackgroundid0000035|mbackgroundid0000054|mbgmodelid0000012|mbgmodelid0000031|mconcatfitid0000030|mdifffitid0000005|mdifffitid0000008|mdifffitid0000009|mdifffitid0000010|mdifffitid0000027|mdifffitid0000028|mdifffitid0000043|mdifffitid0000046|mimgtblid0000017|mimgtblid0000055|mprojectid0000001|mprojectid0000002|mprojectid0000003|mprojectid0000020|mprojectid0000021|mprojectid0000022|mprojectid0000023|mviewerid0000019|mviewerid0000058,0.200000,287.957000,0.000000,0.000000,345.548400,0.000000,0.000000,true,38.229000,7,147.398000,"{""bora001"":16,""bora002"":4,""bora003"":13,""bora004"":25}","{""bora001"":0.033606,""bora002"":0.022841,""bora003"":0.047411,""bora004"":0.070949}","[{""rank"":1,""recommended"":true,""feasible"":true,""budget_used"":0,""budget_violation"":0,""makespan"":287.957,""deadline_violation"":0,""machine_signature"":""727197997ba5dcdf"",""weighted_score"":0,""diversity_score"":3.586207},{""rank"":2,""recommended"":false,""feasible"":true,""budget_used"":0,""budget_violation"":0,""makespan"":287.957,""deadline_violation"":0,""machine_signature"":""fd7136cf98f3914c"",""weighted_score"":0,""diversity_score"":3.568966},{""rank"":3,""recommended"":false,""feasible"":true,""budget_used"":0,""budget_violation"":0,""makespan"":291.466,""deadline_violation"":0,""machine_signature"":""3f0d6a892569d911"",""weighted_score"":0,""diversity_score"":3.568966}]"
prism_cc_time,cluster_homo,7,maddid0000056|mbackgroundid0000013|mbackgroundid0000014|mbackgroundid0000033|mbackgroundid0000034|mbackgroundid0000035|mbackgroundid0000054|mbgmodelid0000012|mbgmodelid0000031|mconcatfitid0000030|mdifffitid0000005|mdifffitid0000008|mdifffitid0000009|mdifffitid0000010|mdifffitid0000027|mdifffitid0000028|mdifffitid0000043|mdifffitid0000046|mimgtblid0000017|mimgtblid0000055|mprojectid0000001|mprojectid0000002|mprojectid0000003|mprojectid0000020|mprojectid0000021|mprojectid0000022|mprojectid0000023|mviewerid0000019|mviewerid0000058,0.200000,287.957000,0.000000,0.000000,345.548400,0.000000,0.000000,true,38.229000,7,147.398000,"{""bora001"":16,""bora002"":4,""bora003"":13,""bora004"":25}","{""bora001"":0.033606,""bora002"":0.022841,""bora003"":0.047411,""bora004"":0.070949}","[{""rank"":1,""recommended"":true,""feasible"":true,""budget_used"":0,""budget_violation"":0,""makespan"":287.957,""deadline_violation"":0,""machine_signature"":""727197997ba5dcdf"",""weighted_score"":0.987961,""diversity_score"":3.586207},{""rank"":2,""recommended"":false,""feasible"":true,""budget_used"":0,""budget_violation"":0,""makespan"":287.957,""deadline_violation"":0,""machine_signature"":""fd7136cf98f3914c"",""weighted_score"":0.987961,""diversity_score"":3.568966},{""rank"":3,""recommended"":false,""feasible"":true,""budget_used"":0,""budget_violation"":0,""makespan"":291.466,""deadline_violation"":0,""machine_signature"":""3f0d6a892569d911"",""weighted_score"":1,""diversity_score"":3.568966}]"
heft_colocation,hybrid_hetero,7,maddid0000056|mbackgroundid0000013|mbackgroundid0000014|mbackgroundid0000033|mbackgroundid0000034|mbackgroundid0000035|mbackgroundid0000054|mbgmodelid0000012|mbgmodelid0000031|mconcatfitid0000030|mdifffitid0000005|mdifffitid0000008|mdifffitid0000009|mdifffitid0000010|mdifffitid0000027|mdifffitid0000028|mdifffitid0000043|mdifffitid0000046|mimgtblid0000017|mimgtblid0000055|mprojectid0000001|mprojectid0000002|mprojectid0000003|mprojectid0000020|mprojectid0000021|mprojectid0000022|mprojectid0000023|mviewerid0000019|mviewerid0000058,0.200000,92.891000,0.268030,0.348827,119.109960,0.000000,0.000000,true,46.951000,33,1.491000,"{""h3-standard-88-2"":1,""h4d-standard-192-7"":57}","{""bora011"":0,""diablo03"":0,""h3-standard-88-2"":0.002532,""h4d-standard-192-7"":0.019998}",[]
prism_cc_cost,hybrid_hetero,7,maddid0000056|mbackgroundid0000013|mbackgroundid0000014|mbackgroundid0000033|mbackgroundid0000034|mbackgroundid0000035|mbackgroundid0000054|mbgmodelid0000012|mbgmodelid0000031|mconcatfitid0000030|mdifffitid0000005|mdifffitid0000008|mdifffitid0000009|mdifffitid0000010|mdifffitid0000027|mdifffitid0000028|mdifffitid0000043|mdifffitid0000046|mimgtblid0000017|mimgtblid0000055|mprojectid0000001|mprojectid0000002|mprojectid0000003|mprojectid0000020|mprojectid0000021|mprojectid0000022|mprojectid0000023|mviewerid0000019|mviewerid0000058,0.200000,112.617000,0.224834,0.348827,119.109960,0.000000,0.000000,true,47.723000,33,365.210000,"{""bora011"":14,""h3-standard-88-2"":1,""h4d-standard-192-7"":43}","{""bora011"":0.004098,""diablo03"":0,""h3-standard-88-2"":0.002089,""h4d-standard-192-7"":0.016361}","[{""rank"":1,""recommended"":true,""feasible"":true,""budget_used"":0.224834,""budget_violation"":0,""makespan"":112.617,""deadline_violation"":0,""machine_signature"":""fc3be47d45c86bca"",""weighted_score"":0.224834,""diversity_score"":2.258621},{""rank"":2,""recommended"":false,""feasible"":true,""budget_used"":0.26803,""budget_violation"":0,""makespan"":92.891,""deadline_violation"":0,""machine_signature"":""42eaf357e7d7f253"",""weighted_score"":0.26803,""diversity_score"":1.017241}]"
prism_cc_time,hybrid_hetero,7,maddid0000056|mbackgroundid0000013|mbackgroundid0000014|mbackgroundid0000033|mbackgroundid0000034|mbackgroundid0000035|mbackgroundid0000054|mbgmodelid0000012|mbgmodelid0000031|mconcatfitid0000030|mdifffitid0000005|mdifffitid0000008|mdifffitid0000009|mdifffitid0000010|mdifffitid0000027|mdifffitid0000028|mdifffitid0000043|mdifffitid0000046|mimgtblid0000017|mimgtblid0000055|mprojectid0000001|mprojectid0000002|mprojectid0000003|mprojectid0000020|mprojectid0000021|mprojectid0000022|mprojectid0000023|mviewerid0000019|mviewerid0000058,0.200000,92.891000,0.268030,0.348827,119.109960,0.000000,0.000000,true,46.951000,33,365.210000,"{""h3-standard-88-2"":1,""h4d-standard-192-7"":57}","{""bora011"":0,""diablo03"":0,""h3-standard-88-2"":0.002532,""h4d-standard-192-7"":0.019998}","[{""rank"":1,""recommended"":true,""feasible"":true,""budget_used"":0.26803,""budget_violation"":0,""makespan"":92.891,""deadline_violation"":0,""machine_signature"":""42eaf357e7d7f253"",""weighted_score"":0.82484,""diversity_score"":1.017241},{""rank"":2,""recommended"":false,""feasible"":true,""budget_used"":0.224834,""budget_violation"":0,""makespan"":112.617,""deadline_violation"":0,""machine_signature"":""fc3be47d45c86bca"",""weighted_score"":1,""diversity_score"":2.258621}]"
heft_colocation,hybrid_homo,7,maddid0000056|mbackgroundid0000013|mbackgroundid0000014|mbackgroundid0000033|mbackgroundid0000034|mbackgroundid0000035|mbackgroundid0000054|mbgmodelid0000012|mbgmodelid0000031|mconcatfitid0000030|mdifffitid0000005|mdifffitid0000008|mdifffitid0000009|mdifffitid0000010|mdifffitid0000027|mdifffitid0000028|mdifffitid0000043|mdifffitid0000046|mimgtblid0000017|mimgtblid0000055|mprojectid0000001|mprojectid0000002|mprojectid0000003|mprojectid0000020|mprojectid0000021|mprojectid0000022|mprojectid0000023|mviewerid0000019|mviewerid0000058,0.200000,95.290000,0.495604,0.607531,118.113160,0.000000,0.000000,true,24.073000,16,1.736000,"{""h4d-standard-192-5"":16,""h4d-standard-192-6"":42}","{""bora009"":0,""bora010"":0,""h4d-standard-192-5"":0.00787,""h4d-standard-192-6"":0.01095}",[]
prism_cc_cost,hybrid_homo,7,maddid0000056|mbackgroundid0000013|mbackgroundid0000014|mbackgroundid0000033|mbackgroundid0000034|mbackgroundid0000035|mbackgroundid0000054|mbgmodelid0000012|mbgmodelid0000031|mconcatfitid0000030|mdifffitid0000005|mdifffitid0000008|mdifffitid0000009|mdifffitid0000010|mdifffitid0000027|mdifffitid0000028|mdifffitid0000043|mdifffitid0000046|mimgtblid0000017|mimgtblid0000055|mprojectid0000001|mprojectid0000002|mprojectid0000003|mprojectid0000020|mprojectid0000021|mprojectid0000022|mprojectid0000023|mviewerid0000019|mviewerid0000058,0.200000,116.792000,0.346466,0.607531,118.113160,0.000000,0.000000,true,37.712000,21,446.820000,"{""bora009"":2,""bora010"":6,""h4d-standard-192-5"":49,""h4d-standard-192-6"":1}","{""bora009"":0.00161,""bora010"":0.002831,""h4d-standard-192-5"":0.013913,""h4d-standard-192-6"":0.001893}","[{""rank"":1,""recommended"":true,""feasible"":true,""budget_used"":0.346466,""budget_violation"":0,""makespan"":116.792,""deadline_violation"":0,""machine_signature"":""dcbbd0bf1364291d"",""weighted_score"":0.346466,""diversity_score"":3.155172},{""rank"":2,""recommended"":false,""feasible"":true,""budget_used"":0.36782,""budget_violation"":0,""makespan"":105.697,""deadline_violation"":0,""machine_signature"":""9145d52d02d8f06a"",""weighted_score"":0.36782,""diversity_score"":3.103448},{""rank"":3,""recommended"":false,""feasible"":true,""budget_used"":0.495604,""budget_violation"":0,""makespan"":95.29,""deadline_violation"":0,""machine_signature"":""41770e18862c0b5c"",""weighted_score"":0.495604,""diversity_score"":1.275862}]"
prism_cc_time,hybrid_homo,7,maddid0000056|mbackgroundid0000013|mbackgroundid0000014|mbackgroundid0000033|mbackgroundid0000034|mbackgroundid0000035|mbackgroundid0000054|mbgmodelid0000012|mbgmodelid0000031|mconcatfitid0000030|mdifffitid0000005|mdifffitid0000008|mdifffitid0000009|mdifffitid0000010|mdifffitid0000027|mdifffitid0000028|mdifffitid0000043|mdifffitid0000046|mimgtblid0000017|mimgtblid0000055|mprojectid0000001|mprojectid0000002|mprojectid0000003|mprojectid0000020|mprojectid0000021|mprojectid0000022|mprojectid0000023|mviewerid0000019|mviewerid0000058,0.200000,95.290000,0.495604,0.607531,118.113160,0.000000,0.000000,true,24.073000,16,446.820000,"{""h4d-standard-192-5"":16,""h4d-standard-192-6"":42}","{""bora009"":0,""bora010"":0,""h4d-standard-192-5"":0.00787,""h4d-standard-192-6"":0.01095}","[{""rank"":1,""recommended"":true,""feasible"":true,""budget_used"":0.495604,""budget_violation"":0,""makespan"":95.29,""deadline_violation"":0,""machine_signature"":""41770e18862c0b5c"",""weighted_score"":0.815895,""diversity_score"":1.275862},{""rank"":2,""recommended"":false,""feasible"":true,""budget_used"":0.36782,""budget_violation"":0,""makespan"":105.697,""deadline_violation"":0,""machine_signature"":""9145d52d02d8f06a"",""weighted_score"":0.905002,""diversity_score"":3.103448},{""rank"":3,""recommended"":false,""feasible"":true,""budget_used"":0.346466,""budget_violation"":0,""makespan"":116.792,""deadline_violation"":0,""machine_signature"":""dcbbd0bf1364291d"",""weighted_score"":1,""diversity_score"":3.155172}]"
heft_colocation,hybrid_raspberry_500mbps,7,maddid0000056|mbackgroundid0000013|mbackgroundid0000014|mbackgroundid0000033|mbackgroundid0000034|mbackgroundid0000035|mbackgroundid0000054|mbgmodelid0000012|mbgmodelid0000031|mconcatfitid0000030|mdifffitid0000005|mdifffitid0000008|mdifffitid0000009|mdifffitid0000010|mdifffitid0000027|mdifffitid0000028|mdifffitid0000043|mdifffitid0000046|mimgtblid0000017|mimgtblid0000055|mprojectid0000001|mprojectid0000002|mprojectid0000003|mprojectid0000020|mprojectid0000021|mprojectid0000022|mprojectid0000023|mviewerid0000019|mviewerid0000058,0.200000,135.525000,0.458914,0.533583,179.300320,0.000000,0.000000,true,70.404000,32,2.479000,"{""cloud-node-02"":53,""hpc-node-02"":5}","{""cloud-node-01"":0,""cloud-node-02"":0.06976,""hpc-node-01"":0,""hpc-node-02"":0.03297,""rpi-edge-01"":0,""rpi-edge-02"":0,""rpi-edge-03"":0,""rpi-edge-04"":0,""rpi-edge-05"":0,""rpi-edge-06"":0,""rpi-edge-07"":0,""rpi-edge-08"":0,""rpi-edge-09"":0,""rpi-edge-10"":0}",[]
prism_cc_cost,hybrid_raspberry_500mbps,7,maddid0000056|mbackgroundid0000013|mbackgroundid0000014|mbackgroundid0000033|mbackgroundid0000034|mbackgroundid0000035|mbackgroundid0000054|mbgmodelid0000012|mbgmodelid0000031|mconcatfitid0000030|mdifffitid0000005|mdifffitid0000008|mdifffitid0000009|mdifffitid0000010|mdifffitid0000027|mdifffitid0000028|mdifffitid0000043|mdifffitid0000046|mimgtblid0000017|mimgtblid0000055|mprojectid0000001|mprojectid0000002|mprojectid0000003|mprojectid0000020|mprojectid0000021|mprojectid0000022|mprojectid0000023|mviewerid0000019|mviewerid0000058,0.200000,171.627000,0.226454,0.533583,179.300320,0.000000,0.000000,true,125.971000,32,630.369000,"{""cloud-node-02"":2,""hpc-node-02"":56}","{""cloud-node-01"":0,""cloud-node-02"":0.007716,""hpc-node-01"":0,""hpc-node-02"":0.188053,""rpi-edge-01"":0,""rpi-edge-02"":0,""rpi-edge-03"":0,""rpi-edge-04"":0,""rpi-edge-05"":0,""rpi-edge-06"":0,""rpi-edge-07"":0,""rpi-edge-08"":0,""rpi-edge-09"":0,""rpi-edge-10"":0}","[{""rank"":1,""recommended"":true,""feasible"":true,""budget_used"":0.226454,""budget_violation"":0,""makespan"":171.627,""deadline_violation"":0,""machine_signature"":""8c83f5dd610dfc5b"",""weighted_score"":0.226454,""diversity_score"":1.034483},{""rank"":2,""recommended"":false,""feasible"":true,""budget_used"":0.458914,""budget_violation"":0,""makespan"":135.525,""deadline_violation"":0,""machine_signature"":""e7ec1cad1c49f4cd"",""weighted_score"":0.458914,""diversity_score"":1.086207}]"
prism_cc_time,hybrid_raspberry_500mbps,7,maddid0000056|mbackgroundid0000013|mbackgroundid0000014|mbackgroundid0000033|mbackgroundid0000034|mbackgroundid0000035|mbackgroundid0000054|mbgmodelid0000012|mbgmodelid0000031|mconcatfitid0000030|mdifffitid0000005|mdifffitid0000008|mdifffitid0000009|mdifffitid0000010|mdifffitid0000027|mdifffitid0000028|mdifffitid0000043|mdifffitid0000046|mimgtblid0000017|mimgtblid0000055|mprojectid0000001|mprojectid0000002|mprojectid0000003|mprojectid0000020|mprojectid0000021|mprojectid0000022|mprojectid0000023|mviewerid0000019|mviewerid0000058,0.200000,135.525000,0.458914,0.533583,179.300320,0.000000,0.000000,true,70.404000,32,630.369000,"{""cloud-node-02"":53,""hpc-node-02"":5}","{""cloud-node-01"":0,""cloud-node-02"":0.06976,""hpc-node-01"":0,""hpc-node-02"":0.03297,""rpi-edge-01"":0,""rpi-edge-02"":0,""rpi-edge-03"":0,""rpi-edge-04"":0,""rpi-edge-05"":0,""rpi-edge-06"":0,""rpi-edge-07"":0,""rpi-edge-08"":0,""rpi-edge-09"":0,""rpi-edge-10"":0}","[{""rank"":1,""recommended"":true,""feasible"":true,""budget_used"":0.458914,""budget_violation"":0,""makespan"":135.525,""deadline_violation"":0,""machine_signature"":""e7ec1cad1c49f4cd"",""weighted_score"":0.789648,""diversity_score"":1.086207},{""rank"":2,""recommended"":false,""feasible"":true,""budget_used"":0.226454,""budget_violation"":0,""makespan"":171.627,""deadline_violation"":0,""machine_signature"":""8c83f5dd610dfc5b"",""weighted_score"":1,""diversity_score"":1.034483}]"
heft_colocation,cloud_hetero,8,maddid0000018|maddid0000037|maddid0000056|mbackgroundid0000014|mbackgroundid0000016|mbackgroundid0000032|mbackgroundid0000033|mbackgroundid0000035|mbackgroundid0000052|mbackgroundid0000053|mbgmodelid0000012|mbgmodelid0000031|mbgmodelid0000050|mdifffitid0000006|mdifffitid0000008|mdifffitid0000024|mdifffitid0000043|mdifffitid0000044|mdifffitid0000045|mimgtblid0000036|mprojectid0000003|mprojectid0000004|mprojectid0000020|mprojectid0000021|mprojectid0000039|mprojectid0000040|mprojectid0000042|mviewerid0000038|mviewerid0000057,0.200000,96.660000,0.512835,0.641828,118.113160,0.000000,0.000000,true,29.191000,17,1.966000,"{""h4d-highmem-192-1"":43,""h4d-standard-192-1"":15}","{""h3-standard-88-1"":0,""h3-standard-88-2"":0,""h4d-highmem-192-1"":0.011198,""h4d-standard-192-1"":0.007632}",[]
prism_cc_cost,cloud_hetero,8,maddid0000018|maddid0000037|maddid0000056|mbackgroundid0000014|mbackgroundid0000016|mbackgroundid0000032|mbackgroundid0000033|mbackgroundid0000035|mbackgroundid0000052|mbackgroundid0000053|mbgmodelid0000012|mbgmodelid0000031|mbgmodelid0000050|mdifffitid0000006|mdifffitid0000008|mdifffitid0000024|mdifffitid0000043|mdifffitid0000044|mdifffitid0000045|mimgtblid0000036|mprojectid0000003|mprojectid0000004|mprojectid0000020|mprojectid0000021|mprojectid0000039|mprojectid0000040|mprojectid0000042|mviewerid0000038|mviewerid0000057,0.200000,106.799000,0.232993,0.641828,118.113160,0.000000,0.000000,true,73.857000,47,354.791000,"{""h4d-standard-192-1"":58}","{""h3-standard-88-1"":0,""h3-standard-88-2"":0,""h4d-highmem-192-1"":0,""h4d-standard-192-1"":0.01922}","[{""rank"":1,""recommended"":true,""feasible"":true,""budget_used"":0.232993,""budget_violation"":0,""makespan"":106.799,""deadline_violation"":0,""machine_signature"":""0e7df547a992f8e5"",""weighted_score"":0.232993,""diversity_score"":0},{""rank"":2,""recommended"":false,""feasible"":true,""budget_used"":0.512835,""budget_violation"":0,""makespan"":96.66,""deadline_violation"":0,""machine_signature"":""8946f3346d0da339"",""weighted_score"":0.512835,""diversity_score"":1.258621},{""rank"":3,""recommended"":false,""feasible"":true,""budget_used"":0.512835,""budget_violation"":0,""makespan"":96.66,""deadline_violation"":0,""machine_signature"":""70bafc814bec6030"",""weighted_score"":0.512835,""diversity_score"":1.258621}]"
prism_cc_time,cloud_hetero,8,maddid0000018|maddid0000037|maddid0000056|mbackgroundid0000014|mbackgroundid0000016|mbackgroundid0000032|mbackgroundid0000033|mbackgroundid0000035|mbackgroundid0000052|mbackgroundid0000053|mbgmodelid0000012|mbgmodelid0000031|mbgmodelid0000050|mdifffitid0000006|mdifffitid0000008|mdifffitid0000024|mdifffitid0000043|mdifffitid0000044|mdifffitid0000045|mimgtblid0000036|mprojectid0000003|mprojectid0000004|mprojectid0000020|mprojectid0000021|mprojectid0000039|mprojectid0000040|mprojectid0000042|mviewerid0000038|mviewerid0000057,0.200000,96.660000,0.512835,0.641828,118.113160,0.000000,0.000000,true,29.191000,17,354.791000,"{""h4d-highmem-192-1"":43,""h4d-standard-192-1"":15}","{""h3-standard-88-1"":0,""h3-standard-88-2"":0,""h4d-highmem-192-1"":0.011198,""h4d-standard-192-1"":0.007632}","[{""rank"":1,""recommended"":true,""feasible"":true,""budget_used"":0.512835,""budget_violation"":0,""makespan"":96.66,""deadline_violation"":0,""machine_signature"":""8946f3346d0da339"",""weighted_score"":0.905065,""diversity_score"":1.258621},{""rank"":2,""recommended"":false,""feasible"":true,""budget_used"":0.512835,""budget_violation"":0,""makespan"":96.66,""deadline_violation"":0,""machine_signature"":""70bafc814bec6030"",""weighted_score"":0.905065,""diversity_score"":1.258621},{""rank"":3,""recommended"":false,""feasible"":true,""budget_used"":0.232993,""budget_violation"":0,""makespan"":106.799,""deadline_violation"":0,""machine_signature"":""0e7df547a992f8e5"",""weighted_score"":1,""diversity_score"":0}]"
heft_colocation,cloud_homo,8,maddid0000018|maddid0000037|maddid0000056|mbackgroundid0000014|mbackgroundid0000016|mbackgroundid0000032|mbackgroundid0000033|mbackgroundid0000035|mbackgroundid0000052|mbackgroundid0000053|mbgmodelid0000012|mbgmodelid0000031|mbgmodelid0000050|mdifffitid0000006|mdifffitid0000008|mdifffitid0000024|mdifffitid0000043|mdifffitid0000044|mdifffitid0000045|mimgtblid0000036|mprojectid0000003|mprojectid0000004|mprojectid0000020|mprojectid0000021|mprojectid0000039|mprojectid0000040|mprojectid0000042|mviewerid0000038|mviewerid0000057,0.200000,97.995000,0.860439,1.059152,119.559000,0.000000,0.000000,true,7.466000,7,2.586000,"{""h4d-standard-192-1"":28,""h4d-standard-192-2"":19,""h4d-standard-192-3"":5,""h4d-standard-192-4"":6}","{""h4d-standard-192-1"":0.005599,""h4d-standard-192-2"":0.005037,""h4d-standard-192-3"":0.002734,""h4d-standard-192-4"":0.004048}",[]
prism_cc_cost,cloud_homo,8,maddid0000018|maddid0000037|maddid0000056|mbackgroundid0000014|mbackgroundid0000016|mbackgroundid0000032|mbackgroundid0000033|mbackgroundid0000035|mbackgroundid0000052|mbackgroundid0000053|mbgmodelid0000012|mbgmodelid0000031|mbgmodelid0000050|mdifffitid0000006|mdifffitid0000008|mdifffitid0000024|mdifffitid0000043|mdifffitid0000044|mdifffitid0000045|mimgtblid0000036|mprojectid0000003|mprojectid0000004|mprojectid0000020|mprojectid0000021|mprojectid0000039|mprojectid0000040|mprojectid0000042|mviewerid0000038|mviewerid0000057,0.200000,105.193000,0.229492,1.059152,119.559000,0.000000,0.000000,true,73.251000,41,340.566000,"{""h4d-standard-192-1"":58}","{""h4d-standard-192-1"":0.019484,""h4d-standard-192-2"":0,""h4d-standard-192-3"":0,""h4d-standard-192-4"":0}","[{""rank"":1,""recommended"":true,""feasible"":true,""budget_used"":0.229492,""budget_violation"":0,""makespan"":105.193,""deadline_violation"":0,""machine_signature"":""6d3f503d73a53429"",""weighted_score"":0.229492,""diversity_score"":0},{""rank"":2,""recommended"":false,""feasible"":true,""budget_used"":0.844085,""budget_violation"":0,""makespan"":97.995,""deadline_violation"":0,""machine_signature"":""5bd5a023f626ed78"",""weighted_score"":0.844085,""diversity_score"":3.465517},{""rank"":3,""recommended"":false,""feasible"":true,""budget_used"":0.860439,""budget_violation"":0,""makespan"":97.995,""deadline_violation"":0,""machine_signature"":""cb515bb32488b8c3"",""weighted_score"":0.860439,""diversity_score"":3.517241}]"
prism_cc_time,cloud_homo,8,maddid0000018|maddid0000037|maddid0000056|mbackgroundid0000014|mbackgroundid0000016|mbackgroundid0000032|mbackgroundid0000033|mbackgroundid0000035|mbackgroundid0000052|mbackgroundid0000053|mbgmodelid0000012|mbgmodelid0000031|mbgmodelid0000050|mdifffitid0000006|mdifffitid0000008|mdifffitid0000024|mdifffitid0000043|mdifffitid0000044|mdifffitid0000045|mimgtblid0000036|mprojectid0000003|mprojectid0000004|mprojectid0000020|mprojectid0000021|mprojectid0000039|mprojectid0000040|mprojectid0000042|mviewerid0000038|mviewerid0000057,0.200000,97.995000,0.860439,1.059152,119.559000,0.000000,0.000000,true,7.466000,7,340.566000,"{""h4d-standard-192-1"":28,""h4d-standard-192-2"":19,""h4d-standard-192-3"":5,""h4d-standard-192-4"":6}","{""h4d-standard-192-1"":0.005599,""h4d-standard-192-2"":0.005037,""h4d-standard-192-3"":0.002734,""h4d-standard-192-4"":0.004048}","[{""rank"":1,""recommended"":true,""feasible"":true,""budget_used"":0.844085,""budget_violation"":0,""makespan"":97.995,""deadline_violation"":0,""machine_signature"":""5bd5a023f626ed78"",""weighted_score"":0.931573,""diversity_score"":3.465517},{""rank"":2,""recommended"":false,""feasible"":true,""budget_used"":0.860439,""budget_violation"":0,""makespan"":97.995,""deadline_violation"":0,""machine_signature"":""cb515bb32488b8c3"",""weighted_score"":0.931573,""diversity_score"":3.517241},{""rank"":3,""recommended"":false,""feasible"":true,""budget_used"":0.229492,""budget_violation"":0,""makespan"":105.193,""deadline_violation"":0,""machine_signature"":""6d3f503d73a53429"",""weighted_score"":1,""diversity_score"":0}]"
heft_colocation,cluster_hetero,8,maddid0000018|maddid0000037|maddid0000056|mbackgroundid0000014|mbackgroundid0000016|mbackgroundid0000032|mbackgroundid0000033|mbackgroundid0000035|mbackgroundid0000052|mbackgroundid0000053|mbgmodelid0000012|mbgmodelid0000031|mbgmodelid0000050|mdifffitid0000006|mdifffitid0000008|mdifffitid0000024|mdifffitid0000043|mdifffitid0000044|mdifffitid0000045|mimgtblid0000036|mprojectid0000003|mprojectid0000004|mprojectid0000020|mprojectid0000021|mprojectid0000039|mprojectid0000040|mprojectid0000042|mviewerid0000038|mviewerid0000057,0.200000,305.463000,0.000000,0.000000,353.759520,0.000000,0.000000,true,88.327000,9,0.955000,"{""bora005"":19,""bora006"":30,""diablo01"":6,""diablo02"":3}","{""bora005"":0.062747,""bora006"":0.091475,""diablo01"":0.005358,""diablo02"":0.005259}",[]
prism_cc_cost,cluster_hetero,8,maddid0000018|maddid0000037|maddid0000056|mbackgroundid0000014|mbackgroundid0000016|mbackgroundid0000032|mbackgroundid0000033|mbackgroundid0000035|mbackgroundid0000052|mbackgroundid0000053|mbgmodelid0000012|mbgmodelid0000031|mbgmodelid0000050|mdifffitid0000006|mdifffitid0000008|mdifffitid0000024|mdifffitid0000043|mdifffitid0000044|mdifffitid0000045|mimgtblid0000036|mprojectid0000003|mprojectid0000004|mprojectid0000020|mprojectid0000021|mprojectid0000039|mprojectid0000040|mprojectid0000042|mviewerid0000038|mviewerid0000057,0.200000,305.463000,0.000000,0.000000,353.759520,0.000000,0.000000,true,88.327000,9,148.276000,"{""bora005"":19,""bora006"":30,""diablo01"":6,""diablo02"":3}","{""bora005"":0.062747,""bora006"":0.091475,""diablo01"":0.005358,""diablo02"":0.005259}","[{""rank"":1,""recommended"":true,""feasible"":true,""budget_used"":0,""budget_violation"":0,""makespan"":305.463,""deadline_violation"":0,""machine_signature"":""4d5fac47b1adf7d0"",""weighted_score"":0,""diversity_score"":3.482759}]"
prism_cc_time,cluster_hetero,8,maddid0000018|maddid0000037|maddid0000056|mbackgroundid0000014|mbackgroundid0000016|mbackgroundid0000032|mbackgroundid0000033|mbackgroundid0000035|mbackgroundid0000052|mbackgroundid0000053|mbgmodelid0000012|mbgmodelid0000031|mbgmodelid0000050|mdifffitid0000006|mdifffitid0000008|mdifffitid0000024|mdifffitid0000043|mdifffitid0000044|mdifffitid0000045|mimgtblid0000036|mprojectid0000003|mprojectid0000004|mprojectid0000020|mprojectid0000021|mprojectid0000039|mprojectid0000040|mprojectid0000042|mviewerid0000038|mviewerid0000057,0.200000,305.463000,0.000000,0.000000,353.759520,0.000000,0.000000,true,88.327000,9,148.276000,"{""bora005"":19,""bora006"":30,""diablo01"":6,""diablo02"":3}","{""bora005"":0.062747,""bora006"":0.091475,""diablo01"":0.005358,""diablo02"":0.005259}","[{""rank"":1,""recommended"":true,""feasible"":true,""budget_used"":0,""budget_violation"":0,""makespan"":305.463,""deadline_violation"":0,""machine_signature"":""4d5fac47b1adf7d0"",""weighted_score"":1,""diversity_score"":3.482759}]"
heft_colocation,cluster_homo,8,maddid0000018|maddid0000037|maddid0000056|mbackgroundid0000014|mbackgroundid0000016|mbackgroundid0000032|mbackgroundid0000033|mbackgroundid0000035|mbackgroundid0000052|mbackgroundid0000053|mbgmodelid0000012|mbgmodelid0000031|mbgmodelid0000050|mdifffitid0000006|mdifffitid0000008|mdifffitid0000024|mdifffitid0000043|mdifffitid0000044|mdifffitid0000045|mimgtblid0000036|mprojectid0000003|mprojectid0000004|mprojectid0000020|mprojectid0000021|mprojectid0000039|mprojectid0000040|mprojectid0000042|mviewerid0000038|mviewerid0000057,0.200000,287.957000,0.000000,0.000000,345.548400,0.000000,0.000000,true,42.514000,8,0.788000,"{""bora001"":29,""bora002"":19,""bora003"":6,""bora004"":4}","{""bora001"":0.056772,""bora002"":0.050665,""bora003"":0.030542,""bora004"":0.037242}",[]
prism_cc_cost,cluster_homo,8,maddid0000018|maddid0000037|maddid0000056|mbackgroundid0000014|mbackgroundid0000016|mbackgroundid0000032|mbackgroundid0000033|mbackgroundid0000035|mbackgroundid0000052|mbackgroundid0000053|mbgmodelid0000012|mbgmodelid0000031|mbgmodelid0000050|mdifffitid0000006|mdifffitid0000008|mdifffitid0000024|mdifffitid0000043|mdifffitid0000044|mdifffitid0000045|mimgtblid0000036|mprojectid0000003|mprojectid0000004|mprojectid0000020|mprojectid0000021|mprojectid0000039|mprojectid0000040|mprojectid0000042|mviewerid0000038|mviewerid0000057,0.200000,287.957000,0.000000,0.000000,345.548400,0.000000,0.000000,true,42.514000,8,136.559000,"{""bora001"":29,""bora002"":19,""bora003"":6,""bora004"":4}","{""bora001"":0.056772,""bora002"":0.050665,""bora003"":0.030542,""bora004"":0.037242}","[{""rank"":1,""recommended"":true,""feasible"":true,""budget_used"":0,""budget_violation"":0,""makespan"":287.957,""deadline_violation"":0,""machine_signature"":""1d8a317a492f5068"",""weighted_score"":0,""diversity_score"":3.5}]"
prism_cc_time,cluster_homo,8,maddid0000018|maddid0000037|maddid0000056|mbackgroundid0000014|mbackgroundid0000016|mbackgroundid0000032|mbackgroundid0000033|mbackgroundid0000035|mbackgroundid0000052|mbackgroundid0000053|mbgmodelid0000012|mbgmodelid0000031|mbgmodelid0000050|mdifffitid0000006|mdifffitid0000008|mdifffitid0000024|mdifffitid0000043|mdifffitid0000044|mdifffitid0000045|mimgtblid0000036|mprojectid0000003|mprojectid0000004|mprojectid0000020|mprojectid0000021|mprojectid0000039|mprojectid0000040|mprojectid0000042|mviewerid0000038|mviewerid0000057,0.200000,287.957000,0.000000,0.000000,345.548400,0.000000,0.000000,true,42.514000,8,136.559000,"{""bora001"":29,""bora002"":19,""bora003"":6,""bora004"":4}","{""bora001"":0.056772,""bora002"":0.050665,""bora003"":0.030542,""bora004"":0.037242}","[{""rank"":1,""recommended"":true,""feasible"":true,""budget_used"":0,""budget_violation"":0,""makespan"":287.957,""deadline_violation"":0,""machine_signature"":""1d8a317a492f5068"",""weighted_score"":1,""diversity_score"":3.5}]"
heft_colocation,hybrid_hetero,8,maddid0000018|maddid0000037|maddid0000056|mbackgroundid0000014|mbackgroundid0000016|mbackgroundid0000032|mbackgroundid0000033|mbackgroundid0000035|mbackgroundid0000052|mbackgroundid0000053|mbgmodelid0000012|mbgmodelid0000031|mbgmodelid0000050|mdifffitid0000006|mdifffitid0000008|mdifffitid0000024|mdifffitid0000043|mdifffitid0000044|mdifffitid0000045|mimgtblid0000036|mprojectid0000003|mprojectid0000004|mprojectid0000020|mprojectid0000021|mprojectid0000039|mprojectid0000040|mprojectid0000042|mviewerid0000038|mviewerid0000057,0.200000,104.534000,0.389350,0.348827,119.109960,0.040500,0.000000,false,57.420000,26,1.566000,"{""h3-standard-88-2"":12,""h4d-standard-192-7"":46}","{""bora011"":0,""diablo03"":0,""h3-standard-88-2"":0.0037,""h4d-standard-192-7"":0.017952}",[]
prism_cc_cost,hybrid_hetero,8,maddid0000018|maddid0000037|maddid0000056|mbackgroundid0000014|mbackgroundid0000016|mbackgroundid0000032|mbackgroundid0000033|mbackgroundid0000035|mbackgroundid0000052|mbackgroundid0000053|mbgmodelid0000012|mbgmodelid0000031|mbgmodelid0000050|mdifffitid0000006|mdifffitid0000008|mdifffitid0000024|mdifffitid0000043|mdifffitid0000044|mdifffitid0000045|mimgtblid0000036|mprojectid0000003|mprojectid0000004|mprojectid0000020|mprojectid0000021|mprojectid0000039|mprojectid0000040|mprojectid0000042|mviewerid0000038|mviewerid0000057,0.200000,117.375000,0.294137,0.348827,119.109960,0.000000,0.000000,true,57.332000,25,252.576000,"{""bora011"":5,""diablo03"":4,""h3-standard-88-2"":3,""h4d-standard-192-7"":46}","{""bora011"":0.001368,""diablo03"":0.001125,""h3-standard-88-2"":0.00273,""h4d-standard-192-7"":0.016017}","[{""rank"":1,""recommended"":true,""feasible"":true,""budget_used"":0.294137,""budget_violation"":0,""makespan"":117.375,""deadline_violation"":0,""machine_signature"":""c895d88d75fdc089"",""weighted_score"":0.294137,""diversity_score"":3.206897},{""rank"":2,""recommended"":false,""feasible"":true,""budget_used"":0.310509,""budget_violation"":0,""makespan"":106.862,""deadline_violation"":0,""machine_signature"":""93939508c28c38c4"",""weighted_score"":0.310509,""diversity_score"":3.137931},{""rank"":3,""recommended"":false,""feasible"":false,""budget_used"":0.38935,""budget_violation"":0.0405,""makespan"":104.534,""deadline_violation"":0,""machine_signature"":""914b74be484e1bf5"",""weighted_score"":0.38935,""diversity_score"":1.206897}]"
prism_cc_time,hybrid_hetero,8,maddid0000018|maddid0000037|maddid0000056|mbackgroundid0000014|mbackgroundid0000016|mbackgroundid0000032|mbackgroundid0000033|mbackgroundid0000035|mbackgroundid0000052|mbackgroundid0000053|mbgmodelid0000012|mbgmodelid0000031|mbgmodelid0000050|mdifffitid0000006|mdifffitid0000008|mdifffitid0000024|mdifffitid0000043|mdifffitid0000044|mdifffitid0000045|mimgtblid0000036|mprojectid0000003|mprojectid0000004|mprojectid0000020|mprojectid0000021|mprojectid0000039|mprojectid0000040|mprojectid0000042|mviewerid0000038|mviewerid0000057,0.200000,104.534000,0.389350,0.348827,119.109960,0.040500,0.000000,false,57.420000,26,252.576000,"{""h3-standard-88-2"":12,""h4d-standard-192-7"":46}","{""bora011"":0,""diablo03"":0,""h3-standard-88-2"":0.0037,""h4d-standard-192-7"":0.017952}","[{""rank"":1,""recommended"":true,""feasible"":true,""budget_used"":0.310509,""budget_violation"":0,""makespan"":106.862,""deadline_violation"":0,""machine_signature"":""93939508c28c38c4"",""weighted_score"":0.910432,""diversity_score"":3.137931},{""rank"":2,""recommended"":false,""feasible"":true,""budget_used"":0.294137,""budget_violation"":0,""makespan"":117.375,""deadline_violation"":0,""machine_signature"":""c895d88d75fdc089"",""weighted_score"":1,""diversity_score"":3.206897},{""rank"":3,""recommended"":false,""feasible"":false,""budget_used"":0.38935,""budget_violation"":0.0405,""makespan"":104.534,""deadline_violation"":0,""machine_signature"":""914b74be484e1bf5"",""weighted_score"":0.890599,""diversity_score"":1.206897}]"
heft_colocation,hybrid_homo,8,maddid0000018|maddid0000037|maddid0000056|mbackgroundid0000014|mbackgroundid0000016|mbackgroundid0000032|mbackgroundid0000033|mbackgroundid0000035|mbackgroundid0000052|mbackgroundid0000053|mbgmodelid0000012|mbgmodelid0000031|mbgmodelid0000050|mdifffitid0000006|mdifffitid0000008|mdifffitid0000024|mdifffitid0000043|mdifffitid0000044|mdifffitid0000045|mimgtblid0000036|mprojectid0000003|mprojectid0000004|mprojectid0000020|mprojectid0000021|mprojectid0000039|mprojectid0000040|mprojectid0000042|mviewerid0000038|mviewerid0000057,0.200000,96.660000,0.486264,0.607531,118.113160,0.000000,0.000000,true,29.191000,17,1.612000,"{""h4d-standard-192-5"":15,""h4d-standard-192-6"":43}","{""bora009"":0,""bora010"":0,""h4d-standard-192-5"":0.007632,""h4d-standard-192-6"":0.011198}",[]
prism_cc_cost,hybrid_homo,8,maddid0000018|maddid0000037|maddid0000056|mbackgroundid0000014|mbackgroundid0000016|mbackgroundid0000032|mbackgroundid0000033|mbackgroundid0000035|mbackgroundid0000052|mbackgroundid0000053|mbgmodelid0000012|mbgmodelid0000031|mbgmodelid0000050|mdifffitid0000006|mdifffitid0000008|mdifffitid0000024|mdifffitid0000043|mdifffitid0000044|mdifffitid0000045|mimgtblid0000036|mprojectid0000003|mprojectid0000004|mprojectid0000020|mprojectid0000021|mprojectid0000039|mprojectid0000040|mprojectid0000042|mviewerid0000038|mviewerid0000057,0.200000,111.154000,0.410690,0.607531,118.113160,0.000000,0.000000,true,33.308000,14,352.727000,"{""bora009"":9,""bora010"":2,""h4d-standard-192-5"":30,""h4d-standard-192-6"":17}","{""bora009"":0.003242,""bora010"":0.000599,""h4d-standard-192-5"":0.012129,""h4d-standard-192-6"":0.004308}","[{""rank"":1,""recommended"":true,""feasible"":true,""budget_used"":0.41069,""budget_violation"":0,""makespan"":111.154,""deadline_violation"":0,""machine_signature"":""8520c4caa2d69d4e"",""weighted_score"":0.41069,""diversity_score"":3.482759},{""rank"":2,""recommended"":false,""feasible"":true,""budget_used"":0.486264,""budget_violation"":0,""makespan"":96.66,""deadline_violation"":0,""machine_signature"":""e2ce33fe33ac7ba2"",""weighted_score"":0.486264,""diversity_score"":1.258621}]"
prism_cc_time,hybrid_homo,8,maddid0000018|maddid0000037|maddid0000056|mbackgroundid0000014|mbackgroundid0000016|mbackgroundid0000032|mbackgroundid0000033|mbackgroundid0000035|mbackgroundid0000052|mbackgroundid0000053|mbgmodelid0000012|mbgmodelid0000031|mbgmodelid0000050|mdifffitid0000006|mdifffitid0000008|mdifffitid0000024|mdifffitid0000043|mdifffitid0000044|mdifffitid0000045|mimgtblid0000036|mprojectid0000003|mprojectid0000004|mprojectid0000020|mprojectid0000021|mprojectid0000039|mprojectid0000040|mprojectid0000042|mviewerid0000038|mviewerid0000057,0.200000,96.660000,0.486264,0.607531,118.113160,0.000000,0.000000,true,29.191000,17,352.727000,"{""h4d-standard-192-5"":15,""h4d-standard-192-6"":43}","{""bora009"":0,""bora010"":0,""h4d-standard-192-5"":0.007632,""h4d-standard-192-6"":0.011198}","[{""rank"":1,""recommended"":true,""feasible"":true,""budget_used"":0.486264,""budget_violation"":0,""makespan"":96.66,""deadline_violation"":0,""machine_signature"":""e2ce33fe33ac7ba2"",""weighted_score"":0.869604,""diversity_score"":1.258621},{""rank"":2,""recommended"":false,""feasible"":true,""budget_used"":0.41069,""budget_violation"":0,""makespan"":111.154,""deadline_violation"":0,""machine_signature"":""8520c4caa2d69d4e"",""weighted_score"":1,""diversity_score"":3.482759}]"
heft_colocation,hybrid_raspberry_500mbps,8,maddid0000018|maddid0000037|maddid0000056|mbackgroundid0000014|mbackgroundid0000016|mbackgroundid0000032|mbackgroundid0000033|mbackgroundid0000035|mbackgroundid0000052|mbackgroundid0000053|mbgmodelid0000012|mbgmodelid0000031|mbgmodelid0000050|mdifffitid0000006|mdifffitid0000008|mdifffitid0000024|mdifffitid0000043|mdifffitid0000044|mdifffitid0000045|mimgtblid0000036|mprojectid0000003|mprojectid0000004|mprojectid0000020|mprojectid0000021|mprojectid0000039|mprojectid0000040|mprojectid0000042|mviewerid0000038|mviewerid0000057,0.200000,160.161000,0.482674,0.533583,179.300320,0.000000,0.000000,true,87.361000,41,3.375000,"{""cloud-node-02"":52,""hpc-node-02"":6}","{""cloud-node-01"":0,""cloud-node-02"":0.059111,""hpc-node-01"":0,""hpc-node-02"":0.033092,""rpi-edge-01"":0,""rpi-edge-02"":0,""rpi-edge-03"":0,""rpi-edge-04"":0,""rpi-edge-05"":0,""rpi-edge-06"":0,""rpi-edge-07"":0,""rpi-edge-08"":0,""rpi-edge-09"":0,""rpi-edge-10"":0}",[]
prism_cc_cost,hybrid_raspberry_500mbps,8,maddid0000018|maddid0000037|maddid0000056|mbackgroundid0000014|mbackgroundid0000016|mbackgroundid0000032|mbackgroundid0000033|mbackgroundid0000035|mbackgroundid0000052|mbackgroundid0000053|mbgmodelid0000012|mbgmodelid0000031|mbgmodelid0000050|mdifffitid0000006|mdifffitid0000008|mdifffitid0000024|mdifffitid0000043|mdifffitid0000044|mdifffitid0000045|mimgtblid0000036|mprojectid0000003|mprojectid0000004|mprojectid0000020|mprojectid0000021|mprojectid0000039|mprojectid0000040|mprojectid0000042|mviewerid0000038|mviewerid0000057,0.200000,160.161000,0.482674,0.533583,179.300320,0.000000,0.000000,true,87.361000,41,635.009000,"{""cloud-node-02"":52,""hpc-node-02"":6}","{""cloud-node-01"":0,""cloud-node-02"":0.059111,""hpc-node-01"":0,""hpc-node-02"":0.033092,""rpi-edge-01"":0,""rpi-edge-02"":0,""rpi-edge-03"":0,""rpi-edge-04"":0,""rpi-edge-05"":0,""rpi-edge-06"":0,""rpi-edge-07"":0,""rpi-edge-08"":0,""rpi-edge-09"":0,""rpi-edge-10"":0}","[{""rank"":1,""recommended"":true,""feasible"":true,""budget_used"":0.482674,""budget_violation"":0,""makespan"":160.161,""deadline_violation"":0,""machine_signature"":""be37d1a4706e0fb0"",""weighted_score"":0.482674,""diversity_score"":1.103448}]"
prism_cc_time,hybrid_raspberry_500mbps,8,maddid0000018|maddid0000037|maddid0000056|mbackgroundid0000014|mbackgroundid0000016|mbackgroundid0000032|mbackgroundid0000033|mbackgroundid0000035|mbackgroundid0000052|mbackgroundid0000053|mbgmodelid0000012|mbgmodelid0000031|mbgmodelid0000050|mdifffitid0000006|mdifffitid0000008|mdifffitid0000024|mdifffitid0000043|mdifffitid0000044|mdifffitid0000045|mimgtblid0000036|mprojectid0000003|mprojectid0000004|mprojectid0000020|mprojectid0000021|mprojectid0000039|mprojectid0000040|mprojectid0000042|mviewerid0000038|mviewerid0000057,0.200000,160.161000,0.482674,0.533583,179.300320,0.000000,0.000000,true,87.361000,41,635.009000,"{""cloud-node-02"":52,""hpc-node-02"":6}","{""cloud-node-01"":0,""cloud-node-02"":0.059111,""hpc-node-01"":0,""hpc-node-02"":0.033092,""rpi-edge-01"":0,""rpi-edge-02"":0,""rpi-edge-03"":0,""rpi-edge-04"":0,""rpi-edge-05"":0,""rpi-edge-06"":0,""rpi-edge-07"":0,""rpi-edge-08"":0,""rpi-edge-09"":0,""rpi-edge-10"":0}","[{""rank"":1,""recommended"":true,""feasible"":true,""budget_used"":0.482674,""budget_violation"":0,""makespan"":160.161,""deadline_violation"":0,""machine_signature"":""be37d1a4706e0fb0"",""weighted_score"":1,""diversity_score"":1.103448}]"
heft_colocation,cloud_hetero,9,maddid0000037|mbackgroundid0000013|mbackgroundid0000016|mbackgroundid0000032|mbackgroundid0000033|mbackgroundid0000052|mbackgroundid0000053|mbackgroundid0000054|mbgmodelid0000012|mbgmodelid0000031|mconcatfitid0000011|mconcatfitid0000030|mdifffitid0000005|mdifffitid0000008|mdifffitid0000009|mdifffitid0000010|mdifffitid0000028|mdifffitid0000029|mdifffitid0000046|mimgtblid0000055|mprojectid0000003|mprojectid0000004|mprojectid0000020|mprojectid0000022|mprojectid0000023|mprojectid0000040|mprojectid0000042|mviewerid0000038|mviewerid0000057,0.200000,97.192000,0.526713,0.641828,118.113160,0.000000,0.000000,true,33.986000,16,1.918000,"{""h4d-highmem-192-1"":43,""h4d-standard-192-1"":15}","{""h3-standard-88-1"":0,""h3-standard-88-2"":0,""h4d-highmem-192-1"":0.011001,""h4d-standard-192-1"":0.007983}",[]
prism_cc_cost,cloud_hetero,9,maddid0000037|mbackgroundid0000013|mbackgroundid0000016|mbackgroundid0000032|mbackgroundid0000033|mbackgroundid0000052|mbackgroundid0000053|mbackgroundid0000054|mbgmodelid0000012|mbgmodelid0000031|mconcatfitid0000011|mconcatfitid0000030|mdifffitid0000005|mdifffitid0000008|mdifffitid0000009|mdifffitid0000010|mdifffitid0000028|mdifffitid0000029|mdifffitid0000046|mimgtblid0000055|mprojectid0000003|mprojectid0000004|mprojectid0000020|mprojectid0000022|mprojectid0000023|mprojectid0000040|mprojectid0000042|mviewerid0000038|mviewerid0000057,0.200000,99.108000,0.216209,0.641828,118.113160,0.000000,0.000000,true,84.639000,37,377.107000,"{""h4d-standard-192-1"":58}","{""h3-standard-88-1"":0,""h3-standard-88-2"":0,""h4d-highmem-192-1"":0,""h4d-standard-192-1"":0.021278}","[{""rank"":1,""recommended"":true,""feasible"":true,""budget_used"":0.216209,""budget_violation"":0,""makespan"":99.108,""deadline_violation"":0,""machine_signature"":""9a1474545afe5933"",""weighted_score"":0.216209,""diversity_score"":0},{""rank"":2,""recommended"":false,""feasible"":true,""budget_used"":0.526713,""budget_violation"":0,""makespan"":97.192,""deadline_violation"":0,""machine_signature"":""a313ee586cbfa67e"",""weighted_score"":0.526713,""diversity_score"":1.258621}]"
prism_cc_time,cloud_hetero,9,maddid0000037|mbackgroundid0000013|mbackgroundid0000016|mbackgroundid0000032|mbackgroundid0000033|mbackgroundid0000052|mbackgroundid0000053|mbackgroundid0000054|mbgmodelid0000012|mbgmodelid0000031|mconcatfitid0000011|mconcatfitid0000030|mdifffitid0000005|mdifffitid0000008|mdifffitid0000009|mdifffitid0000010|mdifffitid0000028|mdifffitid0000029|mdifffitid0000046|mimgtblid0000055|mprojectid0000003|mprojectid0000004|mprojectid0000020|mprojectid0000022|mprojectid0000023|mprojectid0000040|mprojectid0000042|mviewerid0000038|mviewerid0000057,0.200000,97.192000,0.526713,0.641828,118.113160,0.000000,0.000000,true,33.986000,16,377.107000,"{""h4d-highmem-192-1"":43,""h4d-standard-192-1"":15}","{""h3-standard-88-1"":0,""h3-standard-88-2"":0,""h4d-highmem-192-1"":0.011001,""h4d-standard-192-1"":0.007983}","[{""rank"":1,""recommended"":true,""feasible"":true,""budget_used"":0.526713,""budget_violation"":0,""makespan"":97.192,""deadline_violation"":0,""machine_signature"":""a313ee586cbfa67e"",""weighted_score"":0.980668,""diversity_score"":1.258621},{""rank"":2,""recommended"":false,""feasible"":true,""budget_used"":0.216209,""budget_violation"":0,""makespan"":99.108,""deadline_violation"":0,""machine_signature"":""9a1474545afe5933"",""weighted_score"":1,""diversity_score"":0}]"
heft_colocation,cloud_homo,9,maddid0000037|mbackgroundid0000013|mbackgroundid0000016|mbackgroundid0000032|mbackgroundid0000033|mbackgroundid0000052|mbackgroundid0000053|mbackgroundid0000054|mbgmodelid0000012|mbgmodelid0000031|mconcatfitid0000011|mconcatfitid0000030|mdifffitid0000005|mdifffitid0000008|mdifffitid0000009|mdifffitid0000010|mdifffitid0000028|mdifffitid0000029|mdifffitid0000046|mimgtblid0000055|mprojectid0000003|mprojectid0000004|mprojectid0000020|mprojectid0000022|mprojectid0000023|mprojectid0000040|mprojectid0000042|mviewerid0000038|mviewerid0000057,0.200000,99.816000,0.851269,1.059152,119.559000,0.000000,0.000000,true,9.915000,6,2.608000,"{""h4d-standard-192-1"":27,""h4d-standard-192-2"":4,""h4d-standard-192-3"":8,""h4d-standard-192-4"":19}","{""h4d-standard-192-1"":0.004954,""h4d-standard-192-2"":0.002121,""h4d-standard-192-3"":0.003958,""h4d-standard-192-4"":0.006196}",[]
prism_cc_cost,cloud_homo,9,maddid0000037|mbackgroundid0000013|mbackgroundid0000016|mbackgroundid0000032|mbackgroundid0000033|mbackgroundid0000052|mbackgroundid0000053|mbackgroundid0000054|mbgmodelid0000012|mbgmodelid0000031|mconcatfitid0000011|mconcatfitid0000030|mdifffitid0000005|mdifffitid0000008|mdifffitid0000009|mdifffitid0000010|mdifffitid0000028|mdifffitid0000029|mdifffitid0000046|mimgtblid0000055|mprojectid0000003|mprojectid0000004|mprojectid0000020|mprojectid0000022|mprojectid0000023|mprojectid0000040|mprojectid0000042|mviewerid0000038|mviewerid0000057,0.200000,97.553000,0.212822,1.059152,119.559000,0.000000,0.000000,true,84.730000,38,453.125000,"{""h4d-standard-192-1"":58}","{""h4d-standard-192-1"":0.021622,""h4d-standard-192-2"":0,""h4d-standard-192-3"":0,""h4d-standard-192-4"":0}","[{""rank"":1,""recommended"":true,""feasible"":true,""budget_used"":0.212822,""budget_violation"":0,""makespan"":97.553,""deadline_violation"":0,""machine_signature"":""9af9e58e4c75e5d0"",""weighted_score"":0.212822,""diversity_score"":0},{""rank"":2,""recommended"":false,""feasible"":true,""budget_used"":0.851269,""budget_violation"":0,""makespan"":99.816,""deadline_violation"":0,""machine_signature"":""fe45cae79bb15003"",""weighted_score"":0.851269,""diversity_score"":3.534483}]"
prism_cc_time,cloud_homo,9,maddid0000037|mbackgroundid0000013|mbackgroundid0000016|mbackgroundid0000032|mbackgroundid0000033|mbackgroundid0000052|mbackgroundid0000053|mbackgroundid0000054|mbgmodelid0000012|mbgmodelid0000031|mconcatfitid0000011|mconcatfitid0000030|mdifffitid0000005|mdifffitid0000008|mdifffitid0000009|mdifffitid0000010|mdifffitid0000028|mdifffitid0000029|mdifffitid0000046|mimgtblid0000055|mprojectid0000003|mprojectid0000004|mprojectid0000020|mprojectid0000022|mprojectid0000023|mprojectid0000040|mprojectid0000042|mviewerid0000038|mviewerid0000057,0.200000,97.553000,0.212822,1.059152,119.559000,0.000000,0.000000,true,84.730000,38,453.125000,"{""h4d-standard-192-1"":58}","{""h4d-standard-192-1"":0.021622,""h4d-standard-192-2"":0,""h4d-standard-192-3"":0,""h4d-standard-192-4"":0}","[{""rank"":1,""recommended"":true,""feasible"":true,""budget_used"":0.212822,""budget_violation"":0,""makespan"":97.553,""deadline_violation"":0,""machine_signature"":""9af9e58e4c75e5d0"",""weighted_score"":0.977328,""diversity_score"":0},{""rank"":2,""recommended"":false,""feasible"":true,""budget_used"":0.851269,""budget_violation"":0,""makespan"":99.816,""deadline_violation"":0,""machine_signature"":""fe45cae79bb15003"",""weighted_score"":1,""diversity_score"":3.534483}]"
heft_colocation,cluster_hetero,9,maddid0000037|mbackgroundid0000013|mbackgroundid0000016|mbackgroundid0000032|mbackgroundid0000033|mbackgroundid0000052|mbackgroundid0000053|mbackgroundid0000054|mbgmodelid0000012|mbgmodelid0000031|mconcatfitid0000011|mconcatfitid0000030|mdifffitid0000005|mdifffitid0000008|mdifffitid0000009|mdifffitid0000010|mdifffitid0000028|mdifffitid0000029|mdifffitid0000046|mimgtblid0000055|mprojectid0000003|mprojectid0000004|mprojectid0000020|mprojectid0000022|mprojectid0000023|mprojectid0000040|mprojectid0000042|mviewerid0000038|mviewerid0000057,0.200000,287.957000,0.000000,0.000000,353.759520,0.000000,0.000000,true,96.527000,14,0.930000,"{""bora005"":36,""bora006"":16,""diablo01"":4,""diablo02"":2}","{""bora005"":0.102999,""bora006"":0.057762,""diablo01"":0.008466,""diablo02"":0.00534}",[]
prism_cc_cost,cluster_hetero,9,maddid0000037|mbackgroundid0000013|mbackgroundid0000016|mbackgroundid0000032|mbackgroundid0000033|mbackgroundid0000052|mbackgroundid0000053|mbackgroundid0000054|mbgmodelid0000012|mbgmodelid0000031|mconcatfitid0000011|mconcatfitid0000030|mdifffitid0000005|mdifffitid0000008|mdifffitid0000009|mdifffitid0000010|mdifffitid0000028|mdifffitid0000029|mdifffitid0000046|mimgtblid0000055|mprojectid0000003|mprojectid0000004|mprojectid0000020|mprojectid0000022|mprojectid0000023|mprojectid0000040|mprojectid0000042|mviewerid0000038|mviewerid0000057,0.200000,287.957000,0.000000,0.000000,353.759520,0.000000,0.000000,true,96.527000,14,165.123000,"{""bora005"":36,""bora006"":16,""diablo01"":4,""diablo02"":2}","{""bora005"":0.102999,""bora006"":0.057762,""diablo01"":0.008466,""diablo02"":0.00534}","[{""rank"":1,""recommended"":true,""feasible"":true,""budget_used"":0,""budget_violation"":0,""makespan"":287.957,""deadline_violation"":0,""machine_signature"":""a2251ffaa51fe1ea"",""weighted_score"":0,""diversity_score"":3.37931},{""rank"":2,""recommended"":false,""feasible"":true,""budget_used"":0,""budget_violation"":0,""makespan"":288.436,""deadline_violation"":0,""machine_signature"":""8d32af3a3c15aa25"",""weighted_score"":0,""diversity_score"":3.396552}]"
prism_cc_time,cluster_hetero,9,maddid0000037|mbackgroundid0000013|mbackgroundid0000016|mbackgroundid0000032|mbackgroundid0000033|mbackgroundid0000052|mbackgroundid0000053|mbackgroundid0000054|mbgmodelid0000012|mbgmodelid0000031|mconcatfitid0000011|mconcatfitid0000030|mdifffitid0000005|mdifffitid0000008|mdifffitid0000009|mdifffitid0000010|mdifffitid0000028|mdifffitid0000029|mdifffitid0000046|mimgtblid0000055|mprojectid0000003|mprojectid0000004|mprojectid0000020|mprojectid0000022|mprojectid0000023|mprojectid0000040|mprojectid0000042|mviewerid0000038|mviewerid0000057,0.200000,287.957000,0.000000,0.000000,353.759520,0.000000,0.000000,true,96.527000,14,165.123000,"{""bora005"":36,""bora006"":16,""diablo01"":4,""diablo02"":2}","{""bora005"":0.102999,""bora006"":0.057762,""diablo01"":0.008466,""diablo02"":0.00534}","[{""rank"":1,""recommended"":true,""feasible"":true,""budget_used"":0,""budget_violation"":0,""makespan"":287.957,""deadline_violation"":0,""machine_signature"":""a2251ffaa51fe1ea"",""weighted_score"":0.998339,""diversity_score"":3.37931},{""rank"":2,""recommended"":false,""feasible"":true,""budget_used"":0,""budget_violation"":0,""makespan"":288.436,""deadline_violation"":0,""machine_signature"":""8d32af3a3c15aa25"",""weighted_score"":1,""diversity_score"":3.396552}]"
heft_colocation,cluster_homo,9,maddid0000037|mbackgroundid0000013|mbackgroundid0000016|mbackgroundid0000032|mbackgroundid0000033|mbackgroundid0000052|mbackgroundid0000053|mbackgroundid0000054|mbgmodelid0000012|mbgmodelid0000031|mconcatfitid0000011|mconcatfitid0000030|mdifffitid0000005|mdifffitid0000008|mdifffitid0000009|mdifffitid0000010|mdifffitid0000028|mdifffitid0000029|mdifffitid0000046|mimgtblid0000055|mprojectid0000003|mprojectid0000004|mprojectid0000020|mprojectid0000022|mprojectid0000023|mprojectid0000040|mprojectid0000042|mviewerid0000038|mviewerid0000057,0.200000,287.957000,0.000000,0.000000,345.548400,0.000000,0.000000,true,56.055000,10,0.766000,"{""bora001"":20,""bora002"":13,""bora003"":7,""bora004"":18}","{""bora001"":0.049767,""bora002"":0.023426,""bora003"":0.040219,""bora004"":0.063115}",[]
prism_cc_cost,cluster_homo,9,maddid0000037|mbackgroundid0000013|mbackgroundid0000016|mbackgroundid0000032|mbackgroundid0000033|mbackgroundid0000052|mbackgroundid0000053|mbackgroundid0000054|mbgmodelid0000012|mbgmodelid0000031|mconcatfitid0000011|mconcatfitid0000030|mdifffitid0000005|mdifffitid0000008|mdifffitid0000009|mdifffitid0000010|mdifffitid0000028|mdifffitid0000029|mdifffitid0000046|mimgtblid0000055|mprojectid0000003|mprojectid0000004|mprojectid0000020|mprojectid0000022|mprojectid0000023|mprojectid0000040|mprojectid0000042|mviewerid0000038|mviewerid0000057,0.200000,287.957000,0.000000,0.000000,345.548400,0.000000,0.000000,true,56.055000,10,141.938000,"{""bora001"":20,""bora002"":13,""bora003"":7,""bora004"":18}","{""bora001"":0.049767,""bora002"":0.023426,""bora003"":0.040219,""bora004"":0.063115}","[{""rank"":1,""recommended"":true,""feasible"":true,""budget_used"":0,""budget_violation"":0,""makespan"":287.957,""deadline_violation"":0,""machine_signature"":""ed58959714b56de5"",""weighted_score"":0,""diversity_score"":3.655172},{""rank"":2,""recommended"":false,""feasible"":true,""budget_used"":0,""budget_violation"":0,""makespan"":287.957,""deadline_violation"":0,""machine_signature"":""62fd4e1f4ac8141d"",""weighted_score"":0,""diversity_score"":3.586207}]"
prism_cc_time,cluster_homo,9,maddid0000037|mbackgroundid0000013|mbackgroundid0000016|mbackgroundid0000032|mbackgroundid0000033|mbackgroundid0000052|mbackgroundid0000053|mbackgroundid0000054|mbgmodelid0000012|mbgmodelid0000031|mconcatfitid0000011|mconcatfitid0000030|mdifffitid0000005|mdifffitid0000008|mdifffitid0000009|mdifffitid0000010|mdifffitid0000028|mdifffitid0000029|mdifffitid0000046|mimgtblid0000055|mprojectid0000003|mprojectid0000004|mprojectid0000020|mprojectid0000022|mprojectid0000023|mprojectid0000040|mprojectid0000042|mviewerid0000038|mviewerid0000057,0.200000,287.957000,0.000000,0.000000,345.548400,0.000000,0.000000,true,56.055000,10,141.938000,"{""bora001"":20,""bora002"":13,""bora003"":7,""bora004"":18}","{""bora001"":0.049767,""bora002"":0.023426,""bora003"":0.040219,""bora004"":0.063115}","[{""rank"":1,""recommended"":true,""feasible"":true,""budget_used"":0,""budget_violation"":0,""makespan"":287.957,""deadline_violation"":0,""machine_signature"":""ed58959714b56de5"",""weighted_score"":1,""diversity_score"":3.655172},{""rank"":2,""recommended"":false,""feasible"":true,""budget_used"":0,""budget_violation"":0,""makespan"":287.957,""deadline_violation"":0,""machine_signature"":""62fd4e1f4ac8141d"",""weighted_score"":1,""diversity_score"":3.586207}]"
heft_colocation,hybrid_hetero,9,maddid0000037|mbackgroundid0000013|mbackgroundid0000016|mbackgroundid0000032|mbackgroundid0000033|mbackgroundid0000052|mbackgroundid0000053|mbackgroundid0000054|mbgmodelid0000012|mbgmodelid0000031|mconcatfitid0000011|mconcatfitid0000030|mdifffitid0000005|mdifffitid0000008|mdifffitid0000009|mdifffitid0000010|mdifffitid0000028|mdifffitid0000029|mdifffitid0000046|mimgtblid0000055|mprojectid0000003|mprojectid0000004|mprojectid0000020|mprojectid0000022|mprojectid0000023|mprojectid0000040|mprojectid0000042|mviewerid0000038|mviewerid0000057,0.200000,96.698000,0.304128,0.348827,119.109960,0.000000,0.000000,true,68.306000,30,1.821000,"{""h3-standard-88-2"":2,""h4d-standard-192-7"":56}","{""bora011"":0,""diablo03"":0,""h3-standard-88-2"":0.003196,""h4d-standard-192-7"":0.020183}",[]
prism_cc_cost,hybrid_hetero,9,maddid0000037|mbackgroundid0000013|mbackgroundid0000016|mbackgroundid0000032|mbackgroundid0000033|mbackgroundid0000052|mbackgroundid0000053|mbackgroundid0000054|mbgmodelid0000012|mbgmodelid0000031|mconcatfitid0000011|mconcatfitid0000030|mdifffitid0000005|mdifffitid0000008|mdifffitid0000009|mdifffitid0000010|mdifffitid0000028|mdifffitid0000029|mdifffitid0000046|mimgtblid0000055|mprojectid0000003|mprojectid0000004|mprojectid0000020|mprojectid0000022|mprojectid0000023|mprojectid0000040|mprojectid0000042|mviewerid0000038|mviewerid0000057,0.200000,118.851000,0.266468,0.348827,119.109960,0.000000,0.000000,true,68.301000,29,380.042000,"{""bora011"":9,""diablo03"":4,""h3-standard-88-2"":2,""h4d-standard-192-7"":43}","{""bora011"":0.003132,""diablo03"":0.00118,""h3-standard-88-2"":0.002601,""h4d-standard-192-7"":0.016258}","[{""rank"":1,""recommended"":true,""feasible"":true,""budget_used"":0.266468,""budget_violation"":0,""makespan"":118.851,""deadline_violation"":0,""machine_signature"":""2fe88109c49ecd17"",""weighted_score"":0.266468,""diversity_score"":3.258621},{""rank"":2,""recommended"":false,""feasible"":true,""budget_used"":0.304128,""budget_violation"":0,""makespan"":96.698,""deadline_violation"":0,""machine_signature"":""b4ff7b600bbc7ec3"",""weighted_score"":0.304128,""diversity_score"":1.034483},{""rank"":3,""recommended"":false,""feasible"":true,""budget_used"":0.304218,""budget_violation"":0,""makespan"":96.738,""deadline_violation"":0,""machine_signature"":""cd14df97b4f52185"",""weighted_score"":0.304218,""diversity_score"":1.034483}]"
prism_cc_time,hybrid_hetero,9,maddid0000037|mbackgroundid0000013|mbackgroundid0000016|mbackgroundid0000032|mbackgroundid0000033|mbackgroundid0000052|mbackgroundid0000053|mbackgroundid0000054|mbgmodelid0000012|mbgmodelid0000031|mconcatfitid0000011|mconcatfitid0000030|mdifffitid0000005|mdifffitid0000008|mdifffitid0000009|mdifffitid0000010|mdifffitid0000028|mdifffitid0000029|mdifffitid0000046|mimgtblid0000055|mprojectid0000003|mprojectid0000004|mprojectid0000020|mprojectid0000022|mprojectid0000023|mprojectid0000040|mprojectid0000042|mviewerid0000038|mviewerid0000057,0.200000,96.698000,0.304128,0.348827,119.109960,0.000000,0.000000,true,68.306000,30,380.042000,"{""h3-standard-88-2"":2,""h4d-standard-192-7"":56}","{""bora011"":0,""diablo03"":0,""h3-standard-88-2"":0.003196,""h4d-standard-192-7"":0.020183}","[{""rank"":1,""recommended"":true,""feasible"":true,""budget_used"":0.304128,""budget_violation"":0,""makespan"":96.698,""deadline_violation"":0,""machine_signature"":""b4ff7b600bbc7ec3"",""weighted_score"":0.813607,""diversity_score"":1.034483},{""rank"":2,""recommended"":false,""feasible"":true,""budget_used"":0.304218,""budget_violation"":0,""makespan"":96.738,""deadline_violation"":0,""machine_signature"":""cd14df97b4f52185"",""weighted_score"":0.813944,""diversity_score"":1.034483},{""rank"":3,""recommended"":false,""feasible"":true,""budget_used"":0.266468,""budget_violation"":0,""makespan"":118.851,""deadline_violation"":0,""machine_signature"":""2fe88109c49ecd17"",""weighted_score"":1,""diversity_score"":3.258621}]"
heft_colocation,hybrid_homo,9,maddid0000037|mbackgroundid0000013|mbackgroundid0000016|mbackgroundid0000032|mbackgroundid0000033|mbackgroundid0000052|mbackgroundid0000053|mbackgroundid0000054|mbgmodelid0000012|mbgmodelid0000031|mconcatfitid0000011|mconcatfitid0000030|mdifffitid0000005|mdifffitid0000008|mdifffitid0000009|mdifffitid0000010|mdifffitid0000028|mdifffitid0000029|mdifffitid0000046|mimgtblid0000055|mprojectid0000003|mprojectid0000004|mprojectid0000020|mprojectid0000022|mprojectid0000023|mprojectid0000040|mprojectid0000042|mviewerid0000038|mviewerid0000057,0.200000,97.192000,0.500013,0.607531,118.113160,0.000000,0.000000,true,33.986000,16,2.876000,"{""h4d-standard-192-5"":15,""h4d-standard-192-6"":43}","{""bora009"":0,""bora010"":0,""h4d-standard-192-5"":0.007983,""h4d-standard-192-6"":0.011001}",[]
prism_cc_cost,hybrid_homo,9,maddid0000037|mbackgroundid0000013|mbackgroundid0000016|mbackgroundid0000032|mbackgroundid0000033|mbackgroundid0000052|mbackgroundid0000053|mbackgroundid0000054|mbgmodelid0000012|mbgmodelid0000031|mconcatfitid0000011|mconcatfitid0000030|mdifffitid0000005|mdifffitid0000008|mdifffitid0000009|mdifffitid0000010|mdifffitid0000028|mdifffitid0000029|mdifffitid0000046|mimgtblid0000055|mprojectid0000003|mprojectid0000004|mprojectid0000020|mprojectid0000022|mprojectid0000023|mprojectid0000040|mprojectid0000042|mviewerid0000038|mviewerid0000057,0.200000,105.075000,0.499342,0.607531,118.113160,0.000000,0.000000,true,33.985000,16,434.645000,"{""bora010"":1,""h4d-standard-192-5"":15,""h4d-standard-192-6"":42}","{""bora009"":0,""bora010"":0.000298,""h4d-standard-192-5"":0.007384,""h4d-standard-192-6"":0.010165}","[{""rank"":1,""recommended"":true,""feasible"":true,""budget_used"":0.499342,""budget_violation"":0,""makespan"":105.075,""deadline_violation"":0,""machine_signature"":""401266c0cb991009"",""weighted_score"":0.499342,""diversity_score"":2.275862},{""rank"":2,""recommended"":false,""feasible"":true,""budget_used"":0.500013,""budget_violation"":0,""makespan"":97.192,""deadline_violation"":0,""machine_signature"":""19cd7ae67030bfae"",""weighted_score"":0.500013,""diversity_score"":1.258621}]"
prism_cc_time,hybrid_homo,9,maddid0000037|mbackgroundid0000013|mbackgroundid0000016|mbackgroundid0000032|mbackgroundid0000033|mbackgroundid0000052|mbackgroundid0000053|mbackgroundid0000054|mbgmodelid0000012|mbgmodelid0000031|mconcatfitid0000011|mconcatfitid0000030|mdifffitid0000005|mdifffitid0000008|mdifffitid0000009|mdifffitid0000010|mdifffitid0000028|mdifffitid0000029|mdifffitid0000046|mimgtblid0000055|mprojectid0000003|mprojectid0000004|mprojectid0000020|mprojectid0000022|mprojectid0000023|mprojectid0000040|mprojectid0000042|mviewerid0000038|mviewerid0000057,0.200000,97.192000,0.500013,0.607531,118.113160,0.000000,0.000000,true,33.986000,16,434.645000,"{""h4d-standard-192-5"":15,""h4d-standard-192-6"":43}","{""bora009"":0,""bora010"":0,""h4d-standard-192-5"":0.007983,""h4d-standard-192-6"":0.011001}","[{""rank"":1,""recommended"":true,""feasible"":true,""budget_used"":0.500013,""budget_violation"":0,""makespan"":97.192,""deadline_violation"":0,""machine_signature"":""19cd7ae67030bfae"",""weighted_score"":0.924977,""diversity_score"":1.258621},{""rank"":2,""recommended"":false,""feasible"":true,""budget_used"":0.499342,""budget_violation"":0,""makespan"":105.075,""deadline_violation"":0,""machine_signature"":""401266c0cb991009"",""weighted_score"":1,""diversity_score"":2.275862}]"
heft_colocation,hybrid_raspberry_500mbps,9,maddid0000037|mbackgroundid0000013|mbackgroundid0000016|mbackgroundid0000032|mbackgroundid0000033|mbackgroundid0000052|mbackgroundid0000053|mbackgroundid0000054|mbgmodelid0000012|mbgmodelid0000031|mconcatfitid0000011|mconcatfitid0000030|mdifffitid0000005|mdifffitid0000008|mdifffitid0000009|mdifffitid0000010|mdifffitid0000028|mdifffitid0000029|mdifffitid0000046|mimgtblid0000055|mprojectid0000003|mprojectid0000004|mprojectid0000020|mprojectid0000022|mprojectid0000023|mprojectid0000040|mprojectid0000042|mviewerid0000038|mviewerid0000057,0.200000,156.534000,0.612717,0.533583,179.300320,0.079100,0.000000,false,95.128000,24,2.423000,"{""cloud-node-02"":43,""hpc-node-02"":15}","{""cloud-node-01"":0,""cloud-node-02"":0.062188,""hpc-node-01"":0,""hpc-node-02"":0.032354,""rpi-edge-01"":0,""rpi-edge-02"":0,""rpi-edge-03"":0,""rpi-edge-04"":0,""rpi-edge-05"":0,""rpi-edge-06"":0,""rpi-edge-07"":0,""rpi-edge-08"":0,""rpi-edge-09"":0,""rpi-edge-10"":0}",[]
prism_cc_cost,hybrid_raspberry_500mbps,9,maddid0000037|mbackgroundid0000013|mbackgroundid0000016|mbackgroundid0000032|mbackgroundid0000033|mbackgroundid0000052|mbackgroundid0000053|mbackgroundid0000054|mbgmodelid0000012|mbgmodelid0000031|mconcatfitid0000011|mconcatfitid0000030|mdifffitid0000005|mdifffitid0000008|mdifffitid0000009|mdifffitid0000010|mdifffitid0000028|mdifffitid0000029|mdifffitid0000046|mimgtblid0000055|mprojectid0000003|mprojectid0000004|mprojectid0000020|mprojectid0000022|mprojectid0000023|mprojectid0000040|mprojectid0000042|mviewerid0000038|mviewerid0000057,0.200000,156.534000,0.612717,0.533583,179.300320,0.079100,0.000000,false,95.128000,24,707.315000,"{""cloud-node-02"":43,""hpc-node-02"":15}","{""cloud-node-01"":0,""cloud-node-02"":0.062188,""hpc-node-01"":0,""hpc-node-02"":0.032354,""rpi-edge-01"":0,""rpi-edge-02"":0,""rpi-edge-03"":0,""rpi-edge-04"":0,""rpi-edge-05"":0,""rpi-edge-06"":0,""rpi-edge-07"":0,""rpi-edge-08"":0,""rpi-edge-09"":0,""rpi-edge-10"":0}","[{""rank"":1,""recommended"":true,""feasible"":false,""budget_used"":0.306731,""budget_violation"":0,""makespan"":182.139,""deadline_violation"":2.839,""machine_signature"":""e16c84411c7d3a70"",""weighted_score"":0.306731,""diversity_score"":1.068966},{""rank"":2,""recommended"":false,""feasible"":false,""budget_used"":0.306587,""budget_violation"":0,""makespan"":194.471,""deadline_violation"":15.171,""machine_signature"":""a7d7cf5811eba1f9"",""weighted_score"":0.306587,""diversity_score"":2.103448},{""rank"":3,""recommended"":false,""feasible"":false,""budget_used"":0.612717,""budget_violation"":0.0791,""makespan"":156.534,""deadline_violation"":0,""machine_signature"":""12b801174b4353c6"",""weighted_score"":0.612717,""diversity_score"":1.258621}]"
prism_cc_time,hybrid_raspberry_500mbps,9,maddid0000037|mbackgroundid0000013|mbackgroundid0000016|mbackgroundid0000032|mbackgroundid0000033|mbackgroundid0000052|mbackgroundid0000053|mbackgroundid0000054|mbgmodelid0000012|mbgmodelid0000031|mconcatfitid0000011|mconcatfitid0000030|mdifffitid0000005|mdifffitid0000008|mdifffitid0000009|mdifffitid0000010|mdifffitid0000028|mdifffitid0000029|mdifffitid0000046|mimgtblid0000055|mprojectid0000003|mprojectid0000004|mprojectid0000020|mprojectid0000022|mprojectid0000023|mprojectid0000040|mprojectid0000042|mviewerid0000038|mviewerid0000057,0.200000,156.534000,0.612717,0.533583,179.300320,0.079100,0.000000,false,95.128000,24,707.315000,"{""cloud-node-02"":43,""hpc-node-02"":15}","{""cloud-node-01"":0,""cloud-node-02"":0.062188,""hpc-node-01"":0,""hpc-node-02"":0.032354,""rpi-edge-01"":0,""rpi-edge-02"":0,""rpi-edge-03"":0,""rpi-edge-04"":0,""rpi-edge-05"":0,""rpi-edge-06"":0,""rpi-edge-07"":0,""rpi-edge-08"":0,""rpi-edge-09"":0,""rpi-edge-10"":0}","[{""rank"":1,""recommended"":true,""feasible"":false,""budget_used"":0.612717,""budget_violation"":0.0791,""makespan"":156.534,""deadline_violation"":0,""machine_signature"":""12b801174b4353c6"",""weighted_score"":0.804922,""diversity_score"":1.258621},{""rank"":2,""recommended"":false,""feasible"":false,""budget_used"":0.306731,""budget_violation"":0,""makespan"":182.139,""deadline_violation"":2.839,""machine_signature"":""e16c84411c7d3a70"",""weighted_score"":0.936587,""diversity_score"":1.068966},{""rank"":3,""recommended"":false,""feasible"":false,""budget_used"":0.306587,""budget_violation"":0,""makespan"":194.471,""deadline_violation"":15.171,""machine_signature"":""a7d7cf5811eba1f9"",""weighted_score"":1,""diversity_score"":2.103448}]"
heft_colocation,cloud_hetero,10,maddid0000018|maddid0000056|mbackgroundid0000013|mbackgroundid0000015|mbackgroundid0000016|mbackgroundid0000034|mbackgroundid0000052|mbackgroundid0000053|mbackgroundid0000054|mbgmodelid0000012|mbgmodelid0000031|mconcatfitid0000011|mconcatfitid0000049|mdifffitid0000006|mdifffitid0000026|mdifffitid0000027|mdifffitid0000044|mdifffitid0000045|mdifffitid0000046|mimgtblid0000017|mprojectid0000001|mprojectid0000003|mprojectid0000020|mprojectid0000021|mprojectid0000039|mprojectid0000041|mprojectid0000042|mviewerid0000019|mviewerid0000038,0.200000,103.641000,0.545890,0.641828,118.113160,0.000000,0.000000,true,29.233000,15,1.780000,"{""h4d-highmem-192-1"":40,""h4d-standard-192-1"":18}","{""h3-standard-88-1"":0,""h3-standard-88-2"":0,""h4d-highmem-192-1"":0.007514,""h4d-standard-192-1"":0.010049}",[]
prism_cc_cost,cloud_hetero,10,maddid0000018|maddid0000056|mbackgroundid0000013|mbackgroundid0000015|mbackgroundid0000016|mbackgroundid0000034|mbackgroundid0000052|mbackgroundid0000053|mbackgroundid0000054|mbgmodelid0000012|mbgmodelid0000031|mconcatfitid0000011|mconcatfitid0000049|mdifffitid0000006|mdifffitid0000026|mdifffitid0000027|mdifffitid0000044|mdifffitid0000045|mdifffitid0000046|mimgtblid0000017|mprojectid0000001|mprojectid0000003|mprojectid0000020|mprojectid0000021|mprojectid0000039|mprojectid0000041|mprojectid0000042|mviewerid0000019|mviewerid0000038,0.200000,106.799000,0.232994,0.641828,118.113160,0.000000,0.000000,true,72.139000,38,314.317000,"{""h4d-standard-192-1"":58}","{""h3-standard-88-1"":0,""h3-standard-88-2"":0,""h4d-highmem-192-1"":0,""h4d-standard-192-1"":0.019136}","[{""rank"":1,""recommended"":true,""feasible"":true,""budget_used"":0.232994,""budget_violation"":0,""makespan"":106.799,""deadline_violation"":0,""machine_signature"":""667ca85a73c273e2"",""weighted_score"":0.232994,""diversity_score"":0},{""rank"":2,""recommended"":false,""feasible"":true,""budget_used"":0.54589,""budget_violation"":0,""makespan"":103.641,""deadline_violation"":0,""machine_signature"":""074a236b5620c3ef"",""weighted_score"":0.54589,""diversity_score"":1.310345}]"
prism_cc_time,cloud_hetero,10,maddid0000018|maddid0000056|mbackgroundid0000013|mbackgroundid0000015|mbackgroundid0000016|mbackgroundid0000034|mbackgroundid0000052|mbackgroundid0000053|mbackgroundid0000054|mbgmodelid0000012|mbgmodelid0000031|mconcatfitid0000011|mconcatfitid0000049|mdifffitid0000006|mdifffitid0000026|mdifffitid0000027|mdifffitid0000044|mdifffitid0000045|mdifffitid0000046|mimgtblid0000017|mprojectid0000001|mprojectid0000003|mprojectid0000020|mprojectid0000021|mprojectid0000039|mprojectid0000041|mprojectid0000042|mviewerid0000019|mviewerid0000038,0.200000,103.641000,0.545890,0.641828,118.113160,0.000000,0.000000,true,29.233000,15,314.317000,"{""h4d-highmem-192-1"":40,""h4d-standard-192-1"":18}","{""h3-standard-88-1"":0,""h3-standard-88-2"":0,""h4d-highmem-192-1"":0.007514,""h4d-standard-192-1"":0.010049}","[{""rank"":1,""recommended"":true,""feasible"":true,""budget_used"":0.54589,""budget_violation"":0,""makespan"":103.641,""deadline_violation"":0,""machine_signature"":""074a236b5620c3ef"",""weighted_score"":0.97043,""diversity_score"":1.310345},{""rank"":2,""recommended"":false,""feasible"":true,""budget_used"":0.232994,""budget_violation"":0,""makespan"":106.799,""deadline_violation"":0,""machine_signature"":""667ca85a73c273e2"",""weighted_score"":1,""diversity_score"":0}]"
heft_colocation,cloud_homo,10,maddid0000018|maddid0000056|mbackgroundid0000013|mbackgroundid0000015|mbackgroundid0000016|mbackgroundid0000034|mbackgroundid0000052|mbackgroundid0000053|mbackgroundid0000054|mbgmodelid0000012|mbgmodelid0000031|mconcatfitid0000011|mconcatfitid0000049|mdifffitid0000006|mdifffitid0000026|mdifffitid0000027|mdifffitid0000044|mdifffitid0000045|mdifffitid0000046|mimgtblid0000017|mprojectid0000001|mprojectid0000003|mprojectid0000020|mprojectid0000021|mprojectid0000039|mprojectid0000041|mprojectid0000042|mviewerid0000019|mviewerid0000038,0.200000,99.696000,0.910011,1.059152,119.559000,0.000000,0.000000,true,7.414000,4,3.032000,"{""h4d-standard-192-1"":16,""h4d-standard-192-2"":16,""h4d-standard-192-3"":21,""h4d-standard-192-4"":5}","{""h4d-standard-192-1"":0.003114,""h4d-standard-192-2"":0.00477,""h4d-standard-192-3"":0.006259,""h4d-standard-192-4"":0.002975}",[]
prism_cc_cost,cloud_homo,10,maddid0000018|maddid0000056|mbackgroundid0000013|mbackgroundid0000015|mbackgroundid0000016|mbackgroundid0000034|mbackgroundid0000052|mbackgroundid0000053|mbackgroundid0000054|mbgmodelid0000012|mbgmodelid0000031|mconcatfitid0000011|mconcatfitid0000049|mdifffitid0000006|mdifffitid0000026|mdifffitid0000027|mdifffitid0000044|mdifffitid0000045|mdifffitid0000046|mimgtblid0000017|mprojectid0000001|mprojectid0000003|mprojectid0000020|mprojectid0000021|mprojectid0000039|mprojectid0000041|mprojectid0000042|mviewerid0000019|mviewerid0000038,0.200000,105.468000,0.230086,1.059152,119.559000,0.000000,0.000000,true,72.140000,39,342.948000,"{""h4d-standard-192-1"":58}","{""h4d-standard-192-1"":0.019378,""h4d-standard-192-2"":0,""h4d-standard-192-3"":0,""h4d-standard-192-4"":0}","[{""rank"":1,""recommended"":true,""feasible"":true,""budget_used"":0.230086,""budget_violation"":0,""makespan"":105.468,""deadline_violation"":0,""machine_signature"":""dfe62923fe553f71"",""weighted_score"":0.230086,""diversity_score"":0},{""rank"":2,""recommended"":false,""feasible"":true,""budget_used"":0.893664,""budget_violation"":0,""makespan"":99.696,""deadline_violation"":0,""machine_signature"":""3145143e11678ccb"",""weighted_score"":0.893664,""diversity_score"":3.637931},{""rank"":3,""recommended"":false,""feasible"":true,""budget_used"":0.910011,""budget_violation"":0,""makespan"":99.696,""deadline_violation"":0,""machine_signature"":""5690c00671400dc8"",""weighted_score"":0.910011,""diversity_score"":3.637931}]"
prism_cc_time,cloud_homo,10,maddid0000018|maddid0000056|mbackgroundid0000013|mbackgroundid0000015|mbackgroundid0000016|mbackgroundid0000034|mbackgroundid0000052|mbackgroundid0000053|mbackgroundid0000054|mbgmodelid0000012|mbgmodelid0000031|mconcatfitid0000011|mconcatfitid0000049|mdifffitid0000006|mdifffitid0000026|mdifffitid0000027|mdifffitid0000044|mdifffitid0000045|mdifffitid0000046|mimgtblid0000017|mprojectid0000001|mprojectid0000003|mprojectid0000020|mprojectid0000021|mprojectid0000039|mprojectid0000041|mprojectid0000042|mviewerid0000019|mviewerid0000038,0.200000,99.696000,0.910011,1.059152,119.559000,0.000000,0.000000,true,7.414000,4,342.948000,"{""h4d-standard-192-1"":16,""h4d-standard-192-2"":16,""h4d-standard-192-3"":21,""h4d-standard-192-4"":5}","{""h4d-standard-192-1"":0.003114,""h4d-standard-192-2"":0.00477,""h4d-standard-192-3"":0.006259,""h4d-standard-192-4"":0.002975}","[{""rank"":1,""recommended"":true,""feasible"":true,""budget_used"":0.893664,""budget_violation"":0,""makespan"":99.696,""deadline_violation"":0,""machine_signature"":""3145143e11678ccb"",""weighted_score"":0.945272,""diversity_score"":3.637931},{""rank"":2,""recommended"":false,""feasible"":true,""budget_used"":0.910011,""budget_violation"":0,""makespan"":99.696,""deadline_violation"":0,""machine_signature"":""5690c00671400dc8"",""weighted_score"":0.945272,""diversity_score"":3.637931},{""rank"":3,""recommended"":false,""feasible"":true,""budget_used"":0.230086,""budget_violation"":0,""makespan"":105.468,""deadline_violation"":0,""machine_signature"":""dfe62923fe553f71"",""weighted_score"":1,""diversity_score"":0}]"
heft_colocation,cluster_hetero,10,maddid0000018|maddid0000056|mbackgroundid0000013|mbackgroundid0000015|mbackgroundid0000016|mbackgroundid0000034|mbackgroundid0000052|mbackgroundid0000053|mbackgroundid0000054|mbgmodelid0000012|mbgmodelid0000031|mconcatfitid0000011|mconcatfitid0000049|mdifffitid0000006|mdifffitid0000026|mdifffitid0000027|mdifffitid0000044|mdifffitid0000045|mdifffitid0000046|mimgtblid0000017|mprojectid0000001|mprojectid0000003|mprojectid0000020|mprojectid0000021|mprojectid0000039|mprojectid0000041|mprojectid0000042|mviewerid0000019|mviewerid0000038,0.200000,307.991000,0.000000,0.000000,353.759520,0.000000,0.000000,true,91.005000,18,0.929000,"{""bora005"":31,""bora006"":23,""diablo01"":2,""diablo02"":2}","{""bora005"":0.066163,""bora006"":0.088002,""diablo01"":0.004859,""diablo02"":0.004993}",[]
prism_cc_cost,cluster_hetero,10,maddid0000018|maddid0000056|mbackgroundid0000013|mbackgroundid0000015|mbackgroundid0000016|mbackgroundid0000034|mbackgroundid0000052|mbackgroundid0000053|mbackgroundid0000054|mbgmodelid0000012|mbgmodelid0000031|mconcatfitid0000011|mconcatfitid0000049|mdifffitid0000006|mdifffitid0000026|mdifffitid0000027|mdifffitid0000044|mdifffitid0000045|mdifffitid0000046|mimgtblid0000017|mprojectid0000001|mprojectid0000003|mprojectid0000020|mprojectid0000021|mprojectid0000039|mprojectid0000041|mprojectid0000042|mviewerid0000019|mviewerid0000038,0.200000,307.991000,0.000000,0.000000,353.759520,0.000000,0.000000,true,91.005000,18,168.735000,"{""bora005"":31,""bora006"":23,""diablo01"":2,""diablo02"":2}","{""bora005"":0.066163,""bora006"":0.088002,""diablo01"":0.004859,""diablo02"":0.004993}","[{""rank"":1,""recommended"":true,""feasible"":true,""budget_used"":0,""budget_violation"":0,""makespan"":307.991,""deadline_violation"":0,""machine_signature"":""fb0c39b8df48b47e"",""weighted_score"":0,""diversity_score"":3.465517},{""rank"":2,""recommended"":false,""feasible"":true,""budget_used"":0,""budget_violation"":0,""makespan"":307.991,""deadline_violation"":0,""machine_signature"":""3054b4391ef9e763"",""weighted_score"":0,""diversity_score"":3.517241}]"
prism_cc_time,cluster_hetero,10,maddid0000018|maddid0000056|mbackgroundid0000013|mbackgroundid0000015|mbackgroundid0000016|mbackgroundid0000034|mbackgroundid0000052|mbackgroundid0000053|mbackgroundid0000054|mbgmodelid0000012|mbgmodelid0000031|mconcatfitid0000011|mconcatfitid0000049|mdifffitid0000006|mdifffitid0000026|mdifffitid0000027|mdifffitid0000044|mdifffitid0000045|mdifffitid0000046|mimgtblid0000017|mprojectid0000001|mprojectid0000003|mprojectid0000020|mprojectid0000021|mprojectid0000039|mprojectid0000041|mprojectid0000042|mviewerid0000019|mviewerid0000038,0.200000,307.991000,0.000000,0.000000,353.759520,0.000000,0.000000,true,91.005000,18,168.735000,"{""bora005"":31,""bora006"":23,""diablo01"":2,""diablo02"":2}","{""bora005"":0.066163,""bora006"":0.088002,""diablo01"":0.004859,""diablo02"":0.004993}","[{""rank"":1,""recommended"":true,""feasible"":true,""budget_used"":0,""budget_violation"":0,""makespan"":307.991,""deadline_violation"":0,""machine_signature"":""fb0c39b8df48b47e"",""weighted_score"":1,""diversity_score"":3.465517},{""rank"":2,""recommended"":false,""feasible"":true,""budget_used"":0,""budget_violation"":0,""makespan"":307.991,""deadline_violation"":0,""machine_signature"":""3054b4391ef9e763"",""weighted_score"":1,""diversity_score"":3.517241}]"
heft_colocation,cluster_homo,10,maddid0000018|maddid0000056|mbackgroundid0000013|mbackgroundid0000015|mbackgroundid0000016|mbackgroundid0000034|mbackgroundid0000052|mbackgroundid0000053|mbackgroundid0000054|mbgmodelid0000012|mbgmodelid0000031|mconcatfitid0000011|mconcatfitid0000049|mdifffitid0000006|mdifffitid0000026|mdifffitid0000027|mdifffitid0000044|mdifffitid0000045|mdifffitid0000046|mimgtblid0000017|mprojectid0000001|mprojectid0000003|mprojectid0000020|mprojectid0000021|mprojectid0000039|mprojectid0000041|mprojectid0000042|mviewerid0000019|mviewerid0000038,0.200000,287.957000,0.000000,0.000000,345.548400,0.000000,0.000000,true,41.894000,7,1.294000,"{""bora001"":16,""bora002"":17,""bora003"":22,""bora004"":3}","{""bora001"":0.033895,""bora002"":0.049198,""bora003"":0.065071,""bora004"":0.026997}",[]
prism_cc_cost,cluster_homo,10,maddid0000018|maddid0000056|mbackgroundid0000013|mbackgroundid0000015|mbackgroundid0000016|mbackgroundid0000034|mbackgroundid0000052|mbackgroundid0000053|mbackgroundid0000054|mbgmodelid0000012|mbgmodelid0000031|mconcatfitid0000011|mconcatfitid0000049|mdifffitid0000006|mdifffitid0000026|mdifffitid0000027|mdifffitid0000044|mdifffitid0000045|mdifffitid0000046|mimgtblid0000017|mprojectid0000001|mprojectid0000003|mprojectid0000020|mprojectid0000021|mprojectid0000039|mprojectid0000041|mprojectid0000042|mviewerid0000019|mviewerid0000038,0.200000,287.957000,0.000000,0.000000,345.548400,0.000000,0.000000,true,41.894000,7,151.903000,"{""bora001"":16,""bora002"":17,""bora003"":22,""bora004"":3}","{""bora001"":0.033895,""bora002"":0.049198,""bora003"":0.065071,""bora004"":0.026997}","[{""rank"":1,""recommended"":true,""feasible"":true,""budget_used"":0,""budget_violation"":0,""makespan"":287.957,""deadline_violation"":0,""machine_signature"":""7279f87e9df2a816"",""weighted_score"":0,""diversity_score"":3.637931},{""rank"":2,""recommended"":false,""feasible"":true,""budget_used"":0,""budget_violation"":0,""makespan"":287.957,""deadline_violation"":0,""machine_signature"":""2a2231275e900ee3"",""weighted_score"":0,""diversity_score"":3.62069}]"
prism_cc_time,cluster_homo,10,maddid0000018|maddid0000056|mbackgroundid0000013|mbackgroundid0000015|mbackgroundid0000016|mbackgroundid0000034|mbackgroundid0000052|mbackgroundid0000053|mbackgroundid0000054|mbgmodelid0000012|mbgmodelid0000031|mconcatfitid0000011|mconcatfitid0000049|mdifffitid0000006|mdifffitid0000026|mdifffitid0000027|mdifffitid0000044|mdifffitid0000045|mdifffitid0000046|mimgtblid0000017|mprojectid0000001|mprojectid0000003|mprojectid0000020|mprojectid0000021|mprojectid0000039|mprojectid0000041|mprojectid0000042|mviewerid0000019|mviewerid0000038,0.200000,287.957000,0.000000,0.000000,345.548400,0.000000,0.000000,true,41.894000,7,151.903000,"{""bora001"":16,""bora002"":17,""bora003"":22,""bora004"":3}","{""bora001"":0.033895,""bora002"":0.049198,""bora003"":0.065071,""bora004"":0.026997}","[{""rank"":1,""recommended"":true,""feasible"":true,""budget_used"":0,""budget_violation"":0,""makespan"":287.957,""deadline_violation"":0,""machine_signature"":""7279f87e9df2a816"",""weighted_score"":1,""diversity_score"":3.637931},{""rank"":2,""recommended"":false,""feasible"":true,""budget_used"":0,""budget_violation"":0,""makespan"":287.957,""deadline_violation"":0,""machine_signature"":""2a2231275e900ee3"",""weighted_score"":1,""diversity_score"":3.62069}]"
heft_colocation,hybrid_hetero,10,maddid0000018|maddid0000056|mbackgroundid0000013|mbackgroundid0000015|mbackgroundid0000016|mbackgroundid0000034|mbackgroundid0000052|mbackgroundid0000053|mbackgroundid0000054|mbgmodelid0000012|mbgmodelid0000031|mconcatfitid0000011|mconcatfitid0000049|mdifffitid0000006|mdifffitid0000026|mdifffitid0000027|mdifffitid0000044|mdifffitid0000045|mdifffitid0000046|mimgtblid0000017|mprojectid0000001|mprojectid0000003|mprojectid0000020|mprojectid0000021|mprojectid0000039|mprojectid0000041|mprojectid0000042|mviewerid0000019|mviewerid0000038,0.200000,104.534000,0.373034,0.348827,119.109960,0.024200,0.000000,false,56.626000,22,1.791000,"{""h3-standard-88-2"":13,""h4d-standard-192-7"":45}","{""bora011"":0,""diablo03"":0,""h3-standard-88-2"":0.003827,""h4d-standard-192-7"":0.017885}",[]
prism_cc_cost,hybrid_hetero,10,maddid0000018|maddid0000056|mbackgroundid0000013|mbackgroundid0000015|mbackgroundid0000016|mbackgroundid0000034|mbackgroundid0000052|mbackgroundid0000053|mbackgroundid0000054|mbgmodelid0000012|mbgmodelid0000031|mconcatfitid0000011|mconcatfitid0000049|mdifffitid0000006|mdifffitid0000026|mdifffitid0000027|mdifffitid0000044|mdifffitid0000045|mdifffitid0000046|mimgtblid0000017|mprojectid0000001|mprojectid0000003|mprojectid0000020|mprojectid0000021|mprojectid0000039|mprojectid0000041|mprojectid0000042|mviewerid0000019|mviewerid0000038,0.200000,117.372000,0.299306,0.348827,119.109960,0.000000,0.000000,true,56.400000,19,284.076000,"{""bora011"":3,""diablo03"":7,""h3-standard-88-2"":2,""h4d-standard-192-7"":46}","{""bora011"":0.001102,""diablo03"":0.001828,""h3-standard-88-2"":0.002653,""h4d-standard-192-7"":0.01597}","[{""rank"":1,""recommended"":true,""feasible"":true,""budget_used"":0.299306,""budget_violation"":0,""makespan"":117.372,""deadline_violation"":0,""machine_signature"":""371d27a37098b6c1"",""weighted_score"":0.299306,""diversity_score"":3.206897},{""rank"":2,""recommended"":false,""feasible"":true,""budget_used"":0.31018,""budget_violation"":0,""makespan"":106.862,""deadline_violation"":0,""machine_signature"":""bf26eb7cda1d6e01"",""weighted_score"":0.31018,""diversity_score"":3.155172},{""rank"":3,""recommended"":false,""feasible"":false,""budget_used"":0.373034,""budget_violation"":0.0242,""makespan"":104.534,""deadline_violation"":0,""machine_signature"":""6ba39ea9d426fe56"",""weighted_score"":0.373034,""diversity_score"":1.224138}]"
prism_cc_time,hybrid_hetero,10,maddid0000018|maddid0000056|mbackgroundid0000013|mbackgroundid0000015|mbackgroundid0000016|mbackgroundid0000034|mbackgroundid0000052|mbackgroundid0000053|mbackgroundid0000054|mbgmodelid0000012|mbgmodelid0000031|mconcatfitid0000011|mconcatfitid0000049|mdifffitid0000006|mdifffitid0000026|mdifffitid0000027|mdifffitid0000044|mdifffitid0000045|mdifffitid0000046|mimgtblid0000017|mprojectid0000001|mprojectid0000003|mprojectid0000020|mprojectid0000021|mprojectid0000039|mprojectid0000041|mprojectid0000042|mviewerid0000019|mviewerid0000038,0.200000,104.534000,0.373034,0.348827,119.109960,0.024200,0.000000,false,56.626000,22,284.076000,"{""h3-standard-88-2"":13,""h4d-standard-192-7"":45}","{""bora011"":0,""diablo03"":0,""h3-standard-88-2"":0.003827,""h4d-standard-192-7"":0.017885}","[{""rank"":1,""recommended"":true,""feasible"":true,""budget_used"":0.31018,""budget_violation"":0,""makespan"":106.862,""deadline_violation"":0,""machine_signature"":""bf26eb7cda1d6e01"",""weighted_score"":0.910456,""diversity_score"":3.155172},{""rank"":2,""recommended"":false,""feasible"":true,""budget_used"":0.299306,""budget_violation"":0,""makespan"":117.372,""deadline_violation"":0,""machine_signature"":""371d27a37098b6c1"",""weighted_score"":1,""diversity_score"":3.206897},{""rank"":3,""recommended"":false,""feasible"":false,""budget_used"":0.373034,""budget_violation"":0.0242,""makespan"":104.534,""deadline_violation"":0,""machine_signature"":""6ba39ea9d426fe56"",""weighted_score"":0.890621,""diversity_score"":1.224138}]"
heft_colocation,hybrid_homo,10,maddid0000018|maddid0000056|mbackgroundid0000013|mbackgroundid0000015|mbackgroundid0000016|mbackgroundid0000034|mbackgroundid0000052|mbackgroundid0000053|mbackgroundid0000054|mbgmodelid0000012|mbgmodelid0000031|mconcatfitid0000011|mconcatfitid0000049|mdifffitid0000006|mdifffitid0000026|mdifffitid0000027|mdifffitid0000044|mdifffitid0000045|mdifffitid0000046|mimgtblid0000017|mprojectid0000001|mprojectid0000003|mprojectid0000020|mprojectid0000021|mprojectid0000039|mprojectid0000041|mprojectid0000042|mviewerid0000019|mviewerid0000038,0.200000,103.641000,0.517408,0.607531,118.113160,0.000000,0.000000,true,29.233000,15,1.932000,"{""h4d-standard-192-5"":18,""h4d-standard-192-6"":40}","{""bora009"":0,""bora010"":0,""h4d-standard-192-5"":0.010049,""h4d-standard-192-6"":0.007514}",[]
prism_cc_cost,hybrid_homo,10,maddid0000018|maddid0000056|mbackgroundid0000013|mbackgroundid0000015|mbackgroundid0000016|mbackgroundid0000034|mbackgroundid0000052|mbackgroundid0000053|mbackgroundid0000054|mbgmodelid0000012|mbgmodelid0000031|mconcatfitid0000011|mconcatfitid0000049|mdifffitid0000006|mdifffitid0000026|mdifffitid0000027|mdifffitid0000044|mdifffitid0000045|mdifffitid0000046|mimgtblid0000017|mprojectid0000001|mprojectid0000003|mprojectid0000020|mprojectid0000021|mprojectid0000039|mprojectid0000041|mprojectid0000042|mviewerid0000019|mviewerid0000038,0.200000,114.980000,0.497693,0.607531,118.113160,0.000000,0.000000,true,29.234000,15,324.877000,"{""bora009"":1,""bora010"":3,""h4d-standard-192-5"":18,""h4d-standard-192-6"":36}","{""bora009"":0.000034,""bora010"":0.001124,""h4d-standard-192-5"":0.009058,""h4d-standard-192-6"":0.006734}","[{""rank"":1,""recommended"":true,""feasible"":true,""budget_used"":0.497693,""budget_violation"":0,""makespan"":114.98,""deadline_violation"":0,""machine_signature"":""330b0d6fc528b265"",""weighted_score"":0.497693,""diversity_score"":3.37931},{""rank"":2,""recommended"":false,""feasible"":true,""budget_used"":0.517408,""budget_violation"":0,""makespan"":103.641,""deadline_violation"":0,""machine_signature"":""b3bc5b758772eb76"",""weighted_score"":0.517408,""diversity_score"":1.310345}]"
prism_cc_time,hybrid_homo,10,maddid0000018|maddid0000056|mbackgroundid0000013|mbackgroundid0000015|mbackgroundid0000016|mbackgroundid0000034|mbackgroundid0000052|mbackgroundid0000053|mbackgroundid0000054|mbgmodelid0000012|mbgmodelid0000031|mconcatfitid0000011|mconcatfitid0000049|mdifffitid0000006|mdifffitid0000026|mdifffitid0000027|mdifffitid0000044|mdifffitid0000045|mdifffitid0000046|mimgtblid0000017|mprojectid0000001|mprojectid0000003|mprojectid0000020|mprojectid0000021|mprojectid0000039|mprojectid0000041|mprojectid0000042|mviewerid0000019|mviewerid0000038,0.200000,103.641000,0.517408,0.607531,118.113160,0.000000,0.000000,true,29.233000,15,324.877000,"{""h4d-standard-192-5"":18,""h4d-standard-192-6"":40}","{""bora009"":0,""bora010"":0,""h4d-standard-192-5"":0.010049,""h4d-standard-192-6"":0.007514}","[{""rank"":1,""recommended"":true,""feasible"":true,""budget_used"":0.517408,""budget_violation"":0,""makespan"":103.641,""deadline_violation"":0,""machine_signature"":""b3bc5b758772eb76"",""weighted_score"":0.901383,""diversity_score"":1.310345},{""rank"":2,""recommended"":false,""feasible"":true,""budget_used"":0.497693,""budget_violation"":0,""makespan"":114.98,""deadline_violation"":0,""machine_signature"":""330b0d6fc528b265"",""weighted_score"":1,""diversity_score"":3.37931}]"
heft_colocation,hybrid_raspberry_500mbps,10,maddid0000018|maddid0000056|mbackgroundid0000013|mbackgroundid0000015|mbackgroundid0000016|mbackgroundid0000034|mbackgroundid0000052|mbackgroundid0000053|mbackgroundid0000054|mbgmodelid0000012|mbgmodelid0000031|mconcatfitid0000011|mconcatfitid0000049|mdifffitid0000006|mdifffitid0000026|mdifffitid0000027|mdifffitid0000044|mdifffitid0000045|mdifffitid0000046|mimgtblid0000017|mprojectid0000001|mprojectid0000003|mprojectid0000020|mprojectid0000021|mprojectid0000039|mprojectid0000041|mprojectid0000042|mviewerid0000019|mviewerid0000038,0.200000,159.838000,0.517339,0.533583,179.300320,0.000000,0.000000,true,86.060000,31,2.453000,"{""cloud-node-02"":53,""hpc-node-02"":5}","{""cloud-node-01"":0,""cloud-node-02"":0.059558,""hpc-node-01"":0,""hpc-node-02"":0.031663,""rpi-edge-01"":0,""rpi-edge-02"":0,""rpi-edge-03"":0,""rpi-edge-04"":0,""rpi-edge-05"":0,""rpi-edge-06"":0,""rpi-edge-07"":0,""rpi-edge-08"":0,""rpi-edge-09"":0,""rpi-edge-10"":0}",[]
prism_cc_cost,hybrid_raspberry_500mbps,10,maddid0000018|maddid0000056|mbackgroundid0000013|mbackgroundid0000015|mbackgroundid0000016|mbackgroundid0000034|mbackgroundid0000052|mbackgroundid0000053|mbackgroundid0000054|mbgmodelid0000012|mbgmodelid0000031|mconcatfitid0000011|mconcatfitid0000049|mdifffitid0000006|mdifffitid0000026|mdifffitid0000027|mdifffitid0000044|mdifffitid0000045|mdifffitid0000046|mimgtblid0000017|mprojectid0000001|mprojectid0000003|mprojectid0000020|mprojectid0000021|mprojectid0000039|mprojectid0000041|mprojectid0000042|mviewerid0000019|mviewerid0000038,0.200000,170.664000,0.309345,0.533583,179.300320,0.000000,0.000000,true,101.891000,27,620.284000,"{""cloud-node-02"":3,""hpc-node-02"":55}","{""cloud-node-01"":0,""cloud-node-02"":0.016363,""hpc-node-01"":0,""hpc-node-02"":0.158062,""rpi-edge-01"":0,""rpi-edge-02"":0,""rpi-edge-03"":0,""rpi-edge-04"":0,""rpi-edge-05"":0,""rpi-edge-06"":0,""rpi-edge-07"":0,""rpi-edge-08"":0,""rpi-edge-09"":0,""rpi-edge-10"":0}","[{""rank"":1,""recommended"":true,""feasible"":true,""budget_used"":0.309345,""budget_violation"":0,""makespan"":170.664,""deadline_violation"":0,""machine_signature"":""06d96872d98787f4"",""weighted_score"":0.309345,""diversity_score"":1.051724},{""rank"":2,""recommended"":false,""feasible"":true,""budget_used"":0.517339,""budget_violation"":0,""makespan"":159.838,""deadline_violation"":0,""machine_signature"":""e99c3dcf64e6421a"",""weighted_score"":0.517339,""diversity_score"":1.086207}]"
prism_cc_time,hybrid_raspberry_500mbps,10,maddid0000018|maddid0000056|mbackgroundid0000013|mbackgroundid0000015|mbackgroundid0000016|mbackgroundid0000034|mbackgroundid0000052|mbackgroundid0000053|mbackgroundid0000054|mbgmodelid0000012|mbgmodelid0000031|mconcatfitid0000011|mconcatfitid0000049|mdifffitid0000006|mdifffitid0000026|mdifffitid0000027|mdifffitid0000044|mdifffitid0000045|mdifffitid0000046|mimgtblid0000017|mprojectid0000001|mprojectid0000003|mprojectid0000020|mprojectid0000021|mprojectid0000039|mprojectid0000041|mprojectid0000042|mviewerid0000019|mviewerid0000038,0.200000,159.838000,0.517339,0.533583,179.300320,0.000000,0.000000,true,86.060000,31,620.284000,"{""cloud-node-02"":53,""hpc-node-02"":5}","{""cloud-node-01"":0,""cloud-node-02"":0.059558,""hpc-node-01"":0,""hpc-node-02"":0.031663,""rpi-edge-01"":0,""rpi-edge-02"":0,""rpi-edge-03"":0,""rpi-edge-04"":0,""rpi-edge-05"":0,""rpi-edge-06"":0,""rpi-edge-07"":0,""rpi-edge-08"":0,""rpi-edge-09"":0,""rpi-edge-10"":0}","[{""rank"":1,""recommended"":true,""feasible"":true,""budget_used"":0.517339,""budget_violation"":0,""makespan"":159.838,""deadline_violation"":0,""machine_signature"":""e99c3dcf64e6421a"",""weighted_score"":0.936565,""diversity_score"":1.086207},{""rank"":2,""recommended"":false,""feasible"":true,""budget_used"":0.309345,""budget_violation"":0,""makespan"":170.664,""deadline_violation"":0,""machine_signature"":""06d96872d98787f4"",""weighted_score"":1,""diversity_score"":1.051724}]"
heft_colocation,cloud_hetero,11,maddid0000018|maddid0000037|mbackgroundid0000014|mbackgroundid0000032|mbackgroundid0000034|mbackgroundid0000053|mbackgroundid0000054|mbgmodelid0000031|mconcatfitid0000030|mconcatfitid0000049|mdifffitid0000005|mdifffitid0000006|mdifffitid0000009|mdifffitid0000010|mdifffitid0000026|mdifffitid0000029|mdifffitid0000045|mdifffitid0000047|mdifffitid0000048|mimgtblid0000017|mprojectid0000001|mprojectid0000002|mprojectid0000003|mprojectid0000021|mprojectid0000039|mprojectid0000041|mprojectid0000042|mviewerid0000019|mviewerid0000038,0.200000,103.641000,0.545884,0.641828,118.113160,0.000000,0.000000,true,28.729000,19,2.070000,"{""h4d-highmem-192-1"":40,""h4d-standard-192-1"":18}","{""h3-standard-88-1"":0,""h3-standard-88-2"":0,""h4d-highmem-192-1"":0.007531,""h4d-standard-192-1"":0.010007}",[]
prism_cc_cost,cloud_hetero,11,maddid0000018|maddid0000037|mbackgroundid0000014|mbackgroundid0000032|mbackgroundid0000034|mbackgroundid0000053|mbackgroundid0000054|mbgmodelid0000031|mconcatfitid0000030|mconcatfitid0000049|mdifffitid0000005|mdifffitid0000006|mdifffitid0000009|mdifffitid0000010|mdifffitid0000026|mdifffitid0000029|mdifffitid0000045|mdifffitid0000047|mdifffitid0000048|mimgtblid0000017|mprojectid0000001|mprojectid0000002|mprojectid0000003|mprojectid0000021|mprojectid0000039|mprojectid0000041|mprojectid0000042|mviewerid0000019|mviewerid0000038,0.200000,106.738000,0.232857,0.641828,118.113160,0.000000,0.000000,true,70.730000,55,275.801000,"{""h4d-standard-192-1"":58}","{""h3-standard-88-1"":0,""h3-standard-88-2"":0,""h4d-highmem-192-1"":0,""h4d-standard-192-1"":0.019079}","[{""rank"":1,""recommended"":true,""feasible"":true,""budget_used"":0.232857,""budget_violation"":0,""makespan"":106.738,""deadline_violation"":0,""machine_signature"":""26efde955ab35ab7"",""weighted_score"":0.232857,""diversity_score"":0},{""rank"":2,""recommended"":false,""feasible"":true,""budget_used"":0.545884,""budget_violation"":0,""makespan"":103.641,""deadline_violation"":0,""machine_signature"":""1dfeda0e30667ebc"",""weighted_score"":0.545884,""diversity_score"":1.310345},{""rank"":3,""recommended"":false,""feasible"":true,""budget_used"":0.545884,""budget_violation"":0,""makespan"":103.641,""deadline_violation"":0,""machine_signature"":""99305bcaf8f5a9cf"",""weighted_score"":0.545884,""diversity_score"":1.310345}]"
prism_cc_time,cloud_hetero,11,maddid0000018|maddid0000037|mbackgroundid0000014|mbackgroundid0000032|mbackgroundid0000034|mbackgroundid0000053|mbackgroundid0000054|mbgmodelid0000031|mconcatfitid0000030|mconcatfitid0000049|mdifffitid0000005|mdifffitid0000006|mdifffitid0000009|mdifffitid0000010|mdifffitid0000026|mdifffitid0000029|mdifffitid0000045|mdifffitid0000047|mdifffitid0000048|mimgtblid0000017|mprojectid0000001|mprojectid0000002|mprojectid0000003|mprojectid0000021|mprojectid0000039|mprojectid0000041|mprojectid0000042|mviewerid0000019|mviewerid0000038,0.200000,103.641000,0.545884,0.641828,118.113160,0.000000,0.000000,true,28.729000,19,275.801000,"{""h4d-highmem-192-1"":40,""h4d-standard-192-1"":18}","{""h3-standard-88-1"":0,""h3-standard-88-2"":0,""h4d-highmem-192-1"":0.007531,""h4d-standard-192-1"":0.010007}","[{""rank"":1,""recommended"":true,""feasible"":true,""budget_used"":0.545884,""budget_violation"":0,""makespan"":103.641,""deadline_violation"":0,""machine_signature"":""1dfeda0e30667ebc"",""weighted_score"":0.970985,""diversity_score"":1.310345},{""rank"":2,""recommended"":false,""feasible"":true,""budget_used"":0.545884,""budget_violation"":0,""makespan"":103.641,""deadline_violation"":0,""machine_signature"":""99305bcaf8f5a9cf"",""weighted_score"":0.970985,""diversity_score"":1.310345},{""rank"":3,""recommended"":false,""feasible"":true,""budget_used"":0.232857,""budget_violation"":0,""makespan"":106.738,""deadline_violation"":0,""machine_signature"":""26efde955ab35ab7"",""weighted_score"":1,""diversity_score"":0}]"
heft_colocation,cloud_homo,11,maddid0000018|maddid0000037|mbackgroundid0000014|mbackgroundid0000032|mbackgroundid0000034|mbackgroundid0000053|mbackgroundid0000054|mbgmodelid0000031|mconcatfitid0000030|mconcatfitid0000049|mdifffitid0000005|mdifffitid0000006|mdifffitid0000009|mdifffitid0000010|mdifffitid0000026|mdifffitid0000029|mdifffitid0000045|mdifffitid0000047|mdifffitid0000048|mimgtblid0000017|mprojectid0000001|mprojectid0000002|mprojectid0000003|mprojectid0000021|mprojectid0000039|mprojectid0000041|mprojectid0000042|mviewerid0000019|mviewerid0000038,0.200000,99.696000,0.910010,1.059152,119.559000,0.000000,0.000000,true,7.012000,6,3.785000,"{""h4d-standard-192-1"":18,""h4d-standard-192-2"":16,""h4d-standard-192-3"":21,""h4d-standard-192-4"":3}","{""h4d-standard-192-1"":0.003863,""h4d-standard-192-2"":0.004881,""h4d-standard-192-3"":0.006269,""h4d-standard-192-4"":0.002085}",[]
prism_cc_cost,cloud_homo,11,maddid0000018|maddid0000037|mbackgroundid0000014|mbackgroundid0000032|mbackgroundid0000034|mbackgroundid0000053|mbackgroundid0000054|mbgmodelid0000031|mconcatfitid0000030|mconcatfitid0000049|mdifffitid0000005|mdifffitid0000006|mdifffitid0000009|mdifffitid0000010|mdifffitid0000026|mdifffitid0000029|mdifffitid0000045|mdifffitid0000047|mdifffitid0000048|mimgtblid0000017|mprojectid0000001|mprojectid0000002|mprojectid0000003|mprojectid0000021|mprojectid0000039|mprojectid0000041|mprojectid0000042|mviewerid0000019|mviewerid0000038,0.200000,105.468000,0.230087,1.059152,119.559000,0.000000,0.000000,true,70.272000,49,377.919000,"{""h4d-standard-192-1"":58}","{""h4d-standard-192-1"":0.019286,""h4d-standard-192-2"":0,""h4d-standard-192-3"":0,""h4d-standard-192-4"":0}","[{""rank"":1,""recommended"":true,""feasible"":true,""budget_used"":0.230087,""budget_violation"":0,""makespan"":105.468,""deadline_violation"":0,""machine_signature"":""c243b10d70dfe17c"",""weighted_score"":0.230087,""diversity_score"":0},{""rank"":2,""recommended"":false,""feasible"":true,""budget_used"":0.893661,""budget_violation"":0,""makespan"":99.696,""deadline_violation"":0,""machine_signature"":""94aac5a034b3402f"",""weighted_score"":0.893661,""diversity_score"":3.637931},{""rank"":3,""recommended"":false,""feasible"":true,""budget_used"":0.91001,""budget_violation"":0,""makespan"":99.696,""deadline_violation"":0,""machine_signature"":""b6f6ecba0a661acd"",""weighted_score"":0.91001,""diversity_score"":3.637931}]"
prism_cc_time,cloud_homo,11,maddid0000018|maddid0000037|mbackgroundid0000014|mbackgroundid0000032|mbackgroundid0000034|mbackgroundid0000053|mbackgroundid0000054|mbgmodelid0000031|mconcatfitid0000030|mconcatfitid0000049|mdifffitid0000005|mdifffitid0000006|mdifffitid0000009|mdifffitid0000010|mdifffitid0000026|mdifffitid0000029|mdifffitid0000045|mdifffitid0000047|mdifffitid0000048|mimgtblid0000017|mprojectid0000001|mprojectid0000002|mprojectid0000003|mprojectid0000021|mprojectid0000039|mprojectid0000041|mprojectid0000042|mviewerid0000019|mviewerid0000038,0.200000,99.696000,0.910010,1.059152,119.559000,0.000000,0.000000,true,7.012000,6,377.919000,"{""h4d-standard-192-1"":18,""h4d-standard-192-2"":16,""h4d-standard-192-3"":21,""h4d-standard-192-4"":3}","{""h4d-standard-192-1"":0.003863,""h4d-standard-192-2"":0.004881,""h4d-standard-192-3"":0.006269,""h4d-standard-192-4"":0.002085}","[{""rank"":1,""recommended"":true,""feasible"":true,""budget_used"":0.893661,""budget_violation"":0,""makespan"":99.696,""deadline_violation"":0,""machine_signature"":""94aac5a034b3402f"",""weighted_score"":0.945272,""diversity_score"":3.637931},{""rank"":2,""recommended"":false,""feasible"":true,""budget_used"":0.91001,""budget_violation"":0,""makespan"":99.696,""deadline_violation"":0,""machine_signature"":""b6f6ecba0a661acd"",""weighted_score"":0.945272,""diversity_score"":3.637931},{""rank"":3,""recommended"":false,""feasible"":true,""budget_used"":0.230087,""budget_violation"":0,""makespan"":105.468,""deadline_violation"":0,""machine_signature"":""c243b10d70dfe17c"",""weighted_score"":1,""diversity_score"":0}]"
heft_colocation,cluster_hetero,11,maddid0000018|maddid0000037|mbackgroundid0000014|mbackgroundid0000032|mbackgroundid0000034|mbackgroundid0000053|mbackgroundid0000054|mbgmodelid0000031|mconcatfitid0000030|mconcatfitid0000049|mdifffitid0000005|mdifffitid0000006|mdifffitid0000009|mdifffitid0000010|mdifffitid0000026|mdifffitid0000029|mdifffitid0000045|mdifffitid0000047|mdifffitid0000048|mimgtblid0000017|mprojectid0000001|mprojectid0000002|mprojectid0000003|mprojectid0000021|mprojectid0000039|mprojectid0000041|mprojectid0000042|mviewerid0000019|mviewerid0000038,0.200000,308.700000,0.000000,0.000000,353.759520,0.000000,0.000000,true,95.771000,27,1.270000,"{""bora005"":33,""bora006"":22,""diablo01"":1,""diablo02"":2}","{""bora005"":0.073258,""bora006"":0.082632,""diablo01"":0.003689,""diablo02"":0.004981}",[]
prism_cc_cost,cluster_hetero,11,maddid0000018|maddid0000037|mbackgroundid0000014|mbackgroundid0000032|mbackgroundid0000034|mbackgroundid0000053|mbackgroundid0000054|mbgmodelid0000031|mconcatfitid0000030|mconcatfitid0000049|mdifffitid0000005|mdifffitid0000006|mdifffitid0000009|mdifffitid0000010|mdifffitid0000026|mdifffitid0000029|mdifffitid0000045|mdifffitid0000047|mdifffitid0000048|mimgtblid0000017|mprojectid0000001|mprojectid0000002|mprojectid0000003|mprojectid0000021|mprojectid0000039|mprojectid0000041|mprojectid0000042|mviewerid0000019|mviewerid0000038,0.200000,308.700000,0.000000,0.000000,353.759520,0.000000,0.000000,true,95.771000,27,161.151000,"{""bora005"":33,""bora006"":22,""diablo01"":1,""diablo02"":2}","{""bora005"":0.073258,""bora006"":0.082632,""diablo01"":0.003689,""diablo02"":0.004981}","[{""rank"":1,""recommended"":true,""feasible"":true,""budget_used"":0,""budget_violation"":0,""makespan"":308.7,""deadline_violation"":0,""machine_signature"":""6d0f3efae0e5c873"",""weighted_score"":0,""diversity_score"":3.431034},{""rank"":2,""recommended"":false,""feasible"":true,""budget_used"":0,""budget_violation"":0,""makespan"":308.7,""deadline_violation"":0,""machine_signature"":""cc9b59c25bccb243"",""weighted_score"":0,""diversity_score"":3.482759}]"
prism_cc_time,cluster_hetero,11,maddid0000018|maddid0000037|mbackgroundid0000014|mbackgroundid0000032|mbackgroundid0000034|mbackgroundid0000053|mbackgroundid0000054|mbgmodelid0000031|mconcatfitid0000030|mconcatfitid0000049|mdifffitid0000005|mdifffitid0000006|mdifffitid0000009|mdifffitid0000010|mdifffitid0000026|mdifffitid0000029|mdifffitid0000045|mdifffitid0000047|mdifffitid0000048|mimgtblid0000017|mprojectid0000001|mprojectid0000002|mprojectid0000003|mprojectid0000021|mprojectid0000039|mprojectid0000041|mprojectid0000042|mviewerid0000019|mviewerid0000038,0.200000,308.700000,0.000000,0.000000,353.759520,0.000000,0.000000,true,95.771000,27,161.151000,"{""bora005"":33,""bora006"":22,""diablo01"":1,""diablo02"":2}","{""bora005"":0.073258,""bora006"":0.082632,""diablo01"":0.003689,""diablo02"":0.004981}","[{""rank"":1,""recommended"":true,""feasible"":true,""budget_used"":0,""budget_violation"":0,""makespan"":308.7,""deadline_violation"":0,""machine_signature"":""6d0f3efae0e5c873"",""weighted_score"":1,""diversity_score"":3.431034},{""rank"":2,""recommended"":false,""feasible"":true,""budget_used"":0,""budget_violation"":0,""makespan"":308.7,""deadline_violation"":0,""machine_signature"":""cc9b59c25bccb243"",""weighted_score"":1,""diversity_score"":3.482759}]"
heft_colocation,cluster_homo,11,maddid0000018|maddid0000037|mbackgroundid0000014|mbackgroundid0000032|mbackgroundid0000034|mbackgroundid0000053|mbackgroundid0000054|mbgmodelid0000031|mconcatfitid0000030|mconcatfitid0000049|mdifffitid0000005|mdifffitid0000006|mdifffitid0000009|mdifffitid0000010|mdifffitid0000026|mdifffitid0000029|mdifffitid0000045|mdifffitid0000047|mdifffitid0000048|mimgtblid0000017|mprojectid0000001|mprojectid0000002|mprojectid0000003|mprojectid0000021|mprojectid0000039|mprojectid0000041|mprojectid0000042|mviewerid0000019|mviewerid0000038,0.200000,287.957000,0.000000,0.000000,345.548400,0.000000,0.000000,true,40.654000,10,0.874000,"{""bora001"":18,""bora002"":17,""bora003"":11,""bora004"":12}","{""bora001"":0.041296,""bora002"":0.050388,""bora003"":0.060834,""bora004"":0.022523}",[]
prism_cc_cost,cluster_homo,11,maddid0000018|maddid0000037|mbackgroundid0000014|mbackgroundid0000032|mbackgroundid0000034|mbackgroundid0000053|mbackgroundid0000054|mbgmodelid0000031|mconcatfitid0000030|mconcatfitid0000049|mdifffitid0000005|mdifffitid0000006|mdifffitid0000009|mdifffitid0000010|mdifffitid0000026|mdifffitid0000029|mdifffitid0000045|mdifffitid0000047|mdifffitid0000048|mimgtblid0000017|mprojectid0000001|mprojectid0000002|mprojectid0000003|mprojectid0000021|mprojectid0000039|mprojectid0000041|mprojectid0000042|mviewerid0000019|mviewerid0000038,0.200000,287.957000,0.000000,0.000000,345.548400,0.000000,0.000000,true,40.654000,10,155.157000,"{""bora001"":18,""bora002"":17,""bora003"":11,""bora004"":12}","{""bora001"":0.041296,""bora002"":0.050388,""bora003"":0.060834,""bora004"":0.022523}","[{""rank"":1,""recommended"":true,""feasible"":true,""budget_used"":0,""budget_violation"":0,""makespan"":287.957,""deadline_violation"":0,""machine_signature"":""6859ed7506ea9eb9"",""weighted_score"":0,""diversity_score"":3.655172},{""rank"":2,""recommended"":false,""feasible"":true,""budget_used"":0,""budget_violation"":0,""makespan"":287.957,""deadline_violation"":0,""machine_signature"":""ad4d8135e31fa861"",""weighted_score"":0,""diversity_score"":3.689655}]"
prism_cc_time,cluster_homo,11,maddid0000018|maddid0000037|mbackgroundid0000014|mbackgroundid0000032|mbackgroundid0000034|mbackgroundid0000053|mbackgroundid0000054|mbgmodelid0000031|mconcatfitid0000030|mconcatfitid0000049|mdifffitid0000005|mdifffitid0000006|mdifffitid0000009|mdifffitid0000010|mdifffitid0000026|mdifffitid0000029|mdifffitid0000045|mdifffitid0000047|mdifffitid0000048|mimgtblid0000017|mprojectid0000001|mprojectid0000002|mprojectid0000003|mprojectid0000021|mprojectid0000039|mprojectid0000041|mprojectid0000042|mviewerid0000019|mviewerid0000038,0.200000,287.957000,0.000000,0.000000,345.548400,0.000000,0.000000,true,40.654000,10,155.157000,"{""bora001"":18,""bora002"":17,""bora003"":11,""bora004"":12}","{""bora001"":0.041296,""bora002"":0.050388,""bora003"":0.060834,""bora004"":0.022523}","[{""rank"":1,""recommended"":true,""feasible"":true,""budget_used"":0,""budget_violation"":0,""makespan"":287.957,""deadline_violation"":0,""machine_signature"":""6859ed7506ea9eb9"",""weighted_score"":1,""diversity_score"":3.655172},{""rank"":2,""recommended"":false,""feasible"":true,""budget_used"":0,""budget_violation"":0,""makespan"":287.957,""deadline_violation"":0,""machine_signature"":""ad4d8135e31fa861"",""weighted_score"":1,""diversity_score"":3.689655}]"
heft_colocation,hybrid_hetero,11,maddid0000018|maddid0000037|mbackgroundid0000014|mbackgroundid0000032|mbackgroundid0000034|mbackgroundid0000053|mbackgroundid0000054|mbgmodelid0000031|mconcatfitid0000030|mconcatfitid0000049|mdifffitid0000005|mdifffitid0000006|mdifffitid0000009|mdifffitid0000010|mdifffitid0000026|mdifffitid0000029|mdifffitid0000045|mdifffitid0000047|mdifffitid0000048|mimgtblid0000017|mprojectid0000001|mprojectid0000002|mprojectid0000003|mprojectid0000021|mprojectid0000039|mprojectid0000041|mprojectid0000042|mviewerid0000019|mviewerid0000038,0.200000,104.534000,0.293430,0.348827,119.109960,0.000000,0.000000,true,58.336000,44,2.421000,"{""h3-standard-88-2"":1,""h4d-standard-192-7"":57}","{""bora011"":0,""diablo03"":0,""h3-standard-88-2"":0.00225,""h4d-standard-192-7"":0.018338}",[]
prism_cc_cost,hybrid_hetero,11,maddid0000018|maddid0000037|mbackgroundid0000014|mbackgroundid0000032|mbackgroundid0000034|mbackgroundid0000053|mbackgroundid0000054|mbgmodelid0000031|mconcatfitid0000030|mconcatfitid0000049|mdifffitid0000005|mdifffitid0000006|mdifffitid0000009|mdifffitid0000010|mdifffitid0000026|mdifffitid0000029|mdifffitid0000045|mdifffitid0000047|mdifffitid0000048|mimgtblid0000017|mprojectid0000001|mprojectid0000002|mprojectid0000003|mprojectid0000021|mprojectid0000039|mprojectid0000041|mprojectid0000042|mviewerid0000019|mviewerid0000038,0.200000,117.372000,0.282136,0.348827,119.109960,0.000000,0.000000,true,57.892000,39,281.046000,"{""bora011"":2,""diablo03"":5,""h3-standard-88-2"":1,""h4d-standard-192-7"":50}","{""bora011"":0.000601,""diablo03"":0.001687,""h3-standard-88-2"":0.002004,""h4d-standard-192-7"":0.016211}","[{""rank"":1,""recommended"":true,""feasible"":true,""budget_used"":0.282136,""budget_violation"":0,""makespan"":117.372,""deadline_violation"":0,""machine_signature"":""d49603699eab7d5b"",""weighted_score"":0.282136,""diversity_score"":3.137931},{""rank"":2,""recommended"":false,""feasible"":true,""budget_used"":0.29343,""budget_violation"":0,""makespan"":104.534,""deadline_violation"":0,""machine_signature"":""f8616257deaaf5bb"",""weighted_score"":0.29343,""diversity_score"":1.017241}]"
prism_cc_time,hybrid_hetero,11,maddid0000018|maddid0000037|mbackgroundid0000014|mbackgroundid0000032|mbackgroundid0000034|mbackgroundid0000053|mbackgroundid0000054|mbgmodelid0000031|mconcatfitid0000030|mconcatfitid0000049|mdifffitid0000005|mdifffitid0000006|mdifffitid0000009|mdifffitid0000010|mdifffitid0000026|mdifffitid0000029|mdifffitid0000045|mdifffitid0000047|mdifffitid0000048|mimgtblid0000017|mprojectid0000001|mprojectid0000002|mprojectid0000003|mprojectid0000021|mprojectid0000039|mprojectid0000041|mprojectid0000042|mviewerid0000019|mviewerid0000038,0.200000,104.534000,0.293430,0.348827,119.109960,0.000000,0.000000,true,58.336000,44,281.046000,"{""h3-standard-88-2"":1,""h4d-standard-192-7"":57}","{""bora011"":0,""diablo03"":0,""h3-standard-88-2"":0.00225,""h4d-standard-192-7"":0.018338}","[{""rank"":1,""recommended"":true,""feasible"":true,""budget_used"":0.29343,""budget_violation"":0,""makespan"":104.534,""deadline_violation"":0,""machine_signature"":""f8616257deaaf5bb"",""weighted_score"":0.890621,""diversity_score"":1.017241},{""rank"":2,""recommended"":false,""feasible"":true,""budget_used"":0.282136,""budget_violation"":0,""makespan"":117.372,""deadline_violation"":0,""machine_signature"":""d49603699eab7d5b"",""weighted_score"":1,""diversity_score"":3.137931}]"
heft_colocation,hybrid_homo,11,maddid0000018|maddid0000037|mbackgroundid0000014|mbackgroundid0000032|mbackgroundid0000034|mbackgroundid0000053|mbackgroundid0000054|mbgmodelid0000031|mconcatfitid0000030|mconcatfitid0000049|mdifffitid0000005|mdifffitid0000006|mdifffitid0000009|mdifffitid0000010|mdifffitid0000026|mdifffitid0000029|mdifffitid0000045|mdifffitid0000047|mdifffitid0000048|mimgtblid0000017|mprojectid0000001|mprojectid0000002|mprojectid0000003|mprojectid0000021|mprojectid0000039|mprojectid0000041|mprojectid0000042|mviewerid0000019|mviewerid0000038,0.200000,103.641000,0.517413,0.607531,118.113160,0.000000,0.000000,true,28.458000,19,2.024000,"{""h4d-standard-192-5"":18,""h4d-standard-192-6"":40}","{""bora009"":0,""bora010"":0,""h4d-standard-192-5"":0.009993,""h4d-standard-192-6"":0.007531}",[]
prism_cc_cost,hybrid_homo,11,maddid0000018|maddid0000037|mbackgroundid0000014|mbackgroundid0000032|mbackgroundid0000034|mbackgroundid0000053|mbackgroundid0000054|mbgmodelid0000031|mconcatfitid0000030|mconcatfitid0000049|mdifffitid0000005|mdifffitid0000006|mdifffitid0000009|mdifffitid0000010|mdifffitid0000026|mdifffitid0000029|mdifffitid0000045|mdifffitid0000047|mdifffitid0000048|mimgtblid0000017|mprojectid0000001|mprojectid0000002|mprojectid0000003|mprojectid0000021|mprojectid0000039|mprojectid0000041|mprojectid0000042|mviewerid0000019|mviewerid0000038,0.200000,114.980000,0.497689,0.607531,118.113160,0.000000,0.000000,true,28.458000,19,297.941000,"{""bora009"":1,""bora010"":3,""h4d-standard-192-5"":18,""h4d-standard-192-6"":36}","{""bora009"":0.000034,""bora010"":0.001124,""h4d-standard-192-5"":0.009008,""h4d-standard-192-6"":0.006749}","[{""rank"":1,""recommended"":true,""feasible"":true,""budget_used"":0.497689,""budget_violation"":0,""makespan"":114.98,""deadline_violation"":0,""machine_signature"":""fa081c207a74243e"",""weighted_score"":0.497689,""diversity_score"":3.37931},{""rank"":2,""recommended"":false,""feasible"":true,""budget_used"":0.517413,""budget_violation"":0,""makespan"":103.641,""deadline_violation"":0,""machine_signature"":""4a90c69e6a2941f5"",""weighted_score"":0.517413,""diversity_score"":1.310345}]"
prism_cc_time,hybrid_homo,11,maddid0000018|maddid0000037|mbackgroundid0000014|mbackgroundid0000032|mbackgroundid0000034|mbackgroundid0000053|mbackgroundid0000054|mbgmodelid0000031|mconcatfitid0000030|mconcatfitid0000049|mdifffitid0000005|mdifffitid0000006|mdifffitid0000009|mdifffitid0000010|mdifffitid0000026|mdifffitid0000029|mdifffitid0000045|mdifffitid0000047|mdifffitid0000048|mimgtblid0000017|mprojectid0000001|mprojectid0000002|mprojectid0000003|mprojectid0000021|mprojectid0000039|mprojectid0000041|mprojectid0000042|mviewerid0000019|mviewerid0000038,0.200000,103.641000,0.517413,0.607531,118.113160,0.000000,0.000000,true,28.458000,19,297.941000,"{""h4d-standard-192-5"":18,""h4d-standard-192-6"":40}","{""bora009"":0,""bora010"":0,""h4d-standard-192-5"":0.009993,""h4d-standard-192-6"":0.007531}","[{""rank"":1,""recommended"":true,""feasible"":true,""budget_used"":0.517413,""budget_violation"":0,""makespan"":103.641,""deadline_violation"":0,""machine_signature"":""4a90c69e6a2941f5"",""weighted_score"":0.901383,""diversity_score"":1.310345},{""rank"":2,""recommended"":false,""feasible"":true,""budget_used"":0.497689,""budget_violation"":0,""makespan"":114.98,""deadline_violation"":0,""machine_signature"":""fa081c207a74243e"",""weighted_score"":1,""diversity_score"":3.37931}]"
heft_colocation,hybrid_raspberry_500mbps,11,maddid0000018|maddid0000037|mbackgroundid0000014|mbackgroundid0000032|mbackgroundid0000034|mbackgroundid0000053|mbackgroundid0000054|mbgmodelid0000031|mconcatfitid0000030|mconcatfitid0000049|mdifffitid0000005|mdifffitid0000006|mdifffitid0000009|mdifffitid0000010|mdifffitid0000026|mdifffitid0000029|mdifffitid0000045|mdifffitid0000047|mdifffitid0000048|mimgtblid0000017|mprojectid0000001|mprojectid0000002|mprojectid0000003|mprojectid0000021|mprojectid0000039|mprojectid0000041|mprojectid0000042|mviewerid0000019|mviewerid0000038,0.200000,159.838000,0.555466,0.533583,179.300320,0.021900,0.000000,false,84.180000,40,2.643000,"{""cloud-node-02"":51,""hpc-node-02"":7}","{""cloud-node-01"":0,""cloud-node-02"":0.059179,""hpc-node-01"":0,""hpc-node-02"":0.032315,""rpi-edge-01"":0,""rpi-edge-02"":0,""rpi-edge-03"":0,""rpi-edge-04"":0,""rpi-edge-05"":0,""rpi-edge-06"":0,""rpi-edge-07"":0,""rpi-edge-08"":0,""rpi-edge-09"":0,""rpi-edge-10"":0}",[]
prism_cc_cost,hybrid_raspberry_500mbps,11,maddid0000018|maddid0000037|mbackgroundid0000014|mbackgroundid0000032|mbackgroundid0000034|mbackgroundid0000053|mbackgroundid0000054|mbgmodelid0000031|mconcatfitid0000030|mconcatfitid0000049|mdifffitid0000005|mdifffitid0000006|mdifffitid0000009|mdifffitid0000010|mdifffitid0000026|mdifffitid0000029|mdifffitid0000045|mdifffitid0000047|mdifffitid0000048|mimgtblid0000017|mprojectid0000001|mprojectid0000002|mprojectid0000003|mprojectid0000021|mprojectid0000039|mprojectid0000041|mprojectid0000042|mviewerid0000019|mviewerid0000038,0.200000,169.930000,0.309212,0.533583,179.300320,0.000000,0.000000,true,98.125000,32,616.289000,"{""cloud-node-02"":3,""hpc-node-02"":55}","{""cloud-node-01"":0,""cloud-node-02"":0.016433,""hpc-node-01"":0,""hpc-node-02"":0.158052,""rpi-edge-01"":0,""rpi-edge-02"":0,""rpi-edge-03"":0,""rpi-edge-04"":0,""rpi-edge-05"":0,""rpi-edge-06"":0,""rpi-edge-07"":0,""rpi-edge-08"":0,""rpi-edge-09"":0,""rpi-edge-10"":0}","[{""rank"":1,""recommended"":true,""feasible"":true,""budget_used"":0.309212,""budget_violation"":0,""makespan"":169.93,""deadline_violation"":0,""machine_signature"":""cedd5986dbbfbb79"",""weighted_score"":0.309212,""diversity_score"":1.051724},{""rank"":2,""recommended"":false,""feasible"":false,""budget_used"":0.555466,""budget_violation"":0.0219,""makespan"":159.838,""deadline_violation"":0,""machine_signature"":""65470fd529dd3f0e"",""weighted_score"":0.555466,""diversity_score"":1.12069}]"
prism_cc_time,hybrid_raspberry_500mbps,11,maddid0000018|maddid0000037|mbackgroundid0000014|mbackgroundid0000032|mbackgroundid0000034|mbackgroundid0000053|mbackgroundid0000054|mbgmodelid0000031|mconcatfitid0000030|mconcatfitid0000049|mdifffitid0000005|mdifffitid0000006|mdifffitid0000009|mdifffitid0000010|mdifffitid0000026|mdifffitid0000029|mdifffitid0000045|mdifffitid0000047|mdifffitid0000048|mimgtblid0000017|mprojectid0000001|mprojectid0000002|mprojectid0000003|mprojectid0000021|mprojectid0000039|mprojectid0000041|mprojectid0000042|mviewerid0000019|mviewerid0000038,0.200000,159.838000,0.555466,0.533583,179.300320,0.021900,0.000000,false,84.180000,40,616.289000,"{""cloud-node-02"":51,""hpc-node-02"":7}","{""cloud-node-01"":0,""cloud-node-02"":0.059179,""hpc-node-01"":0,""hpc-node-02"":0.032315,""rpi-edge-01"":0,""rpi-edge-02"":0,""rpi-edge-03"":0,""rpi-edge-04"":0,""rpi-edge-05"":0,""rpi-edge-06"":0,""rpi-edge-07"":0,""rpi-edge-08"":0,""rpi-edge-09"":0,""rpi-edge-10"":0}","[{""rank"":1,""recommended"":true,""feasible"":true,""budget_used"":0.309212,""budget_violation"":0,""makespan"":169.93,""deadline_violation"":0,""machine_signature"":""cedd5986dbbfbb79"",""weighted_score"":1,""diversity_score"":1.051724},{""rank"":2,""recommended"":false,""feasible"":false,""budget_used"":0.555466,""budget_violation"":0.0219,""makespan"":159.838,""deadline_violation"":0,""machine_signature"":""65470fd529dd3f0e"",""weighted_score"":0.940611,""diversity_score"":1.12069}]"
heft_colocation,cloud_hetero,12,mbackgroundid0000013|mbackgroundid0000014|mbackgroundid0000032|mbackgroundid0000033|mbgmodelid0000050|mconcatfitid0000011|mdifffitid0000005|mdifffitid0000006|mdifffitid0000007|mdifffitid0000008|mdifffitid0000009|mdifffitid0000010|mdifffitid0000026|mdifffitid0000027|mdifffitid0000043|mdifffitid0000044|mdifffitid0000045|mdifffitid0000048|mimgtblid0000017|mimgtblid0000036|mimgtblid0000055|mprojectid0000001|mprojectid0000004|mprojectid0000020|mprojectid0000021|mprojectid0000022|mviewerid0000019|mviewerid0000038|mviewerid0000058,0.200000,95.290000,0.498650,0.641828,118.113160,0.000000,0.000000,true,11.041000,10,2.400000,"{""h4d-highmem-192-1"":33,""h4d-standard-192-1"":25}","{""h3-standard-88-1"":0,""h3-standard-88-2"":0,""h4d-highmem-192-1"":0.009754,""h4d-standard-192-1"":0.008354}",[]
prism_cc_cost,cloud_hetero,12,mbackgroundid0000013|mbackgroundid0000014|mbackgroundid0000032|mbackgroundid0000033|mbgmodelid0000050|mconcatfitid0000011|mdifffitid0000005|mdifffitid0000006|mdifffitid0000007|mdifffitid0000008|mdifffitid0000009|mdifffitid0000010|mdifffitid0000026|mdifffitid0000027|mdifffitid0000043|mdifffitid0000044|mdifffitid0000045|mdifffitid0000048|mimgtblid0000017|mimgtblid0000036|mimgtblid0000055|mprojectid0000001|mprojectid0000004|mprojectid0000020|mprojectid0000021|mprojectid0000022|mviewerid0000019|mviewerid0000038|mviewerid0000058,0.200000,94.586000,0.206353,0.641828,118.113160,0.000000,0.000000,true,30.919000,29,250.306000,"{""h4d-standard-192-1"":58}","{""h3-standard-88-1"":0,""h3-standard-88-2"":0,""h4d-highmem-192-1"":0,""h4d-standard-192-1"":0.019338}","[{""rank"":1,""recommended"":true,""feasible"":true,""budget_used"":0.206353,""budget_violation"":0,""makespan"":94.586,""deadline_violation"":0,""machine_signature"":""39c38abf4a15a6b5"",""weighted_score"":0.206353,""diversity_score"":0},{""rank"":2,""recommended"":false,""feasible"":true,""budget_used"":0.49865,""budget_violation"":0,""makespan"":95.29,""deadline_violation"":0,""machine_signature"":""34f13602bf3e3b0b"",""weighted_score"":0.49865,""diversity_score"":1.431034}]"
prism_cc_time,cloud_hetero,12,mbackgroundid0000013|mbackgroundid0000014|mbackgroundid0000032|mbackgroundid0000033|mbgmodelid0000050|mconcatfitid0000011|mdifffitid0000005|mdifffitid0000006|mdifffitid0000007|mdifffitid0000008|mdifffitid0000009|mdifffitid0000010|mdifffitid0000026|mdifffitid0000027|mdifffitid0000043|mdifffitid0000044|mdifffitid0000045|mdifffitid0000048|mimgtblid0000017|mimgtblid0000036|mimgtblid0000055|mprojectid0000001|mprojectid0000004|mprojectid0000020|mprojectid0000021|mprojectid0000022|mviewerid0000019|mviewerid0000038|mviewerid0000058,0.200000,94.586000,0.206353,0.641828,118.113160,0.000000,0.000000,true,30.919000,29,250.306000,"{""h4d-standard-192-1"":58}","{""h3-standard-88-1"":0,""h3-standard-88-2"":0,""h4d-highmem-192-1"":0,""h4d-standard-192-1"":0.019338}","[{""rank"":1,""recommended"":true,""feasible"":true,""budget_used"":0.206353,""budget_violation"":0,""makespan"":94.586,""deadline_violation"":0,""machine_signature"":""39c38abf4a15a6b5"",""weighted_score"":0.992612,""diversity_score"":0},{""rank"":2,""recommended"":false,""feasible"":true,""budget_used"":0.49865,""budget_violation"":0,""makespan"":95.29,""deadline_violation"":0,""machine_signature"":""34f13602bf3e3b0b"",""weighted_score"":1,""diversity_score"":1.431034}]"
heft_colocation,cloud_homo,12,mbackgroundid0000013|mbackgroundid0000014|mbackgroundid0000032|mbackgroundid0000033|mbgmodelid0000050|mconcatfitid0000011|mdifffitid0000005|mdifffitid0000006|mdifffitid0000007|mdifffitid0000008|mdifffitid0000009|mdifffitid0000010|mdifffitid0000026|mdifffitid0000027|mdifffitid0000043|mdifffitid0000044|mdifffitid0000045|mdifffitid0000048|mimgtblid0000017|mimgtblid0000036|mimgtblid0000055|mprojectid0000001|mprojectid0000004|mprojectid0000020|mprojectid0000021|mprojectid0000022|mviewerid0000019|mviewerid0000038|mviewerid0000058,0.200000,99.816000,0.894442,1.059152,119.559000,0.000000,0.000000,true,2.067000,4,2.778000,"{""h4d-standard-192-1"":15,""h4d-standard-192-2"":16,""h4d-standard-192-3"":8,""h4d-standard-192-4"":19}","{""h4d-standard-192-1"":0.003157,""h4d-standard-192-2"":0.003804,""h4d-standard-192-3"":0.003826,""h4d-standard-192-4"":0.006032}",[]
prism_cc_cost,cloud_homo,12,mbackgroundid0000013|mbackgroundid0000014|mbackgroundid0000032|mbackgroundid0000033|mbgmodelid0000050|mconcatfitid0000011|mdifffitid0000005|mdifffitid0000006|mdifffitid0000007|mdifffitid0000008|mdifffitid0000009|mdifffitid0000010|mdifffitid0000026|mdifffitid0000027|mdifffitid0000043|mdifffitid0000044|mdifffitid0000045|mdifffitid0000048|mimgtblid0000017|mimgtblid0000036|mimgtblid0000055|mprojectid0000001|mprojectid0000004|mprojectid0000020|mprojectid0000021|mprojectid0000022|mviewerid0000019|mviewerid0000038|mviewerid0000058,0.200000,93.068000,0.203026,1.059152,119.559000,0.000000,0.000000,true,30.817000,28,297.986000,"{""h4d-standard-192-1"":58}","{""h4d-standard-192-1"":0.019647,""h4d-standard-192-2"":0,""h4d-standard-192-3"":0,""h4d-standard-192-4"":0}","[{""rank"":1,""recommended"":true,""feasible"":true,""budget_used"":0.203026,""budget_violation"":0,""makespan"":93.068,""deadline_violation"":0,""machine_signature"":""d801142e28c32a3f"",""weighted_score"":0.203026,""diversity_score"":0},{""rank"":2,""recommended"":false,""feasible"":true,""budget_used"":0.894442,""budget_violation"":0,""makespan"":99.816,""deadline_violation"":0,""machine_signature"":""c4fff26f22d909f4"",""weighted_score"":0.894442,""diversity_score"":3.672414}]"
prism_cc_time,cloud_homo,12,mbackgroundid0000013|mbackgroundid0000014|mbackgroundid0000032|mbackgroundid0000033|mbgmodelid0000050|mconcatfitid0000011|mdifffitid0000005|mdifffitid0000006|mdifffitid0000007|mdifffitid0000008|mdifffitid0000009|mdifffitid0000010|mdifffitid0000026|mdifffitid0000027|mdifffitid0000043|mdifffitid0000044|mdifffitid0000045|mdifffitid0000048|mimgtblid0000017|mimgtblid0000036|mimgtblid0000055|mprojectid0000001|mprojectid0000004|mprojectid0000020|mprojectid0000021|mprojectid0000022|mviewerid0000019|mviewerid0000038|mviewerid0000058,0.200000,93.068000,0.203026,1.059152,119.559000,0.000000,0.000000,true,30.817000,28,297.986000,"{""h4d-standard-192-1"":58}","{""h4d-standard-192-1"":0.019647,""h4d-standard-192-2"":0,""h4d-standard-192-3"":0,""h4d-standard-192-4"":0}","[{""rank"":1,""recommended"":true,""feasible"":true,""budget_used"":0.203026,""budget_violation"":0,""makespan"":93.068,""deadline_violation"":0,""machine_signature"":""d801142e28c32a3f"",""weighted_score"":0.932396,""diversity_score"":0},{""rank"":2,""recommended"":false,""feasible"":true,""budget_used"":0.894442,""budget_violation"":0,""makespan"":99.816,""deadline_violation"":0,""machine_signature"":""c4fff26f22d909f4"",""weighted_score"":1,""diversity_score"":3.672414}]"
heft_colocation,cluster_hetero,12,mbackgroundid0000013|mbackgroundid0000014|mbackgroundid0000032|mbackgroundid0000033|mbgmodelid0000050|mconcatfitid0000011|mdifffitid0000005|mdifffitid0000006|mdifffitid0000007|mdifffitid0000008|mdifffitid0000009|mdifffitid0000010|mdifffitid0000026|mdifffitid0000027|mdifffitid0000043|mdifffitid0000044|mdifffitid0000045|mdifffitid0000048|mimgtblid0000017|mimgtblid0000036|mimgtblid0000055|mprojectid0000001|mprojectid0000004|mprojectid0000020|mprojectid0000021|mprojectid0000022|mviewerid0000019|mviewerid0000038|mviewerid0000058,0.200000,287.957000,0.000000,0.000000,353.759520,0.000000,0.000000,true,45.025000,18,0.869000,"{""bora005"":34,""bora006"":23,""diablo01"":1}","{""bora005"":0.090898,""bora006"":0.079653,""diablo01"":0.003449,""diablo02"":0}",[]
prism_cc_cost,cluster_hetero,12,mbackgroundid0000013|mbackgroundid0000014|mbackgroundid0000032|mbackgroundid0000033|mbgmodelid0000050|mconcatfitid0000011|mdifffitid0000005|mdifffitid0000006|mdifffitid0000007|mdifffitid0000008|mdifffitid0000009|mdifffitid0000010|mdifffitid0000026|mdifffitid0000027|mdifffitid0000043|mdifffitid0000044|mdifffitid0000045|mdifffitid0000048|mimgtblid0000017|mimgtblid0000036|mimgtblid0000055|mprojectid0000001|mprojectid0000004|mprojectid0000020|mprojectid0000021|mprojectid0000022|mviewerid0000019|mviewerid0000038|mviewerid0000058,0.200000,287.957000,0.000000,0.000000,353.759520,0.000000,0.000000,true,45.025000,18,164.573000,"{""bora005"":34,""bora006"":23,""diablo01"":1}","{""bora005"":0.090898,""bora006"":0.079653,""diablo01"":0.003449,""diablo02"":0}","[{""rank"":1,""recommended"":true,""feasible"":true,""budget_used"":0,""budget_violation"":0,""makespan"":287.957,""deadline_violation"":0,""machine_signature"":""f3bcf4e5b3283d68"",""weighted_score"":0,""diversity_score"":3.482759},{""rank"":2,""recommended"":false,""feasible"":true,""budget_used"":0,""budget_violation"":0,""makespan"":287.957,""deadline_violation"":0,""machine_signature"":""1f50f2aab3d250a7"",""weighted_score"":0,""diversity_score"":2.413793},{""rank"":3,""recommended"":false,""feasible"":true,""budget_used"":0,""budget_violation"":0,""makespan"":291.711,""deadline_violation"":0,""machine_signature"":""2398649cf4ed107b"",""weighted_score"":0,""diversity_score"":3.482759}]"
prism_cc_time,cluster_hetero,12,mbackgroundid0000013|mbackgroundid0000014|mbackgroundid0000032|mbackgroundid0000033|mbgmodelid0000050|mconcatfitid0000011|mdifffitid0000005|mdifffitid0000006|mdifffitid0000007|mdifffitid0000008|mdifffitid0000009|mdifffitid0000010|mdifffitid0000026|mdifffitid0000027|mdifffitid0000043|mdifffitid0000044|mdifffitid0000045|mdifffitid0000048|mimgtblid0000017|mimgtblid0000036|mimgtblid0000055|mprojectid0000001|mprojectid0000004|mprojectid0000020|mprojectid0000021|mprojectid0000022|mviewerid0000019|mviewerid0000038|mviewerid0000058,0.200000,287.957000,0.000000,0.000000,353.759520,0.000000,0.000000,true,45.025000,18,164.573000,"{""bora005"":34,""bora006"":23,""diablo01"":1}","{""bora005"":0.090898,""bora006"":0.079653,""diablo01"":0.003449,""diablo02"":0}","[{""rank"":1,""recommended"":true,""feasible"":true,""budget_used"":0,""budget_violation"":0,""makespan"":287.957,""deadline_violation"":0,""machine_signature"":""f3bcf4e5b3283d68"",""weighted_score"":0.987131,""diversity_score"":3.482759},{""rank"":2,""recommended"":false,""feasible"":true,""budget_used"":0,""budget_violation"":0,""makespan"":287.957,""deadline_violation"":0,""machine_signature"":""1f50f2aab3d250a7"",""weighted_score"":0.987131,""diversity_score"":2.413793},{""rank"":3,""recommended"":false,""feasible"":true,""budget_used"":0,""budget_violation"":0,""makespan"":291.711,""deadline_violation"":0,""machine_signature"":""2398649cf4ed107b"",""weighted_score"":1,""diversity_score"":3.482759}]"
heft_colocation,cluster_homo,12,mbackgroundid0000013|mbackgroundid0000014|mbackgroundid0000032|mbackgroundid0000033|mbgmodelid0000050|mconcatfitid0000011|mdifffitid0000005|mdifffitid0000006|mdifffitid0000007|mdifffitid0000008|mdifffitid0000009|mdifffitid0000010|mdifffitid0000026|mdifffitid0000027|mdifffitid0000043|mdifffitid0000044|mdifffitid0000045|mdifffitid0000048|mimgtblid0000017|mimgtblid0000036|mimgtblid0000055|mprojectid0000001|mprojectid0000004|mprojectid0000020|mprojectid0000021|mprojectid0000022|mviewerid0000019|mviewerid0000038|mviewerid0000058,0.200000,287.957000,0.000000,0.000000,345.548400,0.000000,0.000000,true,13.601000,9,0.771000,"{""bora001"":16,""bora002"":16,""bora003"":8,""bora004"":18}","{""bora001"":0.032507,""bora002"":0.038953,""bora003"":0.039204,""bora004"":0.061768}",[]
prism_cc_cost,cluster_homo,12,mbackgroundid0000013|mbackgroundid0000014|mbackgroundid0000032|mbackgroundid0000033|mbgmodelid0000050|mconcatfitid0000011|mdifffitid0000005|mdifffitid0000006|mdifffitid0000007|mdifffitid0000008|mdifffitid0000009|mdifffitid0000010|mdifffitid0000026|mdifffitid0000027|mdifffitid0000043|mdifffitid0000044|mdifffitid0000045|mdifffitid0000048|mimgtblid0000017|mimgtblid0000036|mimgtblid0000055|mprojectid0000001|mprojectid0000004|mprojectid0000020|mprojectid0000021|mprojectid0000022|mviewerid0000019|mviewerid0000038|mviewerid0000058,0.200000,287.957000,0.000000,0.000000,345.548400,0.000000,0.000000,true,13.601000,9,145.447000,"{""bora001"":16,""bora002"":16,""bora003"":8,""bora004"":18}","{""bora001"":0.032507,""bora002"":0.038953,""bora003"":0.039204,""bora004"":0.061768}","[{""rank"":1,""recommended"":true,""feasible"":true,""budget_used"":0,""budget_violation"":0,""makespan"":287.957,""deadline_violation"":0,""machine_signature"":""2e4822fcc8af67b8"",""weighted_score"":0,""diversity_score"":3.689655},{""rank"":2,""recommended"":false,""feasible"":true,""budget_used"":0,""budget_violation"":0,""makespan"":287.957,""deadline_violation"":0,""machine_signature"":""193e7aa456aaa723"",""weighted_score"":0,""diversity_score"":3.689655},{""rank"":3,""recommended"":false,""feasible"":true,""budget_used"":0,""budget_violation"":0,""makespan"":291.466,""deadline_violation"":0,""machine_signature"":""51e28b49599eb114"",""weighted_score"":0,""diversity_score"":3.672414}]"
prism_cc_time,cluster_homo,12,mbackgroundid0000013|mbackgroundid0000014|mbackgroundid0000032|mbackgroundid0000033|mbgmodelid0000050|mconcatfitid0000011|mdifffitid0000005|mdifffitid0000006|mdifffitid0000007|mdifffitid0000008|mdifffitid0000009|mdifffitid0000010|mdifffitid0000026|mdifffitid0000027|mdifffitid0000043|mdifffitid0000044|mdifffitid0000045|mdifffitid0000048|mimgtblid0000017|mimgtblid0000036|mimgtblid0000055|mprojectid0000001|mprojectid0000004|mprojectid0000020|mprojectid0000021|mprojectid0000022|mviewerid0000019|mviewerid0000038|mviewerid0000058,0.200000,287.957000,0.000000,0.000000,345.548400,0.000000,0.000000,true,13.601000,9,145.447000,"{""bora001"":16,""bora002"":16,""bora003"":8,""bora004"":18}","{""bora001"":0.032507,""bora002"":0.038953,""bora003"":0.039204,""bora004"":0.061768}","[{""rank"":1,""recommended"":true,""feasible"":true,""budget_used"":0,""budget_violation"":0,""makespan"":287.957,""deadline_violation"":0,""machine_signature"":""2e4822fcc8af67b8"",""weighted_score"":0.987961,""diversity_score"":3.689655},{""rank"":2,""recommended"":false,""feasible"":true,""budget_used"":0,""budget_violation"":0,""makespan"":287.957,""deadline_violation"":0,""machine_signature"":""193e7aa456aaa723"",""weighted_score"":0.987961,""diversity_score"":3.689655},{""rank"":3,""recommended"":false,""feasible"":true,""budget_used"":0,""budget_violation"":0,""makespan"":291.466,""deadline_violation"":0,""machine_signature"":""51e28b49599eb114"",""weighted_score"":1,""diversity_score"":3.672414}]"
heft_colocation,hybrid_hetero,12,mbackgroundid0000013|mbackgroundid0000014|mbackgroundid0000032|mbackgroundid0000033|mbgmodelid0000050|mconcatfitid0000011|mdifffitid0000005|mdifffitid0000006|mdifffitid0000007|mdifffitid0000008|mdifffitid0000009|mdifffitid0000010|mdifffitid0000026|mdifffitid0000027|mdifffitid0000043|mdifffitid0000044|mdifffitid0000045|mdifffitid0000048|mimgtblid0000017|mimgtblid0000036|mimgtblid0000055|mprojectid0000001|mprojectid0000004|mprojectid0000020|mprojectid0000021|mprojectid0000022|mviewerid0000019|mviewerid0000038|mviewerid0000058,0.200000,93.130000,0.203167,0.348827,119.109960,0.000000,0.000000,true,31.159000,32,1.926000,"{""h4d-standard-192-7"":58}","{""bora011"":0,""diablo03"":0,""h3-standard-88-2"":0,""h4d-standard-192-7"":0.019653}",[]
prism_cc_cost,hybrid_hetero,12,mbackgroundid0000013|mbackgroundid0000014|mbackgroundid0000032|mbackgroundid0000033|mbgmodelid0000050|mconcatfitid0000011|mdifffitid0000005|mdifffitid0000006|mdifffitid0000007|mdifffitid0000008|mdifffitid0000009|mdifffitid0000010|mdifffitid0000026|mdifffitid0000027|mdifffitid0000043|mdifffitid0000044|mdifffitid0000045|mdifffitid0000048|mimgtblid0000017|mimgtblid0000036|mimgtblid0000055|mprojectid0000001|mprojectid0000004|mprojectid0000020|mprojectid0000021|mprojectid0000022|mviewerid0000019|mviewerid0000038|mviewerid0000058,0.200000,112.235000,0.165985,0.348827,119.109960,0.000000,0.000000,true,31.066000,29,283.499000,"{""bora011"":12,""diablo03"":3,""h4d-standard-192-7"":43}","{""bora011"":0.003365,""diablo03"":0.001029,""h3-standard-88-2"":0,""h4d-standard-192-7"":0.016133}","[{""rank"":1,""recommended"":true,""feasible"":true,""budget_used"":0.165985,""budget_violation"":0,""makespan"":112.235,""deadline_violation"":0,""machine_signature"":""832040f213bce00e"",""weighted_score"":0.165985,""diversity_score"":2.258621},{""rank"":2,""recommended"":false,""feasible"":true,""budget_used"":0.203167,""budget_violation"":0,""makespan"":93.13,""deadline_violation"":0,""machine_signature"":""e5ba153f3587abbc"",""weighted_score"":0.203167,""diversity_score"":0}]"
prism_cc_time,hybrid_hetero,12,mbackgroundid0000013|mbackgroundid0000014|mbackgroundid0000032|mbackgroundid0000033|mbgmodelid0000050|mconcatfitid0000011|mdifffitid0000005|mdifffitid0000006|mdifffitid0000007|mdifffitid0000008|mdifffitid0000009|mdifffitid0000010|mdifffitid0000026|mdifffitid0000027|mdifffitid0000043|mdifffitid0000044|mdifffitid0000045|mdifffitid0000048|mimgtblid0000017|mimgtblid0000036|mimgtblid0000055|mprojectid0000001|mprojectid0000004|mprojectid0000020|mprojectid0000021|mprojectid0000022|mviewerid0000019|mviewerid0000038|mviewerid0000058,0.200000,93.130000,0.203167,0.348827,119.109960,0.000000,0.000000,true,31.159000,32,283.499000,"{""h4d-standard-192-7"":58}","{""bora011"":0,""diablo03"":0,""h3-standard-88-2"":0,""h4d-standard-192-7"":0.019653}","[{""rank"":1,""recommended"":true,""feasible"":true,""budget_used"":0.203167,""budget_violation"":0,""makespan"":93.13,""deadline_violation"":0,""machine_signature"":""e5ba153f3587abbc"",""weighted_score"":0.829777,""diversity_score"":0},{""rank"":2,""recommended"":false,""feasible"":true,""budget_used"":0.165985,""budget_violation"":0,""makespan"":112.235,""deadline_violation"":0,""machine_signature"":""832040f213bce00e"",""weighted_score"":1,""diversity_score"":2.258621}]"
heft_colocation,hybrid_homo,12,mbackgroundid0000013|mbackgroundid0000014|mbackgroundid0000032|mbackgroundid0000033|mbgmodelid0000050|mconcatfitid0000011|mdifffitid0000005|mdifffitid0000006|mdifffitid0000007|mdifffitid0000008|mdifffitid0000009|mdifffitid0000010|mdifffitid0000026|mdifffitid0000027|mdifffitid0000043|mdifffitid0000044|mdifffitid0000045|mdifffitid0000048|mimgtblid0000017|mimgtblid0000036|mimgtblid0000055|mprojectid0000001|mprojectid0000004|mprojectid0000020|mprojectid0000021|mprojectid0000022|mviewerid0000019|mviewerid0000038|mviewerid0000058,0.200000,95.290000,0.472467,0.607531,118.113160,0.000000,0.000000,true,11.041000,10,1.602000,"{""h4d-standard-192-5"":25,""h4d-standard-192-6"":33}","{""bora009"":0,""bora010"":0,""h4d-standard-192-5"":0.008354,""h4d-standard-192-6"":0.009754}",[]
prism_cc_cost,hybrid_homo,12,mbackgroundid0000013|mbackgroundid0000014|mbackgroundid0000032|mbackgroundid0000033|mbgmodelid0000050|mconcatfitid0000011|mdifffitid0000005|mdifffitid0000006|mdifffitid0000007|mdifffitid0000008|mdifffitid0000009|mdifffitid0000010|mdifffitid0000026|mdifffitid0000027|mdifffitid0000043|mdifffitid0000044|mdifffitid0000045|mdifffitid0000048|mimgtblid0000017|mimgtblid0000036|mimgtblid0000055|mprojectid0000001|mprojectid0000004|mprojectid0000020|mprojectid0000021|mprojectid0000022|mviewerid0000019|mviewerid0000038|mviewerid0000058,0.200000,117.203000,0.356441,0.607531,118.113160,0.000000,0.000000,true,15.422000,10,324.989000,"{""bora009"":1,""bora010"":5,""h4d-standard-192-5"":51,""h4d-standard-192-6"":1}","{""bora009"":0.000802,""bora010"":0.002473,""h4d-standard-192-5"":0.01292,""h4d-standard-192-6"":0.001886}","[{""rank"":1,""recommended"":true,""feasible"":true,""budget_used"":0.356441,""budget_violation"":0,""makespan"":117.203,""deadline_violation"":0,""machine_signature"":""7c3314a5639940c5"",""weighted_score"":0.356441,""diversity_score"":3.12069},{""rank"":2,""recommended"":false,""feasible"":true,""budget_used"":0.367824,""budget_violation"":0,""makespan"":105.697,""deadline_violation"":0,""machine_signature"":""2c5d4d7445d7258c"",""weighted_score"":0.367824,""diversity_score"":3.086207},{""rank"":3,""recommended"":false,""feasible"":true,""budget_used"":0.44904,""budget_violation"":0,""makespan"":95.349,""deadline_violation"":0,""machine_signature"":""51ed990056eb3ffa"",""weighted_score"":0.44904,""diversity_score"":2.431034},{""rank"":4,""recommended"":false,""feasible"":true,""budget_used"":0.472467,""budget_violation"":0,""makespan"":95.29,""deadline_violation"":0,""machine_signature"":""bfa405b86da6fc53"",""weighted_score"":0.472467,""diversity_score"":1.431034}]"
prism_cc_time,hybrid_homo,12,mbackgroundid0000013|mbackgroundid0000014|mbackgroundid0000032|mbackgroundid0000033|mbgmodelid0000050|mconcatfitid0000011|mdifffitid0000005|mdifffitid0000006|mdifffitid0000007|mdifffitid0000008|mdifffitid0000009|mdifffitid0000010|mdifffitid0000026|mdifffitid0000027|mdifffitid0000043|mdifffitid0000044|mdifffitid0000045|mdifffitid0000048|mimgtblid0000017|mimgtblid0000036|mimgtblid0000055|mprojectid0000001|mprojectid0000004|mprojectid0000020|mprojectid0000021|mprojectid0000022|mviewerid0000019|mviewerid0000038|mviewerid0000058,0.200000,95.290000,0.472467,0.607531,118.113160,0.000000,0.000000,true,11.041000,10,324.989000,"{""h4d-standard-192-5"":25,""h4d-standard-192-6"":33}","{""bora009"":0,""bora010"":0,""h4d-standard-192-5"":0.008354,""h4d-standard-192-6"":0.009754}","[{""rank"":1,""recommended"":true,""feasible"":true,""budget_used"":0.472467,""budget_violation"":0,""makespan"":95.29,""deadline_violation"":0,""machine_signature"":""bfa405b86da6fc53"",""weighted_score"":0.813034,""diversity_score"":1.431034},{""rank"":2,""recommended"":false,""feasible"":true,""budget_used"":0.44904,""budget_violation"":0,""makespan"":95.349,""deadline_violation"":0,""machine_signature"":""51ed990056eb3ffa"",""weighted_score"":0.813537,""diversity_score"":2.431034},{""rank"":3,""recommended"":false,""feasible"":true,""budget_used"":0.367824,""budget_violation"":0,""makespan"":105.697,""deadline_violation"":0,""machine_signature"":""2c5d4d7445d7258c"",""weighted_score"":0.901828,""diversity_score"":3.086207},{""rank"":4,""recommended"":false,""feasible"":true,""budget_used"":0.356441,""budget_violation"":0,""makespan"":117.203,""deadline_violation"":0,""machine_signature"":""7c3314a5639940c5"",""weighted_score"":1,""diversity_score"":3.12069}]"
heft_colocation,hybrid_raspberry_500mbps,12,mbackgroundid0000013|mbackgroundid0000014|mbackgroundid0000032|mbackgroundid0000033|mbgmodelid0000050|mconcatfitid0000011|mdifffitid0000005|mdifffitid0000006|mdifffitid0000007|mdifffitid0000008|mdifffitid0000009|mdifffitid0000010|mdifffitid0000026|mdifffitid0000027|mdifffitid0000043|mdifffitid0000044|mdifffitid0000045|mdifffitid0000048|mimgtblid0000017|mimgtblid0000036|mimgtblid0000055|mprojectid0000001|mprojectid0000004|mprojectid0000020|mprojectid0000021|mprojectid0000022|mviewerid0000019|mviewerid0000038|mviewerid0000058,0.200000,135.525000,0.389566,0.533583,179.300320,0.000000,0.000000,true,31.890000,29,3.228000,"{""cloud-node-02"":54,""hpc-node-02"":4}","{""cloud-node-01"":0,""cloud-node-02"":0.068431,""hpc-node-01"":0,""hpc-node-02"":0.024872,""rpi-edge-01"":0,""rpi-edge-02"":0,""rpi-edge-03"":0,""rpi-edge-04"":0,""rpi-edge-05"":0,""rpi-edge-06"":0,""rpi-edge-07"":0,""rpi-edge-08"":0,""rpi-edge-09"":0,""rpi-edge-10"":0}",[]
prism_cc_cost,hybrid_raspberry_500mbps,12,mbackgroundid0000013|mbackgroundid0000014|mbackgroundid0000032|mbackgroundid0000033|mbgmodelid0000050|mconcatfitid0000011|mdifffitid0000005|mdifffitid0000006|mdifffitid0000007|mdifffitid0000008|mdifffitid0000009|mdifffitid0000010|mdifffitid0000026|mdifffitid0000027|mdifffitid0000043|mdifffitid0000044|mdifffitid0000045|mdifffitid0000048|mimgtblid0000017|mimgtblid0000036|mimgtblid0000055|mprojectid0000001|mprojectid0000004|mprojectid0000020|mprojectid0000021|mprojectid0000022|mviewerid0000019|mviewerid0000038|mviewerid0000058,0.200000,171.894000,0.226503,0.533583,179.300320,0.000000,0.000000,true,53.652000,25,583.787000,"{""cloud-node-02"":2,""hpc-node-02"":56}","{""cloud-node-01"":0,""cloud-node-02"":0.007704,""hpc-node-01"":0,""hpc-node-02"":0.174613,""rpi-edge-01"":0,""rpi-edge-02"":0,""rpi-edge-03"":0,""rpi-edge-04"":0,""rpi-edge-05"":0,""rpi-edge-06"":0,""rpi-edge-07"":0,""rpi-edge-08"":0,""rpi-edge-09"":0,""rpi-edge-10"":0}","[{""rank"":1,""recommended"":true,""feasible"":true,""budget_used"":0.226503,""budget_violation"":0,""makespan"":171.894,""deadline_violation"":0,""machine_signature"":""5fbd0c018f5c89dd"",""weighted_score"":0.226503,""diversity_score"":1.034483},{""rank"":2,""recommended"":false,""feasible"":true,""budget_used"":0.389566,""budget_violation"":0,""makespan"":135.525,""deadline_violation"":0,""machine_signature"":""b8b057f4dd7464f4"",""weighted_score"":0.389566,""diversity_score"":1.068966}]"
prism_cc_time,hybrid_raspberry_500mbps,12,mbackgroundid0000013|mbackgroundid0000014|mbackgroundid0000032|mbackgroundid0000033|mbgmodelid0000050|mconcatfitid0000011|mdifffitid0000005|mdifffitid0000006|mdifffitid0000007|mdifffitid0000008|mdifffitid0000009|mdifffitid0000010|mdifffitid0000026|mdifffitid0000027|mdifffitid0000043|mdifffitid0000044|mdifffitid0000045|mdifffitid0000048|mimgtblid0000017|mimgtblid0000036|mimgtblid0000055|mprojectid0000001|mprojectid0000004|mprojectid0000020|mprojectid0000021|mprojectid0000022|mviewerid0000019|mviewerid0000038|mviewerid0000058,0.200000,135.525000,0.389566,0.533583,179.300320,0.000000,0.000000,true,31.890000,29,583.787000,"{""cloud-node-02"":54,""hpc-node-02"":4}","{""cloud-node-01"":0,""cloud-node-02"":0.068431,""hpc-node-01"":0,""hpc-node-02"":0.024872,""rpi-edge-01"":0,""rpi-edge-02"":0,""rpi-edge-03"":0,""rpi-edge-04"":0,""rpi-edge-05"":0,""rpi-edge-06"":0,""rpi-edge-07"":0,""rpi-edge-08"":0,""rpi-edge-09"":0,""rpi-edge-10"":0}","[{""rank"":1,""recommended"":true,""feasible"":true,""budget_used"":0.389566,""budget_violation"":0,""makespan"":135.525,""deadline_violation"":0,""machine_signature"":""b8b057f4dd7464f4"",""weighted_score"":0.788422,""diversity_score"":1.068966},{""rank"":2,""recommended"":false,""feasible"":true,""budget_used"":0.226503,""budget_violation"":0,""makespan"":171.894,""deadline_violation"":0,""machine_signature"":""5fbd0c018f5c89dd"",""weighted_score"":1,""diversity_score"":1.034483}]"
heft_colocation,cloud_hetero,13,maddid0000037|mbackgroundid0000013|mbackgroundid0000016|mbackgroundid0000034|mbackgroundid0000052|mbgmodelid0000012|mbgmodelid0000031|mconcatfitid0000030|mdifffitid0000005|mdifffitid0000006|mdifffitid0000007|mdifffitid0000008|mdifffitid0000009|mdifffitid0000010|mdifffitid0000025|mdifffitid0000026|mdifffitid0000027|mdifffitid0000028|mdifffitid0000029|mdifffitid0000043|mdifffitid0000044|mdifffitid0000045|mimgtblid0000017|mprojectid0000002|mprojectid0000004|mprojectid0000039|mprojectid0000040|mprojectid0000041|mviewerid0000057,0.200000,95.151000,0.509400,0.641828,118.113160,0.000000,0.000000,true,12.996000,15,2.213000,"{""h4d-highmem-192-1"":43,""h4d-standard-192-1"":15}","{""h3-standard-88-1"":0,""h3-standard-88-2"":0,""h4d-highmem-192-1"":0.010844,""h4d-standard-192-1"":0.007398}",[]
prism_cc_cost,cloud_hetero,13,maddid0000037|mbackgroundid0000013|mbackgroundid0000016|mbackgroundid0000034|mbackgroundid0000052|mbgmodelid0000012|mbgmodelid0000031|mconcatfitid0000030|mdifffitid0000005|mdifffitid0000006|mdifffitid0000007|mdifffitid0000008|mdifffitid0000009|mdifffitid0000010|mdifffitid0000025|mdifffitid0000026|mdifffitid0000027|mdifffitid0000028|mdifffitid0000029|mdifffitid0000043|mdifffitid0000044|mdifffitid0000045|mimgtblid0000017|mprojectid0000002|mprojectid0000004|mprojectid0000039|mprojectid0000040|mprojectid0000041|mviewerid0000057,0.200000,98.895000,0.215750,0.641828,118.113160,0.000000,0.000000,true,39.944000,54,255.003000,"{""h4d-standard-192-1"":58}","{""h3-standard-88-1"":0,""h3-standard-88-2"":0,""h4d-highmem-192-1"":0,""h4d-standard-192-1"":0.01897}","[{""rank"":1,""recommended"":true,""feasible"":true,""budget_used"":0.21575,""budget_violation"":0,""makespan"":98.895,""deadline_violation"":0,""machine_signature"":""5993601d6a2202e7"",""weighted_score"":0.21575,""diversity_score"":0},{""rank"":2,""recommended"":false,""feasible"":true,""budget_used"":0.5094,""budget_violation"":0,""makespan"":95.151,""deadline_violation"":0,""machine_signature"":""21aee48d2fe4c8e3"",""weighted_score"":0.5094,""diversity_score"":1.258621}]"
prism_cc_time,cloud_hetero,13,maddid0000037|mbackgroundid0000013|mbackgroundid0000016|mbackgroundid0000034|mbackgroundid0000052|mbgmodelid0000012|mbgmodelid0000031|mconcatfitid0000030|mdifffitid0000005|mdifffitid0000006|mdifffitid0000007|mdifffitid0000008|mdifffitid0000009|mdifffitid0000010|mdifffitid0000025|mdifffitid0000026|mdifffitid0000027|mdifffitid0000028|mdifffitid0000029|mdifffitid0000043|mdifffitid0000044|mdifffitid0000045|mimgtblid0000017|mprojectid0000002|mprojectid0000004|mprojectid0000039|mprojectid0000040|mprojectid0000041|mviewerid0000057,0.200000,95.151000,0.509400,0.641828,118.113160,0.000000,0.000000,true,12.996000,15,255.003000,"{""h4d-highmem-192-1"":43,""h4d-standard-192-1"":15}","{""h3-standard-88-1"":0,""h3-standard-88-2"":0,""h4d-highmem-192-1"":0.010844,""h4d-standard-192-1"":0.007398}","[{""rank"":1,""recommended"":true,""feasible"":true,""budget_used"":0.5094,""budget_violation"":0,""makespan"":95.151,""deadline_violation"":0,""machine_signature"":""21aee48d2fe4c8e3"",""weighted_score"":0.962142,""diversity_score"":1.258621},{""rank"":2,""recommended"":false,""feasible"":true,""budget_used"":0.21575,""budget_violation"":0,""makespan"":98.895,""deadline_violation"":0,""machine_signature"":""5993601d6a2202e7"",""weighted_score"":1,""diversity_score"":0}]"
heft_colocation,cloud_homo,13,maddid0000037|mbackgroundid0000013|mbackgroundid0000016|mbackgroundid0000034|mbackgroundid0000052|mbgmodelid0000012|mbgmodelid0000031|mconcatfitid0000030|mdifffitid0000005|mdifffitid0000006|mdifffitid0000007|mdifffitid0000008|mdifffitid0000009|mdifffitid0000010|mdifffitid0000025|mdifffitid0000026|mdifffitid0000027|mdifffitid0000028|mdifffitid0000029|mdifffitid0000043|mdifffitid0000044|mdifffitid0000045|mimgtblid0000017|mprojectid0000002|mprojectid0000004|mprojectid0000039|mprojectid0000040|mprojectid0000041|mviewerid0000057,0.200000,99.816000,0.871436,1.059152,119.559000,0.000000,0.000000,true,2.459000,6,4.905000,"{""h4d-standard-192-1"":20,""h4d-standard-192-2"":17,""h4d-standard-192-3"":5,""h4d-standard-192-4"":16}","{""h4d-standard-192-1"":0.005023,""h4d-standard-192-2"":0.004924,""h4d-standard-192-3"":0.002588,""h4d-standard-192-4"":0.004304}",[]
prism_cc_cost,cloud_homo,13,maddid0000037|mbackgroundid0000013|mbackgroundid0000016|mbackgroundid0000034|mbackgroundid0000052|mbgmodelid0000012|mbgmodelid0000031|mconcatfitid0000030|mdifffitid0000005|mdifffitid0000006|mdifffitid0000007|mdifffitid0000008|mdifffitid0000009|mdifffitid0000010|mdifffitid0000025|mdifffitid0000026|mdifffitid0000027|mdifffitid0000028|mdifffitid0000029|mdifffitid0000043|mdifffitid0000044|mdifffitid0000045|mimgtblid0000017|mprojectid0000002|mprojectid0000004|mprojectid0000039|mprojectid0000040|mprojectid0000041|mviewerid0000057,0.200000,97.365000,0.212412,1.059152,119.559000,0.000000,0.000000,true,39.573000,55,320.682000,"{""h4d-standard-192-1"":58}","{""h4d-standard-192-1"":0.019249,""h4d-standard-192-2"":0,""h4d-standard-192-3"":0,""h4d-standard-192-4"":0}","[{""rank"":1,""recommended"":true,""feasible"":true,""budget_used"":0.212412,""budget_violation"":0,""makespan"":97.365,""deadline_violation"":0,""machine_signature"":""c5a9c6aa94e17628"",""weighted_score"":0.212412,""diversity_score"":0},{""rank"":2,""recommended"":false,""feasible"":true,""budget_used"":0.871436,""budget_violation"":0,""makespan"":99.816,""deadline_violation"":0,""machine_signature"":""ff484304b3addc68"",""weighted_score"":0.871436,""diversity_score"":3.655172}]"
prism_cc_time,cloud_homo,13,maddid0000037|mbackgroundid0000013|mbackgroundid0000016|mbackgroundid0000034|mbackgroundid0000052|mbgmodelid0000012|mbgmodelid0000031|mconcatfitid0000030|mdifffitid0000005|mdifffitid0000006|mdifffitid0000007|mdifffitid0000008|mdifffitid0000009|mdifffitid0000010|mdifffitid0000025|mdifffitid0000026|mdifffitid0000027|mdifffitid0000028|mdifffitid0000029|mdifffitid0000043|mdifffitid0000044|mdifffitid0000045|mimgtblid0000017|mprojectid0000002|mprojectid0000004|mprojectid0000039|mprojectid0000040|mprojectid0000041|mviewerid0000057,0.200000,97.365000,0.212412,1.059152,119.559000,0.000000,0.000000,true,39.573000,55,320.682000,"{""h4d-standard-192-1"":58}","{""h4d-standard-192-1"":0.019249,""h4d-standard-192-2"":0,""h4d-standard-192-3"":0,""h4d-standard-192-4"":0}","[{""rank"":1,""recommended"":true,""feasible"":true,""budget_used"":0.212412,""budget_violation"":0,""makespan"":97.365,""deadline_violation"":0,""machine_signature"":""c5a9c6aa94e17628"",""weighted_score"":0.975445,""diversity_score"":0},{""rank"":2,""recommended"":false,""feasible"":true,""budget_used"":0.871436,""budget_violation"":0,""makespan"":99.816,""deadline_violation"":0,""machine_signature"":""ff484304b3addc68"",""weighted_score"":1,""diversity_score"":3.655172}]"
heft_colocation,cluster_hetero,13,maddid0000037|mbackgroundid0000013|mbackgroundid0000016|mbackgroundid0000034|mbackgroundid0000052|mbgmodelid0000012|mbgmodelid0000031|mconcatfitid0000030|mdifffitid0000005|mdifffitid0000006|mdifffitid0000007|mdifffitid0000008|mdifffitid0000009|mdifffitid0000010|mdifffitid0000025|mdifffitid0000026|mdifffitid0000027|mdifffitid0000028|mdifffitid0000029|mdifffitid0000043|mdifffitid0000044|mdifffitid0000045|mimgtblid0000017|mprojectid0000002|mprojectid0000004|mprojectid0000039|mprojectid0000040|mprojectid0000041|mviewerid0000057,0.200000,287.957000,0.000000,0.000000,353.759520,0.000000,0.000000,true,52.782000,23,0.853000,"{""bora005"":37,""bora006"":20,""diablo01"":1}","{""bora005"":0.102854,""bora006"":0.067724,""diablo01"":0.003955,""diablo02"":0}",[]
prism_cc_cost,cluster_hetero,13,maddid0000037|mbackgroundid0000013|mbackgroundid0000016|mbackgroundid0000034|mbackgroundid0000052|mbgmodelid0000012|mbgmodelid0000031|mconcatfitid0000030|mdifffitid0000005|mdifffitid0000006|mdifffitid0000007|mdifffitid0000008|mdifffitid0000009|mdifffitid0000010|mdifffitid0000025|mdifffitid0000026|mdifffitid0000027|mdifffitid0000028|mdifffitid0000029|mdifffitid0000043|mdifffitid0000044|mdifffitid0000045|mimgtblid0000017|mprojectid0000002|mprojectid0000004|mprojectid0000039|mprojectid0000040|mprojectid0000041|mviewerid0000057,0.200000,287.957000,0.000000,0.000000,353.759520,0.000000,0.000000,true,52.782000,23,160.702000,"{""bora005"":37,""bora006"":20,""diablo01"":1}","{""bora005"":0.102854,""bora006"":0.067724,""diablo01"":0.003955,""diablo02"":0}","[{""rank"":1,""recommended"":true,""feasible"":true,""budget_used"":0,""budget_violation"":0,""makespan"":287.957,""deadline_violation"":0,""machine_signature"":""8367e8eb90740bb1"",""weighted_score"":0,""diversity_score"":3.431034},{""rank"":2,""recommended"":false,""feasible"":true,""budget_used"":0,""budget_violation"":0,""makespan"":287.957,""deadline_violation"":0,""machine_signature"":""6551d5868b84aba8"",""weighted_score"":0,""diversity_score"":2.362069}]"
prism_cc_time,cluster_hetero,13,maddid0000037|mbackgroundid0000013|mbackgroundid0000016|mbackgroundid0000034|mbackgroundid0000052|mbgmodelid0000012|mbgmodelid0000031|mconcatfitid0000030|mdifffitid0000005|mdifffitid0000006|mdifffitid0000007|mdifffitid0000008|mdifffitid0000009|mdifffitid0000010|mdifffitid0000025|mdifffitid0000026|mdifffitid0000027|mdifffitid0000028|mdifffitid0000029|mdifffitid0000043|mdifffitid0000044|mdifffitid0000045|mimgtblid0000017|mprojectid0000002|mprojectid0000004|mprojectid0000039|mprojectid0000040|mprojectid0000041|mviewerid0000057,0.200000,287.957000,0.000000,0.000000,353.759520,0.000000,0.000000,true,52.782000,23,160.702000,"{""bora005"":37,""bora006"":20,""diablo01"":1}","{""bora005"":0.102854,""bora006"":0.067724,""diablo01"":0.003955,""diablo02"":0}","[{""rank"":1,""recommended"":true,""feasible"":true,""budget_used"":0,""budget_violation"":0,""makespan"":287.957,""deadline_violation"":0,""machine_signature"":""8367e8eb90740bb1"",""weighted_score"":1,""diversity_score"":3.431034},{""rank"":2,""recommended"":false,""feasible"":true,""budget_used"":0,""budget_violation"":0,""makespan"":287.957,""deadline_violation"":0,""machine_signature"":""6551d5868b84aba8"",""weighted_score"":1,""diversity_score"":2.362069}]"
heft_colocation,cluster_homo,13,maddid0000037|mbackgroundid0000013|mbackgroundid0000016|mbackgroundid0000034|mbackgroundid0000052|mbgmodelid0000012|mbgmodelid0000031|mconcatfitid0000030|mdifffitid0000005|mdifffitid0000006|mdifffitid0000007|mdifffitid0000008|mdifffitid0000009|mdifffitid0000010|mdifffitid0000025|mdifffitid0000026|mdifffitid0000027|mdifffitid0000028|mdifffitid0000029|mdifffitid0000043|mdifffitid0000044|mdifffitid0000045|mimgtblid0000017|mprojectid0000002|mprojectid0000004|mprojectid0000039|mprojectid0000040|mprojectid0000041|mviewerid0000057,0.200000,287.957000,0.000000,0.000000,345.548400,0.000000,0.000000,true,15.464000,11,0.768000,"{""bora001"":21,""bora002"":17,""bora003"":5,""bora004"":15}","{""bora001"":0.051563,""bora002"":0.050526,""bora003"":0.026504,""bora004"":0.044017}",[]
prism_cc_cost,cluster_homo,13,maddid0000037|mbackgroundid0000013|mbackgroundid0000016|mbackgroundid0000034|mbackgroundid0000052|mbgmodelid0000012|mbgmodelid0000031|mconcatfitid0000030|mdifffitid0000005|mdifffitid0000006|mdifffitid0000007|mdifffitid0000008|mdifffitid0000009|mdifffitid0000010|mdifffitid0000025|mdifffitid0000026|mdifffitid0000027|mdifffitid0000028|mdifffitid0000029|mdifffitid0000043|mdifffitid0000044|mdifffitid0000045|mimgtblid0000017|mprojectid0000002|mprojectid0000004|mprojectid0000039|mprojectid0000040|mprojectid0000041|mviewerid0000057,0.200000,287.957000,0.000000,0.000000,345.548400,0.000000,0.000000,true,15.464000,11,139.947000,"{""bora001"":21,""bora002"":17,""bora003"":5,""bora004"":15}","{""bora001"":0.051563,""bora002"":0.050526,""bora003"":0.026504,""bora004"":0.044017}","[{""rank"":1,""recommended"":true,""feasible"":true,""budget_used"":0,""budget_violation"":0,""makespan"":287.957,""deadline_violation"":0,""machine_signature"":""2eb8692f8a4f8fef"",""weighted_score"":0,""diversity_score"":3.637931},{""rank"":2,""recommended"":false,""feasible"":true,""budget_used"":0,""budget_violation"":0,""makespan"":287.957,""deadline_violation"":0,""machine_signature"":""ade5849c9116a7a9"",""weighted_score"":0,""diversity_score"":3.5}]"
prism_cc_time,cluster_homo,13,maddid0000037|mbackgroundid0000013|mbackgroundid0000016|mbackgroundid0000034|mbackgroundid0000052|mbgmodelid0000012|mbgmodelid0000031|mconcatfitid0000030|mdifffitid0000005|mdifffitid0000006|mdifffitid0000007|mdifffitid0000008|mdifffitid0000009|mdifffitid0000010|mdifffitid0000025|mdifffitid0000026|mdifffitid0000027|mdifffitid0000028|mdifffitid0000029|mdifffitid0000043|mdifffitid0000044|mdifffitid0000045|mimgtblid0000017|mprojectid0000002|mprojectid0000004|mprojectid0000039|mprojectid0000040|mprojectid0000041|mviewerid0000057,0.200000,287.957000,0.000000,0.000000,345.548400,0.000000,0.000000,true,15.464000,11,139.947000,"{""bora001"":21,""bora002"":17,""bora003"":5,""bora004"":15}","{""bora001"":0.051563,""bora002"":0.050526,""bora003"":0.026504,""bora004"":0.044017}","[{""rank"":1,""recommended"":true,""feasible"":true,""budget_used"":0,""budget_violation"":0,""makespan"":287.957,""deadline_violation"":0,""machine_signature"":""2eb8692f8a4f8fef"",""weighted_score"":1,""diversity_score"":3.637931},{""rank"":2,""recommended"":false,""feasible"":true,""budget_used"":0,""budget_violation"":0,""makespan"":287.957,""deadline_violation"":0,""machine_signature"":""ade5849c9116a7a9"",""weighted_score"":1,""diversity_score"":3.5}]"
heft_colocation,hybrid_hetero,13,maddid0000037|mbackgroundid0000013|mbackgroundid0000016|mbackgroundid0000034|mbackgroundid0000052|mbgmodelid0000012|mbgmodelid0000031|mconcatfitid0000030|mdifffitid0000005|mdifffitid0000006|mdifffitid0000007|mdifffitid0000008|mdifffitid0000009|mdifffitid0000010|mdifffitid0000025|mdifffitid0000026|mdifffitid0000027|mdifffitid0000028|mdifffitid0000029|mdifffitid0000043|mdifffitid0000044|mdifffitid0000045|mimgtblid0000017|mprojectid0000002|mprojectid0000004|mprojectid0000039|mprojectid0000040|mprojectid0000041|mviewerid0000057,0.200000,95.890000,0.209193,0.348827,119.109960,0.000000,0.000000,true,39.533000,51,2.128000,"{""h4d-standard-192-7"":58}","{""bora011"":0,""diablo03"":0,""h3-standard-88-2"":0,""h4d-standard-192-7"":0.019543}",[]
prism_cc_cost,hybrid_hetero,13,maddid0000037|mbackgroundid0000013|mbackgroundid0000016|mbackgroundid0000034|mbackgroundid0000052|mbgmodelid0000012|mbgmodelid0000031|mconcatfitid0000030|mdifffitid0000005|mdifffitid0000006|mdifffitid0000007|mdifffitid0000008|mdifffitid0000009|mdifffitid0000010|mdifffitid0000025|mdifffitid0000026|mdifffitid0000027|mdifffitid0000028|mdifffitid0000029|mdifffitid0000043|mdifffitid0000044|mdifffitid0000045|mimgtblid0000017|mprojectid0000002|mprojectid0000004|mprojectid0000039|mprojectid0000040|mprojectid0000041|mviewerid0000057,0.200000,115.382000,0.177713,0.348827,119.109960,0.000000,0.000000,true,39.534000,51,256.848000,"{""bora011"":5,""diablo03"":5,""h4d-standard-192-7"":48}","{""bora011"":0.002581,""diablo03"":0.000739,""h3-standard-88-2"":0,""h4d-standard-192-7"":0.016118}","[{""rank"":1,""recommended"":true,""feasible"":true,""budget_used"":0.177713,""budget_violation"":0,""makespan"":115.382,""deadline_violation"":0,""machine_signature"":""521a135945e56232"",""weighted_score"":0.177713,""diversity_score"":2.172414},{""rank"":2,""recommended"":false,""feasible"":true,""budget_used"":0.209193,""budget_violation"":0,""makespan"":95.89,""deadline_violation"":0,""machine_signature"":""583900b1f66b377b"",""weighted_score"":0.209193,""diversity_score"":0}]"
prism_cc_time,hybrid_hetero,13,maddid0000037|mbackgroundid0000013|mbackgroundid0000016|mbackgroundid0000034|mbackgroundid0000052|mbgmodelid0000012|mbgmodelid0000031|mconcatfitid0000030|mdifffitid0000005|mdifffitid0000006|mdifffitid0000007|mdifffitid0000008|mdifffitid0000009|mdifffitid0000010|mdifffitid0000025|mdifffitid0000026|mdifffitid0000027|mdifffitid0000028|mdifffitid0000029|mdifffitid0000043|mdifffitid0000044|mdifffitid0000045|mimgtblid0000017|mprojectid0000002|mprojectid0000004|mprojectid0000039|mprojectid0000040|mprojectid0000041|mviewerid0000057,0.200000,95.890000,0.209193,0.348827,119.109960,0.000000,0.000000,true,39.533000,51,256.848000,"{""h4d-standard-192-7"":58}","{""bora011"":0,""diablo03"":0,""h3-standard-88-2"":0,""h4d-standard-192-7"":0.019543}","[{""rank"":1,""recommended"":true,""feasible"":true,""budget_used"":0.209193,""budget_violation"":0,""makespan"":95.89,""deadline_violation"":0,""machine_signature"":""583900b1f66b377b"",""weighted_score"":0.831066,""diversity_score"":0},{""rank"":2,""recommended"":false,""feasible"":true,""budget_used"":0.177713,""budget_violation"":0,""makespan"":115.382,""deadline_violation"":0,""machine_signature"":""521a135945e56232"",""weighted_score"":1,""diversity_score"":2.172414}]"
heft_colocation,hybrid_homo,13,maddid0000037|mbackgroundid0000013|mbackgroundid0000016|mbackgroundid0000034|mbackgroundid0000052|mbgmodelid0000012|mbgmodelid0000031|mconcatfitid0000030|mdifffitid0000005|mdifffitid0000006|mdifffitid0000007|mdifffitid0000008|mdifffitid0000009|mdifffitid0000010|mdifffitid0000025|mdifffitid0000026|mdifffitid0000027|mdifffitid0000028|mdifffitid0000029|mdifffitid0000043|mdifffitid0000044|mdifffitid0000045|mimgtblid0000017|mprojectid0000002|mprojectid0000004|mprojectid0000039|mprojectid0000040|mprojectid0000041|mviewerid0000057,0.200000,95.151000,0.483257,0.607531,118.113160,0.000000,0.000000,true,12.996000,15,2.072000,"{""h4d-standard-192-5"":15,""h4d-standard-192-6"":43}","{""bora009"":0,""bora010"":0,""h4d-standard-192-5"":0.007398,""h4d-standard-192-6"":0.010844}",[]
prism_cc_cost,hybrid_homo,13,maddid0000037|mbackgroundid0000013|mbackgroundid0000016|mbackgroundid0000034|mbackgroundid0000052|mbgmodelid0000012|mbgmodelid0000031|mconcatfitid0000030|mdifffitid0000005|mdifffitid0000006|mdifffitid0000007|mdifffitid0000008|mdifffitid0000009|mdifffitid0000010|mdifffitid0000025|mdifffitid0000026|mdifffitid0000027|mdifffitid0000028|mdifffitid0000029|mdifffitid0000043|mdifffitid0000044|mdifffitid0000045|mimgtblid0000017|mprojectid0000002|mprojectid0000004|mprojectid0000039|mprojectid0000040|mprojectid0000041|mviewerid0000057,0.200000,113.438000,0.429729,0.607531,118.113160,0.000000,0.000000,true,12.995000,15,352.219000,"{""bora009"":8,""bora010"":4,""h4d-standard-192-5"":14,""h4d-standard-192-6"":32}","{""bora009"":0.002625,""bora010"":0.002314,""h4d-standard-192-5"":0.006176,""h4d-standard-192-6"":0.008958}","[{""rank"":1,""recommended"":true,""feasible"":true,""budget_used"":0.429729,""budget_violation"":0,""makespan"":113.438,""deadline_violation"":0,""machine_signature"":""b4670c33cde26336"",""weighted_score"":0.429729,""diversity_score"":3.448276},{""rank"":2,""recommended"":false,""feasible"":true,""budget_used"":0.483257,""budget_violation"":0,""makespan"":95.151,""deadline_violation"":0,""machine_signature"":""acb687fcd15a6a73"",""weighted_score"":0.483257,""diversity_score"":1.258621}]"
prism_cc_time,hybrid_homo,13,maddid0000037|mbackgroundid0000013|mbackgroundid0000016|mbackgroundid0000034|mbackgroundid0000052|mbgmodelid0000012|mbgmodelid0000031|mconcatfitid0000030|mdifffitid0000005|mdifffitid0000006|mdifffitid0000007|mdifffitid0000008|mdifffitid0000009|mdifffitid0000010|mdifffitid0000025|mdifffitid0000026|mdifffitid0000027|mdifffitid0000028|mdifffitid0000029|mdifffitid0000043|mdifffitid0000044|mdifffitid0000045|mimgtblid0000017|mprojectid0000002|mprojectid0000004|mprojectid0000039|mprojectid0000040|mprojectid0000041|mviewerid0000057,0.200000,95.151000,0.483257,0.607531,118.113160,0.000000,0.000000,true,12.996000,15,352.219000,"{""h4d-standard-192-5"":15,""h4d-standard-192-6"":43}","{""bora009"":0,""bora010"":0,""h4d-standard-192-5"":0.007398,""h4d-standard-192-6"":0.010844}","[{""rank"":1,""recommended"":true,""feasible"":true,""budget_used"":0.483257,""budget_violation"":0,""makespan"":95.151,""deadline_violation"":0,""machine_signature"":""acb687fcd15a6a73"",""weighted_score"":0.838793,""diversity_score"":1.258621},{""rank"":2,""recommended"":false,""feasible"":true,""budget_used"":0.429729,""budget_violation"":0,""makespan"":113.438,""deadline_violation"":0,""machine_signature"":""b4670c33cde26336"",""weighted_score"":1,""diversity_score"":3.448276}]"
heft_colocation,hybrid_raspberry_500mbps,13,maddid0000037|mbackgroundid0000013|mbackgroundid0000016|mbackgroundid0000034|mbackgroundid0000052|mbgmodelid0000012|mbgmodelid0000031|mconcatfitid0000030|mdifffitid0000005|mdifffitid0000006|mdifffitid0000007|mdifffitid0000008|mdifffitid0000009|mdifffitid0000010|mdifffitid0000025|mdifffitid0000026|mdifffitid0000027|mdifffitid0000028|mdifffitid0000029|mdifffitid0000043|mdifffitid0000044|mdifffitid0000045|mimgtblid0000017|mprojectid0000002|mprojectid0000004|mprojectid0000039|mprojectid0000040|mprojectid0000041|mviewerid0000057,0.200000,144.791000,0.368280,0.533583,179.300320,0.000000,0.000000,true,43.314000,44,2.292000,"{""cloud-node-02"":54,""hpc-node-02"":4}","{""cloud-node-01"":0,""cloud-node-02"":0.064903,""hpc-node-01"":0,""hpc-node-02"":0.024425,""rpi-edge-01"":0,""rpi-edge-02"":0,""rpi-edge-03"":0,""rpi-edge-04"":0,""rpi-edge-05"":0,""rpi-edge-06"":0,""rpi-edge-07"":0,""rpi-edge-08"":0,""rpi-edge-09"":0,""rpi-edge-10"":0}",[]
prism_cc_cost,hybrid_raspberry_500mbps,13,maddid0000037|mbackgroundid0000013|mbackgroundid0000016|mbackgroundid0000034|mbackgroundid0000052|mbgmodelid0000012|mbgmodelid0000031|mconcatfitid0000030|mdifffitid0000005|mdifffitid0000006|mdifffitid0000007|mdifffitid0000008|mdifffitid0000009|mdifffitid0000010|mdifffitid0000025|mdifffitid0000026|mdifffitid0000027|mdifffitid0000028|mdifffitid0000029|mdifffitid0000043|mdifffitid0000044|mdifffitid0000045|mimgtblid0000017|mprojectid0000002|mprojectid0000004|mprojectid0000039|mprojectid0000040|mprojectid0000041|mviewerid0000057,0.200000,144.791000,0.368280,0.533583,179.300320,0.000000,0.000000,true,43.314000,44,563.629000,"{""cloud-node-02"":54,""hpc-node-02"":4}","{""cloud-node-01"":0,""cloud-node-02"":0.064903,""hpc-node-01"":0,""hpc-node-02"":0.024425,""rpi-edge-01"":0,""rpi-edge-02"":0,""rpi-edge-03"":0,""rpi-edge-04"":0,""rpi-edge-05"":0,""rpi-edge-06"":0,""rpi-edge-07"":0,""rpi-edge-08"":0,""rpi-edge-09"":0,""rpi-edge-10"":0}","[{""rank"":1,""recommended"":true,""feasible"":true,""budget_used"":0.36828,""budget_violation"":0,""makespan"":144.791,""deadline_violation"":0,""machine_signature"":""700d7135772301f7"",""weighted_score"":0.36828,""diversity_score"":1.068966},{""rank"":2,""recommended"":false,""feasible"":true,""budget_used"":0.36828,""budget_violation"":0,""makespan"":144.791,""deadline_violation"":0,""machine_signature"":""2f7ea1e64e948524"",""weighted_score"":0.36828,""diversity_score"":1.068966}]"
prism_cc_time,hybrid_raspberry_500mbps,13,maddid0000037|mbackgroundid0000013|mbackgroundid0000016|mbackgroundid0000034|mbackgroundid0000052|mbgmodelid0000012|mbgmodelid0000031|mconcatfitid0000030|mdifffitid0000005|mdifffitid0000006|mdifffitid0000007|mdifffitid0000008|mdifffitid0000009|mdifffitid0000010|mdifffitid0000025|mdifffitid0000026|mdifffitid0000027|mdifffitid0000028|mdifffitid0000029|mdifffitid0000043|mdifffitid0000044|mdifffitid0000045|mimgtblid0000017|mprojectid0000002|mprojectid0000004|mprojectid0000039|mprojectid0000040|mprojectid0000041|mviewerid0000057,0.200000,144.791000,0.368280,0.533583,179.300320,0.000000,0.000000,true,43.314000,44,563.629000,"{""cloud-node-02"":54,""hpc-node-02"":4}","{""cloud-node-01"":0,""cloud-node-02"":0.064903,""hpc-node-01"":0,""hpc-node-02"":0.024425,""rpi-edge-01"":0,""rpi-edge-02"":0,""rpi-edge-03"":0,""rpi-edge-04"":0,""rpi-edge-05"":0,""rpi-edge-06"":0,""rpi-edge-07"":0,""rpi-edge-08"":0,""rpi-edge-09"":0,""rpi-edge-10"":0}","[{""rank"":1,""recommended"":true,""feasible"":true,""budget_used"":0.36828,""budget_violation"":0,""makespan"":144.791,""deadline_violation"":0,""machine_signature"":""700d7135772301f7"",""weighted_score"":1,""diversity_score"":1.068966},{""rank"":2,""recommended"":false,""feasible"":true,""budget_used"":0.36828,""budget_violation"":0,""makespan"":144.791,""deadline_violation"":0,""machine_signature"":""2f7ea1e64e948524"",""weighted_score"":1,""diversity_score"":1.068966}]"
heft_colocation,cloud_hetero,14,maddid0000018|maddid0000056|mbackgroundid0000013|mbackgroundid0000033|mbackgroundid0000052|mbackgroundid0000053|mbgmodelid0000031|mconcatfitid0000030|mconcatfitid0000049|mdifffitid0000005|mdifffitid0000007|mdifffitid0000008|mdifffitid0000010|mdifffitid0000025|mdifffitid0000044|mdifffitid0000045|mdifffitid0000046|mdifffitid0000047|mdifffitid0000048|mimgtblid0000017|mimgtblid0000055|mprojectid0000001|mprojectid0000003|mprojectid0000020|mprojectid0000021|mprojectid0000023|mprojectid0000039|mprojectid0000041|mviewerid0000058,0.200000,99.277000,0.552859,0.641828,118.113160,0.000000,0.000000,true,26.620000,14,4.310000,"{""h4d-highmem-192-1"":23,""h4d-standard-192-1"":35}","{""h3-standard-88-1"":0,""h3-standard-88-2"":0,""h4d-highmem-192-1"":0.008169,""h4d-standard-192-1"":0.010029}",[]
prism_cc_cost,cloud_hetero,14,maddid0000018|maddid0000056|mbackgroundid0000013|mbackgroundid0000033|mbackgroundid0000052|mbackgroundid0000053|mbgmodelid0000031|mconcatfitid0000030|mconcatfitid0000049|mdifffitid0000005|mdifffitid0000007|mdifffitid0000008|mdifffitid0000010|mdifffitid0000025|mdifffitid0000044|mdifffitid0000045|mdifffitid0000046|mdifffitid0000047|mdifffitid0000048|mimgtblid0000017|mimgtblid0000055|mprojectid0000001|mprojectid0000003|mprojectid0000020|mprojectid0000021|mprojectid0000023|mprojectid0000039|mprojectid0000041|mviewerid0000058,0.200000,98.956000,0.215884,0.641828,118.113160,0.000000,0.000000,true,68.322000,40,308.749000,"{""h4d-standard-192-1"":58}","{""h3-standard-88-1"":0,""h3-standard-88-2"":0,""h4d-highmem-192-1"":0,""h4d-standard-192-1"":0.020452}","[{""rank"":1,""recommended"":true,""feasible"":true,""budget_used"":0.215884,""budget_violation"":0,""makespan"":98.956,""deadline_violation"":0,""machine_signature"":""ce4177c06e91667e"",""weighted_score"":0.215884,""diversity_score"":0},{""rank"":2,""recommended"":false,""feasible"":true,""budget_used"":0.552859,""budget_violation"":0,""makespan"":99.277,""deadline_violation"":0,""machine_signature"":""81c41c497db47a61"",""weighted_score"":0.552859,""diversity_score"":1.396552}]"
prism_cc_time,cloud_hetero,14,maddid0000018|maddid0000056|mbackgroundid0000013|mbackgroundid0000033|mbackgroundid0000052|mbackgroundid0000053|mbgmodelid0000031|mconcatfitid0000030|mconcatfitid0000049|mdifffitid0000005|mdifffitid0000007|mdifffitid0000008|mdifffitid0000010|mdifffitid0000025|mdifffitid0000044|mdifffitid0000045|mdifffitid0000046|mdifffitid0000047|mdifffitid0000048|mimgtblid0000017|mimgtblid0000055|mprojectid0000001|mprojectid0000003|mprojectid0000020|mprojectid0000021|mprojectid0000023|mprojectid0000039|mprojectid0000041|mviewerid0000058,0.200000,98.956000,0.215884,0.641828,118.113160,0.000000,0.000000,true,68.322000,40,308.749000,"{""h4d-standard-192-1"":58}","{""h3-standard-88-1"":0,""h3-standard-88-2"":0,""h4d-highmem-192-1"":0,""h4d-standard-192-1"":0.020452}","[{""rank"":1,""recommended"":true,""feasible"":true,""budget_used"":0.215884,""budget_violation"":0,""makespan"":98.956,""deadline_violation"":0,""machine_signature"":""ce4177c06e91667e"",""weighted_score"":0.996767,""diversity_score"":0},{""rank"":2,""recommended"":false,""feasible"":true,""budget_used"":0.552859,""budget_violation"":0,""makespan"":99.277,""deadline_violation"":0,""machine_signature"":""81c41c497db47a61"",""weighted_score"":1,""diversity_score"":1.396552}]"
heft_colocation,cloud_homo,14,maddid0000018|maddid0000056|mbackgroundid0000013|mbackgroundid0000033|mbackgroundid0000052|mbackgroundid0000053|mbgmodelid0000031|mconcatfitid0000030|mconcatfitid0000049|mdifffitid0000005|mdifffitid0000007|mdifffitid0000008|mdifffitid0000010|mdifffitid0000025|mdifffitid0000044|mdifffitid0000045|mdifffitid0000046|mdifffitid0000047|mdifffitid0000048|mimgtblid0000017|mimgtblid0000055|mprojectid0000001|mprojectid0000003|mprojectid0000020|mprojectid0000021|mprojectid0000023|mprojectid0000039|mprojectid0000041|mviewerid0000058,0.200000,99.816000,0.924927,1.059152,119.559000,0.000000,0.000000,true,7.511000,6,2.689000,"{""h4d-standard-192-1"":15,""h4d-standard-192-2"":16,""h4d-standard-192-3"":9,""h4d-standard-192-4"":18}","{""h4d-standard-192-1"":0.003271,""h4d-standard-192-2"":0.003806,""h4d-standard-192-3"":0.004826,""h4d-standard-192-4"":0.0052}",[]
prism_cc_cost,cloud_homo,14,maddid0000018|maddid0000056|mbackgroundid0000013|mbackgroundid0000033|mbackgroundid0000052|mbackgroundid0000053|mbgmodelid0000031|mconcatfitid0000030|mconcatfitid0000049|mdifffitid0000005|mdifffitid0000007|mdifffitid0000008|mdifffitid0000010|mdifffitid0000025|mdifffitid0000044|mdifffitid0000045|mdifffitid0000046|mdifffitid0000047|mdifffitid0000048|mimgtblid0000017|mimgtblid0000055|mprojectid0000001|mprojectid0000003|mprojectid0000020|mprojectid0000021|mprojectid0000023|mprojectid0000039|mprojectid0000041|mviewerid0000058,0.200000,96.407000,0.210321,1.059152,119.559000,0.000000,0.000000,true,68.465000,42,353.062000,"{""h4d-standard-192-1"":58}","{""h4d-standard-192-1"":0.021001,""h4d-standard-192-2"":0,""h4d-standard-192-3"":0,""h4d-standard-192-4"":0}","[{""rank"":1,""recommended"":true,""feasible"":true,""budget_used"":0.210321,""budget_violation"":0,""makespan"":96.407,""deadline_violation"":0,""machine_signature"":""aa7afaab4a861101"",""weighted_score"":0.210321,""diversity_score"":0},{""rank"":2,""recommended"":false,""feasible"":true,""budget_used"":0.924927,""budget_violation"":0,""makespan"":99.816,""deadline_violation"":0,""machine_signature"":""b9a2599a3c1fd98e"",""weighted_score"":0.924927,""diversity_score"":3.689655}]"
prism_cc_time,cloud_homo,14,maddid0000018|maddid0000056|mbackgroundid0000013|mbackgroundid0000033|mbackgroundid0000052|mbackgroundid0000053|mbgmodelid0000031|mconcatfitid0000030|mconcatfitid0000049|mdifffitid0000005|mdifffitid0000007|mdifffitid0000008|mdifffitid0000010|mdifffitid0000025|mdifffitid0000044|mdifffitid0000045|mdifffitid0000046|mdifffitid0000047|mdifffitid0000048|mimgtblid0000017|mimgtblid0000055|mprojectid0000001|mprojectid0000003|mprojectid0000020|mprojectid0000021|mprojectid0000023|mprojectid0000039|mprojectid0000041|mviewerid0000058,0.200000,96.407000,0.210321,1.059152,119.559000,0.000000,0.000000,true,68.465000,42,353.062000,"{""h4d-standard-192-1"":58}","{""h4d-standard-192-1"":0.021001,""h4d-standard-192-2"":0,""h4d-standard-192-3"":0,""h4d-standard-192-4"":0}","[{""rank"":1,""recommended"":true,""feasible"":true,""budget_used"":0.210321,""budget_violation"":0,""makespan"":96.407,""deadline_violation"":0,""machine_signature"":""aa7afaab4a861101"",""weighted_score"":0.965847,""diversity_score"":0},{""rank"":2,""recommended"":false,""feasible"":true,""budget_used"":0.924927,""budget_violation"":0,""makespan"":99.816,""deadline_violation"":0,""machine_signature"":""b9a2599a3c1fd98e"",""weighted_score"":1,""diversity_score"":3.689655}]"
heft_colocation,cluster_hetero,14,maddid0000018|maddid0000056|mbackgroundid0000013|mbackgroundid0000033|mbackgroundid0000052|mbackgroundid0000053|mbgmodelid0000031|mconcatfitid0000030|mconcatfitid0000049|mdifffitid0000005|mdifffitid0000007|mdifffitid0000008|mdifffitid0000010|mdifffitid0000025|mdifffitid0000044|mdifffitid0000045|mdifffitid0000046|mdifffitid0000047|mdifffitid0000048|mimgtblid0000017|mimgtblid0000055|mprojectid0000001|mprojectid0000003|mprojectid0000020|mprojectid0000021|mprojectid0000023|mprojectid0000039|mprojectid0000041|mviewerid0000058,0.200000,287.957000,0.000000,0.000000,353.759520,0.000000,0.000000,true,78.735000,15,0.889000,"{""bora005"":31,""bora006"":21,""diablo01"":3,""diablo02"":3}","{""bora005"":0.078571,""bora006"":0.084579,""diablo01"":0.005436,""diablo02"":0.005493}",[]
prism_cc_cost,cluster_hetero,14,maddid0000018|maddid0000056|mbackgroundid0000013|mbackgroundid0000033|mbackgroundid0000052|mbackgroundid0000053|mbgmodelid0000031|mconcatfitid0000030|mconcatfitid0000049|mdifffitid0000005|mdifffitid0000007|mdifffitid0000008|mdifffitid0000010|mdifffitid0000025|mdifffitid0000044|mdifffitid0000045|mdifffitid0000046|mdifffitid0000047|mdifffitid0000048|mimgtblid0000017|mimgtblid0000055|mprojectid0000001|mprojectid0000003|mprojectid0000020|mprojectid0000021|mprojectid0000023|mprojectid0000039|mprojectid0000041|mviewerid0000058,0.200000,287.957000,0.000000,0.000000,353.759520,0.000000,0.000000,true,78.735000,15,165.974000,"{""bora005"":31,""bora006"":21,""diablo01"":3,""diablo02"":3}","{""bora005"":0.078571,""bora006"":0.084579,""diablo01"":0.005436,""diablo02"":0.005493}","[{""rank"":1,""recommended"":true,""feasible"":true,""budget_used"":0,""budget_violation"":0,""makespan"":287.957,""deadline_violation"":0,""machine_signature"":""6262fbdf7a9a61d6"",""weighted_score"":0,""diversity_score"":3.465517},{""rank"":2,""recommended"":false,""feasible"":true,""budget_used"":0,""budget_violation"":0,""makespan"":287.957,""deadline_violation"":0,""machine_signature"":""959b588bc5890487"",""weighted_score"":0,""diversity_score"":3.482759}]"
prism_cc_time,cluster_hetero,14,maddid0000018|maddid0000056|mbackgroundid0000013|mbackgroundid0000033|mbackgroundid0000052|mbackgroundid0000053|mbgmodelid0000031|mconcatfitid0000030|mconcatfitid0000049|mdifffitid0000005|mdifffitid0000007|mdifffitid0000008|mdifffitid0000010|mdifffitid0000025|mdifffitid0000044|mdifffitid0000045|mdifffitid0000046|mdifffitid0000047|mdifffitid0000048|mimgtblid0000017|mimgtblid0000055|mprojectid0000001|mprojectid0000003|mprojectid0000020|mprojectid0000021|mprojectid0000023|mprojectid0000039|mprojectid0000041|mviewerid0000058,0.200000,287.957000,0.000000,0.000000,353.759520,0.000000,0.000000,true,78.735000,15,165.974000,"{""bora005"":31,""bora006"":21,""diablo01"":3,""diablo02"":3}","{""bora005"":0.078571,""bora006"":0.084579,""diablo01"":0.005436,""diablo02"":0.005493}","[{""rank"":1,""recommended"":true,""feasible"":true,""budget_used"":0,""budget_violation"":0,""makespan"":287.957,""deadline_violation"":0,""machine_signature"":""6262fbdf7a9a61d6"",""weighted_score"":1,""diversity_score"":3.465517},{""rank"":2,""recommended"":false,""feasible"":true,""budget_used"":0,""budget_violation"":0,""makespan"":287.957,""deadline_violation"":0,""machine_signature"":""959b588bc5890487"",""weighted_score"":1,""diversity_score"":3.482759}]"
heft_colocation,cluster_homo,14,maddid0000018|maddid0000056|mbackgroundid0000013|mbackgroundid0000033|mbackgroundid0000052|mbackgroundid0000053|mbgmodelid0000031|mconcatfitid0000030|mconcatfitid0000049|mdifffitid0000005|mdifffitid0000007|mdifffitid0000008|mdifffitid0000010|mdifffitid0000025|mdifffitid0000044|mdifffitid0000045|mdifffitid0000046|mdifffitid0000047|mdifffitid0000048|mimgtblid0000017|mimgtblid0000055|mprojectid0000001|mprojectid0000003|mprojectid0000020|mprojectid0000021|mprojectid0000023|mprojectid0000039|mprojectid0000041|mviewerid0000058,0.200000,287.957000,0.000000,0.000000,345.548400,0.000000,0.000000,true,42.374000,8,0.757000,"{""bora001"":16,""bora002"":16,""bora003"":10,""bora004"":16}","{""bora001"":0.033876,""bora002"":0.038953,""bora003"":0.052363,""bora004"":0.050015}",[]
prism_cc_cost,cluster_homo,14,maddid0000018|maddid0000056|mbackgroundid0000013|mbackgroundid0000033|mbackgroundid0000052|mbackgroundid0000053|mbgmodelid0000031|mconcatfitid0000030|mconcatfitid0000049|mdifffitid0000005|mdifffitid0000007|mdifffitid0000008|mdifffitid0000010|mdifffitid0000025|mdifffitid0000044|mdifffitid0000045|mdifffitid0000046|mdifffitid0000047|mdifffitid0000048|mimgtblid0000017|mimgtblid0000055|mprojectid0000001|mprojectid0000003|mprojectid0000020|mprojectid0000021|mprojectid0000023|mprojectid0000039|mprojectid0000041|mviewerid0000058,0.200000,287.957000,0.000000,0.000000,345.548400,0.000000,0.000000,true,42.374000,8,142.060000,"{""bora001"":16,""bora002"":16,""bora003"":10,""bora004"":16}","{""bora001"":0.033876,""bora002"":0.038953,""bora003"":0.052363,""bora004"":0.050015}","[{""rank"":1,""recommended"":true,""feasible"":true,""budget_used"":0,""budget_violation"":0,""makespan"":287.957,""deadline_violation"":0,""machine_signature"":""9e8ee90176b0b855"",""weighted_score"":0,""diversity_score"":3.706897},{""rank"":2,""recommended"":false,""feasible"":true,""budget_used"":0,""budget_violation"":0,""makespan"":287.957,""deadline_violation"":0,""machine_signature"":""d3ff1e09e96a8a22"",""weighted_score"":0,""diversity_score"":3.724138}]"
prism_cc_time,cluster_homo,14,maddid0000018|maddid0000056|mbackgroundid0000013|mbackgroundid0000033|mbackgroundid0000052|mbackgroundid0000053|mbgmodelid0000031|mconcatfitid0000030|mconcatfitid0000049|mdifffitid0000005|mdifffitid0000007|mdifffitid0000008|mdifffitid0000010|mdifffitid0000025|mdifffitid0000044|mdifffitid0000045|mdifffitid0000046|mdifffitid0000047|mdifffitid0000048|mimgtblid0000017|mimgtblid0000055|mprojectid0000001|mprojectid0000003|mprojectid0000020|mprojectid0000021|mprojectid0000023|mprojectid0000039|mprojectid0000041|mviewerid0000058,0.200000,287.957000,0.000000,0.000000,345.548400,0.000000,0.000000,true,42.374000,8,142.060000,"{""bora001"":16,""bora002"":16,""bora003"":10,""bora004"":16}","{""bora001"":0.033876,""bora002"":0.038953,""bora003"":0.052363,""bora004"":0.050015}","[{""rank"":1,""recommended"":true,""feasible"":true,""budget_used"":0,""budget_violation"":0,""makespan"":287.957,""deadline_violation"":0,""machine_signature"":""9e8ee90176b0b855"",""weighted_score"":1,""diversity_score"":3.706897},{""rank"":2,""recommended"":false,""feasible"":true,""budget_used"":0,""budget_violation"":0,""makespan"":287.957,""deadline_violation"":0,""machine_signature"":""d3ff1e09e96a8a22"",""weighted_score"":1,""diversity_score"":3.724138}]"
heft_colocation,hybrid_hetero,14,maddid0000018|maddid0000056|mbackgroundid0000013|mbackgroundid0000033|mbackgroundid0000052|mbackgroundid0000053|mbgmodelid0000031|mconcatfitid0000030|mconcatfitid0000049|mdifffitid0000005|mdifffitid0000007|mdifffitid0000008|mdifffitid0000010|mdifffitid0000025|mdifffitid0000044|mdifffitid0000045|mdifffitid0000046|mdifffitid0000047|mdifffitid0000048|mimgtblid0000017|mimgtblid0000055|mprojectid0000001|mprojectid0000003|mprojectid0000020|mprojectid0000021|mprojectid0000023|mprojectid0000039|mprojectid0000041|mviewerid0000058,0.200000,101.354000,0.323844,0.348827,119.109960,0.000000,0.000000,true,53.501000,35,1.901000,"{""h3-standard-88-2"":3,""h4d-standard-192-7"":55}","{""bora011"":0,""diablo03"":0,""h3-standard-88-2"":0.003162,""h4d-standard-192-7"":0.018469}",[]
prism_cc_cost,hybrid_hetero,14,maddid0000018|maddid0000056|mbackgroundid0000013|mbackgroundid0000033|mbackgroundid0000052|mbackgroundid0000053|mbgmodelid0000031|mconcatfitid0000030|mconcatfitid0000049|mdifffitid0000005|mdifffitid0000007|mdifffitid0000008|mdifffitid0000010|mdifffitid0000025|mdifffitid0000044|mdifffitid0000045|mdifffitid0000046|mdifffitid0000047|mdifffitid0000048|mimgtblid0000017|mimgtblid0000055|mprojectid0000001|mprojectid0000003|mprojectid0000020|mprojectid0000021|mprojectid0000023|mprojectid0000039|mprojectid0000041|mviewerid0000058,0.200000,113.582000,0.307420,0.348827,119.109960,0.000000,0.000000,true,53.501000,35,283.501000,"{""bora011"":2,""diablo03"":1,""h3-standard-88-2"":2,""h4d-standard-192-7"":53}","{""bora011"":0.001138,""diablo03"":0.000169,""h3-standard-88-2"":0.002741,""h4d-standard-192-7"":0.016452}","[{""rank"":1,""recommended"":true,""feasible"":true,""budget_used"":0.30742,""budget_violation"":0,""makespan"":113.582,""deadline_violation"":0,""machine_signature"":""1f03875d82b317e8"",""weighted_score"":0.30742,""diversity_score"":3.086207},{""rank"":2,""recommended"":false,""feasible"":true,""budget_used"":0.317641,""budget_violation"":0,""makespan"":101.354,""deadline_violation"":0,""machine_signature"":""50898af05e6b2faa"",""weighted_score"":0.317641,""diversity_score"":2.051724},{""rank"":3,""recommended"":false,""feasible"":true,""budget_used"":0.323844,""budget_violation"":0,""makespan"":101.354,""deadline_violation"":0,""machine_signature"":""7b59de39f07948a8"",""weighted_score"":0.323844,""diversity_score"":1.051724}]"
prism_cc_time,hybrid_hetero,14,maddid0000018|maddid0000056|mbackgroundid0000013|mbackgroundid0000033|mbackgroundid0000052|mbackgroundid0000053|mbgmodelid0000031|mconcatfitid0000030|mconcatfitid0000049|mdifffitid0000005|mdifffitid0000007|mdifffitid0000008|mdifffitid0000010|mdifffitid0000025|mdifffitid0000044|mdifffitid0000045|mdifffitid0000046|mdifffitid0000047|mdifffitid0000048|mimgtblid0000017|mimgtblid0000055|mprojectid0000001|mprojectid0000003|mprojectid0000020|mprojectid0000021|mprojectid0000023|mprojectid0000039|mprojectid0000041|mviewerid0000058,0.200000,101.354000,0.323844,0.348827,119.109960,0.000000,0.000000,true,53.501000,35,283.501000,"{""h3-standard-88-2"":3,""h4d-standard-192-7"":55}","{""bora011"":0,""diablo03"":0,""h3-standard-88-2"":0.003162,""h4d-standard-192-7"":0.018469}","[{""rank"":1,""recommended"":true,""feasible"":true,""budget_used"":0.317641,""budget_violation"":0,""makespan"":101.354,""deadline_violation"":0,""machine_signature"":""50898af05e6b2faa"",""weighted_score"":0.892342,""diversity_score"":2.051724},{""rank"":2,""recommended"":false,""feasible"":true,""budget_used"":0.323844,""budget_violation"":0,""makespan"":101.354,""deadline_violation"":0,""machine_signature"":""7b59de39f07948a8"",""weighted_score"":0.892342,""diversity_score"":1.051724},{""rank"":3,""recommended"":false,""feasible"":true,""budget_used"":0.30742,""budget_violation"":0,""makespan"":113.582,""deadline_violation"":0,""machine_signature"":""1f03875d82b317e8"",""weighted_score"":1,""diversity_score"":3.086207}]"
heft_colocation,hybrid_homo,14,maddid0000018|maddid0000056|mbackgroundid0000013|mbackgroundid0000033|mbackgroundid0000052|mbackgroundid0000053|mbgmodelid0000031|mconcatfitid0000030|mconcatfitid0000049|mdifffitid0000005|mdifffitid0000007|mdifffitid0000008|mdifffitid0000010|mdifffitid0000025|mdifffitid0000044|mdifffitid0000045|mdifffitid0000046|mdifffitid0000047|mdifffitid0000048|mimgtblid0000017|mimgtblid0000055|mprojectid0000001|mprojectid0000003|mprojectid0000020|mprojectid0000021|mprojectid0000023|mprojectid0000039|mprojectid0000041|mviewerid0000058,0.200000,99.277000,0.525583,0.607531,118.113160,0.000000,0.000000,true,26.620000,14,1.553000,"{""h4d-standard-192-5"":35,""h4d-standard-192-6"":23}","{""bora009"":0,""bora010"":0,""h4d-standard-192-5"":0.010029,""h4d-standard-192-6"":0.008169}",[]
prism_cc_cost,hybrid_homo,14,maddid0000018|maddid0000056|mbackgroundid0000013|mbackgroundid0000033|mbackgroundid0000052|mbackgroundid0000053|mbgmodelid0000031|mconcatfitid0000030|mconcatfitid0000049|mdifffitid0000005|mdifffitid0000007|mdifffitid0000008|mdifffitid0000010|mdifffitid0000025|mdifffitid0000044|mdifffitid0000045|mdifffitid0000046|mdifffitid0000047|mdifffitid0000048|mimgtblid0000017|mimgtblid0000055|mprojectid0000001|mprojectid0000003|mprojectid0000020|mprojectid0000021|mprojectid0000023|mprojectid0000039|mprojectid0000041|mviewerid0000058,0.200000,107.722000,0.486231,0.607531,118.113160,0.000000,0.000000,true,26.620000,14,336.689000,"{""bora009"":1,""bora010"":2,""h4d-standard-192-5"":34,""h4d-standard-192-6"":21}","{""bora009"":0.000036,""bora010"":0.000873,""h4d-standard-192-5"":0.009222,""h4d-standard-192-6"":0.007519}","[{""rank"":1,""recommended"":true,""feasible"":true,""budget_used"":0.486231,""budget_violation"":0,""makespan"":107.722,""deadline_violation"":0,""machine_signature"":""2c6234e42132ad6e"",""weighted_score"":0.486231,""diversity_score"":3.413793},{""rank"":2,""recommended"":false,""feasible"":true,""budget_used"":0.525583,""budget_violation"":0,""makespan"":99.277,""deadline_violation"":0,""machine_signature"":""81e3a62754f618d3"",""weighted_score"":0.525583,""diversity_score"":1.396552}]"
prism_cc_time,hybrid_homo,14,maddid0000018|maddid0000056|mbackgroundid0000013|mbackgroundid0000033|mbackgroundid0000052|mbackgroundid0000053|mbgmodelid0000031|mconcatfitid0000030|mconcatfitid0000049|mdifffitid0000005|mdifffitid0000007|mdifffitid0000008|mdifffitid0000010|mdifffitid0000025|mdifffitid0000044|mdifffitid0000045|mdifffitid0000046|mdifffitid0000047|mdifffitid0000048|mimgtblid0000017|mimgtblid0000055|mprojectid0000001|mprojectid0000003|mprojectid0000020|mprojectid0000021|mprojectid0000023|mprojectid0000039|mprojectid0000041|mviewerid0000058,0.200000,99.277000,0.525583,0.607531,118.113160,0.000000,0.000000,true,26.620000,14,336.689000,"{""h4d-standard-192-5"":35,""h4d-standard-192-6"":23}","{""bora009"":0,""bora010"":0,""h4d-standard-192-5"":0.010029,""h4d-standard-192-6"":0.008169}","[{""rank"":1,""recommended"":true,""feasible"":true,""budget_used"":0.525583,""budget_violation"":0,""makespan"":99.277,""deadline_violation"":0,""machine_signature"":""81e3a62754f618d3"",""weighted_score"":0.921604,""diversity_score"":1.396552},{""rank"":2,""recommended"":false,""feasible"":true,""budget_used"":0.486231,""budget_violation"":0,""makespan"":107.722,""deadline_violation"":0,""machine_signature"":""2c6234e42132ad6e"",""weighted_score"":1,""diversity_score"":3.413793}]"
heft_colocation,hybrid_raspberry_500mbps,14,maddid0000018|maddid0000056|mbackgroundid0000013|mbackgroundid0000033|mbackgroundid0000052|mbackgroundid0000053|mbgmodelid0000031|mconcatfitid0000030|mconcatfitid0000049|mdifffitid0000005|mdifffitid0000007|mdifffitid0000008|mdifffitid0000010|mdifffitid0000025|mdifffitid0000044|mdifffitid0000045|mdifffitid0000046|mdifffitid0000047|mdifffitid0000048|mimgtblid0000017|mimgtblid0000055|mprojectid0000001|mprojectid0000003|mprojectid0000020|mprojectid0000021|mprojectid0000023|mprojectid0000039|mprojectid0000041|mviewerid0000058,0.200000,144.438000,0.470783,0.533583,179.300320,0.000000,0.000000,true,78.010000,28,2.495000,"{""cloud-node-02"":53,""hpc-node-02"":5}","{""cloud-node-01"":0,""cloud-node-02"":0.064978,""hpc-node-01"":0,""hpc-node-02"":0.035216,""rpi-edge-01"":0,""rpi-edge-02"":0,""rpi-edge-03"":0,""rpi-edge-04"":0,""rpi-edge-05"":0,""rpi-edge-06"":0,""rpi-edge-07"":0,""rpi-edge-08"":0,""rpi-edge-09"":0,""rpi-edge-10"":0}",[]
prism_cc_cost,hybrid_raspberry_500mbps,14,maddid0000018|maddid0000056|mbackgroundid0000013|mbackgroundid0000033|mbackgroundid0000052|mbackgroundid0000053|mbgmodelid0000031|mconcatfitid0000030|mconcatfitid0000049|mdifffitid0000005|mdifffitid0000007|mdifffitid0000008|mdifffitid0000010|mdifffitid0000025|mdifffitid0000044|mdifffitid0000045|mdifffitid0000046|mdifffitid0000047|mdifffitid0000048|mimgtblid0000017|mimgtblid0000055|mprojectid0000001|mprojectid0000003|mprojectid0000020|mprojectid0000021|mprojectid0000023|mprojectid0000039|mprojectid0000041|mviewerid0000058,0.200000,172.311000,0.226576,0.533583,179.300320,0.000000,0.000000,true,145.254000,44,578.068000,"{""cloud-node-02"":2,""hpc-node-02"":56}","{""cloud-node-01"":0,""cloud-node-02"":0.007685,""hpc-node-01"":0,""hpc-node-02"":0.190804,""rpi-edge-01"":0,""rpi-edge-02"":0,""rpi-edge-03"":0,""rpi-edge-04"":0,""rpi-edge-05"":0,""rpi-edge-06"":0,""rpi-edge-07"":0,""rpi-edge-08"":0,""rpi-edge-09"":0,""rpi-edge-10"":0}","[{""rank"":1,""recommended"":true,""feasible"":true,""budget_used"":0.226576,""budget_violation"":0,""makespan"":172.311,""deadline_violation"":0,""machine_signature"":""21b1f0f23c1de97a"",""weighted_score"":0.226576,""diversity_score"":1.034483},{""rank"":2,""recommended"":false,""feasible"":true,""budget_used"":0.470783,""budget_violation"":0,""makespan"":144.438,""deadline_violation"":0,""machine_signature"":""038a77eda80f8dc9"",""weighted_score"":0.470783,""diversity_score"":1.086207}]"
prism_cc_time,hybrid_raspberry_500mbps,14,maddid0000018|maddid0000056|mbackgroundid0000013|mbackgroundid0000033|mbackgroundid0000052|mbackgroundid0000053|mbgmodelid0000031|mconcatfitid0000030|mconcatfitid0000049|mdifffitid0000005|mdifffitid0000007|mdifffitid0000008|mdifffitid0000010|mdifffitid0000025|mdifffitid0000044|mdifffitid0000045|mdifffitid0000046|mdifffitid0000047|mdifffitid0000048|mimgtblid0000017|mimgtblid0000055|mprojectid0000001|mprojectid0000003|mprojectid0000020|mprojectid0000021|mprojectid0000023|mprojectid0000039|mprojectid0000041|mviewerid0000058,0.200000,144.438000,0.470783,0.533583,179.300320,0.000000,0.000000,true,78.010000,28,578.068000,"{""cloud-node-02"":53,""hpc-node-02"":5}","{""cloud-node-01"":0,""cloud-node-02"":0.064978,""hpc-node-01"":0,""hpc-node-02"":0.035216,""rpi-edge-01"":0,""rpi-edge-02"":0,""rpi-edge-03"":0,""rpi-edge-04"":0,""rpi-edge-05"":0,""rpi-edge-06"":0,""rpi-edge-07"":0,""rpi-edge-08"":0,""rpi-edge-09"":0,""rpi-edge-10"":0}","[{""rank"":1,""recommended"":true,""feasible"":true,""budget_used"":0.470783,""budget_violation"":0,""makespan"":144.438,""deadline_violation"":0,""machine_signature"":""038a77eda80f8dc9"",""weighted_score"":0.83824,""diversity_score"":1.086207},{""rank"":2,""recommended"":false,""feasible"":true,""budget_used"":0.226576,""budget_violation"":0,""makespan"":172.311,""deadline_violation"":0,""machine_signature"":""21b1f0f23c1de97a"",""weighted_score"":1,""diversity_score"":1.034483}]"
heft_colocation,cloud_hetero,15,maddid0000037|maddid0000056|mbackgroundid0000014|mbackgroundid0000032|mbackgroundid0000034|mbackgroundid0000051|mbackgroundid0000052|mbgmodelid0000031|mbgmodelid0000050|mconcatfitid0000011|mconcatfitid0000030|mconcatfitid0000049|mdifffitid0000006|mdifffitid0000008|mdifffitid0000025|mdifffitid0000026|mdifffitid0000027|mdifffitid0000046|mdifffitid0000047|mimgtblid0000055|mprojectid0000001|mprojectid0000003|mprojectid0000004|mprojectid0000021|mprojectid0000023|mprojectid0000039|mprojectid0000041|mviewerid0000038|mviewerid0000057,0.200000,99.124000,0.547465,0.641828,118.113160,0.000000,0.000000,true,29.537000,14,1.780000,"{""h4d-highmem-192-1"":22,""h4d-standard-192-1"":36}","{""h3-standard-88-1"":0,""h3-standard-88-2"":0,""h4d-highmem-192-1"":0.008142,""h4d-standard-192-1"":0.010237}",[]
prism_cc_cost,cloud_hetero,15,maddid0000037|maddid0000056|mbackgroundid0000014|mbackgroundid0000032|mbackgroundid0000034|mbackgroundid0000051|mbackgroundid0000052|mbgmodelid0000031|mbgmodelid0000050|mconcatfitid0000011|mconcatfitid0000030|mconcatfitid0000049|mdifffitid0000006|mdifffitid0000008|mdifffitid0000025|mdifffitid0000026|mdifffitid0000027|mdifffitid0000046|mdifffitid0000047|mimgtblid0000055|mprojectid0000001|mprojectid0000003|mprojectid0000004|mprojectid0000021|mprojectid0000023|mprojectid0000039|mprojectid0000041|mviewerid0000038|mviewerid0000057,0.200000,98.895000,0.215747,0.641828,118.113160,0.000000,0.000000,true,74.204000,44,344.499000,"{""h4d-standard-192-1"":58}","{""h3-standard-88-1"":0,""h3-standard-88-2"":0,""h4d-highmem-192-1"":0,""h4d-standard-192-1"":0.020775}","[{""rank"":1,""recommended"":true,""feasible"":true,""budget_used"":0.215747,""budget_violation"":0,""makespan"":98.895,""deadline_violation"":0,""machine_signature"":""d4f20d03b54981b5"",""weighted_score"":0.215747,""diversity_score"":0},{""rank"":2,""recommended"":false,""feasible"":true,""budget_used"":0.547465,""budget_violation"":0,""makespan"":99.124,""deadline_violation"":0,""machine_signature"":""b648ea425936125c"",""weighted_score"":0.547465,""diversity_score"":1.37931}]"
prism_cc_time,cloud_hetero,15,maddid0000037|maddid0000056|mbackgroundid0000014|mbackgroundid0000032|mbackgroundid0000034|mbackgroundid0000051|mbackgroundid0000052|mbgmodelid0000031|mbgmodelid0000050|mconcatfitid0000011|mconcatfitid0000030|mconcatfitid0000049|mdifffitid0000006|mdifffitid0000008|mdifffitid0000025|mdifffitid0000026|mdifffitid0000027|mdifffitid0000046|mdifffitid0000047|mimgtblid0000055|mprojectid0000001|mprojectid0000003|mprojectid0000004|mprojectid0000021|mprojectid0000023|mprojectid0000039|mprojectid0000041|mviewerid0000038|mviewerid0000057,0.200000,98.895000,0.215747,0.641828,118.113160,0.000000,0.000000,true,74.204000,44,344.499000,"{""h4d-standard-192-1"":58}","{""h3-standard-88-1"":0,""h3-standard-88-2"":0,""h4d-highmem-192-1"":0,""h4d-standard-192-1"":0.020775}","[{""rank"":1,""recommended"":true,""feasible"":true,""budget_used"":0.215747,""budget_violation"":0,""makespan"":98.895,""deadline_violation"":0,""machine_signature"":""d4f20d03b54981b5"",""weighted_score"":0.99769,""diversity_score"":0},{""rank"":2,""recommended"":false,""feasible"":true,""budget_used"":0.547465,""budget_violation"":0,""makespan"":99.124,""deadline_violation"":0,""machine_signature"":""b648ea425936125c"",""weighted_score"":1,""diversity_score"":1.37931}]"
heft_colocation,cloud_homo,15,maddid0000037|maddid0000056|mbackgroundid0000014|mbackgroundid0000032|mbackgroundid0000034|mbackgroundid0000051|mbackgroundid0000052|mbgmodelid0000031|mbgmodelid0000050|mconcatfitid0000011|mconcatfitid0000030|mconcatfitid0000049|mdifffitid0000006|mdifffitid0000008|mdifffitid0000025|mdifffitid0000026|mdifffitid0000027|mdifffitid0000046|mdifffitid0000047|mimgtblid0000055|mprojectid0000001|mprojectid0000003|mprojectid0000004|mprojectid0000021|mprojectid0000023|mprojectid0000039|mprojectid0000041|mviewerid0000038|mviewerid0000057,0.200000,99.816000,0.905250,1.059152,119.559000,0.000000,0.000000,true,9.044000,6,2.698000,"{""h4d-standard-192-1"":17,""h4d-standard-192-2"":16,""h4d-standard-192-3"":8,""h4d-standard-192-4"":17}","{""h4d-standard-192-1"":0.004026,""h4d-standard-192-2"":0.003808,""h4d-standard-192-3"":0.00447,""h4d-standard-192-4"":0.004879}",[]
prism_cc_cost,cloud_homo,15,maddid0000037|maddid0000056|mbackgroundid0000014|mbackgroundid0000032|mbackgroundid0000034|mbackgroundid0000051|mbackgroundid0000052|mbgmodelid0000031|mbgmodelid0000050|mconcatfitid0000011|mconcatfitid0000030|mconcatfitid0000049|mdifffitid0000006|mdifffitid0000008|mdifffitid0000025|mdifffitid0000026|mdifffitid0000027|mdifffitid0000046|mdifffitid0000047|mimgtblid0000055|mprojectid0000001|mprojectid0000003|mprojectid0000004|mprojectid0000021|mprojectid0000023|mprojectid0000039|mprojectid0000041|mviewerid0000038|mviewerid0000057,0.200000,96.509000,0.210541,1.059152,119.559000,0.000000,0.000000,true,74.040000,43,364.528000,"{""h4d-standard-192-1"":58}","{""h4d-standard-192-1"":0.021279,""h4d-standard-192-2"":0,""h4d-standard-192-3"":0,""h4d-standard-192-4"":0}","[{""rank"":1,""recommended"":true,""feasible"":true,""budget_used"":0.210541,""budget_violation"":0,""makespan"":96.509,""deadline_violation"":0,""machine_signature"":""87241691b1e64a62"",""weighted_score"":0.210541,""diversity_score"":0},{""rank"":2,""recommended"":false,""feasible"":true,""budget_used"":0.90525,""budget_violation"":0,""makespan"":99.816,""deadline_violation"":0,""machine_signature"":""5bc1f968396f6817"",""weighted_score"":0.90525,""diversity_score"":3.706897}]"
prism_cc_time,cloud_homo,15,maddid0000037|maddid0000056|mbackgroundid0000014|mbackgroundid0000032|mbackgroundid0000034|mbackgroundid0000051|mbackgroundid0000052|mbgmodelid0000031|mbgmodelid0000050|mconcatfitid0000011|mconcatfitid0000030|mconcatfitid0000049|mdifffitid0000006|mdifffitid0000008|mdifffitid0000025|mdifffitid0000026|mdifffitid0000027|mdifffitid0000046|mdifffitid0000047|mimgtblid0000055|mprojectid0000001|mprojectid0000003|mprojectid0000004|mprojectid0000021|mprojectid0000023|mprojectid0000039|mprojectid0000041|mviewerid0000038|mviewerid0000057,0.200000,96.509000,0.210541,1.059152,119.559000,0.000000,0.000000,true,74.040000,43,364.528000,"{""h4d-standard-192-1"":58}","{""h4d-standard-192-1"":0.021279,""h4d-standard-192-2"":0,""h4d-standard-192-3"":0,""h4d-standard-192-4"":0}","[{""rank"":1,""recommended"":true,""feasible"":true,""budget_used"":0.210541,""budget_violation"":0,""makespan"":96.509,""deadline_violation"":0,""machine_signature"":""87241691b1e64a62"",""weighted_score"":0.966869,""diversity_score"":0},{""rank"":2,""recommended"":false,""feasible"":true,""budget_used"":0.90525,""budget_violation"":0,""makespan"":99.816,""deadline_violation"":0,""machine_signature"":""5bc1f968396f6817"",""weighted_score"":1,""diversity_score"":3.706897}]"
heft_colocation,cluster_hetero,15,maddid0000037|maddid0000056|mbackgroundid0000014|mbackgroundid0000032|mbackgroundid0000034|mbackgroundid0000051|mbackgroundid0000052|mbgmodelid0000031|mbgmodelid0000050|mconcatfitid0000011|mconcatfitid0000030|mconcatfitid0000049|mdifffitid0000006|mdifffitid0000008|mdifffitid0000025|mdifffitid0000026|mdifffitid0000027|mdifffitid0000046|mdifffitid0000047|mimgtblid0000055|mprojectid0000001|mprojectid0000003|mprojectid0000004|mprojectid0000021|mprojectid0000023|mprojectid0000039|mprojectid0000041|mviewerid0000038|mviewerid0000057,0.200000,287.957000,0.000000,0.000000,353.759520,0.000000,0.000000,true,82.260000,19,0.924000,"{""bora005"":33,""bora006"":22,""diablo01"":2,""diablo02"":1}","{""bora005"":0.076075,""bora006"":0.085128,""diablo01"":0.00534,""diablo02"":0.007193}",[]
prism_cc_cost,cluster_hetero,15,maddid0000037|maddid0000056|mbackgroundid0000014|mbackgroundid0000032|mbackgroundid0000034|mbackgroundid0000051|mbackgroundid0000052|mbgmodelid0000031|mbgmodelid0000050|mconcatfitid0000011|mconcatfitid0000030|mconcatfitid0000049|mdifffitid0000006|mdifffitid0000008|mdifffitid0000025|mdifffitid0000026|mdifffitid0000027|mdifffitid0000046|mdifffitid0000047|mimgtblid0000055|mprojectid0000001|mprojectid0000003|mprojectid0000004|mprojectid0000021|mprojectid0000023|mprojectid0000039|mprojectid0000041|mviewerid0000038|mviewerid0000057,0.200000,287.957000,0.000000,0.000000,353.759520,0.000000,0.000000,true,82.260000,19,183.910000,"{""bora005"":33,""bora006"":22,""diablo01"":2,""diablo02"":1}","{""bora005"":0.076075,""bora006"":0.085128,""diablo01"":0.00534,""diablo02"":0.007193}","[{""rank"":1,""recommended"":true,""feasible"":true,""budget_used"":0,""budget_violation"":0,""makespan"":287.957,""deadline_violation"":0,""machine_signature"":""dfa14de7f86dbb7c"",""weighted_score"":0,""diversity_score"":3.431034}]"
prism_cc_time,cluster_hetero,15,maddid0000037|maddid0000056|mbackgroundid0000014|mbackgroundid0000032|mbackgroundid0000034|mbackgroundid0000051|mbackgroundid0000052|mbgmodelid0000031|mbgmodelid0000050|mconcatfitid0000011|mconcatfitid0000030|mconcatfitid0000049|mdifffitid0000006|mdifffitid0000008|mdifffitid0000025|mdifffitid0000026|mdifffitid0000027|mdifffitid0000046|mdifffitid0000047|mimgtblid0000055|mprojectid0000001|mprojectid0000003|mprojectid0000004|mprojectid0000021|mprojectid0000023|mprojectid0000039|mprojectid0000041|mviewerid0000038|mviewerid0000057,0.200000,287.957000,0.000000,0.000000,353.759520,0.000000,0.000000,true,82.260000,19,183.910000,"{""bora005"":33,""bora006"":22,""diablo01"":2,""diablo02"":1}","{""bora005"":0.076075,""bora006"":0.085128,""diablo01"":0.00534,""diablo02"":0.007193}","[{""rank"":1,""recommended"":true,""feasible"":true,""budget_used"":0,""budget_violation"":0,""makespan"":287.957,""deadline_violation"":0,""machine_signature"":""dfa14de7f86dbb7c"",""weighted_score"":1,""diversity_score"":3.431034}]"
heft_colocation,cluster_homo,15,maddid0000037|maddid0000056|mbackgroundid0000014|mbackgroundid0000032|mbackgroundid0000034|mbackgroundid0000051|mbackgroundid0000052|mbgmodelid0000031|mbgmodelid0000050|mconcatfitid0000011|mconcatfitid0000030|mconcatfitid0000049|mdifffitid0000006|mdifffitid0000008|mdifffitid0000025|mdifffitid0000026|mdifffitid0000027|mdifffitid0000046|mdifffitid0000047|mimgtblid0000055|mprojectid0000001|mprojectid0000003|mprojectid0000004|mprojectid0000021|mprojectid0000023|mprojectid0000039|mprojectid0000041|mviewerid0000038|mviewerid0000057,0.200000,287.957000,0.000000,0.000000,345.548400,0.000000,0.000000,true,49.172000,8,0.751000,"{""bora001"":18,""bora002"":16,""bora003"":8,""bora004"":16}","{""bora001"":0.041321,""bora002"":0.039057,""bora003"":0.039174,""bora004"":0.056312}",[]
prism_cc_cost,cluster_homo,15,maddid0000037|maddid0000056|mbackgroundid0000014|mbackgroundid0000032|mbackgroundid0000034|mbackgroundid0000051|mbackgroundid0000052|mbgmodelid0000031|mbgmodelid0000050|mconcatfitid0000011|mconcatfitid0000030|mconcatfitid0000049|mdifffitid0000006|mdifffitid0000008|mdifffitid0000025|mdifffitid0000026|mdifffitid0000027|mdifffitid0000046|mdifffitid0000047|mimgtblid0000055|mprojectid0000001|mprojectid0000003|mprojectid0000004|mprojectid0000021|mprojectid0000023|mprojectid0000039|mprojectid0000041|mviewerid0000038|mviewerid0000057,0.200000,287.957000,0.000000,0.000000,345.548400,0.000000,0.000000,true,49.172000,8,158.066000,"{""bora001"":18,""bora002"":16,""bora003"":8,""bora004"":16}","{""bora001"":0.041321,""bora002"":0.039057,""bora003"":0.039174,""bora004"":0.056312}","[{""rank"":1,""recommended"":true,""feasible"":true,""budget_used"":0,""budget_violation"":0,""makespan"":287.957,""deadline_violation"":0,""machine_signature"":""64f24ee182379207"",""weighted_score"":0,""diversity_score"":3.706897},{""rank"":2,""recommended"":false,""feasible"":true,""budget_used"":0,""budget_violation"":0,""makespan"":287.957,""deadline_violation"":0,""machine_signature"":""8aea8ad0550bbb4c"",""weighted_score"":0,""diversity_score"":3.689655}]"
prism_cc_time,cluster_homo,15,maddid0000037|maddid0000056|mbackgroundid0000014|mbackgroundid0000032|mbackgroundid0000034|mbackgroundid0000051|mbackgroundid0000052|mbgmodelid0000031|mbgmodelid0000050|mconcatfitid0000011|mconcatfitid0000030|mconcatfitid0000049|mdifffitid0000006|mdifffitid0000008|mdifffitid0000025|mdifffitid0000026|mdifffitid0000027|mdifffitid0000046|mdifffitid0000047|mimgtblid0000055|mprojectid0000001|mprojectid0000003|mprojectid0000004|mprojectid0000021|mprojectid0000023|mprojectid0000039|mprojectid0000041|mviewerid0000038|mviewerid0000057,0.200000,287.957000,0.000000,0.000000,345.548400,0.000000,0.000000,true,49.172000,8,158.066000,"{""bora001"":18,""bora002"":16,""bora003"":8,""bora004"":16}","{""bora001"":0.041321,""bora002"":0.039057,""bora003"":0.039174,""bora004"":0.056312}","[{""rank"":1,""recommended"":true,""feasible"":true,""budget_used"":0,""budget_violation"":0,""makespan"":287.957,""deadline_violation"":0,""machine_signature"":""64f24ee182379207"",""weighted_score"":1,""diversity_score"":3.706897},{""rank"":2,""recommended"":false,""feasible"":true,""budget_used"":0,""budget_violation"":0,""makespan"":287.957,""deadline_violation"":0,""machine_signature"":""8aea8ad0550bbb4c"",""weighted_score"":1,""diversity_score"":3.689655}]"
heft_colocation,hybrid_hetero,15,maddid0000037|maddid0000056|mbackgroundid0000014|mbackgroundid0000032|mbackgroundid0000034|mbackgroundid0000051|mbackgroundid0000052|mbgmodelid0000031|mbgmodelid0000050|mconcatfitid0000011|mconcatfitid0000030|mconcatfitid0000049|mdifffitid0000006|mdifffitid0000008|mdifffitid0000025|mdifffitid0000026|mdifffitid0000027|mdifffitid0000046|mdifffitid0000047|mimgtblid0000055|mprojectid0000001|mprojectid0000003|mprojectid0000004|mprojectid0000021|mprojectid0000023|mprojectid0000039|mprojectid0000041|mviewerid0000038|mviewerid0000057,0.200000,101.354000,0.297584,0.348827,119.109960,0.000000,0.000000,true,63.738000,35,1.420000,"{""h3-standard-88-2"":2,""h4d-standard-192-7"":56}","{""bora011"":0,""diablo03"":0,""h3-standard-88-2"":0.002113,""h4d-standard-192-7"":0.019239}",[]
prism_cc_cost,hybrid_hetero,15,maddid0000037|maddid0000056|mbackgroundid0000014|mbackgroundid0000032|mbackgroundid0000034|mbackgroundid0000051|mbackgroundid0000052|mbgmodelid0000031|mbgmodelid0000050|mconcatfitid0000011|mconcatfitid0000030|mconcatfitid0000049|mdifffitid0000006|mdifffitid0000008|mdifffitid0000025|mdifffitid0000026|mdifffitid0000027|mdifffitid0000046|mdifffitid0000047|mimgtblid0000055|mprojectid0000001|mprojectid0000003|mprojectid0000004|mprojectid0000021|mprojectid0000023|mprojectid0000039|mprojectid0000041|mviewerid0000038|mviewerid0000057,0.200000,113.582000,0.287361,0.348827,119.109960,0.000000,0.000000,true,63.738000,35,263.987000,"{""bora011"":1,""diablo03"":1,""h3-standard-88-2"":2,""h4d-standard-192-7"":54}","{""bora011"":0.000586,""diablo03"":0.000169,""h3-standard-88-2"":0.001886,""h4d-standard-192-7"":0.01714}","[{""rank"":1,""recommended"":true,""feasible"":true,""budget_used"":0.287361,""budget_violation"":0,""makespan"":113.582,""deadline_violation"":0,""machine_signature"":""0c12efd3b4cacb07"",""weighted_score"":0.287361,""diversity_score"":3.068966},{""rank"":2,""recommended"":false,""feasible"":true,""budget_used"":0.297584,""budget_violation"":0,""makespan"":101.354,""deadline_violation"":0,""machine_signature"":""4e89de35658dd5b1"",""weighted_score"":0.297584,""diversity_score"":1.034483},{""rank"":3,""recommended"":false,""feasible"":true,""budget_used"":0.297584,""budget_violation"":0,""makespan"":101.354,""deadline_violation"":0,""machine_signature"":""8151cd3ec32711cb"",""weighted_score"":0.297584,""diversity_score"":1.034483}]"
prism_cc_time,hybrid_hetero,15,maddid0000037|maddid0000056|mbackgroundid0000014|mbackgroundid0000032|mbackgroundid0000034|mbackgroundid0000051|mbackgroundid0000052|mbgmodelid0000031|mbgmodelid0000050|mconcatfitid0000011|mconcatfitid0000030|mconcatfitid0000049|mdifffitid0000006|mdifffitid0000008|mdifffitid0000025|mdifffitid0000026|mdifffitid0000027|mdifffitid0000046|mdifffitid0000047|mimgtblid0000055|mprojectid0000001|mprojectid0000003|mprojectid0000004|mprojectid0000021|mprojectid0000023|mprojectid0000039|mprojectid0000041|mviewerid0000038|mviewerid0000057,0.200000,101.354000,0.297584,0.348827,119.109960,0.000000,0.000000,true,63.738000,35,263.987000,"{""h3-standard-88-2"":2,""h4d-standard-192-7"":56}","{""bora011"":0,""diablo03"":0,""h3-standard-88-2"":0.002113,""h4d-standard-192-7"":0.019239}","[{""rank"":1,""recommended"":true,""feasible"":true,""budget_used"":0.297584,""budget_violation"":0,""makespan"":101.354,""deadline_violation"":0,""machine_signature"":""4e89de35658dd5b1"",""weighted_score"":0.892342,""diversity_score"":1.034483},{""rank"":2,""recommended"":false,""feasible"":true,""budget_used"":0.297584,""budget_violation"":0,""makespan"":101.354,""deadline_violation"":0,""machine_signature"":""8151cd3ec32711cb"",""weighted_score"":0.892342,""diversity_score"":1.034483},{""rank"":3,""recommended"":false,""feasible"":true,""budget_used"":0.287361,""budget_violation"":0,""makespan"":113.582,""deadline_violation"":0,""machine_signature"":""0c12efd3b4cacb07"",""weighted_score"":1,""diversity_score"":3.068966}]"
heft_colocation,hybrid_homo,15,maddid0000037|maddid0000056|mbackgroundid0000014|mbackgroundid0000032|mbackgroundid0000034|mbackgroundid0000051|mbackgroundid0000052|mbgmodelid0000031|mbgmodelid0000050|mconcatfitid0000011|mconcatfitid0000030|mconcatfitid0000049|mdifffitid0000006|mdifffitid0000008|mdifffitid0000025|mdifffitid0000026|mdifffitid0000027|mdifffitid0000046|mdifffitid0000047|mimgtblid0000055|mprojectid0000001|mprojectid0000003|mprojectid0000004|mprojectid0000021|mprojectid0000023|mprojectid0000039|mprojectid0000041|mviewerid0000038|mviewerid0000057,0.200000,99.124000,0.520226,0.607531,118.113160,0.000000,0.000000,true,29.537000,14,3.006000,"{""h4d-standard-192-5"":36,""h4d-standard-192-6"":22}","{""bora009"":0,""bora010"":0,""h4d-standard-192-5"":0.010237,""h4d-standard-192-6"":0.008142}",[]
prism_cc_cost,hybrid_homo,15,maddid0000037|maddid0000056|mbackgroundid0000014|mbackgroundid0000032|mbackgroundid0000034|mbackgroundid0000051|mbackgroundid0000052|mbgmodelid0000031|mbgmodelid0000050|mconcatfitid0000011|mconcatfitid0000030|mconcatfitid0000049|mdifffitid0000006|mdifffitid0000008|mdifffitid0000025|mdifffitid0000026|mdifffitid0000027|mdifffitid0000046|mdifffitid0000047|mimgtblid0000055|mprojectid0000001|mprojectid0000003|mprojectid0000004|mprojectid0000021|mprojectid0000023|mprojectid0000039|mprojectid0000041|mviewerid0000038|mviewerid0000057,0.200000,107.722000,0.481208,0.607531,118.113160,0.000000,0.000000,true,29.537000,14,341.365000,"{""bora009"":1,""bora010"":2,""h4d-standard-192-5"":35,""h4d-standard-192-6"":20}","{""bora009"":0.000036,""bora010"":0.000873,""h4d-standard-192-5"":0.009399,""h4d-standard-192-6"":0.007483}","[{""rank"":1,""recommended"":true,""feasible"":true,""budget_used"":0.481208,""budget_violation"":0,""makespan"":107.722,""deadline_violation"":0,""machine_signature"":""6d2906d4b12ee2ad"",""weighted_score"":0.481208,""diversity_score"":3.396552},{""rank"":2,""recommended"":false,""feasible"":true,""budget_used"":0.520226,""budget_violation"":0,""makespan"":99.124,""deadline_violation"":0,""machine_signature"":""8054f24b42a1a8ef"",""weighted_score"":0.520226,""diversity_score"":1.37931}]"
prism_cc_time,hybrid_homo,15,maddid0000037|maddid0000056|mbackgroundid0000014|mbackgroundid0000032|mbackgroundid0000034|mbackgroundid0000051|mbackgroundid0000052|mbgmodelid0000031|mbgmodelid0000050|mconcatfitid0000011|mconcatfitid0000030|mconcatfitid0000049|mdifffitid0000006|mdifffitid0000008|mdifffitid0000025|mdifffitid0000026|mdifffitid0000027|mdifffitid0000046|mdifffitid0000047|mimgtblid0000055|mprojectid0000001|mprojectid0000003|mprojectid0000004|mprojectid0000021|mprojectid0000023|mprojectid0000039|mprojectid0000041|mviewerid0000038|mviewerid0000057,0.200000,99.124000,0.520226,0.607531,118.113160,0.000000,0.000000,true,29.537000,14,341.365000,"{""h4d-standard-192-5"":36,""h4d-standard-192-6"":22}","{""bora009"":0,""bora010"":0,""h4d-standard-192-5"":0.010237,""h4d-standard-192-6"":0.008142}","[{""rank"":1,""recommended"":true,""feasible"":true,""budget_used"":0.520226,""budget_violation"":0,""makespan"":99.124,""deadline_violation"":0,""machine_signature"":""8054f24b42a1a8ef"",""weighted_score"":0.920183,""diversity_score"":1.37931},{""rank"":2,""recommended"":false,""feasible"":true,""budget_used"":0.481208,""budget_violation"":0,""makespan"":107.722,""deadline_violation"":0,""machine_signature"":""6d2906d4b12ee2ad"",""weighted_score"":1,""diversity_score"":3.396552}]"
heft_colocation,hybrid_raspberry_500mbps,15,maddid0000037|maddid0000056|mbackgroundid0000014|mbackgroundid0000032|mbackgroundid0000034|mbackgroundid0000051|mbackgroundid0000052|mbgmodelid0000031|mbgmodelid0000050|mconcatfitid0000011|mconcatfitid0000030|mconcatfitid0000049|mdifffitid0000006|mdifffitid0000008|mdifffitid0000025|mdifffitid0000026|mdifffitid0000027|mdifffitid0000046|mdifffitid0000047|mimgtblid0000055|mprojectid0000001|mprojectid0000003|mprojectid0000004|mprojectid0000021|mprojectid0000023|mprojectid0000039|mprojectid0000041|mviewerid0000038|mviewerid0000057,0.200000,144.598000,0.482593,0.533583,179.300320,0.000000,0.000000,true,84.461000,28,2.328000,"{""cloud-node-02"":51,""hpc-node-02"":7}","{""cloud-node-01"":0,""cloud-node-02"":0.065074,""hpc-node-01"":0,""hpc-node-02"":0.036942,""rpi-edge-01"":0,""rpi-edge-02"":0,""rpi-edge-03"":0,""rpi-edge-04"":0,""rpi-edge-05"":0,""rpi-edge-06"":0,""rpi-edge-07"":0,""rpi-edge-08"":0,""rpi-edge-09"":0,""rpi-edge-10"":0}",[]
prism_cc_cost,hybrid_raspberry_500mbps,15,maddid0000037|maddid0000056|mbackgroundid0000014|mbackgroundid0000032|mbackgroundid0000034|mbackgroundid0000051|mbackgroundid0000052|mbgmodelid0000031|mbgmodelid0000050|mconcatfitid0000011|mconcatfitid0000030|mconcatfitid0000049|mdifffitid0000006|mdifffitid0000008|mdifffitid0000025|mdifffitid0000026|mdifffitid0000027|mdifffitid0000046|mdifffitid0000047|mimgtblid0000055|mprojectid0000001|mprojectid0000003|mprojectid0000004|mprojectid0000021|mprojectid0000023|mprojectid0000039|mprojectid0000041|mviewerid0000038|mviewerid0000057,0.200000,171.777000,0.226480,0.533583,179.300320,0.000000,0.000000,true,154.587000,33,561.600000,"{""cloud-node-02"":2,""hpc-node-02"":56}","{""cloud-node-01"":0,""cloud-node-02"":0.007709,""hpc-node-01"":0,""hpc-node-02"":0.193095,""rpi-edge-01"":0,""rpi-edge-02"":0,""rpi-edge-03"":0,""rpi-edge-04"":0,""rpi-edge-05"":0,""rpi-edge-06"":0,""rpi-edge-07"":0,""rpi-edge-08"":0,""rpi-edge-09"":0,""rpi-edge-10"":0}","[{""rank"":1,""recommended"":true,""feasible"":true,""budget_used"":0.22648,""budget_violation"":0,""makespan"":171.777,""deadline_violation"":0,""machine_signature"":""d5435a1bc46550c8"",""weighted_score"":0.22648,""diversity_score"":1.034483},{""rank"":2,""recommended"":false,""feasible"":true,""budget_used"":0.482593,""budget_violation"":0,""makespan"":144.598,""deadline_violation"":0,""machine_signature"":""8cc9b61941feebb1"",""weighted_score"":0.482593,""diversity_score"":1.12069},{""rank"":3,""recommended"":false,""feasible"":true,""budget_used"":0.482593,""budget_violation"":0,""makespan"":144.598,""deadline_violation"":0,""machine_signature"":""d0a72c174d667fee"",""weighted_score"":0.482593,""diversity_score"":1.12069}]"
prism_cc_time,hybrid_raspberry_500mbps,15,maddid0000037|maddid0000056|mbackgroundid0000014|mbackgroundid0000032|mbackgroundid0000034|mbackgroundid0000051|mbackgroundid0000052|mbgmodelid0000031|mbgmodelid0000050|mconcatfitid0000011|mconcatfitid0000030|mconcatfitid0000049|mdifffitid0000006|mdifffitid0000008|mdifffitid0000025|mdifffitid0000026|mdifffitid0000027|mdifffitid0000046|mdifffitid0000047|mimgtblid0000055|mprojectid0000001|mprojectid0000003|mprojectid0000004|mprojectid0000021|mprojectid0000023|mprojectid0000039|mprojectid0000041|mviewerid0000038|mviewerid0000057,0.200000,144.598000,0.482593,0.533583,179.300320,0.000000,0.000000,true,84.461000,28,561.600000,"{""cloud-node-02"":51,""hpc-node-02"":7}","{""cloud-node-01"":0,""cloud-node-02"":0.065074,""hpc-node-01"":0,""hpc-node-02"":0.036942,""rpi-edge-01"":0,""rpi-edge-02"":0,""rpi-edge-03"":0,""rpi-edge-04"":0,""rpi-edge-05"":0,""rpi-edge-06"":0,""rpi-edge-07"":0,""rpi-edge-08"":0,""rpi-edge-09"":0,""rpi-edge-10"":0}","[{""rank"":1,""recommended"":true,""feasible"":true,""budget_used"":0.482593,""budget_violation"":0,""makespan"":144.598,""deadline_violation"":0,""machine_signature"":""8cc9b61941feebb1"",""weighted_score"":0.841777,""diversity_score"":1.12069},{""rank"":2,""recommended"":false,""feasible"":true,""budget_used"":0.482593,""budget_violation"":0,""makespan"":144.598,""deadline_violation"":0,""machine_signature"":""d0a72c174d667fee"",""weighted_score"":0.841777,""diversity_score"":1.12069},{""rank"":3,""recommended"":false,""feasible"":true,""budget_used"":0.22648,""budget_violation"":0,""makespan"":171.777,""deadline_violation"":0,""machine_signature"":""d5435a1bc46550c8"",""weighted_score"":1,""diversity_score"":1.034483}]"
heft_colocation,cloud_hetero,16,maddid0000056|mbackgroundid0000013|mbackgroundid0000014|mbackgroundid0000033|mbackgroundid0000034|mbackgroundid0000051|mbackgroundid0000053|mbgmodelid0000012|mbgmodelid0000031|mconcatfitid0000011|mconcatfitid0000030|mdifffitid0000006|mdifffitid0000007|mdifffitid0000009|mdifffitid0000010|mdifffitid0000024|mdifffitid0000025|mdifffitid0000027|mdifffitid0000028|mdifffitid0000029|mdifffitid0000045|mdifffitid0000046|mimgtblid0000017|mprojectid0000004|mprojectid0000020|mprojectid0000041|mprojectid0000042|mviewerid0000019|mviewerid0000038,0.200000,95.157000,0.511549,0.641828,118.113160,0.000000,0.000000,true,7.267000,8,2.491000,"{""h4d-highmem-192-1"":44,""h4d-standard-192-1"":14}","{""h3-standard-88-1"":0,""h3-standard-88-2"":0,""h4d-highmem-192-1"":0.010489,""h4d-standard-192-1"":0.007438}",[]
prism_cc_cost,cloud_hetero,16,maddid0000056|mbackgroundid0000013|mbackgroundid0000014|mbackgroundid0000033|mbackgroundid0000034|mbackgroundid0000051|mbackgroundid0000053|mbgmodelid0000012|mbgmodelid0000031|mconcatfitid0000011|mconcatfitid0000030|mdifffitid0000006|mdifffitid0000007|mdifffitid0000009|mdifffitid0000010|mdifffitid0000024|mdifffitid0000025|mdifffitid0000027|mdifffitid0000028|mdifffitid0000029|mdifffitid0000045|mdifffitid0000046|mimgtblid0000017|mprojectid0000004|mprojectid0000020|mprojectid0000041|mprojectid0000042|mviewerid0000019|mviewerid0000038,0.200000,94.433000,0.206012,0.641828,118.113160,0.000000,0.000000,true,21.602000,26,231.670000,"{""h4d-standard-192-1"":58}","{""h3-standard-88-1"":0,""h3-standard-88-2"":0,""h4d-highmem-192-1"":0,""h4d-standard-192-1"":0.018855}","[{""rank"":1,""recommended"":true,""feasible"":true,""budget_used"":0.206012,""budget_violation"":0,""makespan"":94.433,""deadline_violation"":0,""machine_signature"":""c6dcfbfca1100251"",""weighted_score"":0.206012,""diversity_score"":0},{""rank"":2,""recommended"":false,""feasible"":true,""budget_used"":0.511549,""budget_violation"":0,""makespan"":95.157,""deadline_violation"":0,""machine_signature"":""68d4210a0745ddb4"",""weighted_score"":0.511549,""diversity_score"":1.241379}]"
prism_cc_time,cloud_hetero,16,maddid0000056|mbackgroundid0000013|mbackgroundid0000014|mbackgroundid0000033|mbackgroundid0000034|mbackgroundid0000051|mbackgroundid0000053|mbgmodelid0000012|mbgmodelid0000031|mconcatfitid0000011|mconcatfitid0000030|mdifffitid0000006|mdifffitid0000007|mdifffitid0000009|mdifffitid0000010|mdifffitid0000024|mdifffitid0000025|mdifffitid0000027|mdifffitid0000028|mdifffitid0000029|mdifffitid0000045|mdifffitid0000046|mimgtblid0000017|mprojectid0000004|mprojectid0000020|mprojectid0000041|mprojectid0000042|mviewerid0000019|mviewerid0000038,0.200000,94.433000,0.206012,0.641828,118.113160,0.000000,0.000000,true,21.602000,26,231.670000,"{""h4d-standard-192-1"":58}","{""h3-standard-88-1"":0,""h3-standard-88-2"":0,""h4d-highmem-192-1"":0,""h4d-standard-192-1"":0.018855}","[{""rank"":1,""recommended"":true,""feasible"":true,""budget_used"":0.206012,""budget_violation"":0,""makespan"":94.433,""deadline_violation"":0,""machine_signature"":""c6dcfbfca1100251"",""weighted_score"":0.992392,""diversity_score"":0},{""rank"":2,""recommended"":false,""feasible"":true,""budget_used"":0.511549,""budget_violation"":0,""makespan"":95.157,""deadline_violation"":0,""machine_signature"":""68d4210a0745ddb4"",""weighted_score"":1,""diversity_score"":1.241379}]"
heft_colocation,cloud_homo,16,maddid0000056|mbackgroundid0000013|mbackgroundid0000014|mbackgroundid0000033|mbackgroundid0000034|mbackgroundid0000051|mbackgroundid0000053|mbgmodelid0000012|mbgmodelid0000031|mconcatfitid0000011|mconcatfitid0000030|mdifffitid0000006|mdifffitid0000007|mdifffitid0000009|mdifffitid0000010|mdifffitid0000024|mdifffitid0000025|mdifffitid0000027|mdifffitid0000028|mdifffitid0000029|mdifffitid0000045|mdifffitid0000046|mimgtblid0000017|mprojectid0000004|mprojectid0000020|mprojectid0000041|mprojectid0000042|mviewerid0000019|mviewerid0000038,0.200000,99.816000,0.855885,1.059152,119.559000,0.000000,0.000000,true,0.269000,3,3.693000,"{""h4d-standard-192-1"":18,""h4d-standard-192-2"":18,""h4d-standard-192-3"":6,""h4d-standard-192-4"":16}","{""h4d-standard-192-1"":0.004298,""h4d-standard-192-2"":0.004534,""h4d-standard-192-3"":0.003589,""h4d-standard-192-4"":0.004304}",[]
prism_cc_cost,cloud_homo,16,maddid0000056|mbackgroundid0000013|mbackgroundid0000014|mbackgroundid0000033|mbackgroundid0000034|mbackgroundid0000051|mbackgroundid0000053|mbgmodelid0000012|mbgmodelid0000031|mconcatfitid0000011|mconcatfitid0000030|mdifffitid0000006|mdifffitid0000007|mdifffitid0000009|mdifffitid0000010|mdifffitid0000024|mdifffitid0000025|mdifffitid0000027|mdifffitid0000028|mdifffitid0000029|mdifffitid0000045|mdifffitid0000046|mimgtblid0000017|mprojectid0000004|mprojectid0000020|mprojectid0000041|mprojectid0000042|mviewerid0000019|mviewerid0000038,0.200000,92.879000,0.202626,1.059152,119.559000,0.000000,0.000000,true,21.447000,24,253.151000,"{""h4d-standard-192-1"":58}","{""h4d-standard-192-1"":0.019162,""h4d-standard-192-2"":0,""h4d-standard-192-3"":0,""h4d-standard-192-4"":0}","[{""rank"":1,""recommended"":true,""feasible"":true,""budget_used"":0.202626,""budget_violation"":0,""makespan"":92.879,""deadline_violation"":0,""machine_signature"":""9ab402842e336dc6"",""weighted_score"":0.202626,""diversity_score"":0},{""rank"":2,""recommended"":false,""feasible"":true,""budget_used"":0.855885,""budget_violation"":0,""makespan"":99.816,""deadline_violation"":0,""machine_signature"":""39e971faaf0fb53c"",""weighted_score"":0.855885,""diversity_score"":3.689655}]"
prism_cc_time,cloud_homo,16,maddid0000056|mbackgroundid0000013|mbackgroundid0000014|mbackgroundid0000033|mbackgroundid0000034|mbackgroundid0000051|mbackgroundid0000053|mbgmodelid0000012|mbgmodelid0000031|mconcatfitid0000011|mconcatfitid0000030|mdifffitid0000006|mdifffitid0000007|mdifffitid0000009|mdifffitid0000010|mdifffitid0000024|mdifffitid0000025|mdifffitid0000027|mdifffitid0000028|mdifffitid0000029|mdifffitid0000045|mdifffitid0000046|mimgtblid0000017|mprojectid0000004|mprojectid0000020|mprojectid0000041|mprojectid0000042|mviewerid0000019|mviewerid0000038,0.200000,92.879000,0.202626,1.059152,119.559000,0.000000,0.000000,true,21.447000,24,253.151000,"{""h4d-standard-192-1"":58}","{""h4d-standard-192-1"":0.019162,""h4d-standard-192-2"":0,""h4d-standard-192-3"":0,""h4d-standard-192-4"":0}","[{""rank"":1,""recommended"":true,""feasible"":true,""budget_used"":0.202626,""budget_violation"":0,""makespan"":92.879,""deadline_violation"":0,""machine_signature"":""9ab402842e336dc6"",""weighted_score"":0.930502,""diversity_score"":0},{""rank"":2,""recommended"":false,""feasible"":true,""budget_used"":0.855885,""budget_violation"":0,""makespan"":99.816,""deadline_violation"":0,""machine_signature"":""39e971faaf0fb53c"",""weighted_score"":1,""diversity_score"":3.689655}]"
heft_colocation,cluster_hetero,16,maddid0000056|mbackgroundid0000013|mbackgroundid0000014|mbackgroundid0000033|mbackgroundid0000034|mbackgroundid0000051|mbackgroundid0000053|mbgmodelid0000012|mbgmodelid0000031|mconcatfitid0000011|mconcatfitid0000030|mdifffitid0000006|mdifffitid0000007|mdifffitid0000009|mdifffitid0000010|mdifffitid0000024|mdifffitid0000025|mdifffitid0000027|mdifffitid0000028|mdifffitid0000029|mdifffitid0000045|mdifffitid0000046|mimgtblid0000017|mprojectid0000004|mprojectid0000020|mprojectid0000041|mprojectid0000042|mviewerid0000019|mviewerid0000038,0.200000,287.957000,0.000000,0.000000,353.759520,0.000000,0.000000,true,41.753000,16,0.885000,"{""bora005"":34,""bora006"":24}","{""bora005"":0.090231,""bora006"":0.084916,""diablo01"":0,""diablo02"":0}",[]
prism_cc_cost,cluster_hetero,16,maddid0000056|mbackgroundid0000013|mbackgroundid0000014|mbackgroundid0000033|mbackgroundid0000034|mbackgroundid0000051|mbackgroundid0000053|mbgmodelid0000012|mbgmodelid0000031|mconcatfitid0000011|mconcatfitid0000030|mdifffitid0000006|mdifffitid0000007|mdifffitid0000009|mdifffitid0000010|mdifffitid0000024|mdifffitid0000025|mdifffitid0000027|mdifffitid0000028|mdifffitid0000029|mdifffitid0000045|mdifffitid0000046|mimgtblid0000017|mprojectid0000004|mprojectid0000020|mprojectid0000041|mprojectid0000042|mviewerid0000019|mviewerid0000038,0.200000,287.957000,0.000000,0.000000,353.759520,0.000000,0.000000,true,41.753000,16,174.898000,"{""bora005"":34,""bora006"":24}","{""bora005"":0.090231,""bora006"":0.084916,""diablo01"":0,""diablo02"":0}","[{""rank"":1,""recommended"":true,""feasible"":true,""budget_used"":0,""budget_violation"":0,""makespan"":287.957,""deadline_violation"":0,""machine_signature"":""eadea0864f7ea76a"",""weighted_score"":0,""diversity_score"":1.413793},{""rank"":2,""recommended"":false,""feasible"":true,""budget_used"":0,""budget_violation"":0,""makespan"":288.436,""deadline_violation"":0,""machine_signature"":""d3cd21f0b3bea858"",""weighted_score"":0,""diversity_score"":3.448276}]"
prism_cc_time,cluster_hetero,16,maddid0000056|mbackgroundid0000013|mbackgroundid0000014|mbackgroundid0000033|mbackgroundid0000034|mbackgroundid0000051|mbackgroundid0000053|mbgmodelid0000012|mbgmodelid0000031|mconcatfitid0000011|mconcatfitid0000030|mdifffitid0000006|mdifffitid0000007|mdifffitid0000009|mdifffitid0000010|mdifffitid0000024|mdifffitid0000025|mdifffitid0000027|mdifffitid0000028|mdifffitid0000029|mdifffitid0000045|mdifffitid0000046|mimgtblid0000017|mprojectid0000004|mprojectid0000020|mprojectid0000041|mprojectid0000042|mviewerid0000019|mviewerid0000038,0.200000,287.957000,0.000000,0.000000,353.759520,0.000000,0.000000,true,41.753000,16,174.898000,"{""bora005"":34,""bora006"":24}","{""bora005"":0.090231,""bora006"":0.084916,""diablo01"":0,""diablo02"":0}","[{""rank"":1,""recommended"":true,""feasible"":true,""budget_used"":0,""budget_violation"":0,""makespan"":287.957,""deadline_violation"":0,""machine_signature"":""eadea0864f7ea76a"",""weighted_score"":0.998339,""diversity_score"":1.413793},{""rank"":2,""recommended"":false,""feasible"":true,""budget_used"":0,""budget_violation"":0,""makespan"":288.436,""deadline_violation"":0,""machine_signature"":""d3cd21f0b3bea858"",""weighted_score"":1,""diversity_score"":3.448276}]"
heft_colocation,cluster_homo,16,maddid0000056|mbackgroundid0000013|mbackgroundid0000014|mbackgroundid0000033|mbackgroundid0000034|mbackgroundid0000051|mbackgroundid0000053|mbgmodelid0000012|mbgmodelid0000031|mconcatfitid0000011|mconcatfitid0000030|mdifffitid0000006|mdifffitid0000007|mdifffitid0000009|mdifffitid0000010|mdifffitid0000024|mdifffitid0000025|mdifffitid0000027|mdifffitid0000028|mdifffitid0000029|mdifffitid0000045|mdifffitid0000046|mimgtblid0000017|mprojectid0000004|mprojectid0000020|mprojectid0000041|mprojectid0000042|mviewerid0000019|mviewerid0000038,0.200000,287.957000,0.000000,0.000000,345.548400,0.000000,0.000000,true,3.531000,9,0.766000,"{""bora001"":18,""bora002"":17,""bora003"":8,""bora004"":15}","{""bora001"":0.039821,""bora002"":0.0494,""bora003"":0.038221,""bora004"":0.044017}",[]
prism_cc_cost,cluster_homo,16,maddid0000056|mbackgroundid0000013|mbackgroundid0000014|mbackgroundid0000033|mbackgroundid0000034|mbackgroundid0000051|mbackgroundid0000053|mbgmodelid0000012|mbgmodelid0000031|mconcatfitid0000011|mconcatfitid0000030|mdifffitid0000006|mdifffitid0000007|mdifffitid0000009|mdifffitid0000010|mdifffitid0000024|mdifffitid0000025|mdifffitid0000027|mdifffitid0000028|mdifffitid0000029|mdifffitid0000045|mdifffitid0000046|mimgtblid0000017|mprojectid0000004|mprojectid0000020|mprojectid0000041|mprojectid0000042|mviewerid0000019|mviewerid0000038,0.200000,287.957000,0.000000,0.000000,345.548400,0.000000,0.000000,true,3.531000,9,129.592000,"{""bora001"":18,""bora002"":17,""bora003"":8,""bora004"":15}","{""bora001"":0.039821,""bora002"":0.0494,""bora003"":0.038221,""bora004"":0.044017}","[{""rank"":1,""recommended"":true,""feasible"":true,""budget_used"":0,""budget_violation"":0,""makespan"":287.957,""deadline_violation"":0,""machine_signature"":""349b523167a14493"",""weighted_score"":0,""diversity_score"":3.689655},{""rank"":2,""recommended"":false,""feasible"":true,""budget_used"":0,""budget_violation"":0,""makespan"":287.957,""deadline_violation"":0,""machine_signature"":""d8a8376ee44c6767"",""weighted_score"":0,""diversity_score"":3.672414}]"
prism_cc_time,cluster_homo,16,maddid0000056|mbackgroundid0000013|mbackgroundid0000014|mbackgroundid0000033|mbackgroundid0000034|mbackgroundid0000051|mbackgroundid0000053|mbgmodelid0000012|mbgmodelid0000031|mconcatfitid0000011|mconcatfitid0000030|mdifffitid0000006|mdifffitid0000007|mdifffitid0000009|mdifffitid0000010|mdifffitid0000024|mdifffitid0000025|mdifffitid0000027|mdifffitid0000028|mdifffitid0000029|mdifffitid0000045|mdifffitid0000046|mimgtblid0000017|mprojectid0000004|mprojectid0000020|mprojectid0000041|mprojectid0000042|mviewerid0000019|mviewerid0000038,0.200000,287.957000,0.000000,0.000000,345.548400,0.000000,0.000000,true,3.531000,9,129.592000,"{""bora001"":18,""bora002"":17,""bora003"":8,""bora004"":15}","{""bora001"":0.039821,""bora002"":0.0494,""bora003"":0.038221,""bora004"":0.044017}","[{""rank"":1,""recommended"":true,""feasible"":true,""budget_used"":0,""budget_violation"":0,""makespan"":287.957,""deadline_violation"":0,""machine_signature"":""349b523167a14493"",""weighted_score"":1,""diversity_score"":3.689655},{""rank"":2,""recommended"":false,""feasible"":true,""budget_used"":0,""budget_violation"":0,""makespan"":287.957,""deadline_violation"":0,""machine_signature"":""d8a8376ee44c6767"",""weighted_score"":1,""diversity_score"":3.672414}]"
heft_colocation,hybrid_hetero,16,maddid0000056|mbackgroundid0000013|mbackgroundid0000014|mbackgroundid0000033|mbackgroundid0000034|mbackgroundid0000051|mbackgroundid0000053|mbgmodelid0000012|mbgmodelid0000031|mconcatfitid0000011|mconcatfitid0000030|mdifffitid0000006|mdifffitid0000007|mdifffitid0000009|mdifffitid0000010|mdifffitid0000024|mdifffitid0000025|mdifffitid0000027|mdifffitid0000028|mdifffitid0000029|mdifffitid0000045|mdifffitid0000046|mimgtblid0000017|mprojectid0000004|mprojectid0000020|mprojectid0000041|mprojectid0000042|mviewerid0000019|mviewerid0000038,0.200000,92.864000,0.202595,0.348827,119.109960,0.000000,0.000000,true,21.873000,27,1.923000,"{""h4d-standard-192-7"":58}","{""bora011"":0,""diablo03"":0,""h3-standard-88-2"":0,""h4d-standard-192-7"":0.019189}",[]
prism_cc_cost,hybrid_hetero,16,maddid0000056|mbackgroundid0000013|mbackgroundid0000014|mbackgroundid0000033|mbackgroundid0000034|mbackgroundid0000051|mbackgroundid0000053|mbgmodelid0000012|mbgmodelid0000031|mconcatfitid0000011|mconcatfitid0000030|mdifffitid0000006|mdifffitid0000007|mdifffitid0000009|mdifffitid0000010|mdifffitid0000024|mdifffitid0000025|mdifffitid0000027|mdifffitid0000028|mdifffitid0000029|mdifffitid0000045|mdifffitid0000046|mimgtblid0000017|mprojectid0000004|mprojectid0000020|mprojectid0000041|mprojectid0000042|mviewerid0000019|mviewerid0000038,0.200000,112.617000,0.165777,0.348827,119.109960,0.000000,0.000000,true,22.295000,24,237.506000,"{""bora011"":14,""diablo03"":3,""h4d-standard-192-7"":41}","{""bora011"":0.004049,""diablo03"":0.000953,""h3-standard-88-2"":0,""h4d-standard-192-7"":0.015636}","[{""rank"":1,""recommended"":true,""feasible"":true,""budget_used"":0.165777,""budget_violation"":0,""makespan"":112.617,""deadline_violation"":0,""machine_signature"":""e0969d4756fc4b71"",""weighted_score"":0.165777,""diversity_score"":2.293103},{""rank"":2,""recommended"":false,""feasible"":true,""budget_used"":0.202595,""budget_violation"":0,""makespan"":92.864,""deadline_violation"":0,""machine_signature"":""a906d6eb62dce742"",""weighted_score"":0.202595,""diversity_score"":0}]"
prism_cc_time,hybrid_hetero,16,maddid0000056|mbackgroundid0000013|mbackgroundid0000014|mbackgroundid0000033|mbackgroundid0000034|mbackgroundid0000051|mbackgroundid0000053|mbgmodelid0000012|mbgmodelid0000031|mconcatfitid0000011|mconcatfitid0000030|mdifffitid0000006|mdifffitid0000007|mdifffitid0000009|mdifffitid0000010|mdifffitid0000024|mdifffitid0000025|mdifffitid0000027|mdifffitid0000028|mdifffitid0000029|mdifffitid0000045|mdifffitid0000046|mimgtblid0000017|mprojectid0000004|mprojectid0000020|mprojectid0000041|mprojectid0000042|mviewerid0000019|mviewerid0000038,0.200000,92.864000,0.202595,0.348827,119.109960,0.000000,0.000000,true,21.873000,27,237.506000,"{""h4d-standard-192-7"":58}","{""bora011"":0,""diablo03"":0,""h3-standard-88-2"":0,""h4d-standard-192-7"":0.019189}","[{""rank"":1,""recommended"":true,""feasible"":true,""budget_used"":0.202595,""budget_violation"":0,""makespan"":92.864,""deadline_violation"":0,""machine_signature"":""a906d6eb62dce742"",""weighted_score"":0.8246,""diversity_score"":0},{""rank"":2,""recommended"":false,""feasible"":true,""budget_used"":0.165777,""budget_violation"":0,""makespan"":112.617,""deadline_violation"":0,""machine_signature"":""e0969d4756fc4b71"",""weighted_score"":1,""diversity_score"":2.293103}]"
heft_colocation,hybrid_homo,16,maddid0000056|mbackgroundid0000013|mbackgroundid0000014|mbackgroundid0000033|mbackgroundid0000034|mbackgroundid0000051|mbackgroundid0000053|mbgmodelid0000012|mbgmodelid0000031|mconcatfitid0000011|mconcatfitid0000030|mdifffitid0000006|mdifffitid0000007|mdifffitid0000009|mdifffitid0000010|mdifffitid0000024|mdifffitid0000025|mdifffitid0000027|mdifffitid0000028|mdifffitid0000029|mdifffitid0000045|mdifffitid0000046|mimgtblid0000017|mprojectid0000004|mprojectid0000020|mprojectid0000041|mprojectid0000042|mviewerid0000019|mviewerid0000038,0.200000,95.157000,0.485407,0.607531,118.113160,0.000000,0.000000,true,7.267000,8,2.310000,"{""h4d-standard-192-5"":14,""h4d-standard-192-6"":44}","{""bora009"":0,""bora010"":0,""h4d-standard-192-5"":0.007438,""h4d-standard-192-6"":0.010489}",[]
prism_cc_cost,hybrid_homo,16,maddid0000056|mbackgroundid0000013|mbackgroundid0000014|mbackgroundid0000033|mbackgroundid0000034|mbackgroundid0000051|mbackgroundid0000053|mbgmodelid0000012|mbgmodelid0000031|mconcatfitid0000011|mconcatfitid0000030|mdifffitid0000006|mdifffitid0000007|mdifffitid0000009|mdifffitid0000010|mdifffitid0000024|mdifffitid0000025|mdifffitid0000027|mdifffitid0000028|mdifffitid0000029|mdifffitid0000045|mdifffitid0000046|mimgtblid0000017|mprojectid0000004|mprojectid0000020|mprojectid0000041|mprojectid0000042|mviewerid0000019|mviewerid0000038,0.200000,114.987000,0.294241,0.607531,118.113160,0.000000,0.000000,true,9.703000,4,346.241000,"{""bora009"":7,""bora010"":18,""h4d-standard-192-5"":32,""h4d-standard-192-6"":1}","{""bora009"":0.003919,""bora010"":0.006678,""h4d-standard-192-5"":0.012804,""h4d-standard-192-6"":0.001783}","[{""rank"":1,""recommended"":true,""feasible"":true,""budget_used"":0.294241,""budget_violation"":0,""makespan"":114.987,""deadline_violation"":0,""machine_signature"":""9f878a01a162155e"",""weighted_score"":0.294241,""diversity_score"":3.448276},{""rank"":2,""recommended"":false,""feasible"":true,""budget_used"":0.485407,""budget_violation"":0,""makespan"":95.157,""deadline_violation"":0,""machine_signature"":""6e77773e96a13eba"",""weighted_score"":0.485407,""diversity_score"":1.241379}]"
prism_cc_time,hybrid_homo,16,maddid0000056|mbackgroundid0000013|mbackgroundid0000014|mbackgroundid0000033|mbackgroundid0000034|mbackgroundid0000051|mbackgroundid0000053|mbgmodelid0000012|mbgmodelid0000031|mconcatfitid0000011|mconcatfitid0000030|mdifffitid0000006|mdifffitid0000007|mdifffitid0000009|mdifffitid0000010|mdifffitid0000024|mdifffitid0000025|mdifffitid0000027|mdifffitid0000028|mdifffitid0000029|mdifffitid0000045|mdifffitid0000046|mimgtblid0000017|mprojectid0000004|mprojectid0000020|mprojectid0000041|mprojectid0000042|mviewerid0000019|mviewerid0000038,0.200000,95.157000,0.485407,0.607531,118.113160,0.000000,0.000000,true,7.267000,8,346.241000,"{""h4d-standard-192-5"":14,""h4d-standard-192-6"":44}","{""bora009"":0,""bora010"":0,""h4d-standard-192-5"":0.007438,""h4d-standard-192-6"":0.010489}","[{""rank"":1,""recommended"":true,""feasible"":true,""budget_used"":0.485407,""budget_violation"":0,""makespan"":95.157,""deadline_violation"":0,""machine_signature"":""6e77773e96a13eba"",""weighted_score"":0.827546,""diversity_score"":1.241379},{""rank"":2,""recommended"":false,""feasible"":true,""budget_used"":0.294241,""budget_violation"":0,""makespan"":114.987,""deadline_violation"":0,""machine_signature"":""9f878a01a162155e"",""weighted_score"":1,""diversity_score"":3.448276}]"
heft_colocation,hybrid_raspberry_500mbps,16,maddid0000056|mbackgroundid0000013|mbackgroundid0000014|mbackgroundid0000033|mbackgroundid0000034|mbackgroundid0000051|mbackgroundid0000053|mbgmodelid0000012|mbgmodelid0000031|mconcatfitid0000011|mconcatfitid0000030|mdifffitid0000006|mdifffitid0000007|mdifffitid0000009|mdifffitid0000010|mdifffitid0000024|mdifffitid0000025|mdifffitid0000027|mdifffitid0000028|mdifffitid0000029|mdifffitid0000045|mdifffitid0000046|mimgtblid0000017|mprojectid0000004|mprojectid0000020|mprojectid0000041|mprojectid0000042|mviewerid0000019|mviewerid0000038,0.200000,135.525000,0.246310,0.533583,179.300320,0.000000,0.000000,true,22.140000,25,2.911000,"{""cloud-node-02"":57,""hpc-node-02"":1}","{""cloud-node-01"":0,""cloud-node-02"":0.070713,""hpc-node-01"":0,""hpc-node-02"":0.014469,""rpi-edge-01"":0,""rpi-edge-02"":0,""rpi-edge-03"":0,""rpi-edge-04"":0,""rpi-edge-05"":0,""rpi-edge-06"":0,""rpi-edge-07"":0,""rpi-edge-08"":0,""rpi-edge-09"":0,""rpi-edge-10"":0}",[]
prism_cc_cost,hybrid_raspberry_500mbps,16,maddid0000056|mbackgroundid0000013|mbackgroundid0000014|mbackgroundid0000033|mbackgroundid0000034|mbackgroundid0000051|mbackgroundid0000053|mbgmodelid0000012|mbgmodelid0000031|mconcatfitid0000011|mconcatfitid0000030|mdifffitid0000006|mdifffitid0000007|mdifffitid0000009|mdifffitid0000010|mdifffitid0000024|mdifffitid0000025|mdifffitid0000027|mdifffitid0000028|mdifffitid0000029|mdifffitid0000045|mdifffitid0000046|mimgtblid0000017|mprojectid0000004|mprojectid0000020|mprojectid0000041|mprojectid0000042|mviewerid0000019|mviewerid0000038,0.200000,135.805000,0.169761,0.533583,179.300320,0.000000,0.000000,true,42.680000,29,481.511000,"{""cloud-node-02"":58}","{""cloud-node-01"":0,""cloud-node-02"":0.077263,""hpc-node-01"":0,""hpc-node-02"":0,""rpi-edge-01"":0,""rpi-edge-02"":0,""rpi-edge-03"":0,""rpi-edge-04"":0,""rpi-edge-05"":0,""rpi-edge-06"":0,""rpi-edge-07"":0,""rpi-edge-08"":0,""rpi-edge-09"":0,""rpi-edge-10"":0}","[{""rank"":1,""recommended"":true,""feasible"":true,""budget_used"":0.169761,""budget_violation"":0,""makespan"":135.805,""deadline_violation"":0,""machine_signature"":""f7c20016d1934d3f"",""weighted_score"":0.169761,""diversity_score"":0},{""rank"":2,""recommended"":false,""feasible"":true,""budget_used"":0.24631,""budget_violation"":0,""makespan"":135.525,""deadline_violation"":0,""machine_signature"":""333e58541ee05c91"",""weighted_score"":0.24631,""diversity_score"":1.017241}]"
prism_cc_time,hybrid_raspberry_500mbps,16,maddid0000056|mbackgroundid0000013|mbackgroundid0000014|mbackgroundid0000033|mbackgroundid0000034|mbackgroundid0000051|mbackgroundid0000053|mbgmodelid0000012|mbgmodelid0000031|mconcatfitid0000011|mconcatfitid0000030|mdifffitid0000006|mdifffitid0000007|mdifffitid0000009|mdifffitid0000010|mdifffitid0000024|mdifffitid0000025|mdifffitid0000027|mdifffitid0000028|mdifffitid0000029|mdifffitid0000045|mdifffitid0000046|mimgtblid0000017|mprojectid0000004|mprojectid0000020|mprojectid0000041|mprojectid0000042|mviewerid0000019|mviewerid0000038,0.200000,135.525000,0.246310,0.533583,179.300320,0.000000,0.000000,true,22.140000,25,481.511000,"{""cloud-node-02"":57,""hpc-node-02"":1}","{""cloud-node-01"":0,""cloud-node-02"":0.070713,""hpc-node-01"":0,""hpc-node-02"":0.014469,""rpi-edge-01"":0,""rpi-edge-02"":0,""rpi-edge-03"":0,""rpi-edge-04"":0,""rpi-edge-05"":0,""rpi-edge-06"":0,""rpi-edge-07"":0,""rpi-edge-08"":0,""rpi-edge-09"":0,""rpi-edge-10"":0}","[{""rank"":1,""recommended"":true,""feasible"":true,""budget_used"":0.24631,""budget_violation"":0,""makespan"":135.525,""deadline_violation"":0,""machine_signature"":""333e58541ee05c91"",""weighted_score"":0.997938,""diversity_score"":1.017241},{""rank"":2,""recommended"":false,""feasible"":true,""budget_used"":0.169761,""budget_violation"":0,""makespan"":135.805,""deadline_violation"":0,""machine_signature"":""f7c20016d1934d3f"",""weighted_score"":1,""diversity_score"":0}]"
heft_colocation,cloud_hetero,17,maddid0000018|maddid0000037|maddid0000056|mbackgroundid0000013|mbackgroundid0000015|mbackgroundid0000032|mbackgroundid0000033|mbackgroundid0000034|mbackgroundid0000035|mbackgroundid0000052|mbackgroundid0000053|mbgmodelid0000031|mconcatfitid0000030|mdifffitid0000006|mdifffitid0000007|mdifffitid0000008|mdifffitid0000009|mdifffitid0000024|mdifffitid0000026|mdifffitid0000029|mdifffitid0000043|mdifffitid0000044|mimgtblid0000036|mprojectid0000003|mprojectid0000004|mprojectid0000020|mprojectid0000022|mprojectid0000023|mprojectid0000042,0.200000,95.151000,0.509122,0.641828,118.113160,0.000000,0.000000,true,21.507000,14,1.789000,"{""h4d-highmem-192-1"":43,""h4d-standard-192-1"":15}","{""h3-standard-88-1"":0,""h3-standard-88-2"":0,""h4d-highmem-192-1"":0.011254,""h4d-standard-192-1"":0.007454}",[]
prism_cc_cost,cloud_hetero,17,maddid0000018|maddid0000037|maddid0000056|mbackgroundid0000013|mbackgroundid0000015|mbackgroundid0000032|mbackgroundid0000033|mbackgroundid0000034|mbackgroundid0000035|mbackgroundid0000052|mbackgroundid0000053|mbgmodelid0000031|mconcatfitid0000030|mdifffitid0000006|mdifffitid0000007|mdifffitid0000008|mdifffitid0000009|mdifffitid0000024|mdifffitid0000026|mdifffitid0000029|mdifffitid0000043|mdifffitid0000044|mimgtblid0000036|mprojectid0000003|mprojectid0000004|mprojectid0000020|mprojectid0000022|mprojectid0000023|mprojectid0000042,0.200000,94.439000,0.206028,0.641828,118.113160,0.000000,0.000000,true,56.103000,38,226.858000,"{""h4d-standard-192-1"":58}","{""h3-standard-88-1"":0,""h3-standard-88-2"":0,""h4d-highmem-192-1"":0,""h4d-standard-192-1"":0.020757}","[{""rank"":1,""recommended"":true,""feasible"":true,""budget_used"":0.206028,""budget_violation"":0,""makespan"":94.439,""deadline_violation"":0,""machine_signature"":""f8854f53a958a638"",""weighted_score"":0.206028,""diversity_score"":0},{""rank"":2,""recommended"":false,""feasible"":true,""budget_used"":0.509122,""budget_violation"":0,""makespan"":95.151,""deadline_violation"":0,""machine_signature"":""8ff5142f8c542bed"",""weighted_score"":0.509122,""diversity_score"":1.258621}]"
prism_cc_time,cloud_hetero,17,maddid0000018|maddid0000037|maddid0000056|mbackgroundid0000013|mbackgroundid0000015|mbackgroundid0000032|mbackgroundid0000033|mbackgroundid0000034|mbackgroundid0000035|mbackgroundid0000052|mbackgroundid0000053|mbgmodelid0000031|mconcatfitid0000030|mdifffitid0000006|mdifffitid0000007|mdifffitid0000008|mdifffitid0000009|mdifffitid0000024|mdifffitid0000026|mdifffitid0000029|mdifffitid0000043|mdifffitid0000044|mimgtblid0000036|mprojectid0000003|mprojectid0000004|mprojectid0000020|mprojectid0000022|mprojectid0000023|mprojectid0000042,0.200000,94.439000,0.206028,0.641828,118.113160,0.000000,0.000000,true,56.103000,38,226.858000,"{""h4d-standard-192-1"":58}","{""h3-standard-88-1"":0,""h3-standard-88-2"":0,""h4d-highmem-192-1"":0,""h4d-standard-192-1"":0.020757}","[{""rank"":1,""recommended"":true,""feasible"":true,""budget_used"":0.206028,""budget_violation"":0,""makespan"":94.439,""deadline_violation"":0,""machine_signature"":""f8854f53a958a638"",""weighted_score"":0.992517,""diversity_score"":0},{""rank"":2,""recommended"":false,""feasible"":true,""budget_used"":0.509122,""budget_violation"":0,""makespan"":95.151,""deadline_violation"":0,""machine_signature"":""8ff5142f8c542bed"",""weighted_score"":1,""diversity_score"":1.258621}]"
heft_colocation,cloud_homo,17,maddid0000018|maddid0000037|maddid0000056|mbackgroundid0000013|mbackgroundid0000015|mbackgroundid0000032|mbackgroundid0000033|mbackgroundid0000034|mbackgroundid0000035|mbackgroundid0000052|mbackgroundid0000053|mbgmodelid0000031|mconcatfitid0000030|mdifffitid0000006|mdifffitid0000007|mdifffitid0000008|mdifffitid0000009|mdifffitid0000024|mdifffitid0000026|mdifffitid0000029|mdifffitid0000043|mdifffitid0000044|mimgtblid0000036|mprojectid0000003|mprojectid0000004|mprojectid0000020|mprojectid0000022|mprojectid0000023|mprojectid0000042,0.200000,99.816000,0.851263,1.059152,119.559000,0.000000,0.000000,true,5.856000,6,5.140000,"{""h4d-standard-192-1"":27,""h4d-standard-192-2"":4,""h4d-standard-192-3"":8,""h4d-standard-192-4"":19}","{""h4d-standard-192-1"":0.004971,""h4d-standard-192-2"":0.002121,""h4d-standard-192-3"":0.00373,""h4d-standard-192-4"":0.006196}",[]
prism_cc_cost,cloud_homo,17,maddid0000018|maddid0000037|maddid0000056|mbackgroundid0000013|mbackgroundid0000015|mbackgroundid0000032|mbackgroundid0000033|mbackgroundid0000034|mbackgroundid0000035|mbackgroundid0000052|mbackgroundid0000053|mbgmodelid0000031|mconcatfitid0000030|mdifffitid0000006|mdifffitid0000007|mdifffitid0000008|mdifffitid0000009|mdifffitid0000024|mdifffitid0000026|mdifffitid0000029|mdifffitid0000043|mdifffitid0000044|mimgtblid0000036|mprojectid0000003|mprojectid0000004|mprojectid0000020|mprojectid0000022|mprojectid0000023|mprojectid0000042,0.200000,92.879000,0.202615,1.059152,119.559000,0.000000,0.000000,true,55.675000,34,261.422000,"{""h4d-standard-192-1"":58}","{""h4d-standard-192-1"":0.021081,""h4d-standard-192-2"":0,""h4d-standard-192-3"":0,""h4d-standard-192-4"":0}","[{""rank"":1,""recommended"":true,""feasible"":true,""budget_used"":0.202615,""budget_violation"":0,""makespan"":92.879,""deadline_violation"":0,""machine_signature"":""2e0b3c70fccf062c"",""weighted_score"":0.202615,""diversity_score"":0},{""rank"":2,""recommended"":false,""feasible"":true,""budget_used"":0.851263,""budget_violation"":0,""makespan"":99.816,""deadline_violation"":0,""machine_signature"":""c4912b582fd2c166"",""weighted_score"":0.851263,""diversity_score"":3.534483}]"
prism_cc_time,cloud_homo,17,maddid0000018|maddid0000037|maddid0000056|mbackgroundid0000013|mbackgroundid0000015|mbackgroundid0000032|mbackgroundid0000033|mbackgroundid0000034|mbackgroundid0000035|mbackgroundid0000052|mbackgroundid0000053|mbgmodelid0000031|mconcatfitid0000030|mdifffitid0000006|mdifffitid0000007|mdifffitid0000008|mdifffitid0000009|mdifffitid0000024|mdifffitid0000026|mdifffitid0000029|mdifffitid0000043|mdifffitid0000044|mimgtblid0000036|mprojectid0000003|mprojectid0000004|mprojectid0000020|mprojectid0000022|mprojectid0000023|mprojectid0000042,0.200000,92.879000,0.202615,1.059152,119.559000,0.000000,0.000000,true,55.675000,34,261.422000,"{""h4d-standard-192-1"":58}","{""h4d-standard-192-1"":0.021081,""h4d-standard-192-2"":0,""h4d-standard-192-3"":0,""h4d-standard-192-4"":0}","[{""rank"":1,""recommended"":true,""feasible"":true,""budget_used"":0.202615,""budget_violation"":0,""makespan"":92.879,""deadline_violation"":0,""machine_signature"":""2e0b3c70fccf062c"",""weighted_score"":0.930502,""diversity_score"":0},{""rank"":2,""recommended"":false,""feasible"":true,""budget_used"":0.851263,""budget_violation"":0,""makespan"":99.816,""deadline_violation"":0,""machine_signature"":""c4912b582fd2c166"",""weighted_score"":1,""diversity_score"":3.534483}]"
heft_colocation,cluster_hetero,17,maddid0000018|maddid0000037|maddid0000056|mbackgroundid0000013|mbackgroundid0000015|mbackgroundid0000032|mbackgroundid0000033|mbackgroundid0000034|mbackgroundid0000035|mbackgroundid0000052|mbackgroundid0000053|mbgmodelid0000031|mconcatfitid0000030|mdifffitid0000006|mdifffitid0000007|mdifffitid0000008|mdifffitid0000009|mdifffitid0000024|mdifffitid0000026|mdifffitid0000029|mdifffitid0000043|mdifffitid0000044|mimgtblid0000036|mprojectid0000003|mprojectid0000004|mprojectid0000020|mprojectid0000022|mprojectid0000023|mprojectid0000042,0.200000,287.957000,0.000000,0.000000,353.759520,0.000000,0.000000,true,58.793000,10,1.032000,"{""bora005"":33,""bora006"":20,""diablo01"":3,""diablo02"":2}","{""bora005"":0.087727,""bora006"":0.073716,""diablo01"":0.005436,""diablo02"":0.00534}",[]
prism_cc_cost,cluster_hetero,17,maddid0000018|maddid0000037|maddid0000056|mbackgroundid0000013|mbackgroundid0000015|mbackgroundid0000032|mbackgroundid0000033|mbackgroundid0000034|mbackgroundid0000035|mbackgroundid0000052|mbackgroundid0000053|mbgmodelid0000031|mconcatfitid0000030|mdifffitid0000006|mdifffitid0000007|mdifffitid0000008|mdifffitid0000009|mdifffitid0000024|mdifffitid0000026|mdifffitid0000029|mdifffitid0000043|mdifffitid0000044|mimgtblid0000036|mprojectid0000003|mprojectid0000004|mprojectid0000020|mprojectid0000022|mprojectid0000023|mprojectid0000042,0.200000,287.957000,0.000000,0.000000,353.759520,0.000000,0.000000,true,58.793000,10,154.835000,"{""bora005"":33,""bora006"":20,""diablo01"":3,""diablo02"":2}","{""bora005"":0.087727,""bora006"":0.073716,""diablo01"":0.005436,""diablo02"":0.00534}","[{""rank"":1,""recommended"":true,""feasible"":true,""budget_used"":0,""budget_violation"":0,""makespan"":287.957,""deadline_violation"":0,""machine_signature"":""8afd3f9002f939ff"",""weighted_score"":0,""diversity_score"":3.431034},{""rank"":2,""recommended"":false,""feasible"":true,""budget_used"":0,""budget_violation"":0,""makespan"":287.957,""deadline_violation"":0,""machine_signature"":""55c5e7309950fb4b"",""weighted_score"":0,""diversity_score"":3.465517}]"
prism_cc_time,cluster_hetero,17,maddid0000018|maddid0000037|maddid0000056|mbackgroundid0000013|mbackgroundid0000015|mbackgroundid0000032|mbackgroundid0000033|mbackgroundid0000034|mbackgroundid0000035|mbackgroundid0000052|mbackgroundid0000053|mbgmodelid0000031|mconcatfitid0000030|mdifffitid0000006|mdifffitid0000007|mdifffitid0000008|mdifffitid0000009|mdifffitid0000024|mdifffitid0000026|mdifffitid0000029|mdifffitid0000043|mdifffitid0000044|mimgtblid0000036|mprojectid0000003|mprojectid0000004|mprojectid0000020|mprojectid0000022|mprojectid0000023|mprojectid0000042,0.200000,287.957000,0.000000,0.000000,353.759520,0.000000,0.000000,true,58.793000,10,154.835000,"{""bora005"":33,""bora006"":20,""diablo01"":3,""diablo02"":2}","{""bora005"":0.087727,""bora006"":0.073716,""diablo01"":0.005436,""diablo02"":0.00534}","[{""rank"":1,""recommended"":true,""feasible"":true,""budget_used"":0,""budget_violation"":0,""makespan"":287.957,""deadline_violation"":0,""machine_signature"":""8afd3f9002f939ff"",""weighted_score"":1,""diversity_score"":3.431034},{""rank"":2,""recommended"":false,""feasible"":true,""budget_used"":0,""budget_violation"":0,""makespan"":287.957,""deadline_violation"":0,""machine_signature"":""55c5e7309950fb4b"",""weighted_score"":1,""diversity_score"":3.465517}]"
heft_colocation,cluster_homo,17,maddid0000018|maddid0000037|maddid0000056|mbackgroundid0000013|mbackgroundid0000015|mbackgroundid0000032|mbackgroundid0000033|mbackgroundid0000034|mbackgroundid0000035|mbackgroundid0000052|mbackgroundid0000053|mbgmodelid0000031|mconcatfitid0000030|mdifffitid0000006|mdifffitid0000007|mdifffitid0000008|mdifffitid0000009|mdifffitid0000024|mdifffitid0000026|mdifffitid0000029|mdifffitid0000043|mdifffitid0000044|mimgtblid0000036|mprojectid0000003|mprojectid0000004|mprojectid0000020|mprojectid0000022|mprojectid0000023|mprojectid0000042,0.200000,287.957000,0.000000,0.000000,345.548400,0.000000,0.000000,true,33.348000,8,0.740000,"{""bora001"":20,""bora002"":12,""bora003"":10,""bora004"":16}","{""bora001"":0.049833,""bora002"":0.023211,""bora003"":0.047073,""bora004"":0.054219}",[]
prism_cc_cost,cluster_homo,17,maddid0000018|maddid0000037|maddid0000056|mbackgroundid0000013|mbackgroundid0000015|mbackgroundid0000032|mbackgroundid0000033|mbackgroundid0000034|mbackgroundid0000035|mbackgroundid0000052|mbackgroundid0000053|mbgmodelid0000031|mconcatfitid0000030|mdifffitid0000006|mdifffitid0000007|mdifffitid0000008|mdifffitid0000009|mdifffitid0000024|mdifffitid0000026|mdifffitid0000029|mdifffitid0000043|mdifffitid0000044|mimgtblid0000036|mprojectid0000003|mprojectid0000004|mprojectid0000020|mprojectid0000022|mprojectid0000023|mprojectid0000042,0.200000,287.957000,0.000000,0.000000,345.548400,0.000000,0.000000,true,33.348000,8,156.007000,"{""bora001"":20,""bora002"":12,""bora003"":10,""bora004"":16}","{""bora001"":0.049833,""bora002"":0.023211,""bora003"":0.047073,""bora004"":0.054219}","[{""rank"":1,""recommended"":true,""feasible"":true,""budget_used"":0,""budget_violation"":0,""makespan"":287.957,""deadline_violation"":0,""machine_signature"":""26ea55be2517b710"",""weighted_score"":0,""diversity_score"":3.655172},{""rank"":2,""recommended"":false,""feasible"":true,""budget_used"":0,""budget_violation"":0,""makespan"":287.957,""deadline_violation"":0,""machine_signature"":""63f683d347be788d"",""weighted_score"":0,""diversity_score"":3.637931}]"
prism_cc_time,cluster_homo,17,maddid0000018|maddid0000037|maddid0000056|mbackgroundid0000013|mbackgroundid0000015|mbackgroundid0000032|mbackgroundid0000033|mbackgroundid0000034|mbackgroundid0000035|mbackgroundid0000052|mbackgroundid0000053|mbgmodelid0000031|mconcatfitid0000030|mdifffitid0000006|mdifffitid0000007|mdifffitid0000008|mdifffitid0000009|mdifffitid0000024|mdifffitid0000026|mdifffitid0000029|mdifffitid0000043|mdifffitid0000044|mimgtblid0000036|mprojectid0000003|mprojectid0000004|mprojectid0000020|mprojectid0000022|mprojectid0000023|mprojectid0000042,0.200000,287.957000,0.000000,0.000000,345.548400,0.000000,0.000000,true,33.348000,8,156.007000,"{""bora001"":20,""bora002"":12,""bora003"":10,""bora004"":16}","{""bora001"":0.049833,""bora002"":0.023211,""bora003"":0.047073,""bora004"":0.054219}","[{""rank"":1,""recommended"":true,""feasible"":true,""budget_used"":0,""budget_violation"":0,""makespan"":287.957,""deadline_violation"":0,""machine_signature"":""26ea55be2517b710"",""weighted_score"":1,""diversity_score"":3.655172},{""rank"":2,""recommended"":false,""feasible"":true,""budget_used"":0,""budget_violation"":0,""makespan"":287.957,""deadline_violation"":0,""machine_signature"":""63f683d347be788d"",""weighted_score"":1,""diversity_score"":3.637931}]"
heft_colocation,hybrid_hetero,17,maddid0000018|maddid0000037|maddid0000056|mbackgroundid0000013|mbackgroundid0000015|mbackgroundid0000032|mbackgroundid0000033|mbackgroundid0000034|mbackgroundid0000035|mbackgroundid0000052|mbackgroundid0000053|mbgmodelid0000031|mconcatfitid0000030|mdifffitid0000006|mdifffitid0000007|mdifffitid0000008|mdifffitid0000009|mdifffitid0000024|mdifffitid0000026|mdifffitid0000029|mdifffitid0000043|mdifffitid0000044|mimgtblid0000036|mprojectid0000003|mprojectid0000004|mprojectid0000020|mprojectid0000022|mprojectid0000023|mprojectid0000042,0.200000,92.864000,0.295768,0.348827,119.109960,0.000000,0.000000,true,41.756000,21,1.659000,"{""h3-standard-88-2"":2,""h4d-standard-192-7"":56}","{""bora011"":0,""diablo03"":0,""h3-standard-88-2"":0.003328,""h4d-standard-192-7"":0.019527}",[]
prism_cc_cost,hybrid_hetero,17,maddid0000018|maddid0000037|maddid0000056|mbackgroundid0000013|mbackgroundid0000015|mbackgroundid0000032|mbackgroundid0000033|mbackgroundid0000034|mbackgroundid0000035|mbackgroundid0000052|mbackgroundid0000053|mbgmodelid0000031|mconcatfitid0000030|mdifffitid0000006|mdifffitid0000007|mdifffitid0000008|mdifffitid0000009|mdifffitid0000024|mdifffitid0000026|mdifffitid0000029|mdifffitid0000043|mdifffitid0000044|mimgtblid0000036|mprojectid0000003|mprojectid0000004|mprojectid0000020|mprojectid0000022|mprojectid0000023|mprojectid0000042,0.200000,111.405000,0.265762,0.348827,119.109960,0.000000,0.000000,true,42.066000,23,231.932000,"{""bora011"":10,""h3-standard-88-2"":2,""h4d-standard-192-7"":46}","{""bora011"":0.00391,""diablo03"":0,""h3-standard-88-2"":0.002774,""h4d-standard-192-7"":0.016147}","[{""rank"":1,""recommended"":true,""feasible"":true,""budget_used"":0.265762,""budget_violation"":0,""makespan"":111.405,""deadline_violation"":0,""machine_signature"":""9ef68d3b4a201f45"",""weighted_score"":0.265762,""diversity_score"":2.206897},{""rank"":2,""recommended"":false,""feasible"":true,""budget_used"":0.295768,""budget_violation"":0,""makespan"":92.864,""deadline_violation"":0,""machine_signature"":""ac704e7175fb2dc7"",""weighted_score"":0.295768,""diversity_score"":1.034483},{""rank"":3,""recommended"":false,""feasible"":true,""budget_used"":0.295768,""budget_violation"":0,""makespan"":92.864,""deadline_violation"":0,""machine_signature"":""bbb4105a5983ea02"",""weighted_score"":0.295768,""diversity_score"":1.034483}]"
prism_cc_time,hybrid_hetero,17,maddid0000018|maddid0000037|maddid0000056|mbackgroundid0000013|mbackgroundid0000015|mbackgroundid0000032|mbackgroundid0000033|mbackgroundid0000034|mbackgroundid0000035|mbackgroundid0000052|mbackgroundid0000053|mbgmodelid0000031|mconcatfitid0000030|mdifffitid0000006|mdifffitid0000007|mdifffitid0000008|mdifffitid0000009|mdifffitid0000024|mdifffitid0000026|mdifffitid0000029|mdifffitid0000043|mdifffitid0000044|mimgtblid0000036|mprojectid0000003|mprojectid0000004|mprojectid0000020|mprojectid0000022|mprojectid0000023|mprojectid0000042,0.200000,92.864000,0.295768,0.348827,119.109960,0.000000,0.000000,true,41.756000,21,231.932000,"{""h3-standard-88-2"":2,""h4d-standard-192-7"":56}","{""bora011"":0,""diablo03"":0,""h3-standard-88-2"":0.003328,""h4d-standard-192-7"":0.019527}","[{""rank"":1,""recommended"":true,""feasible"":true,""budget_used"":0.295768,""budget_violation"":0,""makespan"":92.864,""deadline_violation"":0,""machine_signature"":""ac704e7175fb2dc7"",""weighted_score"":0.833571,""diversity_score"":1.034483},{""rank"":2,""recommended"":false,""feasible"":true,""budget_used"":0.295768,""budget_violation"":0,""makespan"":92.864,""deadline_violation"":0,""machine_signature"":""bbb4105a5983ea02"",""weighted_score"":0.833571,""diversity_score"":1.034483},{""rank"":3,""recommended"":false,""feasible"":true,""budget_used"":0.265762,""budget_violation"":0,""makespan"":111.405,""deadline_violation"":0,""machine_signature"":""9ef68d3b4a201f45"",""weighted_score"":1,""diversity_score"":2.206897}]"
heft_colocation,hybrid_homo,17,maddid0000018|maddid0000037|maddid0000056|mbackgroundid0000013|mbackgroundid0000015|mbackgroundid0000032|mbackgroundid0000033|mbackgroundid0000034|mbackgroundid0000035|mbackgroundid0000052|mbackgroundid0000053|mbgmodelid0000031|mconcatfitid0000030|mdifffitid0000006|mdifffitid0000007|mdifffitid0000008|mdifffitid0000009|mdifffitid0000024|mdifffitid0000026|mdifffitid0000029|mdifffitid0000043|mdifffitid0000044|mimgtblid0000036|mprojectid0000003|mprojectid0000004|mprojectid0000020|mprojectid0000022|mprojectid0000023|mprojectid0000042,0.200000,95.151000,0.482978,0.607531,118.113160,0.000000,0.000000,true,21.507000,14,2.162000,"{""h4d-standard-192-5"":15,""h4d-standard-192-6"":43}","{""bora009"":0,""bora010"":0,""h4d-standard-192-5"":0.007454,""h4d-standard-192-6"":0.011254}",[]
prism_cc_cost,hybrid_homo,17,maddid0000018|maddid0000037|maddid0000056|mbackgroundid0000013|mbackgroundid0000015|mbackgroundid0000032|mbackgroundid0000033|mbackgroundid0000034|mbackgroundid0000035|mbackgroundid0000052|mbackgroundid0000053|mbgmodelid0000031|mconcatfitid0000030|mdifffitid0000006|mdifffitid0000007|mdifffitid0000008|mdifffitid0000009|mdifffitid0000024|mdifffitid0000026|mdifffitid0000029|mdifffitid0000043|mdifffitid0000044|mimgtblid0000036|mprojectid0000003|mprojectid0000004|mprojectid0000020|mprojectid0000022|mprojectid0000023|mprojectid0000042,0.200000,110.761000,0.437970,0.607531,118.113160,0.000000,0.000000,true,21.379000,13,361.262000,"{""bora009"":5,""bora010"":6,""h4d-standard-192-5"":14,""h4d-standard-192-6"":33}","{""bora009"":0.00099,""bora010"":0.003289,""h4d-standard-192-5"":0.006373,""h4d-standard-192-6"":0.009547}","[{""rank"":1,""recommended"":true,""feasible"":true,""budget_used"":0.43797,""budget_violation"":0,""makespan"":110.761,""deadline_violation"":0,""machine_signature"":""f84cd2528e7076e5"",""weighted_score"":0.43797,""diversity_score"":3.431034},{""rank"":2,""recommended"":false,""feasible"":true,""budget_used"":0.482978,""budget_violation"":0,""makespan"":95.151,""deadline_violation"":0,""machine_signature"":""95bb87b782655687"",""weighted_score"":0.482978,""diversity_score"":1.258621}]"
prism_cc_time,hybrid_homo,17,maddid0000018|maddid0000037|maddid0000056|mbackgroundid0000013|mbackgroundid0000015|mbackgroundid0000032|mbackgroundid0000033|mbackgroundid0000034|mbackgroundid0000035|mbackgroundid0000052|mbackgroundid0000053|mbgmodelid0000031|mconcatfitid0000030|mdifffitid0000006|mdifffitid0000007|mdifffitid0000008|mdifffitid0000009|mdifffitid0000024|mdifffitid0000026|mdifffitid0000029|mdifffitid0000043|mdifffitid0000044|mimgtblid0000036|mprojectid0000003|mprojectid0000004|mprojectid0000020|mprojectid0000022|mprojectid0000023|mprojectid0000042,0.200000,95.151000,0.482978,0.607531,118.113160,0.000000,0.000000,true,21.507000,14,361.262000,"{""h4d-standard-192-5"":15,""h4d-standard-192-6"":43}","{""bora009"":0,""bora010"":0,""h4d-standard-192-5"":0.007454,""h4d-standard-192-6"":0.011254}","[{""rank"":1,""recommended"":true,""feasible"":true,""budget_used"":0.482978,""budget_violation"":0,""makespan"":95.151,""deadline_violation"":0,""machine_signature"":""95bb87b782655687"",""weighted_score"":0.859066,""diversity_score"":1.258621},{""rank"":2,""recommended"":false,""feasible"":true,""budget_used"":0.43797,""budget_violation"":0,""makespan"":110.761,""deadline_violation"":0,""machine_signature"":""f84cd2528e7076e5"",""weighted_score"":1,""diversity_score"":3.431034}]"
heft_colocation,hybrid_raspberry_500mbps,17,maddid0000018|maddid0000037|maddid0000056|mbackgroundid0000013|mbackgroundid0000015|mbackgroundid0000032|mbackgroundid0000033|mbackgroundid0000034|mbackgroundid0000035|mbackgroundid0000052|mbackgroundid0000053|mbgmodelid0000031|mconcatfitid0000030|mdifffitid0000006|mdifffitid0000007|mdifffitid0000008|mdifffitid0000009|mdifffitid0000024|mdifffitid0000026|mdifffitid0000029|mdifffitid0000043|mdifffitid0000044|mimgtblid0000036|mprojectid0000003|mprojectid0000004|mprojectid0000020|mprojectid0000022|mprojectid0000023|mprojectid0000042,0.200000,135.525000,0.433785,0.533583,179.300320,0.000000,0.000000,true,61.077000,25,2.767000,"{""cloud-node-02"":52,""hpc-node-02"":6}","{""cloud-node-01"":0,""cloud-node-02"":0.070203,""hpc-node-01"":0,""hpc-node-02"":0.029703,""rpi-edge-01"":0,""rpi-edge-02"":0,""rpi-edge-03"":0,""rpi-edge-04"":0,""rpi-edge-05"":0,""rpi-edge-06"":0,""rpi-edge-07"":0,""rpi-edge-08"":0,""rpi-edge-09"":0,""rpi-edge-10"":0}",[]
prism_cc_cost,hybrid_raspberry_500mbps,17,maddid0000018|maddid0000037|maddid0000056|mbackgroundid0000013|mbackgroundid0000015|mbackgroundid0000032|mbackgroundid0000033|mbackgroundid0000034|mbackgroundid0000035|mbackgroundid0000052|mbackgroundid0000053|mbgmodelid0000031|mconcatfitid0000030|mdifffitid0000006|mdifffitid0000007|mdifffitid0000008|mdifffitid0000009|mdifffitid0000024|mdifffitid0000026|mdifffitid0000029|mdifffitid0000043|mdifffitid0000044|mimgtblid0000036|mprojectid0000003|mprojectid0000004|mprojectid0000020|mprojectid0000022|mprojectid0000023|mprojectid0000042,0.200000,139.617000,0.251607,0.533583,179.300320,0.000000,0.000000,true,67.700000,25,671.291000,"{""cloud-node-02"":56,""hpc-node-02"":2}","{""cloud-node-01"":0,""cloud-node-02"":0.071613,""hpc-node-01"":0,""hpc-node-02"":0.021133,""rpi-edge-01"":0,""rpi-edge-02"":0,""rpi-edge-03"":0,""rpi-edge-04"":0,""rpi-edge-05"":0,""rpi-edge-06"":0,""rpi-edge-07"":0,""rpi-edge-08"":0,""rpi-edge-09"":0,""rpi-edge-10"":0}","[{""rank"":1,""recommended"":true,""feasible"":true,""budget_used"":0.251607,""budget_violation"":0,""makespan"":139.617,""deadline_violation"":0,""machine_signature"":""854e5fa611b9dd1e"",""weighted_score"":0.251607,""diversity_score"":1.034483},{""rank"":2,""recommended"":false,""feasible"":true,""budget_used"":0.433785,""budget_violation"":0,""makespan"":135.525,""deadline_violation"":0,""machine_signature"":""1ef19329344eb489"",""weighted_score"":0.433785,""diversity_score"":1.103448}]"
prism_cc_time,hybrid_raspberry_500mbps,17,maddid0000018|maddid0000037|maddid0000056|mbackgroundid0000013|mbackgroundid0000015|mbackgroundid0000032|mbackgroundid0000033|mbackgroundid0000034|mbackgroundid0000035|mbackgroundid0000052|mbackgroundid0000053|mbgmodelid0000031|mconcatfitid0000030|mdifffitid0000006|mdifffitid0000007|mdifffitid0000008|mdifffitid0000009|mdifffitid0000024|mdifffitid0000026|mdifffitid0000029|mdifffitid0000043|mdifffitid0000044|mimgtblid0000036|mprojectid0000003|mprojectid0000004|mprojectid0000020|mprojectid0000022|mprojectid0000023|mprojectid0000042,0.200000,135.525000,0.433785,0.533583,179.300320,0.000000,0.000000,true,61.077000,25,671.291000,"{""cloud-node-02"":52,""hpc-node-02"":6}","{""cloud-node-01"":0,""cloud-node-02"":0.070203,""hpc-node-01"":0,""hpc-node-02"":0.029703,""rpi-edge-01"":0,""rpi-edge-02"":0,""rpi-edge-03"":0,""rpi-edge-04"":0,""rpi-edge-05"":0,""rpi-edge-06"":0,""rpi-edge-07"":0,""rpi-edge-08"":0,""rpi-edge-09"":0,""rpi-edge-10"":0}","[{""rank"":1,""recommended"":true,""feasible"":true,""budget_used"":0.433785,""budget_violation"":0,""makespan"":135.525,""deadline_violation"":0,""machine_signature"":""1ef19329344eb489"",""weighted_score"":0.970691,""diversity_score"":1.103448},{""rank"":2,""recommended"":false,""feasible"":true,""budget_used"":0.251607,""budget_violation"":0,""makespan"":139.617,""deadline_violation"":0,""machine_signature"":""854e5fa611b9dd1e"",""weighted_score"":1,""diversity_score"":1.034483}]"
heft_colocation,cloud_hetero,18,maddid0000018|maddid0000056|mbackgroundid0000014|mbackgroundid0000015|mbackgroundid0000035|mbackgroundid0000053|mbgmodelid0000012|mbgmodelid0000050|mconcatfitid0000030|mconcatfitid0000049|mdifffitid0000006|mdifffitid0000007|mdifffitid0000008|mdifffitid0000010|mdifffitid0000024|mdifffitid0000026|mdifffitid0000027|mdifffitid0000046|mdifffitid0000048|mprojectid0000001|mprojectid0000002|mprojectid0000020|mprojectid0000021|mprojectid0000039|mprojectid0000041|mprojectid0000042|mviewerid0000038|mviewerid0000057|mviewerid0000058,0.200000,103.641000,0.559996,0.641828,118.113160,0.000000,0.000000,true,28.287000,17,1.853000,"{""h4d-highmem-192-1"":39,""h4d-standard-192-1"":19}","{""h3-standard-88-1"":0,""h3-standard-88-2"":0,""h4d-highmem-192-1"":0.007831,""h4d-standard-192-1"":0.009685}",[]
prism_cc_cost,cloud_hetero,18,maddid0000018|maddid0000056|mbackgroundid0000014|mbackgroundid0000015|mbackgroundid0000035|mbackgroundid0000053|mbgmodelid0000012|mbgmodelid0000050|mconcatfitid0000030|mconcatfitid0000049|mdifffitid0000006|mdifffitid0000007|mdifffitid0000008|mdifffitid0000010|mdifffitid0000024|mdifffitid0000026|mdifffitid0000027|mdifffitid0000046|mdifffitid0000048|mprojectid0000001|mprojectid0000002|mprojectid0000020|mprojectid0000021|mprojectid0000039|mprojectid0000041|mprojectid0000042|mviewerid0000038|mviewerid0000057|mviewerid0000058,0.200000,106.738000,0.232861,0.641828,118.113160,0.000000,0.000000,true,70.038000,54,302.825000,"{""h4d-standard-192-1"":58}","{""h3-standard-88-1"":0,""h3-standard-88-2"":0,""h4d-highmem-192-1"":0,""h4d-standard-192-1"":0.019045}","[{""rank"":1,""recommended"":true,""feasible"":true,""budget_used"":0.232861,""budget_violation"":0,""makespan"":106.738,""deadline_violation"":0,""machine_signature"":""3c87a38626159c12"",""weighted_score"":0.232861,""diversity_score"":0},{""rank"":2,""recommended"":false,""feasible"":true,""budget_used"":0.559996,""budget_violation"":0,""makespan"":103.641,""deadline_violation"":0,""machine_signature"":""82efc09693774523"",""weighted_score"":0.559996,""diversity_score"":1.327586}]"
prism_cc_time,cloud_hetero,18,maddid0000018|maddid0000056|mbackgroundid0000014|mbackgroundid0000015|mbackgroundid0000035|mbackgroundid0000053|mbgmodelid0000012|mbgmodelid0000050|mconcatfitid0000030|mconcatfitid0000049|mdifffitid0000006|mdifffitid0000007|mdifffitid0000008|mdifffitid0000010|mdifffitid0000024|mdifffitid0000026|mdifffitid0000027|mdifffitid0000046|mdifffitid0000048|mprojectid0000001|mprojectid0000002|mprojectid0000020|mprojectid0000021|mprojectid0000039|mprojectid0000041|mprojectid0000042|mviewerid0000038|mviewerid0000057|mviewerid0000058,0.200000,103.641000,0.559996,0.641828,118.113160,0.000000,0.000000,true,28.287000,17,302.825000,"{""h4d-highmem-192-1"":39,""h4d-standard-192-1"":19}","{""h3-standard-88-1"":0,""h3-standard-88-2"":0,""h4d-highmem-192-1"":0.007831,""h4d-standard-192-1"":0.009685}","[{""rank"":1,""recommended"":true,""feasible"":true,""budget_used"":0.559996,""budget_violation"":0,""makespan"":103.641,""deadline_violation"":0,""machine_signature"":""82efc09693774523"",""weighted_score"":0.970985,""diversity_score"":1.327586},{""rank"":2,""recommended"":false,""feasible"":true,""budget_used"":0.232861,""budget_violation"":0,""makespan"":106.738,""deadline_violation"":0,""machine_signature"":""3c87a38626159c12"",""weighted_score"":1,""diversity_score"":0}]"
heft_colocation,cloud_homo,18,maddid0000018|maddid0000056|mbackgroundid0000014|mbackgroundid0000015|mbackgroundid0000035|mbackgroundid0000053|mbgmodelid0000012|mbgmodelid0000050|mconcatfitid0000030|mconcatfitid0000049|mdifffitid0000006|mdifffitid0000007|mdifffitid0000008|mdifffitid0000010|mdifffitid0000024|mdifffitid0000026|mdifffitid0000027|mdifffitid0000046|mdifffitid0000048|mprojectid0000001|mprojectid0000002|mprojectid0000020|mprojectid0000021|mprojectid0000039|mprojectid0000041|mprojectid0000042|mviewerid0000038|mviewerid0000057|mviewerid0000058,0.200000,99.696000,0.910012,1.059152,119.559000,0.000000,0.000000,true,7.093000,8,2.998000,"{""h4d-standard-192-1"":18,""h4d-standard-192-2"":16,""h4d-standard-192-3"":21,""h4d-standard-192-4"":3}","{""h4d-standard-192-1"":0.003864,""h4d-standard-192-2"":0.004881,""h4d-standard-192-3"":0.006272,""h4d-standard-192-4"":0.002085}",[]
prism_cc_cost,cloud_homo,18,maddid0000018|maddid0000056|mbackgroundid0000014|mbackgroundid0000015|mbackgroundid0000035|mbackgroundid0000053|mbgmodelid0000012|mbgmodelid0000050|mconcatfitid0000030|mconcatfitid0000049|mdifffitid0000006|mdifffitid0000007|mdifffitid0000008|mdifffitid0000010|mdifffitid0000024|mdifffitid0000026|mdifffitid0000027|mdifffitid0000046|mdifffitid0000048|mprojectid0000001|mprojectid0000002|mprojectid0000020|mprojectid0000021|mprojectid0000039|mprojectid0000041|mprojectid0000042|mviewerid0000038|mviewerid0000057|mviewerid0000058,0.200000,105.468000,0.230090,1.059152,119.559000,0.000000,0.000000,true,69.758000,50,336.792000,"{""h4d-standard-192-1"":58}","{""h4d-standard-192-1"":0.01926,""h4d-standard-192-2"":0,""h4d-standard-192-3"":0,""h4d-standard-192-4"":0}","[{""rank"":1,""recommended"":true,""feasible"":true,""budget_used"":0.23009,""budget_violation"":0,""makespan"":105.468,""deadline_violation"":0,""machine_signature"":""edd6db37f5c13801"",""weighted_score"":0.23009,""diversity_score"":0},{""rank"":2,""recommended"":false,""feasible"":true,""budget_used"":0.893661,""budget_violation"":0,""makespan"":99.696,""deadline_violation"":0,""machine_signature"":""53d96b527e4fdd5c"",""weighted_score"":0.893661,""diversity_score"":3.637931},{""rank"":3,""recommended"":false,""feasible"":true,""budget_used"":0.910012,""budget_violation"":0,""makespan"":99.696,""deadline_violation"":0,""machine_signature"":""1c66f21fe18b041d"",""weighted_score"":0.910012,""diversity_score"":3.637931}]"
prism_cc_time,cloud_homo,18,maddid0000018|maddid0000056|mbackgroundid0000014|mbackgroundid0000015|mbackgroundid0000035|mbackgroundid0000053|mbgmodelid0000012|mbgmodelid0000050|mconcatfitid0000030|mconcatfitid0000049|mdifffitid0000006|mdifffitid0000007|mdifffitid0000008|mdifffitid0000010|mdifffitid0000024|mdifffitid0000026|mdifffitid0000027|mdifffitid0000046|mdifffitid0000048|mprojectid0000001|mprojectid0000002|mprojectid0000020|mprojectid0000021|mprojectid0000039|mprojectid0000041|mprojectid0000042|mviewerid0000038|mviewerid0000057|mviewerid0000058,0.200000,99.696000,0.910012,1.059152,119.559000,0.000000,0.000000,true,7.093000,8,336.792000,"{""h4d-standard-192-1"":18,""h4d-standard-192-2"":16,""h4d-standard-192-3"":21,""h4d-standard-192-4"":3}","{""h4d-standard-192-1"":0.003864,""h4d-standard-192-2"":0.004881,""h4d-standard-192-3"":0.006272,""h4d-standard-192-4"":0.002085}","[{""rank"":1,""recommended"":true,""feasible"":true,""budget_used"":0.893661,""budget_violation"":0,""makespan"":99.696,""deadline_violation"":0,""machine_signature"":""53d96b527e4fdd5c"",""weighted_score"":0.945272,""diversity_score"":3.637931},{""rank"":2,""recommended"":false,""feasible"":true,""budget_used"":0.910012,""budget_violation"":0,""makespan"":99.696,""deadline_violation"":0,""machine_signature"":""1c66f21fe18b041d"",""weighted_score"":0.945272,""diversity_score"":3.637931},{""rank"":3,""recommended"":false,""feasible"":true,""budget_used"":0.23009,""budget_violation"":0,""makespan"":105.468,""deadline_violation"":0,""machine_signature"":""edd6db37f5c13801"",""weighted_score"":1,""diversity_score"":0}]"
heft_colocation,cluster_hetero,18,maddid0000018|maddid0000056|mbackgroundid0000014|mbackgroundid0000015|mbackgroundid0000035|mbackgroundid0000053|mbgmodelid0000012|mbgmodelid0000050|mconcatfitid0000030|mconcatfitid0000049|mdifffitid0000006|mdifffitid0000007|mdifffitid0000008|mdifffitid0000010|mdifffitid0000024|mdifffitid0000026|mdifffitid0000027|mdifffitid0000046|mdifffitid0000048|mprojectid0000001|mprojectid0000002|mprojectid0000020|mprojectid0000021|mprojectid0000039|mprojectid0000041|mprojectid0000042|mviewerid0000038|mviewerid0000057|mviewerid0000058,0.200000,307.991000,0.000000,0.000000,353.759520,0.000000,0.000000,true,91.539000,18,0.952000,"{""bora005"":33,""bora006"":22,""diablo01"":2,""diablo02"":1}","{""bora005"":0.073389,""bora006"":0.082669,""diablo01"":0.004859,""diablo02"":0.003698}",[]
prism_cc_cost,cluster_hetero,18,maddid0000018|maddid0000056|mbackgroundid0000014|mbackgroundid0000015|mbackgroundid0000035|mbackgroundid0000053|mbgmodelid0000012|mbgmodelid0000050|mconcatfitid0000030|mconcatfitid0000049|mdifffitid0000006|mdifffitid0000007|mdifffitid0000008|mdifffitid0000010|mdifffitid0000024|mdifffitid0000026|mdifffitid0000027|mdifffitid0000046|mdifffitid0000048|mprojectid0000001|mprojectid0000002|mprojectid0000020|mprojectid0000021|mprojectid0000039|mprojectid0000041|mprojectid0000042|mviewerid0000038|mviewerid0000057|mviewerid0000058,0.200000,307.991000,0.000000,0.000000,353.759520,0.000000,0.000000,true,91.539000,18,157.781000,"{""bora005"":33,""bora006"":22,""diablo01"":2,""diablo02"":1}","{""bora005"":0.073389,""bora006"":0.082669,""diablo01"":0.004859,""diablo02"":0.003698}","[{""rank"":1,""recommended"":true,""feasible"":true,""budget_used"":0,""budget_violation"":0,""makespan"":307.991,""deadline_violation"":0,""machine_signature"":""4c28826f42d13b6c"",""weighted_score"":0,""diversity_score"":3.431034},{""rank"":2,""recommended"":false,""feasible"":true,""budget_used"":0,""budget_violation"":0,""makespan"":307.991,""deadline_violation"":0,""machine_signature"":""c2f68632b37b3516"",""weighted_score"":0,""diversity_score"":3.431034}]"
prism_cc_time,cluster_hetero,18,maddid0000018|maddid0000056|mbackgroundid0000014|mbackgroundid0000015|mbackgroundid0000035|mbackgroundid0000053|mbgmodelid0000012|mbgmodelid0000050|mconcatfitid0000030|mconcatfitid0000049|mdifffitid0000006|mdifffitid0000007|mdifffitid0000008|mdifffitid0000010|mdifffitid0000024|mdifffitid0000026|mdifffitid0000027|mdifffitid0000046|mdifffitid0000048|mprojectid0000001|mprojectid0000002|mprojectid0000020|mprojectid0000021|mprojectid0000039|mprojectid0000041|mprojectid0000042|mviewerid0000038|mviewerid0000057|mviewerid0000058,0.200000,307.991000,0.000000,0.000000,353.759520,0.000000,0.000000,true,91.539000,18,157.781000,"{""bora005"":33,""bora006"":22,""diablo01"":2,""diablo02"":1}","{""bora005"":0.073389,""bora006"":0.082669,""diablo01"":0.004859,""diablo02"":0.003698}","[{""rank"":1,""recommended"":true,""feasible"":true,""budget_used"":0,""budget_violation"":0,""makespan"":307.991,""deadline_violation"":0,""machine_signature"":""4c28826f42d13b6c"",""weighted_score"":1,""diversity_score"":3.431034},{""rank"":2,""recommended"":false,""feasible"":true,""budget_used"":0,""budget_violation"":0,""makespan"":307.991,""deadline_violation"":0,""machine_signature"":""c2f68632b37b3516"",""weighted_score"":1,""diversity_score"":3.431034}]"
heft_colocation,cluster_homo,18,maddid0000018|maddid0000056|mbackgroundid0000014|mbackgroundid0000015|mbackgroundid0000035|mbackgroundid0000053|mbgmodelid0000012|mbgmodelid0000050|mconcatfitid0000030|mconcatfitid0000049|mdifffitid0000006|mdifffitid0000007|mdifffitid0000008|mdifffitid0000010|mdifffitid0000024|mdifffitid0000026|mdifffitid0000027|mdifffitid0000046|mdifffitid0000048|mprojectid0000001|mprojectid0000002|mprojectid0000020|mprojectid0000021|mprojectid0000039|mprojectid0000041|mprojectid0000042|mviewerid0000038|mviewerid0000057|mviewerid0000058,0.200000,287.957000,0.000000,0.000000,345.548400,0.000000,0.000000,true,39.525000,9,0.735000,"{""bora001"":18,""bora002"":17,""bora003"":21,""bora004"":2}","{""bora001"":0.041394,""bora002"":0.050325,""bora003"":0.06211,""bora004"":0.021102}",[]
prism_cc_cost,cluster_homo,18,maddid0000018|maddid0000056|mbackgroundid0000014|mbackgroundid0000015|mbackgroundid0000035|mbackgroundid0000053|mbgmodelid0000012|mbgmodelid0000050|mconcatfitid0000030|mconcatfitid0000049|mdifffitid0000006|mdifffitid0000007|mdifffitid0000008|mdifffitid0000010|mdifffitid0000024|mdifffitid0000026|mdifffitid0000027|mdifffitid0000046|mdifffitid0000048|mprojectid0000001|mprojectid0000002|mprojectid0000020|mprojectid0000021|mprojectid0000039|mprojectid0000041|mprojectid0000042|mviewerid0000038|mviewerid0000057|mviewerid0000058,0.200000,287.957000,0.000000,0.000000,345.548400,0.000000,0.000000,true,39.525000,9,155.180000,"{""bora001"":18,""bora002"":17,""bora003"":21,""bora004"":2}","{""bora001"":0.041394,""bora002"":0.050325,""bora003"":0.06211,""bora004"":0.021102}","[{""rank"":1,""recommended"":true,""feasible"":true,""budget_used"":0,""budget_violation"":0,""makespan"":287.957,""deadline_violation"":0,""machine_signature"":""ffa37ddeeb240240"",""weighted_score"":0,""diversity_score"":3.637931},{""rank"":2,""recommended"":false,""feasible"":true,""budget_used"":0,""budget_violation"":0,""makespan"":287.957,""deadline_violation"":0,""machine_signature"":""fe172c4402f557c3"",""weighted_score"":0,""diversity_score"":3.637931}]"
prism_cc_time,cluster_homo,18,maddid0000018|maddid0000056|mbackgroundid0000014|mbackgroundid0000015|mbackgroundid0000035|mbackgroundid0000053|mbgmodelid0000012|mbgmodelid0000050|mconcatfitid0000030|mconcatfitid0000049|mdifffitid0000006|mdifffitid0000007|mdifffitid0000008|mdifffitid0000010|mdifffitid0000024|mdifffitid0000026|mdifffitid0000027|mdifffitid0000046|mdifffitid0000048|mprojectid0000001|mprojectid0000002|mprojectid0000020|mprojectid0000021|mprojectid0000039|mprojectid0000041|mprojectid0000042|mviewerid0000038|mviewerid0000057|mviewerid0000058,0.200000,287.957000,0.000000,0.000000,345.548400,0.000000,0.000000,true,39.525000,9,155.180000,"{""bora001"":18,""bora002"":17,""bora003"":21,""bora004"":2}","{""bora001"":0.041394,""bora002"":0.050325,""bora003"":0.06211,""bora004"":0.021102}","[{""rank"":1,""recommended"":true,""feasible"":true,""budget_used"":0,""budget_violation"":0,""makespan"":287.957,""deadline_violation"":0,""machine_signature"":""ffa37ddeeb240240"",""weighted_score"":1,""diversity_score"":3.637931},{""rank"":2,""recommended"":false,""feasible"":true,""budget_used"":0,""budget_violation"":0,""makespan"":287.957,""deadline_violation"":0,""machine_signature"":""fe172c4402f557c3"",""weighted_score"":1,""diversity_score"":3.637931}]"
heft_colocation,hybrid_hetero,18,maddid0000018|maddid0000056|mbackgroundid0000014|mbackgroundid0000015|mbackgroundid0000035|mbackgroundid0000053|mbgmodelid0000012|mbgmodelid0000050|mconcatfitid0000030|mconcatfitid0000049|mdifffitid0000006|mdifffitid0000007|mdifffitid0000008|mdifffitid0000010|mdifffitid0000024|mdifffitid0000026|mdifffitid0000027|mdifffitid0000046|mdifffitid0000048|mprojectid0000001|mprojectid0000002|mprojectid0000020|mprojectid0000021|mprojectid0000039|mprojectid0000041|mprojectid0000042|mviewerid0000038|mviewerid0000057|mviewerid0000058,0.200000,104.534000,0.309519,0.348827,119.109960,0.000000,0.000000,true,57.484000,39,1.471000,"{""h3-standard-88-2"":2,""h4d-standard-192-7"":56}","{""bora011"":0,""diablo03"":0,""h3-standard-88-2"":0.002299,""h4d-standard-192-7"":0.018284}",[]
prism_cc_cost,hybrid_hetero,18,maddid0000018|maddid0000056|mbackgroundid0000014|mbackgroundid0000015|mbackgroundid0000035|mbackgroundid0000053|mbgmodelid0000012|mbgmodelid0000050|mconcatfitid0000030|mconcatfitid0000049|mdifffitid0000006|mdifffitid0000007|mdifffitid0000008|mdifffitid0000010|mdifffitid0000024|mdifffitid0000026|mdifffitid0000027|mdifffitid0000046|mdifffitid0000048|mprojectid0000001|mprojectid0000002|mprojectid0000020|mprojectid0000021|mprojectid0000039|mprojectid0000041|mprojectid0000042|mviewerid0000038|mviewerid0000057|mviewerid0000058,0.200000,117.057000,0.292352,0.348827,119.109960,0.000000,0.000000,true,57.484000,39,267.527000,"{""bora011"":4,""h3-standard-88-2"":2,""h4d-standard-192-7"":52}","{""bora011"":0.000904,""diablo03"":0,""h3-standard-88-2"":0.002053,""h4d-standard-192-7"":0.016298}","[{""rank"":1,""recommended"":true,""feasible"":true,""budget_used"":0.292352,""budget_violation"":0,""makespan"":117.057,""deadline_violation"":0,""machine_signature"":""52151c4fcd960738"",""weighted_score"":0.292352,""diversity_score"":2.103448},{""rank"":2,""recommended"":false,""feasible"":true,""budget_used"":0.309519,""budget_violation"":0,""makespan"":104.534,""deadline_violation"":0,""machine_signature"":""ffd7e6a49b68c181"",""weighted_score"":0.309519,""diversity_score"":1.034483}]"
prism_cc_time,hybrid_hetero,18,maddid0000018|maddid0000056|mbackgroundid0000014|mbackgroundid0000015|mbackgroundid0000035|mbackgroundid0000053|mbgmodelid0000012|mbgmodelid0000050|mconcatfitid0000030|mconcatfitid0000049|mdifffitid0000006|mdifffitid0000007|mdifffitid0000008|mdifffitid0000010|mdifffitid0000024|mdifffitid0000026|mdifffitid0000027|mdifffitid0000046|mdifffitid0000048|mprojectid0000001|mprojectid0000002|mprojectid0000020|mprojectid0000021|mprojectid0000039|mprojectid0000041|mprojectid0000042|mviewerid0000038|mviewerid0000057|mviewerid0000058,0.200000,104.534000,0.309519,0.348827,119.109960,0.000000,0.000000,true,57.484000,39,267.527000,"{""h3-standard-88-2"":2,""h4d-standard-192-7"":56}","{""bora011"":0,""diablo03"":0,""h3-standard-88-2"":0.002299,""h4d-standard-192-7"":0.018284}","[{""rank"":1,""recommended"":true,""feasible"":true,""budget_used"":0.309519,""budget_violation"":0,""makespan"":104.534,""deadline_violation"":0,""machine_signature"":""ffd7e6a49b68c181"",""weighted_score"":0.893018,""diversity_score"":1.034483},{""rank"":2,""recommended"":false,""feasible"":true,""budget_used"":0.292352,""budget_violation"":0,""makespan"":117.057,""deadline_violation"":0,""machine_signature"":""52151c4fcd960738"",""weighted_score"":1,""diversity_score"":2.103448}]"
heft_colocation,hybrid_homo,18,maddid0000018|maddid0000056|mbackgroundid0000014|mbackgroundid0000015|mbackgroundid0000035|mbackgroundid0000053|mbgmodelid0000012|mbgmodelid0000050|mconcatfitid0000030|mconcatfitid0000049|mdifffitid0000006|mdifffitid0000007|mdifffitid0000008|mdifffitid0000010|mdifffitid0000024|mdifffitid0000026|mdifffitid0000027|mdifffitid0000046|mdifffitid0000048|mprojectid0000001|mprojectid0000002|mprojectid0000020|mprojectid0000021|mprojectid0000039|mprojectid0000041|mprojectid0000042|mviewerid0000038|mviewerid0000057|mviewerid0000058,0.200000,103.641000,0.519381,0.607531,118.113160,0.000000,0.000000,true,28.016000,17,1.719000,"{""h4d-standard-192-5"":18,""h4d-standard-192-6"":40}","{""bora009"":0,""bora010"":0,""h4d-standard-192-5"":0.00956,""h4d-standard-192-6"":0.007942}",[]
prism_cc_cost,hybrid_homo,18,maddid0000018|maddid0000056|mbackgroundid0000014|mbackgroundid0000015|mbackgroundid0000035|mbackgroundid0000053|mbgmodelid0000012|mbgmodelid0000050|mconcatfitid0000030|mconcatfitid0000049|mdifffitid0000006|mdifffitid0000007|mdifffitid0000008|mdifffitid0000010|mdifffitid0000024|mdifffitid0000026|mdifffitid0000027|mdifffitid0000046|mdifffitid0000048|mprojectid0000001|mprojectid0000002|mprojectid0000020|mprojectid0000021|mprojectid0000039|mprojectid0000041|mprojectid0000042|mviewerid0000038|mviewerid0000057|mviewerid0000058,0.200000,114.980000,0.499661,0.607531,118.113160,0.000000,0.000000,true,28.016000,17,298.040000,"{""bora009"":1,""bora010"":3,""h4d-standard-192-5"":18,""h4d-standard-192-6"":36}","{""bora009"":0.000034,""bora010"":0.001124,""h4d-standard-192-5"":0.008617,""h4d-standard-192-6"":0.00712}","[{""rank"":1,""recommended"":true,""feasible"":true,""budget_used"":0.499661,""budget_violation"":0,""makespan"":114.98,""deadline_violation"":0,""machine_signature"":""8d70f1f3758332fa"",""weighted_score"":0.499661,""diversity_score"":3.37931},{""rank"":2,""recommended"":false,""feasible"":true,""budget_used"":0.519381,""budget_violation"":0,""makespan"":103.641,""deadline_violation"":0,""machine_signature"":""0654baafda087f4b"",""weighted_score"":0.519381,""diversity_score"":1.310345}]"
prism_cc_time,hybrid_homo,18,maddid0000018|maddid0000056|mbackgroundid0000014|mbackgroundid0000015|mbackgroundid0000035|mbackgroundid0000053|mbgmodelid0000012|mbgmodelid0000050|mconcatfitid0000030|mconcatfitid0000049|mdifffitid0000006|mdifffitid0000007|mdifffitid0000008|mdifffitid0000010|mdifffitid0000024|mdifffitid0000026|mdifffitid0000027|mdifffitid0000046|mdifffitid0000048|mprojectid0000001|mprojectid0000002|mprojectid0000020|mprojectid0000021|mprojectid0000039|mprojectid0000041|mprojectid0000042|mviewerid0000038|mviewerid0000057|mviewerid0000058,0.200000,103.641000,0.519381,0.607531,118.113160,0.000000,0.000000,true,28.016000,17,298.040000,"{""h4d-standard-192-5"":18,""h4d-standard-192-6"":40}","{""bora009"":0,""bora010"":0,""h4d-standard-192-5"":0.00956,""h4d-standard-192-6"":0.007942}","[{""rank"":1,""recommended"":true,""feasible"":true,""budget_used"":0.519381,""budget_violation"":0,""makespan"":103.641,""deadline_violation"":0,""machine_signature"":""0654baafda087f4b"",""weighted_score"":0.901383,""diversity_score"":1.310345},{""rank"":2,""recommended"":false,""feasible"":true,""budget_used"":0.499661,""budget_violation"":0,""makespan"":114.98,""deadline_violation"":0,""machine_signature"":""8d70f1f3758332fa"",""weighted_score"":1,""diversity_score"":3.37931}]"
heft_colocation,hybrid_raspberry_500mbps,18,maddid0000018|maddid0000056|mbackgroundid0000014|mbackgroundid0000015|mbackgroundid0000035|mbackgroundid0000053|mbgmodelid0000012|mbgmodelid0000050|mconcatfitid0000030|mconcatfitid0000049|mdifffitid0000006|mdifffitid0000007|mdifffitid0000008|mdifffitid0000010|mdifffitid0000024|mdifffitid0000026|mdifffitid0000027|mdifffitid0000046|mdifffitid0000048|mprojectid0000001|mprojectid0000002|mprojectid0000020|mprojectid0000021|mprojectid0000039|mprojectid0000041|mprojectid0000042|mviewerid0000038|mviewerid0000057|mviewerid0000058,0.200000,159.838000,0.433127,0.533583,179.300320,0.000000,0.000000,true,83.760000,38,2.270000,"{""cloud-node-02"":53,""hpc-node-02"":5}","{""cloud-node-01"":0,""cloud-node-02"":0.059417,""hpc-node-01"":0,""hpc-node-02"":0.031399,""rpi-edge-01"":0,""rpi-edge-02"":0,""rpi-edge-03"":0,""rpi-edge-04"":0,""rpi-edge-05"":0,""rpi-edge-06"":0,""rpi-edge-07"":0,""rpi-edge-08"":0,""rpi-edge-09"":0,""rpi-edge-10"":0}",[]
prism_cc_cost,hybrid_raspberry_500mbps,18,maddid0000018|maddid0000056|mbackgroundid0000014|mbackgroundid0000015|mbackgroundid0000035|mbackgroundid0000053|mbgmodelid0000012|mbgmodelid0000050|mconcatfitid0000030|mconcatfitid0000049|mdifffitid0000006|mdifffitid0000007|mdifffitid0000008|mdifffitid0000010|mdifffitid0000024|mdifffitid0000026|mdifffitid0000027|mdifffitid0000046|mdifffitid0000048|mprojectid0000001|mprojectid0000002|mprojectid0000020|mprojectid0000021|mprojectid0000039|mprojectid0000041|mprojectid0000042|mviewerid0000038|mviewerid0000057|mviewerid0000058,0.200000,169.787000,0.309188,0.533583,179.300320,0.000000,0.000000,true,95.825000,29,575.328000,"{""cloud-node-02"":3,""hpc-node-02"":55}","{""cloud-node-01"":0,""cloud-node-02"":0.016447,""hpc-node-01"":0,""hpc-node-02"":0.157762,""rpi-edge-01"":0,""rpi-edge-02"":0,""rpi-edge-03"":0,""rpi-edge-04"":0,""rpi-edge-05"":0,""rpi-edge-06"":0,""rpi-edge-07"":0,""rpi-edge-08"":0,""rpi-edge-09"":0,""rpi-edge-10"":0}","[{""rank"":1,""recommended"":true,""feasible"":true,""budget_used"":0.309188,""budget_violation"":0,""makespan"":169.787,""deadline_violation"":0,""machine_signature"":""13ea2571cf569311"",""weighted_score"":0.309188,""diversity_score"":1.051724},{""rank"":2,""recommended"":false,""feasible"":true,""budget_used"":0.433127,""budget_violation"":0,""makespan"":159.838,""deadline_violation"":0,""machine_signature"":""a85d61b96cf8f692"",""weighted_score"":0.433127,""diversity_score"":1.086207}]"
prism_cc_time,hybrid_raspberry_500mbps,18,maddid0000018|maddid0000056|mbackgroundid0000014|mbackgroundid0000015|mbackgroundid0000035|mbackgroundid0000053|mbgmodelid0000012|mbgmodelid0000050|mconcatfitid0000030|mconcatfitid0000049|mdifffitid0000006|mdifffitid0000007|mdifffitid0000008|mdifffitid0000010|mdifffitid0000024|mdifffitid0000026|mdifffitid0000027|mdifffitid0000046|mdifffitid0000048|mprojectid0000001|mprojectid0000002|mprojectid0000020|mprojectid0000021|mprojectid0000039|mprojectid0000041|mprojectid0000042|mviewerid0000038|mviewerid0000057|mviewerid0000058,0.200000,159.838000,0.433127,0.533583,179.300320,0.000000,0.000000,true,83.760000,38,575.328000,"{""cloud-node-02"":53,""hpc-node-02"":5}","{""cloud-node-01"":0,""cloud-node-02"":0.059417,""hpc-node-01"":0,""hpc-node-02"":0.031399,""rpi-edge-01"":0,""rpi-edge-02"":0,""rpi-edge-03"":0,""rpi-edge-04"":0,""rpi-edge-05"":0,""rpi-edge-06"":0,""rpi-edge-07"":0,""rpi-edge-08"":0,""rpi-edge-09"":0,""rpi-edge-10"":0}","[{""rank"":1,""recommended"":true,""feasible"":true,""budget_used"":0.433127,""budget_violation"":0,""makespan"":159.838,""deadline_violation"":0,""machine_signature"":""a85d61b96cf8f692"",""weighted_score"":0.941403,""diversity_score"":1.086207},{""rank"":2,""recommended"":false,""feasible"":true,""budget_used"":0.309188,""budget_violation"":0,""makespan"":169.787,""deadline_violation"":0,""machine_signature"":""13ea2571cf569311"",""weighted_score"":1,""diversity_score"":1.051724}]"
heft_colocation,cloud_hetero,19,maddid0000018|maddid0000037|mbackgroundid0000015|mbackgroundid0000016|mbackgroundid0000033|mbackgroundid0000053|mbgmodelid0000012|mconcatfitid0000030|mconcatfitid0000049|mdifffitid0000005|mdifffitid0000007|mdifffitid0000008|mdifffitid0000010|mdifffitid0000024|mdifffitid0000025|mdifffitid0000026|mdifffitid0000029|mimgtblid0000017|mimgtblid0000036|mprojectid0000001|mprojectid0000002|mprojectid0000003|mprojectid0000020|mprojectid0000021|mprojectid0000022|mprojectid0000039|mprojectid0000041|mviewerid0000057|mviewerid0000058,0.200000,99.277000,0.595244,0.641828,118.113160,0.000000,0.000000,true,33.212000,21,2.536000,"{""h4d-highmem-192-1"":32,""h4d-standard-192-1"":26}","{""h3-standard-88-1"":0,""h3-standard-88-2"":0,""h4d-highmem-192-1"":0.008304,""h4d-standard-192-1"":0.01024}",[]
prism_cc_cost,cloud_hetero,19,maddid0000018|maddid0000037|mbackgroundid0000015|mbackgroundid0000016|mbackgroundid0000033|mbackgroundid0000053|mbgmodelid0000012|mconcatfitid0000030|mconcatfitid0000049|mdifffitid0000005|mdifffitid0000007|mdifffitid0000008|mdifffitid0000010|mdifffitid0000024|mdifffitid0000025|mdifffitid0000026|mdifffitid0000029|mimgtblid0000017|mimgtblid0000036|mprojectid0000001|mprojectid0000002|mprojectid0000003|mprojectid0000020|mprojectid0000021|mprojectid0000022|mprojectid0000039|mprojectid0000041|mviewerid0000057|mviewerid0000058,0.200000,98.895000,0.215752,0.641828,118.113160,0.000000,0.000000,true,82.648000,48,286.225000,"{""h4d-standard-192-1"":58}","{""h3-standard-88-1"":0,""h3-standard-88-2"":0,""h4d-highmem-192-1"":0,""h4d-standard-192-1"":0.021219}","[{""rank"":1,""recommended"":true,""feasible"":true,""budget_used"":0.215752,""budget_violation"":0,""makespan"":98.895,""deadline_violation"":0,""machine_signature"":""356a42182666a164"",""weighted_score"":0.215752,""diversity_score"":0},{""rank"":2,""recommended"":false,""feasible"":true,""budget_used"":0.595244,""budget_violation"":0,""makespan"":99.277,""deadline_violation"":0,""machine_signature"":""d78b664595dc2565"",""weighted_score"":0.595244,""diversity_score"":1.448276}]"
prism_cc_time,cloud_hetero,19,maddid0000018|maddid0000037|mbackgroundid0000015|mbackgroundid0000016|mbackgroundid0000033|mbackgroundid0000053|mbgmodelid0000012|mconcatfitid0000030|mconcatfitid0000049|mdifffitid0000005|mdifffitid0000007|mdifffitid0000008|mdifffitid0000010|mdifffitid0000024|mdifffitid0000025|mdifffitid0000026|mdifffitid0000029|mimgtblid0000017|mimgtblid0000036|mprojectid0000001|mprojectid0000002|mprojectid0000003|mprojectid0000020|mprojectid0000021|mprojectid0000022|mprojectid0000039|mprojectid0000041|mviewerid0000057|mviewerid0000058,0.200000,98.895000,0.215752,0.641828,118.113160,0.000000,0.000000,true,82.648000,48,286.225000,"{""h4d-standard-192-1"":58}","{""h3-standard-88-1"":0,""h3-standard-88-2"":0,""h4d-highmem-192-1"":0,""h4d-standard-192-1"":0.021219}","[{""rank"":1,""recommended"":true,""feasible"":true,""budget_used"":0.215752,""budget_violation"":0,""makespan"":98.895,""deadline_violation"":0,""machine_signature"":""356a42182666a164"",""weighted_score"":0.996152,""diversity_score"":0},{""rank"":2,""recommended"":false,""feasible"":true,""budget_used"":0.595244,""budget_violation"":0,""makespan"":99.277,""deadline_violation"":0,""machine_signature"":""d78b664595dc2565"",""weighted_score"":1,""diversity_score"":1.448276}]"
heft_colocation,cloud_homo,19,maddid0000018|maddid0000037|mbackgroundid0000015|mbackgroundid0000016|mbackgroundid0000033|mbackgroundid0000053|mbgmodelid0000012|mconcatfitid0000030|mconcatfitid0000049|mdifffitid0000005|mdifffitid0000007|mdifffitid0000008|mdifffitid0000010|mdifffitid0000024|mdifffitid0000025|mdifffitid0000026|mdifffitid0000029|mimgtblid0000017|mimgtblid0000036|mprojectid0000001|mprojectid0000002|mprojectid0000003|mprojectid0000020|mprojectid0000021|mprojectid0000022|mprojectid0000039|mprojectid0000041|mviewerid0000057|mviewerid0000058,0.200000,99.816000,0.925131,1.059152,119.559000,0.000000,0.000000,true,9.650000,7,3.174000,"{""h4d-standard-192-1"":15,""h4d-standard-192-2"":16,""h4d-standard-192-3"":9,""h4d-standard-192-4"":18}","{""h4d-standard-192-1"":0.003279,""h4d-standard-192-2"":0.003914,""h4d-standard-192-3"":0.004826,""h4d-standard-192-4"":0.005195}",[]
prism_cc_cost,cloud_homo,19,maddid0000018|maddid0000037|mbackgroundid0000015|mbackgroundid0000016|mbackgroundid0000033|mbackgroundid0000053|mbgmodelid0000012|mconcatfitid0000030|mconcatfitid0000049|mdifffitid0000005|mdifffitid0000007|mdifffitid0000008|mdifffitid0000010|mdifffitid0000024|mdifffitid0000025|mdifffitid0000026|mdifffitid0000029|mimgtblid0000017|mimgtblid0000036|mprojectid0000001|mprojectid0000002|mprojectid0000003|mprojectid0000020|mprojectid0000021|mprojectid0000022|mprojectid0000039|mprojectid0000041|mviewerid0000057|mviewerid0000058,0.200000,96.407000,0.210318,1.059152,119.559000,0.000000,0.000000,true,83.346000,54,319.294000,"{""h4d-standard-192-1"":58}","{""h4d-standard-192-1"":0.021805,""h4d-standard-192-2"":0,""h4d-standard-192-3"":0,""h4d-standard-192-4"":0}","[{""rank"":1,""recommended"":true,""feasible"":true,""budget_used"":0.210318,""budget_violation"":0,""makespan"":96.407,""deadline_violation"":0,""machine_signature"":""fbeb09db408dc330"",""weighted_score"":0.210318,""diversity_score"":0},{""rank"":2,""recommended"":false,""feasible"":true,""budget_used"":0.925131,""budget_violation"":0,""makespan"":99.816,""deadline_violation"":0,""machine_signature"":""7744ac78ef8d6eaf"",""weighted_score"":0.925131,""diversity_score"":3.689655}]"
prism_cc_time,cloud_homo,19,maddid0000018|maddid0000037|mbackgroundid0000015|mbackgroundid0000016|mbackgroundid0000033|mbackgroundid0000053|mbgmodelid0000012|mconcatfitid0000030|mconcatfitid0000049|mdifffitid0000005|mdifffitid0000007|mdifffitid0000008|mdifffitid0000010|mdifffitid0000024|mdifffitid0000025|mdifffitid0000026|mdifffitid0000029|mimgtblid0000017|mimgtblid0000036|mprojectid0000001|mprojectid0000002|mprojectid0000003|mprojectid0000020|mprojectid0000021|mprojectid0000022|mprojectid0000039|mprojectid0000041|mviewerid0000057|mviewerid0000058,0.200000,96.407000,0.210318,1.059152,119.559000,0.000000,0.000000,true,83.346000,54,319.294000,"{""h4d-standard-192-1"":58}","{""h4d-standard-192-1"":0.021805,""h4d-standard-192-2"":0,""h4d-standard-192-3"":0,""h4d-standard-192-4"":0}","[{""rank"":1,""recommended"":true,""feasible"":true,""budget_used"":0.210318,""budget_violation"":0,""makespan"":96.407,""deadline_violation"":0,""machine_signature"":""fbeb09db408dc330"",""weighted_score"":0.965847,""diversity_score"":0},{""rank"":2,""recommended"":false,""feasible"":true,""budget_used"":0.925131,""budget_violation"":0,""makespan"":99.816,""deadline_violation"":0,""machine_signature"":""7744ac78ef8d6eaf"",""weighted_score"":1,""diversity_score"":3.689655}]"
heft_colocation,cluster_hetero,19,maddid0000018|maddid0000037|mbackgroundid0000015|mbackgroundid0000016|mbackgroundid0000033|mbackgroundid0000053|mbgmodelid0000012|mconcatfitid0000030|mconcatfitid0000049|mdifffitid0000005|mdifffitid0000007|mdifffitid0000008|mdifffitid0000010|mdifffitid0000024|mdifffitid0000025|mdifffitid0000026|mdifffitid0000029|mimgtblid0000017|mimgtblid0000036|mprojectid0000001|mprojectid0000002|mprojectid0000003|mprojectid0000020|mprojectid0000021|mprojectid0000022|mprojectid0000039|mprojectid0000041|mviewerid0000057|mviewerid0000058,0.200000,287.957000,0.000000,0.000000,353.759520,0.000000,0.000000,true,99.920000,13,0.914000,"{""bora005"":32,""bora006"":21,""diablo01"":3,""diablo02"":2}","{""bora005"":0.078652,""bora006"":0.086758,""diablo01"":0.005436,""diablo02"":0.00534}",[]
prism_cc_cost,cluster_hetero,19,maddid0000018|maddid0000037|mbackgroundid0000015|mbackgroundid0000016|mbackgroundid0000033|mbackgroundid0000053|mbgmodelid0000012|mconcatfitid0000030|mconcatfitid0000049|mdifffitid0000005|mdifffitid0000007|mdifffitid0000008|mdifffitid0000010|mdifffitid0000024|mdifffitid0000025|mdifffitid0000026|mdifffitid0000029|mimgtblid0000017|mimgtblid0000036|mprojectid0000001|mprojectid0000002|mprojectid0000003|mprojectid0000020|mprojectid0000021|mprojectid0000022|mprojectid0000039|mprojectid0000041|mviewerid0000057|mviewerid0000058,0.200000,287.957000,0.000000,0.000000,353.759520,0.000000,0.000000,true,99.920000,13,178.190000,"{""bora005"":32,""bora006"":21,""diablo01"":3,""diablo02"":2}","{""bora005"":0.078652,""bora006"":0.086758,""diablo01"":0.005436,""diablo02"":0.00534}","[{""rank"":1,""recommended"":true,""feasible"":true,""budget_used"":0,""budget_violation"":0,""makespan"":287.957,""deadline_violation"":0,""machine_signature"":""f83ec596501f650c"",""weighted_score"":0,""diversity_score"":3.448276},{""rank"":2,""recommended"":false,""feasible"":true,""budget_used"":0,""budget_violation"":0,""makespan"":287.957,""deadline_violation"":0,""machine_signature"":""03756dc6730d878a"",""weighted_score"":0,""diversity_score"":3.465517}]"
prism_cc_time,cluster_hetero,19,maddid0000018|maddid0000037|mbackgroundid0000015|mbackgroundid0000016|mbackgroundid0000033|mbackgroundid0000053|mbgmodelid0000012|mconcatfitid0000030|mconcatfitid0000049|mdifffitid0000005|mdifffitid0000007|mdifffitid0000008|mdifffitid0000010|mdifffitid0000024|mdifffitid0000025|mdifffitid0000026|mdifffitid0000029|mimgtblid0000017|mimgtblid0000036|mprojectid0000001|mprojectid0000002|mprojectid0000003|mprojectid0000020|mprojectid0000021|mprojectid0000022|mprojectid0000039|mprojectid0000041|mviewerid0000057|mviewerid0000058,0.200000,287.957000,0.000000,0.000000,353.759520,0.000000,0.000000,true,99.920000,13,178.190000,"{""bora005"":32,""bora006"":21,""diablo01"":3,""diablo02"":2}","{""bora005"":0.078652,""bora006"":0.086758,""diablo01"":0.005436,""diablo02"":0.00534}","[{""rank"":1,""recommended"":true,""feasible"":true,""budget_used"":0,""budget_violation"":0,""makespan"":287.957,""deadline_violation"":0,""machine_signature"":""f83ec596501f650c"",""weighted_score"":1,""diversity_score"":3.448276},{""rank"":2,""recommended"":false,""feasible"":true,""budget_used"":0,""budget_violation"":0,""makespan"":287.957,""deadline_violation"":0,""machine_signature"":""03756dc6730d878a"",""weighted_score"":1,""diversity_score"":3.465517}]"
heft_colocation,cluster_homo,19,maddid0000018|maddid0000037|mbackgroundid0000015|mbackgroundid0000016|mbackgroundid0000033|mbackgroundid0000053|mbgmodelid0000012|mconcatfitid0000030|mconcatfitid0000049|mdifffitid0000005|mdifffitid0000007|mdifffitid0000008|mdifffitid0000010|mdifffitid0000024|mdifffitid0000025|mdifffitid0000026|mdifffitid0000029|mimgtblid0000017|mimgtblid0000036|mprojectid0000001|mprojectid0000002|mprojectid0000003|mprojectid0000020|mprojectid0000021|mprojectid0000022|mprojectid0000039|mprojectid0000041|mviewerid0000057|mviewerid0000058,0.200000,287.957000,0.000000,0.000000,345.548400,0.000000,0.000000,true,53.798000,8,0.733000,"{""bora001"":16,""bora002"":16,""bora003"":10,""bora004"":16}","{""bora001"":0.033919,""bora002"":0.040115,""bora003"":0.052407,""bora004"":0.049868}",[]
prism_cc_cost,cluster_homo,19,maddid0000018|maddid0000037|mbackgroundid0000015|mbackgroundid0000016|mbackgroundid0000033|mbackgroundid0000053|mbgmodelid0000012|mconcatfitid0000030|mconcatfitid0000049|mdifffitid0000005|mdifffitid0000007|mdifffitid0000008|mdifffitid0000010|mdifffitid0000024|mdifffitid0000025|mdifffitid0000026|mdifffitid0000029|mimgtblid0000017|mimgtblid0000036|mprojectid0000001|mprojectid0000002|mprojectid0000003|mprojectid0000020|mprojectid0000021|mprojectid0000022|mprojectid0000039|mprojectid0000041|mviewerid0000057|mviewerid0000058,0.200000,287.957000,0.000000,0.000000,345.548400,0.000000,0.000000,true,53.798000,8,155.729000,"{""bora001"":16,""bora002"":16,""bora003"":10,""bora004"":16}","{""bora001"":0.033919,""bora002"":0.040115,""bora003"":0.052407,""bora004"":0.049868}","[{""rank"":1,""recommended"":true,""feasible"":true,""budget_used"":0,""budget_violation"":0,""makespan"":287.957,""deadline_violation"":0,""machine_signature"":""77981cfb67f2d640"",""weighted_score"":0,""diversity_score"":3.655172},{""rank"":2,""recommended"":false,""feasible"":true,""budget_used"":0,""budget_violation"":0,""makespan"":287.957,""deadline_violation"":0,""machine_signature"":""510ac927c08facfe"",""weighted_score"":0,""diversity_score"":3.724138}]"
prism_cc_time,cluster_homo,19,maddid0000018|maddid0000037|mbackgroundid0000015|mbackgroundid0000016|mbackgroundid0000033|mbackgroundid0000053|mbgmodelid0000012|mconcatfitid0000030|mconcatfitid0000049|mdifffitid0000005|mdifffitid0000007|mdifffitid0000008|mdifffitid0000010|mdifffitid0000024|mdifffitid0000025|mdifffitid0000026|mdifffitid0000029|mimgtblid0000017|mimgtblid0000036|mprojectid0000001|mprojectid0000002|mprojectid0000003|mprojectid0000020|mprojectid0000021|mprojectid0000022|mprojectid0000039|mprojectid0000041|mviewerid0000057|mviewerid0000058,0.200000,287.957000,0.000000,0.000000,345.548400,0.000000,0.000000,true,53.798000,8,155.729000,"{""bora001"":16,""bora002"":16,""bora003"":10,""bora004"":16}","{""bora001"":0.033919,""bora002"":0.040115,""bora003"":0.052407,""bora004"":0.049868}","[{""rank"":1,""recommended"":true,""feasible"":true,""budget_used"":0,""budget_violation"":0,""makespan"":287.957,""deadline_violation"":0,""machine_signature"":""77981cfb67f2d640"",""weighted_score"":1,""diversity_score"":3.655172},{""rank"":2,""recommended"":false,""feasible"":true,""budget_used"":0,""budget_violation"":0,""makespan"":287.957,""deadline_violation"":0,""machine_signature"":""510ac927c08facfe"",""weighted_score"":1,""diversity_score"":3.724138}]"
heft_colocation,hybrid_hetero,19,maddid0000018|maddid0000037|mbackgroundid0000015|mbackgroundid0000016|mbackgroundid0000033|mbackgroundid0000053|mbgmodelid0000012|mconcatfitid0000030|mconcatfitid0000049|mdifffitid0000005|mdifffitid0000007|mdifffitid0000008|mdifffitid0000010|mdifffitid0000024|mdifffitid0000025|mdifffitid0000026|mdifffitid0000029|mimgtblid0000017|mimgtblid0000036|mprojectid0000001|mprojectid0000002|mprojectid0000003|mprojectid0000020|mprojectid0000021|mprojectid0000022|mprojectid0000039|mprojectid0000041|mviewerid0000057|mviewerid0000058,0.200000,101.354000,0.319923,0.348827,119.109960,0.000000,0.000000,true,65.393000,36,1.405000,"{""h3-standard-88-2"":3,""h4d-standard-192-7"":55}","{""bora011"":0,""diablo03"":0,""h3-standard-88-2"":0.003139,""h4d-standard-192-7"":0.019085}",[]
prism_cc_cost,hybrid_hetero,19,maddid0000018|maddid0000037|mbackgroundid0000015|mbackgroundid0000016|mbackgroundid0000033|mbackgroundid0000053|mbgmodelid0000012|mconcatfitid0000030|mconcatfitid0000049|mdifffitid0000005|mdifffitid0000007|mdifffitid0000008|mdifffitid0000010|mdifffitid0000024|mdifffitid0000025|mdifffitid0000026|mdifffitid0000029|mimgtblid0000017|mimgtblid0000036|mprojectid0000001|mprojectid0000002|mprojectid0000003|mprojectid0000020|mprojectid0000021|mprojectid0000022|mprojectid0000039|mprojectid0000041|mviewerid0000057|mviewerid0000058,0.200000,113.582000,0.303495,0.348827,119.109960,0.000000,0.000000,true,65.393000,36,282.115000,"{""bora011"":2,""diablo03"":1,""h3-standard-88-2"":2,""h4d-standard-192-7"":53}","{""bora011"":0.001138,""diablo03"":0.000169,""h3-standard-88-2"":0.002721,""h4d-standard-192-7"":0.017002}","[{""rank"":1,""recommended"":true,""feasible"":true,""budget_used"":0.303495,""budget_violation"":0,""makespan"":113.582,""deadline_violation"":0,""machine_signature"":""dc4ba462cd2d231a"",""weighted_score"":0.303495,""diversity_score"":3.086207},{""rank"":2,""recommended"":false,""feasible"":true,""budget_used"":0.313722,""budget_violation"":0,""makespan"":101.354,""deadline_violation"":0,""machine_signature"":""203c6848f55ac503"",""weighted_score"":0.313722,""diversity_score"":2.051724},{""rank"":3,""recommended"":false,""feasible"":true,""budget_used"":0.319923,""budget_violation"":0,""makespan"":101.354,""deadline_violation"":0,""machine_signature"":""dbeca3399e34a50a"",""weighted_score"":0.319923,""diversity_score"":1.051724}]"
prism_cc_time,hybrid_hetero,19,maddid0000018|maddid0000037|mbackgroundid0000015|mbackgroundid0000016|mbackgroundid0000033|mbackgroundid0000053|mbgmodelid0000012|mconcatfitid0000030|mconcatfitid0000049|mdifffitid0000005|mdifffitid0000007|mdifffitid0000008|mdifffitid0000010|mdifffitid0000024|mdifffitid0000025|mdifffitid0000026|mdifffitid0000029|mimgtblid0000017|mimgtblid0000036|mprojectid0000001|mprojectid0000002|mprojectid0000003|mprojectid0000020|mprojectid0000021|mprojectid0000022|mprojectid0000039|mprojectid0000041|mviewerid0000057|mviewerid0000058,0.200000,101.354000,0.319923,0.348827,119.109960,0.000000,0.000000,true,65.393000,36,282.115000,"{""h3-standard-88-2"":3,""h4d-standard-192-7"":55}","{""bora011"":0,""diablo03"":0,""h3-standard-88-2"":0.003139,""h4d-standard-192-7"":0.019085}","[{""rank"":1,""recommended"":true,""feasible"":true,""budget_used"":0.313722,""budget_violation"":0,""makespan"":101.354,""deadline_violation"":0,""machine_signature"":""203c6848f55ac503"",""weighted_score"":0.892342,""diversity_score"":2.051724},{""rank"":2,""recommended"":false,""feasible"":true,""budget_used"":0.319923,""budget_violation"":0,""makespan"":101.354,""deadline_violation"":0,""machine_signature"":""dbeca3399e34a50a"",""weighted_score"":0.892342,""diversity_score"":1.051724},{""rank"":3,""recommended"":false,""feasible"":true,""budget_used"":0.303495,""budget_violation"":0,""makespan"":113.582,""deadline_violation"":0,""machine_signature"":""dc4ba462cd2d231a"",""weighted_score"":1,""diversity_score"":3.086207}]"
heft_colocation,hybrid_homo,19,maddid0000018|maddid0000037|mbackgroundid0000015|mbackgroundid0000016|mbackgroundid0000033|mbackgroundid0000053|mbgmodelid0000012|mconcatfitid0000030|mconcatfitid0000049|mdifffitid0000005|mdifffitid0000007|mdifffitid0000008|mdifffitid0000010|mdifffitid0000024|mdifffitid0000025|mdifffitid0000026|mdifffitid0000029|mimgtblid0000017|mimgtblid0000036|mprojectid0000001|mprojectid0000002|mprojectid0000003|mprojectid0000020|mprojectid0000021|mprojectid0000022|mprojectid0000039|mprojectid0000041|mviewerid0000057|mviewerid0000058,0.200000,99.277000,0.554194,0.607531,118.113160,0.000000,0.000000,true,33.212000,21,1.641000,"{""h4d-standard-192-5"":26,""h4d-standard-192-6"":32}","{""bora009"":0,""bora010"":0,""h4d-standard-192-5"":0.010353,""h4d-standard-192-6"":0.008191}",[]
prism_cc_cost,hybrid_homo,19,maddid0000018|maddid0000037|mbackgroundid0000015|mbackgroundid0000016|mbackgroundid0000033|mbackgroundid0000053|mbgmodelid0000012|mconcatfitid0000030|mconcatfitid0000049|mdifffitid0000005|mdifffitid0000007|mdifffitid0000008|mdifffitid0000010|mdifffitid0000024|mdifffitid0000025|mdifffitid0000026|mdifffitid0000029|mimgtblid0000017|mimgtblid0000036|mprojectid0000001|mprojectid0000002|mprojectid0000003|mprojectid0000020|mprojectid0000021|mprojectid0000022|mprojectid0000039|mprojectid0000041|mviewerid0000057|mviewerid0000058,0.200000,107.722000,0.521509,0.607531,118.113160,0.000000,0.000000,true,33.212000,21,313.439000,"{""bora009"":1,""bora010"":2,""h4d-standard-192-5"":25,""h4d-standard-192-6"":30}","{""bora009"":0.000036,""bora010"":0.000873,""h4d-standard-192-5"":0.00952,""h4d-standard-192-6"":0.007539}","[{""rank"":1,""recommended"":true,""feasible"":true,""budget_used"":0.521509,""budget_violation"":0,""makespan"":107.722,""deadline_violation"":0,""machine_signature"":""2f22ce6633e2b6b4"",""weighted_score"":0.521509,""diversity_score"":3.482759},{""rank"":2,""recommended"":false,""feasible"":true,""budget_used"":0.554194,""budget_violation"":0,""makespan"":99.277,""deadline_violation"":0,""machine_signature"":""2fb72031754d50de"",""weighted_score"":0.554194,""diversity_score"":1.448276}]"
prism_cc_time,hybrid_homo,19,maddid0000018|maddid0000037|mbackgroundid0000015|mbackgroundid0000016|mbackgroundid0000033|mbackgroundid0000053|mbgmodelid0000012|mconcatfitid0000030|mconcatfitid0000049|mdifffitid0000005|mdifffitid0000007|mdifffitid0000008|mdifffitid0000010|mdifffitid0000024|mdifffitid0000025|mdifffitid0000026|mdifffitid0000029|mimgtblid0000017|mimgtblid0000036|mprojectid0000001|mprojectid0000002|mprojectid0000003|mprojectid0000020|mprojectid0000021|mprojectid0000022|mprojectid0000039|mprojectid0000041|mviewerid0000057|mviewerid0000058,0.200000,99.277000,0.554194,0.607531,118.113160,0.000000,0.000000,true,33.212000,21,313.439000,"{""h4d-standard-192-5"":26,""h4d-standard-192-6"":32}","{""bora009"":0,""bora010"":0,""h4d-standard-192-5"":0.010353,""h4d-standard-192-6"":0.008191}","[{""rank"":1,""recommended"":true,""feasible"":true,""budget_used"":0.554194,""budget_violation"":0,""makespan"":99.277,""deadline_violation"":0,""machine_signature"":""2fb72031754d50de"",""weighted_score"":0.921604,""diversity_score"":1.448276},{""rank"":2,""recommended"":false,""feasible"":true,""budget_used"":0.521509,""budget_violation"":0,""makespan"":107.722,""deadline_violation"":0,""machine_signature"":""2f22ce6633e2b6b4"",""weighted_score"":1,""diversity_score"":3.482759}]"
heft_colocation,hybrid_raspberry_500mbps,19,maddid0000018|maddid0000037|mbackgroundid0000015|mbackgroundid0000016|mbackgroundid0000033|mbackgroundid0000053|mbgmodelid0000012|mconcatfitid0000030|mconcatfitid0000049|mdifffitid0000005|mdifffitid0000007|mdifffitid0000008|mdifffitid0000010|mdifffitid0000024|mdifffitid0000025|mdifffitid0000026|mdifffitid0000029|mimgtblid0000017|mimgtblid0000036|mprojectid0000001|mprojectid0000002|mprojectid0000003|mprojectid0000020|mprojectid0000021|mprojectid0000022|mprojectid0000039|mprojectid0000041|mviewerid0000057|mviewerid0000058,0.200000,144.438000,0.501188,0.533583,179.300320,0.000000,0.000000,true,93.447000,28,2.292000,"{""cloud-node-02"":52,""hpc-node-02"":6}","{""cloud-node-01"":0,""cloud-node-02"":0.066084,""hpc-node-01"":0,""hpc-node-02"":0.036842,""rpi-edge-01"":0,""rpi-edge-02"":0,""rpi-edge-03"":0,""rpi-edge-04"":0,""rpi-edge-05"":0,""rpi-edge-06"":0,""rpi-edge-07"":0,""rpi-edge-08"":0,""rpi-edge-09"":0,""rpi-edge-10"":0}",[]
prism_cc_cost,hybrid_raspberry_500mbps,19,maddid0000018|maddid0000037|mbackgroundid0000015|mbackgroundid0000016|mbackgroundid0000033|mbackgroundid0000053|mbgmodelid0000012|mconcatfitid0000030|mconcatfitid0000049|mdifffitid0000005|mdifffitid0000007|mdifffitid0000008|mdifffitid0000010|mdifffitid0000024|mdifffitid0000025|mdifffitid0000026|mdifffitid0000029|mimgtblid0000017|mimgtblid0000036|mprojectid0000001|mprojectid0000002|mprojectid0000003|mprojectid0000020|mprojectid0000021|mprojectid0000022|mprojectid0000039|mprojectid0000041|mviewerid0000057|mviewerid0000058,0.200000,171.627000,0.226450,0.533583,179.300320,0.000000,0.000000,true,183.588000,45,648.511000,"{""cloud-node-02"":2,""hpc-node-02"":56}","{""cloud-node-01"":0,""cloud-node-02"":0.007716,""hpc-node-01"":0,""hpc-node-02"":0.198544,""rpi-edge-01"":0,""rpi-edge-02"":0,""rpi-edge-03"":0,""rpi-edge-04"":0,""rpi-edge-05"":0,""rpi-edge-06"":0,""rpi-edge-07"":0,""rpi-edge-08"":0,""rpi-edge-09"":0,""rpi-edge-10"":0}","[{""rank"":1,""recommended"":true,""feasible"":true,""budget_used"":0.22645,""budget_violation"":0,""makespan"":171.627,""deadline_violation"":0,""machine_signature"":""c313ca56fd5dfa68"",""weighted_score"":0.22645,""diversity_score"":1.034483},{""rank"":2,""recommended"":false,""feasible"":true,""budget_used"":0.501188,""budget_violation"":0,""makespan"":144.438,""deadline_violation"":0,""machine_signature"":""df9fc126de90ea66"",""weighted_score"":0.501188,""diversity_score"":1.103448}]"
prism_cc_time,hybrid_raspberry_500mbps,19,maddid0000018|maddid0000037|mbackgroundid0000015|mbackgroundid0000016|mbackgroundid0000033|mbackgroundid0000053|mbgmodelid0000012|mconcatfitid0000030|mconcatfitid0000049|mdifffitid0000005|mdifffitid0000007|mdifffitid0000008|mdifffitid0000010|mdifffitid0000024|mdifffitid0000025|mdifffitid0000026|mdifffitid0000029|mimgtblid0000017|mimgtblid0000036|mprojectid0000001|mprojectid0000002|mprojectid0000003|mprojectid0000020|mprojectid0000021|mprojectid0000022|mprojectid0000039|mprojectid0000041|mviewerid0000057|mviewerid0000058,0.200000,144.438000,0.501188,0.533583,179.300320,0.000000,0.000000,true,93.447000,28,648.511000,"{""cloud-node-02"":52,""hpc-node-02"":6}","{""cloud-node-01"":0,""cloud-node-02"":0.066084,""hpc-node-01"":0,""hpc-node-02"":0.036842,""rpi-edge-01"":0,""rpi-edge-02"":0,""rpi-edge-03"":0,""rpi-edge-04"":0,""rpi-edge-05"":0,""rpi-edge-06"":0,""rpi-edge-07"":0,""rpi-edge-08"":0,""rpi-edge-09"":0,""rpi-edge-10"":0}","[{""rank"":1,""recommended"":true,""feasible"":true,""budget_used"":0.501188,""budget_violation"":0,""makespan"":144.438,""deadline_violation"":0,""machine_signature"":""df9fc126de90ea66"",""weighted_score"":0.841581,""diversity_score"":1.103448},{""rank"":2,""recommended"":false,""feasible"":true,""budget_used"":0.22645,""budget_violation"":0,""makespan"":171.627,""deadline_violation"":0,""machine_signature"":""c313ca56fd5dfa68"",""weighted_score"":1,""diversity_score"":1.034483}]"
heft_colocation,cloud_hetero,20,maddid0000018|mbackgroundid0000015|mbackgroundid0000016|mbackgroundid0000032|mbackgroundid0000033|mbackgroundid0000053|mbackgroundid0000054|mbgmodelid0000031|mbgmodelid0000050|mconcatfitid0000011|mconcatfitid0000030|mconcatfitid0000049|mdifffitid0000005|mdifffitid0000006|mdifffitid0000010|mdifffitid0000025|mdifffitid0000027|mdifffitid0000044|mdifffitid0000046|mdifffitid0000047|mimgtblid0000055|mprojectid0000001|mprojectid0000004|mprojectid0000020|mprojectid0000021|mprojectid0000039|mprojectid0000040|mprojectid0000042|mviewerid0000057,0.200000,104.495000,0.575090,0.641828,118.113160,0.000000,0.000000,true,36.429000,18,4.308000,"{""h4d-highmem-192-1"":32,""h4d-standard-192-1"":26}","{""h3-standard-88-1"":0,""h3-standard-88-2"":0,""h4d-highmem-192-1"":0.008749,""h4d-standard-192-1"":0.009029}",[]
prism_cc_cost,cloud_hetero,20,maddid0000018|mbackgroundid0000015|mbackgroundid0000016|mbackgroundid0000032|mbackgroundid0000033|mbackgroundid0000053|mbackgroundid0000054|mbgmodelid0000031|mbgmodelid0000050|mconcatfitid0000011|mconcatfitid0000030|mconcatfitid0000049|mdifffitid0000005|mdifffitid0000006|mdifffitid0000010|mdifffitid0000025|mdifffitid0000027|mdifffitid0000044|mdifffitid0000046|mdifffitid0000047|mimgtblid0000055|mprojectid0000001|mprojectid0000004|mprojectid0000020|mprojectid0000021|mprojectid0000039|mprojectid0000040|mprojectid0000042|mviewerid0000057,0.200000,114.795000,0.250441,0.641828,118.113160,0.000000,0.000000,true,92.471000,60,346.349000,"{""h4d-standard-192-1"":58}","{""h3-standard-88-1"":0,""h3-standard-88-2"":0,""h4d-highmem-192-1"":0,""h4d-standard-192-1"":0.018726}","[{""rank"":1,""recommended"":true,""feasible"":true,""budget_used"":0.250441,""budget_violation"":0,""makespan"":114.795,""deadline_violation"":0,""machine_signature"":""8feabbf68ada8288"",""weighted_score"":0.250441,""diversity_score"":0},{""rank"":2,""recommended"":false,""feasible"":true,""budget_used"":0.567934,""budget_violation"":0,""makespan"":104.495,""deadline_violation"":0,""machine_signature"":""fc5b8c0bbb9d03b9"",""weighted_score"":0.567934,""diversity_score"":1.465517},{""rank"":3,""recommended"":false,""feasible"":true,""budget_used"":0.57509,""budget_violation"":0,""makespan"":104.495,""deadline_violation"":0,""machine_signature"":""263a152615d908db"",""weighted_score"":0.57509,""diversity_score"":1.448276}]"
prism_cc_time,cloud_hetero,20,maddid0000018|mbackgroundid0000015|mbackgroundid0000016|mbackgroundid0000032|mbackgroundid0000033|mbackgroundid0000053|mbackgroundid0000054|mbgmodelid0000031|mbgmodelid0000050|mconcatfitid0000011|mconcatfitid0000030|mconcatfitid0000049|mdifffitid0000005|mdifffitid0000006|mdifffitid0000010|mdifffitid0000025|mdifffitid0000027|mdifffitid0000044|mdifffitid0000046|mdifffitid0000047|mimgtblid0000055|mprojectid0000001|mprojectid0000004|mprojectid0000020|mprojectid0000021|mprojectid0000039|mprojectid0000040|mprojectid0000042|mviewerid0000057,0.200000,104.495000,0.575090,0.641828,118.113160,0.000000,0.000000,true,36.429000,18,346.349000,"{""h4d-highmem-192-1"":32,""h4d-standard-192-1"":26}","{""h3-standard-88-1"":0,""h3-standard-88-2"":0,""h4d-highmem-192-1"":0.008749,""h4d-standard-192-1"":0.009029}","[{""rank"":1,""recommended"":true,""feasible"":true,""budget_used"":0.567934,""budget_violation"":0,""makespan"":104.495,""deadline_violation"":0,""machine_signature"":""fc5b8c0bbb9d03b9"",""weighted_score"":0.910275,""diversity_score"":1.465517},{""rank"":2,""recommended"":false,""feasible"":true,""budget_used"":0.57509,""budget_violation"":0,""makespan"":104.495,""deadline_violation"":0,""machine_signature"":""263a152615d908db"",""weighted_score"":0.910275,""diversity_score"":1.448276},{""rank"":3,""recommended"":false,""feasible"":true,""budget_used"":0.250441,""budget_violation"":0,""makespan"":114.795,""deadline_violation"":0,""machine_signature"":""8feabbf68ada8288"",""weighted_score"":1,""diversity_score"":0}]"
heft_colocation,cloud_homo,20,maddid0000018|mbackgroundid0000015|mbackgroundid0000016|mbackgroundid0000032|mbackgroundid0000033|mbackgroundid0000053|mbackgroundid0000054|mbgmodelid0000031|mbgmodelid0000050|mconcatfitid0000011|mconcatfitid0000030|mconcatfitid0000049|mdifffitid0000005|mdifffitid0000006|mdifffitid0000010|mdifffitid0000025|mdifffitid0000027|mdifffitid0000044|mdifffitid0000046|mdifffitid0000047|mimgtblid0000055|mprojectid0000001|mprojectid0000004|mprojectid0000020|mprojectid0000021|mprojectid0000039|mprojectid0000040|mprojectid0000042|mviewerid0000057,0.200000,99.922000,0.879375,1.059152,119.559000,0.000000,0.000000,true,9.340000,10,3.540000,"{""h4d-standard-192-1"":18,""h4d-standard-192-2"":28,""h4d-standard-192-3"":7,""h4d-standard-192-4"":5}","{""h4d-standard-192-1"":0.003845,""h4d-standard-192-2"":0.006209,""h4d-standard-192-3"":0.003472,""h4d-standard-192-4"":0.003654}",[]
prism_cc_cost,cloud_homo,20,maddid0000018|mbackgroundid0000015|mbackgroundid0000016|mbackgroundid0000032|mbackgroundid0000033|mbackgroundid0000053|mbackgroundid0000054|mbgmodelid0000031|mbgmodelid0000050|mconcatfitid0000011|mconcatfitid0000030|mconcatfitid0000049|mdifffitid0000005|mdifffitid0000006|mdifffitid0000010|mdifffitid0000025|mdifffitid0000027|mdifffitid0000044|mdifffitid0000046|mdifffitid0000047|mimgtblid0000055|mprojectid0000001|mprojectid0000004|mprojectid0000020|mprojectid0000021|mprojectid0000039|mprojectid0000040|mprojectid0000042|mviewerid0000057,0.200000,113.342000,0.247266,1.059152,119.559000,0.000000,0.000000,true,91.846000,62,345.009000,"{""h4d-standard-192-1"":58}","{""h4d-standard-192-1"":0.018937,""h4d-standard-192-2"":0,""h4d-standard-192-3"":0,""h4d-standard-192-4"":0}","[{""rank"":1,""recommended"":true,""feasible"":true,""budget_used"":0.247266,""budget_violation"":0,""makespan"":113.342,""deadline_violation"":0,""machine_signature"":""29d333b9fe4200c3"",""weighted_score"":0.247266,""diversity_score"":0},{""rank"":2,""recommended"":false,""feasible"":true,""budget_used"":0.849794,""budget_violation"":0,""makespan"":99.922,""deadline_violation"":0,""machine_signature"":""310c02f633871cc3"",""weighted_score"":0.849794,""diversity_score"":3.5},{""rank"":3,""recommended"":false,""feasible"":true,""budget_used"":0.879375,""budget_violation"":0,""makespan"":99.922,""deadline_violation"":0,""machine_signature"":""c0048935a2b6584c"",""weighted_score"":0.879375,""diversity_score"":3.517241}]"
prism_cc_time,cloud_homo,20,maddid0000018|mbackgroundid0000015|mbackgroundid0000016|mbackgroundid0000032|mbackgroundid0000033|mbackgroundid0000053|mbackgroundid0000054|mbgmodelid0000031|mbgmodelid0000050|mconcatfitid0000011|mconcatfitid0000030|mconcatfitid0000049|mdifffitid0000005|mdifffitid0000006|mdifffitid0000010|mdifffitid0000025|mdifffitid0000027|mdifffitid0000044|mdifffitid0000046|mdifffitid0000047|mimgtblid0000055|mprojectid0000001|mprojectid0000004|mprojectid0000020|mprojectid0000021|mprojectid0000039|mprojectid0000040|mprojectid0000042|mviewerid0000057,0.200000,99.922000,0.879375,1.059152,119.559000,0.000000,0.000000,true,9.340000,10,345.009000,"{""h4d-standard-192-1"":18,""h4d-standard-192-2"":28,""h4d-standard-192-3"":7,""h4d-standard-192-4"":5}","{""h4d-standard-192-1"":0.003845,""h4d-standard-192-2"":0.006209,""h4d-standard-192-3"":0.003472,""h4d-standard-192-4"":0.003654}","[{""rank"":1,""recommended"":true,""feasible"":true,""budget_used"":0.849794,""budget_violation"":0,""makespan"":99.922,""deadline_violation"":0,""machine_signature"":""310c02f633871cc3"",""weighted_score"":0.881597,""diversity_score"":3.5},{""rank"":2,""recommended"":false,""feasible"":true,""budget_used"":0.879375,""budget_violation"":0,""makespan"":99.922,""deadline_violation"":0,""machine_signature"":""c0048935a2b6584c"",""weighted_score"":0.881597,""diversity_score"":3.517241},{""rank"":3,""recommended"":false,""feasible"":true,""budget_used"":0.247266,""budget_violation"":0,""makespan"":113.342,""deadline_violation"":0,""machine_signature"":""29d333b9fe4200c3"",""weighted_score"":1,""diversity_score"":0}]"
heft_colocation,cluster_hetero,20,maddid0000018|mbackgroundid0000015|mbackgroundid0000016|mbackgroundid0000032|mbackgroundid0000033|mbackgroundid0000053|mbackgroundid0000054|mbgmodelid0000031|mbgmodelid0000050|mconcatfitid0000011|mconcatfitid0000030|mconcatfitid0000049|mdifffitid0000005|mdifffitid0000006|mdifffitid0000010|mdifffitid0000025|mdifffitid0000027|mdifffitid0000044|mdifffitid0000046|mdifffitid0000047|mimgtblid0000055|mprojectid0000001|mprojectid0000004|mprojectid0000020|mprojectid0000021|mprojectid0000039|mprojectid0000040|mprojectid0000042|mviewerid0000057,0.200000,312.716000,0.000000,0.000000,353.759520,0.000000,0.000000,true,113.910000,20,0.996000,"{""bora005"":30,""bora006"":22,""diablo01"":4,""diablo02"":2}","{""bora005"":0.061202,""bora006"":0.088597,""diablo01"":0.007776,""diablo02"":0.004785}",[]
prism_cc_cost,cluster_hetero,20,maddid0000018|mbackgroundid0000015|mbackgroundid0000016|mbackgroundid0000032|mbackgroundid0000033|mbackgroundid0000053|mbackgroundid0000054|mbgmodelid0000031|mbgmodelid0000050|mconcatfitid0000011|mconcatfitid0000030|mconcatfitid0000049|mdifffitid0000005|mdifffitid0000006|mdifffitid0000010|mdifffitid0000025|mdifffitid0000027|mdifffitid0000044|mdifffitid0000046|mdifffitid0000047|mimgtblid0000055|mprojectid0000001|mprojectid0000004|mprojectid0000020|mprojectid0000021|mprojectid0000039|mprojectid0000040|mprojectid0000042|mviewerid0000057,0.200000,312.716000,0.000000,0.000000,353.759520,0.000000,0.000000,true,113.910000,20,184.665000,"{""bora005"":30,""bora006"":22,""diablo01"":4,""diablo02"":2}","{""bora005"":0.061202,""bora006"":0.088597,""diablo01"":0.007776,""diablo02"":0.004785}","[{""rank"":1,""recommended"":true,""feasible"":true,""budget_used"":0,""budget_violation"":0,""makespan"":312.716,""deadline_violation"":0,""machine_signature"":""659c342502000237"",""weighted_score"":0,""diversity_score"":3.482759}]"
prism_cc_time,cluster_hetero,20,maddid0000018|mbackgroundid0000015|mbackgroundid0000016|mbackgroundid0000032|mbackgroundid0000033|mbackgroundid0000053|mbackgroundid0000054|mbgmodelid0000031|mbgmodelid0000050|mconcatfitid0000011|mconcatfitid0000030|mconcatfitid0000049|mdifffitid0000005|mdifffitid0000006|mdifffitid0000010|mdifffitid0000025|mdifffitid0000027|mdifffitid0000044|mdifffitid0000046|mdifffitid0000047|mimgtblid0000055|mprojectid0000001|mprojectid0000004|mprojectid0000020|mprojectid0000021|mprojectid0000039|mprojectid0000040|mprojectid0000042|mviewerid0000057,0.200000,312.716000,0.000000,0.000000,353.759520,0.000000,0.000000,true,113.910000,20,184.665000,"{""bora005"":30,""bora006"":22,""diablo01"":4,""diablo02"":2}","{""bora005"":0.061202,""bora006"":0.088597,""diablo01"":0.007776,""diablo02"":0.004785}","[{""rank"":1,""recommended"":true,""feasible"":true,""budget_used"":0,""budget_violation"":0,""makespan"":312.716,""deadline_violation"":0,""machine_signature"":""659c342502000237"",""weighted_score"":1,""diversity_score"":3.482759}]"
heft_colocation,cluster_homo,20,maddid0000018|mbackgroundid0000015|mbackgroundid0000016|mbackgroundid0000032|mbackgroundid0000033|mbackgroundid0000053|mbackgroundid0000054|mbgmodelid0000031|mbgmodelid0000050|mconcatfitid0000011|mconcatfitid0000030|mconcatfitid0000049|mdifffitid0000005|mdifffitid0000006|mdifffitid0000010|mdifffitid0000025|mdifffitid0000027|mdifffitid0000044|mdifffitid0000046|mdifffitid0000047|mimgtblid0000055|mprojectid0000001|mprojectid0000004|mprojectid0000020|mprojectid0000021|mprojectid0000039|mprojectid0000040|mprojectid0000042|mviewerid0000057,0.200000,287.957000,0.000000,0.000000,345.548400,0.000000,0.000000,true,52.161000,12,1.345000,"{""bora001"":18,""bora002"":19,""bora003"":17,""bora004"":4}","{""bora001"":0.041193,""bora002"":0.060409,""bora003"":0.037307,""bora004"":0.037242}",[]
prism_cc_cost,cluster_homo,20,maddid0000018|mbackgroundid0000015|mbackgroundid0000016|mbackgroundid0000032|mbackgroundid0000033|mbackgroundid0000053|mbackgroundid0000054|mbgmodelid0000031|mbgmodelid0000050|mconcatfitid0000011|mconcatfitid0000030|mconcatfitid0000049|mdifffitid0000005|mdifffitid0000006|mdifffitid0000010|mdifffitid0000025|mdifffitid0000027|mdifffitid0000044|mdifffitid0000046|mdifffitid0000047|mimgtblid0000055|mprojectid0000001|mprojectid0000004|mprojectid0000020|mprojectid0000021|mprojectid0000039|mprojectid0000040|mprojectid0000042|mviewerid0000057,0.200000,287.957000,0.000000,0.000000,345.548400,0.000000,0.000000,true,52.161000,12,184.444000,"{""bora001"":18,""bora002"":19,""bora003"":17,""bora004"":4}","{""bora001"":0.041193,""bora002"":0.060409,""bora003"":0.037307,""bora004"":0.037242}","[{""rank"":1,""recommended"":true,""feasible"":true,""budget_used"":0,""budget_violation"":0,""makespan"":287.957,""deadline_violation"":0,""machine_signature"":""6491f9039c9fd044"",""weighted_score"":0,""diversity_score"":3.672414}]"
prism_cc_time,cluster_homo,20,maddid0000018|mbackgroundid0000015|mbackgroundid0000016|mbackgroundid0000032|mbackgroundid0000033|mbackgroundid0000053|mbackgroundid0000054|mbgmodelid0000031|mbgmodelid0000050|mconcatfitid0000011|mconcatfitid0000030|mconcatfitid0000049|mdifffitid0000005|mdifffitid0000006|mdifffitid0000010|mdifffitid0000025|mdifffitid0000027|mdifffitid0000044|mdifffitid0000046|mdifffitid0000047|mimgtblid0000055|mprojectid0000001|mprojectid0000004|mprojectid0000020|mprojectid0000021|mprojectid0000039|mprojectid0000040|mprojectid0000042|mviewerid0000057,0.200000,287.957000,0.000000,0.000000,345.548400,0.000000,0.000000,true,52.161000,12,184.444000,"{""bora001"":18,""bora002"":19,""bora003"":17,""bora004"":4}","{""bora001"":0.041193,""bora002"":0.060409,""bora003"":0.037307,""bora004"":0.037242}","[{""rank"":1,""recommended"":true,""feasible"":true,""budget_used"":0,""budget_violation"":0,""makespan"":287.957,""deadline_violation"":0,""machine_signature"":""6491f9039c9fd044"",""weighted_score"":1,""diversity_score"":3.672414}]"
heft_colocation,hybrid_hetero,20,maddid0000018|mbackgroundid0000015|mbackgroundid0000016|mbackgroundid0000032|mbackgroundid0000033|mbackgroundid0000053|mbackgroundid0000054|mbgmodelid0000031|mbgmodelid0000050|mconcatfitid0000011|mconcatfitid0000030|mconcatfitid0000049|mdifffitid0000005|mdifffitid0000006|mdifffitid0000010|mdifffitid0000025|mdifffitid0000027|mdifffitid0000044|mdifffitid0000046|mdifffitid0000047|mimgtblid0000055|mprojectid0000001|mprojectid0000004|mprojectid0000020|mprojectid0000021|mprojectid0000039|mprojectid0000040|mprojectid0000042|mviewerid0000057,0.200000,112.408000,0.390220,0.348827,119.109960,0.041400,0.000000,false,75.523000,32,1.324000,"{""h3-standard-88-2"":13,""h4d-standard-192-7"":45}","{""bora011"":0,""diablo03"":0,""h3-standard-88-2"":0.003584,""h4d-standard-192-7"":0.017496}",[]
prism_cc_cost,hybrid_hetero,20,maddid0000018|mbackgroundid0000015|mbackgroundid0000016|mbackgroundid0000032|mbackgroundid0000033|mbackgroundid0000053|mbackgroundid0000054|mbgmodelid0000031|mbgmodelid0000050|mconcatfitid0000011|mconcatfitid0000030|mconcatfitid0000049|mdifffitid0000005|mdifffitid0000006|mdifffitid0000010|mdifffitid0000025|mdifffitid0000027|mdifffitid0000044|mdifffitid0000046|mdifffitid0000047|mimgtblid0000055|mprojectid0000001|mprojectid0000004|mprojectid0000020|mprojectid0000021|mprojectid0000039|mprojectid0000040|mprojectid0000042|mviewerid0000057,0.200000,112.408000,0.390220,0.348827,119.109960,0.041400,0.000000,false,75.523000,32,259.573000,"{""h3-standard-88-2"":13,""h4d-standard-192-7"":45}","{""bora011"":0,""diablo03"":0,""h3-standard-88-2"":0.003584,""h4d-standard-192-7"":0.017496}","[{""rank"":1,""recommended"":true,""feasible"":false,""budget_used"":0.322605,""budget_violation"":0,""makespan"":125.246,""deadline_violation"":6.136,""machine_signature"":""dd0ecb1a82203884"",""weighted_score"":0.322605,""diversity_score"":3.327586},{""rank"":2,""recommended"":false,""feasible"":false,""budget_used"":0.39022,""budget_violation"":0.0414,""makespan"":112.408,""deadline_violation"":0,""machine_signature"":""2fa3738cfc8613aa"",""weighted_score"":0.39022,""diversity_score"":1.224138}]"
prism_cc_time,hybrid_hetero,20,maddid0000018|mbackgroundid0000015|mbackgroundid0000016|mbackgroundid0000032|mbackgroundid0000033|mbackgroundid0000053|mbackgroundid0000054|mbgmodelid0000031|mbgmodelid0000050|mconcatfitid0000011|mconcatfitid0000030|mconcatfitid0000049|mdifffitid0000005|mdifffitid0000006|mdifffitid0000010|mdifffitid0000025|mdifffitid0000027|mdifffitid0000044|mdifffitid0000046|mdifffitid0000047|mimgtblid0000055|mprojectid0000001|mprojectid0000004|mprojectid0000020|mprojectid0000021|mprojectid0000039|mprojectid0000040|mprojectid0000042|mviewerid0000057,0.200000,112.408000,0.390220,0.348827,119.109960,0.041400,0.000000,false,75.523000,32,259.573000,"{""h3-standard-88-2"":13,""h4d-standard-192-7"":45}","{""bora011"":0,""diablo03"":0,""h3-standard-88-2"":0.003584,""h4d-standard-192-7"":0.017496}","[{""rank"":1,""recommended"":true,""feasible"":false,""budget_used"":0.39022,""budget_violation"":0.0414,""makespan"":112.408,""deadline_violation"":0,""machine_signature"":""2fa3738cfc8613aa"",""weighted_score"":0.897498,""diversity_score"":1.224138},{""rank"":2,""recommended"":false,""feasible"":false,""budget_used"":0.322605,""budget_violation"":0,""makespan"":125.246,""deadline_violation"":6.136,""machine_signature"":""dd0ecb1a82203884"",""weighted_score"":1,""diversity_score"":3.327586}]"
heft_colocation,hybrid_homo,20,maddid0000018|mbackgroundid0000015|mbackgroundid0000016|mbackgroundid0000032|mbackgroundid0000033|mbackgroundid0000053|mbackgroundid0000054|mbgmodelid0000031|mbgmodelid0000050|mconcatfitid0000011|mconcatfitid0000030|mconcatfitid0000049|mdifffitid0000005|mdifffitid0000006|mdifffitid0000010|mdifffitid0000025|mdifffitid0000027|mdifffitid0000044|mdifffitid0000046|mdifffitid0000047|mimgtblid0000055|mprojectid0000001|mprojectid0000004|mprojectid0000020|mprojectid0000021|mprojectid0000039|mprojectid0000040|mprojectid0000042|mviewerid0000057,0.200000,104.495000,0.548526,0.607531,118.113160,0.000000,0.000000,true,36.429000,18,1.848000,"{""h4d-standard-192-5"":26,""h4d-standard-192-6"":32}","{""bora009"":0,""bora010"":0,""h4d-standard-192-5"":0.009029,""h4d-standard-192-6"":0.008749}",[]
prism_cc_cost,hybrid_homo,20,maddid0000018|mbackgroundid0000015|mbackgroundid0000016|mbackgroundid0000032|mbackgroundid0000033|mbackgroundid0000053|mbackgroundid0000054|mbgmodelid0000031|mbgmodelid0000050|mconcatfitid0000011|mconcatfitid0000030|mconcatfitid0000049|mdifffitid0000005|mdifffitid0000006|mdifffitid0000010|mdifffitid0000025|mdifffitid0000027|mdifffitid0000044|mdifffitid0000046|mdifffitid0000047|mimgtblid0000055|mprojectid0000001|mprojectid0000004|mprojectid0000020|mprojectid0000021|mprojectid0000039|mprojectid0000040|mprojectid0000042|mviewerid0000057,0.200000,114.104000,0.513469,0.607531,118.113160,0.000000,0.000000,true,36.430000,18,354.828000,"{""bora010"":3,""h4d-standard-192-5"":23,""h4d-standard-192-6"":32}","{""bora009"":0,""bora010"":0.001133,""h4d-standard-192-5"":0.00823,""h4d-standard-192-6"":0.008013}","[{""rank"":1,""recommended"":true,""feasible"":true,""budget_used"":0.513469,""budget_violation"":0,""makespan"":114.104,""deadline_violation"":0,""machine_signature"":""75877c91be3db85f"",""weighted_score"":0.513469,""diversity_score"":2.448276},{""rank"":2,""recommended"":false,""feasible"":true,""budget_used"":0.537228,""budget_violation"":0,""makespan"":104.594,""deadline_violation"":0,""machine_signature"":""9e95ba2f093a0a36"",""weighted_score"":0.537228,""diversity_score"":2.465517},{""rank"":3,""recommended"":false,""feasible"":true,""budget_used"":0.542794,""budget_violation"":0,""makespan"":104.495,""deadline_violation"":0,""machine_signature"":""bffdcd2c510cfc1b"",""weighted_score"":0.542794,""diversity_score"":1.465517},{""rank"":4,""recommended"":false,""feasible"":true,""budget_used"":0.548526,""budget_violation"":0,""makespan"":104.495,""deadline_violation"":0,""machine_signature"":""59d5c9855c85ccac"",""weighted_score"":0.548526,""diversity_score"":1.448276}]"
prism_cc_time,hybrid_homo,20,maddid0000018|mbackgroundid0000015|mbackgroundid0000016|mbackgroundid0000032|mbackgroundid0000033|mbackgroundid0000053|mbackgroundid0000054|mbgmodelid0000031|mbgmodelid0000050|mconcatfitid0000011|mconcatfitid0000030|mconcatfitid0000049|mdifffitid0000005|mdifffitid0000006|mdifffitid0000010|mdifffitid0000025|mdifffitid0000027|mdifffitid0000044|mdifffitid0000046|mdifffitid0000047|mimgtblid0000055|mprojectid0000001|mprojectid0000004|mprojectid0000020|mprojectid0000021|mprojectid0000039|mprojectid0000040|mprojectid0000042|mviewerid0000057,0.200000,104.495000,0.548526,0.607531,118.113160,0.000000,0.000000,true,36.429000,18,354.828000,"{""h4d-standard-192-5"":26,""h4d-standard-192-6"":32}","{""bora009"":0,""bora010"":0,""h4d-standard-192-5"":0.009029,""h4d-standard-192-6"":0.008749}","[{""rank"":1,""recommended"":true,""feasible"":true,""budget_used"":0.542794,""budget_violation"":0,""makespan"":104.495,""deadline_violation"":0,""machine_signature"":""bffdcd2c510cfc1b"",""weighted_score"":0.915787,""diversity_score"":1.465517},{""rank"":2,""recommended"":false,""feasible"":true,""budget_used"":0.548526,""budget_violation"":0,""makespan"":104.495,""deadline_violation"":0,""machine_signature"":""59d5c9855c85ccac"",""weighted_score"":0.915787,""diversity_score"":1.448276},{""rank"":3,""recommended"":false,""feasible"":true,""budget_used"":0.537228,""budget_violation"":0,""makespan"":104.594,""deadline_violation"":0,""machine_signature"":""9e95ba2f093a0a36"",""weighted_score"":0.916655,""diversity_score"":2.465517},{""rank"":4,""recommended"":false,""feasible"":true,""budget_used"":0.513469,""budget_violation"":0,""makespan"":114.104,""deadline_violation"":0,""machine_signature"":""75877c91be3db85f"",""weighted_score"":1,""diversity_score"":2.448276}]"
heft_colocation,hybrid_raspberry_500mbps,20,maddid0000018|mbackgroundid0000015|mbackgroundid0000016|mbackgroundid0000032|mbackgroundid0000033|mbackgroundid0000053|mbackgroundid0000054|mbgmodelid0000031|mbgmodelid0000050|mconcatfitid0000011|mconcatfitid0000030|mconcatfitid0000049|mdifffitid0000005|mdifffitid0000006|mdifffitid0000010|mdifffitid0000025|mdifffitid0000027|mdifffitid0000044|mdifffitid0000046|mdifffitid0000047|mimgtblid0000055|mprojectid0000001|mprojectid0000004|mprojectid0000020|mprojectid0000021|mprojectid0000039|mprojectid0000040|mprojectid0000042|mviewerid0000057,0.200000,175.500000,0.539948,0.533583,179.300320,0.006400,0.000000,false,97.579000,44,2.333000,"{""cloud-node-02"":41,""hpc-node-02"":17}","{""cloud-node-01"":0,""cloud-node-02"":0.051323,""hpc-node-01"":0,""hpc-node-02"":0.041981,""rpi-edge-01"":0,""rpi-edge-02"":0,""rpi-edge-03"":0,""rpi-edge-04"":0,""rpi-edge-05"":0,""rpi-edge-06"":0,""rpi-edge-07"":0,""rpi-edge-08"":0,""rpi-edge-09"":0,""rpi-edge-10"":0}",[]
prism_cc_cost,hybrid_raspberry_500mbps,20,maddid0000018|mbackgroundid0000015|mbackgroundid0000016|mbackgroundid0000032|mbackgroundid0000033|mbackgroundid0000053|mbackgroundid0000054|mbgmodelid0000031|mbgmodelid0000050|mconcatfitid0000011|mconcatfitid0000030|mconcatfitid0000049|mdifffitid0000005|mdifffitid0000006|mdifffitid0000010|mdifffitid0000025|mdifffitid0000027|mdifffitid0000044|mdifffitid0000046|mdifffitid0000047|mimgtblid0000055|mprojectid0000001|mprojectid0000004|mprojectid0000020|mprojectid0000021|mprojectid0000039|mprojectid0000040|mprojectid0000042|mviewerid0000057,0.200000,175.500000,0.539948,0.533583,179.300320,0.006400,0.000000,false,97.579000,44,538.494000,"{""cloud-node-02"":41,""hpc-node-02"":17}","{""cloud-node-01"":0,""cloud-node-02"":0.051323,""hpc-node-01"":0,""hpc-node-02"":0.041981,""rpi-edge-01"":0,""rpi-edge-02"":0,""rpi-edge-03"":0,""rpi-edge-04"":0,""rpi-edge-05"":0,""rpi-edge-06"":0,""rpi-edge-07"":0,""rpi-edge-08"":0,""rpi-edge-09"":0,""rpi-edge-10"":0}","[{""rank"":1,""recommended"":true,""feasible"":false,""budget_used"":0.539948,""budget_violation"":0.0064,""makespan"":175.5,""deadline_violation"":0,""machine_signature"":""6505ee8cd4c25124"",""weighted_score"":0.539948,""diversity_score"":1.293103},{""rank"":2,""recommended"":false,""feasible"":false,""budget_used"":0.539948,""budget_violation"":0.0064,""makespan"":175.5,""deadline_violation"":0,""machine_signature"":""a86f3d5a2a8560b0"",""weighted_score"":0.539948,""diversity_score"":1.293103}]"
prism_cc_time,hybrid_raspberry_500mbps,20,maddid0000018|mbackgroundid0000015|mbackgroundid0000016|mbackgroundid0000032|mbackgroundid0000033|mbackgroundid0000053|mbackgroundid0000054|mbgmodelid0000031|mbgmodelid0000050|mconcatfitid0000011|mconcatfitid0000030|mconcatfitid0000049|mdifffitid0000005|mdifffitid0000006|mdifffitid0000010|mdifffitid0000025|mdifffitid0000027|mdifffitid0000044|mdifffitid0000046|mdifffitid0000047|mimgtblid0000055|mprojectid0000001|mprojectid0000004|mprojectid0000020|mprojectid0000021|mprojectid0000039|mprojectid0000040|mprojectid0000042|mviewerid0000057,0.200000,175.500000,0.539948,0.533583,179.300320,0.006400,0.000000,false,97.579000,44,538.494000,"{""cloud-node-02"":41,""hpc-node-02"":17}","{""cloud-node-01"":0,""cloud-node-02"":0.051323,""hpc-node-01"":0,""hpc-node-02"":0.041981,""rpi-edge-01"":0,""rpi-edge-02"":0,""rpi-edge-03"":0,""rpi-edge-04"":0,""rpi-edge-05"":0,""rpi-edge-06"":0,""rpi-edge-07"":0,""rpi-edge-08"":0,""rpi-edge-09"":0,""rpi-edge-10"":0}","[{""rank"":1,""recommended"":true,""feasible"":false,""budget_used"":0.539948,""budget_violation"":0.0064,""makespan"":175.5,""deadline_violation"":0,""machine_signature"":""6505ee8cd4c25124"",""weighted_score"":1,""diversity_score"":1.293103},{""rank"":2,""recommended"":false,""feasible"":false,""budget_used"":0.539948,""budget_violation"":0.0064,""makespan"":175.5,""deadline_violation"":0,""machine_signature"":""a86f3d5a2a8560b0"",""weighted_score"":1,""diversity_score"":1.293103}]"
heft_colocation,cloud_hetero,21,maddid0000018|maddid0000037|maddid0000056|mbackgroundid0000014|mbackgroundid0000015|mbackgroundid0000034|mbackgroundid0000035|mbackgroundid0000053|mbgmodelid0000050|mconcatfitid0000011|mconcatfitid0000049|mdifffitid0000005|mdifffitid0000006|mdifffitid0000008|mdifffitid0000010|mdifffitid0000024|mdifffitid0000025|mdifffitid0000028|mdifffitid0000043|mdifffitid0000045|mdifffitid0000046|mprojectid0000002|mprojectid0000020|mprojectid0000023|mprojectid0000039|mprojectid0000040|mprojectid0000042|mviewerid0000038|mviewerid0000058,0.200000,96.660000,0.525811,0.641828,118.113160,0.000000,0.000000,true,24.202000,16,2.081000,"{""h4d-highmem-192-1"":35,""h4d-standard-192-1"":23}","{""h3-standard-88-1"":0,""h3-standard-88-2"":0,""h4d-highmem-192-1"":0.011537,""h4d-standard-192-1"":0.007024}",[]
prism_cc_cost,cloud_hetero,21,maddid0000018|maddid0000037|maddid0000056|mbackgroundid0000014|mbackgroundid0000015|mbackgroundid0000034|mbackgroundid0000035|mbackgroundid0000053|mbgmodelid0000050|mconcatfitid0000011|mconcatfitid0000049|mdifffitid0000005|mdifffitid0000006|mdifffitid0000008|mdifffitid0000010|mdifffitid0000024|mdifffitid0000025|mdifffitid0000028|mdifffitid0000043|mdifffitid0000045|mdifffitid0000046|mprojectid0000002|mprojectid0000020|mprojectid0000023|mprojectid0000039|mprojectid0000040|mprojectid0000042|mviewerid0000038|mviewerid0000058,0.200000,106.738000,0.232859,0.641828,118.113160,0.000000,0.000000,true,65.015000,45,344.529000,"{""h4d-standard-192-1"":58}","{""h3-standard-88-1"":0,""h3-standard-88-2"":0,""h4d-highmem-192-1"":0,""h4d-standard-192-1"":0.0188}","[{""rank"":1,""recommended"":true,""feasible"":true,""budget_used"":0.232859,""budget_violation"":0,""makespan"":106.738,""deadline_violation"":0,""machine_signature"":""e14760cfda4e4b6c"",""weighted_score"":0.232859,""diversity_score"":0},{""rank"":2,""recommended"":false,""feasible"":true,""budget_used"":0.518936,""budget_violation"":0,""makespan"":96.66,""deadline_violation"":0,""machine_signature"":""ed3545fc6424ba36"",""weighted_score"":0.518936,""diversity_score"":1.37931},{""rank"":3,""recommended"":false,""feasible"":true,""budget_used"":0.525811,""budget_violation"":0,""makespan"":96.66,""deadline_violation"":0,""machine_signature"":""22a028ba32f696ce"",""weighted_score"":0.525811,""diversity_score"":1.396552}]"
prism_cc_time,cloud_hetero,21,maddid0000018|maddid0000037|maddid0000056|mbackgroundid0000014|mbackgroundid0000015|mbackgroundid0000034|mbackgroundid0000035|mbackgroundid0000053|mbgmodelid0000050|mconcatfitid0000011|mconcatfitid0000049|mdifffitid0000005|mdifffitid0000006|mdifffitid0000008|mdifffitid0000010|mdifffitid0000024|mdifffitid0000025|mdifffitid0000028|mdifffitid0000043|mdifffitid0000045|mdifffitid0000046|mprojectid0000002|mprojectid0000020|mprojectid0000023|mprojectid0000039|mprojectid0000040|mprojectid0000042|mviewerid0000038|mviewerid0000058,0.200000,96.660000,0.525811,0.641828,118.113160,0.000000,0.000000,true,24.202000,16,344.529000,"{""h4d-highmem-192-1"":35,""h4d-standard-192-1"":23}","{""h3-standard-88-1"":0,""h3-standard-88-2"":0,""h4d-highmem-192-1"":0.011537,""h4d-standard-192-1"":0.007024}","[{""rank"":1,""recommended"":true,""feasible"":true,""budget_used"":0.518936,""budget_violation"":0,""makespan"":96.66,""deadline_violation"":0,""machine_signature"":""ed3545fc6424ba36"",""weighted_score"":0.905582,""diversity_score"":1.37931},{""rank"":2,""recommended"":false,""feasible"":true,""budget_used"":0.525811,""budget_violation"":0,""makespan"":96.66,""deadline_violation"":0,""machine_signature"":""22a028ba32f696ce"",""weighted_score"":0.905582,""diversity_score"":1.396552},{""rank"":3,""recommended"":false,""feasible"":true,""budget_used"":0.232859,""budget_violation"":0,""makespan"":106.738,""deadline_violation"":0,""machine_signature"":""e14760cfda4e4b6c"",""weighted_score"":1,""diversity_score"":0}]"
heft_colocation,cloud_homo,21,maddid0000018|maddid0000037|maddid0000056|mbackgroundid0000014|mbackgroundid0000015|mbackgroundid0000034|mbackgroundid0000035|mbackgroundid0000053|mbgmodelid0000050|mconcatfitid0000011|mconcatfitid0000049|mdifffitid0000005|mdifffitid0000006|mdifffitid0000008|mdifffitid0000010|mdifffitid0000024|mdifffitid0000025|mdifffitid0000028|mdifffitid0000043|mdifffitid0000045|mdifffitid0000046|mprojectid0000002|mprojectid0000020|mprojectid0000023|mprojectid0000039|mprojectid0000040|mprojectid0000042|mviewerid0000038|mviewerid0000058,0.200000,97.995000,0.840376,1.059152,119.559000,0.000000,0.000000,true,5.057000,6,4.112000,"{""h4d-standard-192-1"":30,""h4d-standard-192-2"":16,""h4d-standard-192-3"":8,""h4d-standard-192-4"":4}","{""h4d-standard-192-1"":0.006358,""h4d-standard-192-2"":0.003987,""h4d-standard-192-3"":0.003806,""h4d-standard-192-4"":0.00314}",[]
prism_cc_cost,cloud_homo,21,maddid0000018|maddid0000037|maddid0000056|mbackgroundid0000014|mbackgroundid0000015|mbackgroundid0000034|mbackgroundid0000035|mbackgroundid0000053|mbgmodelid0000050|mconcatfitid0000011|mconcatfitid0000049|mdifffitid0000005|mdifffitid0000006|mdifffitid0000008|mdifffitid0000010|mdifffitid0000024|mdifffitid0000025|mdifffitid0000028|mdifffitid0000043|mdifffitid0000045|mdifffitid0000046|mprojectid0000002|mprojectid0000020|mprojectid0000023|mprojectid0000039|mprojectid0000040|mprojectid0000042|mviewerid0000038|mviewerid0000058,0.200000,105.193000,0.229485,1.059152,119.559000,0.000000,0.000000,true,64.864000,42,377.808000,"{""h4d-standard-192-1"":58}","{""h4d-standard-192-1"":0.019068,""h4d-standard-192-2"":0,""h4d-standard-192-3"":0,""h4d-standard-192-4"":0}","[{""rank"":1,""recommended"":true,""feasible"":true,""budget_used"":0.229485,""budget_violation"":0,""makespan"":105.193,""deadline_violation"":0,""machine_signature"":""33a6a13a19b45f15"",""weighted_score"":0.229485,""diversity_score"":0},{""rank"":2,""recommended"":false,""feasible"":true,""budget_used"":0.528617,""budget_violation"":0,""makespan"":97.995,""deadline_violation"":0,""machine_signature"":""08c190ad5a769e5d"",""weighted_score"":0.528617,""diversity_score"":2.103448},{""rank"":3,""recommended"":false,""feasible"":true,""budget_used"":0.840376,""budget_violation"":0,""makespan"":97.995,""deadline_violation"":0,""machine_signature"":""9a0e82fc9295f0a6"",""weighted_score"":0.840376,""diversity_score"":3.482759}]"
prism_cc_time,cloud_homo,21,maddid0000018|maddid0000037|maddid0000056|mbackgroundid0000014|mbackgroundid0000015|mbackgroundid0000034|mbackgroundid0000035|mbackgroundid0000053|mbgmodelid0000050|mconcatfitid0000011|mconcatfitid0000049|mdifffitid0000005|mdifffitid0000006|mdifffitid0000008|mdifffitid0000010|mdifffitid0000024|mdifffitid0000025|mdifffitid0000028|mdifffitid0000043|mdifffitid0000045|mdifffitid0000046|mprojectid0000002|mprojectid0000020|mprojectid0000023|mprojectid0000039|mprojectid0000040|mprojectid0000042|mviewerid0000038|mviewerid0000058,0.200000,97.995000,0.840376,1.059152,119.559000,0.000000,0.000000,true,5.057000,6,377.808000,"{""h4d-standard-192-1"":30,""h4d-standard-192-2"":16,""h4d-standard-192-3"":8,""h4d-standard-192-4"":4}","{""h4d-standard-192-1"":0.006358,""h4d-standard-192-2"":0.003987,""h4d-standard-192-3"":0.003806,""h4d-standard-192-4"":0.00314}","[{""rank"":1,""recommended"":true,""feasible"":true,""budget_used"":0.528617,""budget_violation"":0,""makespan"":97.995,""deadline_violation"":0,""machine_signature"":""08c190ad5a769e5d"",""weighted_score"":0.931573,""diversity_score"":2.103448},{""rank"":2,""recommended"":false,""feasible"":true,""budget_used"":0.840376,""budget_violation"":0,""makespan"":97.995,""deadline_violation"":0,""machine_signature"":""9a0e82fc9295f0a6"",""weighted_score"":0.931573,""diversity_score"":3.482759},{""rank"":3,""recommended"":false,""feasible"":true,""budget_used"":0.229485,""budget_violation"":0,""makespan"":105.193,""deadline_violation"":0,""machine_signature"":""33a6a13a19b45f15"",""weighted_score"":1,""diversity_score"":0}]"
heft_colocation,cluster_hetero,21,maddid0000018|maddid0000037|maddid0000056|mbackgroundid0000014|mbackgroundid0000015|mbackgroundid0000034|mbackgroundid0000035|mbackgroundid0000053|mbgmodelid0000050|mconcatfitid0000011|mconcatfitid0000049|mdifffitid0000005|mdifffitid0000006|mdifffitid0000008|mdifffitid0000010|mdifffitid0000024|mdifffitid0000025|mdifffitid0000028|mdifffitid0000043|mdifffitid0000045|mdifffitid0000046|mprojectid0000002|mprojectid0000020|mprojectid0000023|mprojectid0000039|mprojectid0000040|mprojectid0000042|mviewerid0000038|mviewerid0000058,0.200000,305.629000,0.000000,0.000000,353.759520,0.000000,0.000000,true,82.234000,16,0.886000,"{""bora005"":33,""bora006"":22,""diablo01"":2,""diablo02"":1}","{""bora005"":0.085723,""bora006"":0.070695,""diablo01"":0.004896,""diablo02"":0.003726}",[]
prism_cc_cost,cluster_hetero,21,maddid0000018|maddid0000037|maddid0000056|mbackgroundid0000014|mbackgroundid0000015|mbackgroundid0000034|mbackgroundid0000035|mbackgroundid0000053|mbgmodelid0000050|mconcatfitid0000011|mconcatfitid0000049|mdifffitid0000005|mdifffitid0000006|mdifffitid0000008|mdifffitid0000010|mdifffitid0000024|mdifffitid0000025|mdifffitid0000028|mdifffitid0000043|mdifffitid0000045|mdifffitid0000046|mprojectid0000002|mprojectid0000020|mprojectid0000023|mprojectid0000039|mprojectid0000040|mprojectid0000042|mviewerid0000038|mviewerid0000058,0.200000,305.629000,0.000000,0.000000,353.759520,0.000000,0.000000,true,82.234000,16,158.340000,"{""bora005"":33,""bora006"":22,""diablo01"":2,""diablo02"":1}","{""bora005"":0.085723,""bora006"":0.070695,""diablo01"":0.004896,""diablo02"":0.003726}","[{""rank"":1,""recommended"":true,""feasible"":true,""budget_used"":0,""budget_violation"":0,""makespan"":305.629,""deadline_violation"":0,""machine_signature"":""f6135f4f6578570d"",""weighted_score"":0,""diversity_score"":3.431034},{""rank"":2,""recommended"":false,""feasible"":true,""budget_used"":0,""budget_violation"":0,""makespan"":305.629,""deadline_violation"":0,""machine_signature"":""27834b7bf6e2de2a"",""weighted_score"":0,""diversity_score"":3.448276}]"
prism_cc_time,cluster_hetero,21,maddid0000018|maddid0000037|maddid0000056|mbackgroundid0000014|mbackgroundid0000015|mbackgroundid0000034|mbackgroundid0000035|mbackgroundid0000053|mbgmodelid0000050|mconcatfitid0000011|mconcatfitid0000049|mdifffitid0000005|mdifffitid0000006|mdifffitid0000008|mdifffitid0000010|mdifffitid0000024|mdifffitid0000025|mdifffitid0000028|mdifffitid0000043|mdifffitid0000045|mdifffitid0000046|mprojectid0000002|mprojectid0000020|mprojectid0000023|mprojectid0000039|mprojectid0000040|mprojectid0000042|mviewerid0000038|mviewerid0000058,0.200000,305.629000,0.000000,0.000000,353.759520,0.000000,0.000000,true,82.234000,16,158.340000,"{""bora005"":33,""bora006"":22,""diablo01"":2,""diablo02"":1}","{""bora005"":0.085723,""bora006"":0.070695,""diablo01"":0.004896,""diablo02"":0.003726}","[{""rank"":1,""recommended"":true,""feasible"":true,""budget_used"":0,""budget_violation"":0,""makespan"":305.629,""deadline_violation"":0,""machine_signature"":""f6135f4f6578570d"",""weighted_score"":1,""diversity_score"":3.431034},{""rank"":2,""recommended"":false,""feasible"":true,""budget_used"":0,""budget_violation"":0,""makespan"":305.629,""deadline_violation"":0,""machine_signature"":""27834b7bf6e2de2a"",""weighted_score"":1,""diversity_score"":3.448276}]"
heft_colocation,cluster_homo,21,maddid0000018|maddid0000037|maddid0000056|mbackgroundid0000014|mbackgroundid0000015|mbackgroundid0000034|mbackgroundid0000035|mbackgroundid0000053|mbgmodelid0000050|mconcatfitid0000011|mconcatfitid0000049|mdifffitid0000005|mdifffitid0000006|mdifffitid0000008|mdifffitid0000010|mdifffitid0000024|mdifffitid0000025|mdifffitid0000028|mdifffitid0000043|mdifffitid0000045|mdifffitid0000046|mprojectid0000002|mprojectid0000020|mprojectid0000023|mprojectid0000039|mprojectid0000040|mprojectid0000042|mviewerid0000038|mviewerid0000058,0.200000,287.957000,0.000000,0.000000,345.548400,0.000000,0.000000,true,30.076000,10,0.719000,"{""bora001"":31,""bora002"":16,""bora003"":8,""bora004"":3}","{""bora001"":0.064189,""bora002"":0.040197,""bora003"":0.038287,""bora004"":0.031348}",[]
prism_cc_cost,cluster_homo,21,maddid0000018|maddid0000037|maddid0000056|mbackgroundid0000014|mbackgroundid0000015|mbackgroundid0000034|mbackgroundid0000035|mbackgroundid0000053|mbgmodelid0000050|mconcatfitid0000011|mconcatfitid0000049|mdifffitid0000005|mdifffitid0000006|mdifffitid0000008|mdifffitid0000010|mdifffitid0000024|mdifffitid0000025|mdifffitid0000028|mdifffitid0000043|mdifffitid0000045|mdifffitid0000046|mprojectid0000002|mprojectid0000020|mprojectid0000023|mprojectid0000039|mprojectid0000040|mprojectid0000042|mviewerid0000038|mviewerid0000058,0.200000,287.957000,0.000000,0.000000,345.548400,0.000000,0.000000,true,30.076000,10,133.113000,"{""bora001"":31,""bora002"":16,""bora003"":8,""bora004"":3}","{""bora001"":0.064189,""bora002"":0.040197,""bora003"":0.038287,""bora004"":0.031348}","[{""rank"":1,""recommended"":true,""feasible"":true,""budget_used"":0,""budget_violation"":0,""makespan"":287.957,""deadline_violation"":0,""machine_signature"":""ff3bc4408a3cc58b"",""weighted_score"":0,""diversity_score"":3.465517}]"
prism_cc_time,cluster_homo,21,maddid0000018|maddid0000037|maddid0000056|mbackgroundid0000014|mbackgroundid0000015|mbackgroundid0000034|mbackgroundid0000035|mbackgroundid0000053|mbgmodelid0000050|mconcatfitid0000011|mconcatfitid0000049|mdifffitid0000005|mdifffitid0000006|mdifffitid0000008|mdifffitid0000010|mdifffitid0000024|mdifffitid0000025|mdifffitid0000028|mdifffitid0000043|mdifffitid0000045|mdifffitid0000046|mprojectid0000002|mprojectid0000020|mprojectid0000023|mprojectid0000039|mprojectid0000040|mprojectid0000042|mviewerid0000038|mviewerid0000058,0.200000,287.957000,0.000000,0.000000,345.548400,0.000000,0.000000,true,30.076000,10,133.113000,"{""bora001"":31,""bora002"":16,""bora003"":8,""bora004"":3}","{""bora001"":0.064189,""bora002"":0.040197,""bora003"":0.038287,""bora004"":0.031348}","[{""rank"":1,""recommended"":true,""feasible"":true,""budget_used"":0,""budget_violation"":0,""makespan"":287.957,""deadline_violation"":0,""machine_signature"":""ff3bc4408a3cc58b"",""weighted_score"":1,""diversity_score"":3.465517}]"
heft_colocation,hybrid_hetero,21,maddid0000018|maddid0000037|maddid0000056|mbackgroundid0000014|mbackgroundid0000015|mbackgroundid0000034|mbackgroundid0000035|mbackgroundid0000053|mbgmodelid0000050|mconcatfitid0000011|mconcatfitid0000049|mdifffitid0000005|mdifffitid0000006|mdifffitid0000008|mdifffitid0000010|mdifffitid0000024|mdifffitid0000025|mdifffitid0000028|mdifffitid0000043|mdifffitid0000045|mdifffitid0000046|mprojectid0000002|mprojectid0000020|mprojectid0000023|mprojectid0000039|mprojectid0000040|mprojectid0000042|mviewerid0000038|mviewerid0000058,0.200000,104.534000,0.309524,0.348827,119.109960,0.000000,0.000000,true,53.817000,33,1.500000,"{""h3-standard-88-2"":2,""h4d-standard-192-7"":56}","{""bora011"":0,""diablo03"":0,""h3-standard-88-2"":0.002299,""h4d-standard-192-7"":0.018102}",[]
prism_cc_cost,hybrid_hetero,21,maddid0000018|maddid0000037|maddid0000056|mbackgroundid0000014|mbackgroundid0000015|mbackgroundid0000034|mbackgroundid0000035|mbackgroundid0000053|mbgmodelid0000050|mconcatfitid0000011|mconcatfitid0000049|mdifffitid0000005|mdifffitid0000006|mdifffitid0000008|mdifffitid0000010|mdifffitid0000024|mdifffitid0000025|mdifffitid0000028|mdifffitid0000043|mdifffitid0000045|mdifffitid0000046|mprojectid0000002|mprojectid0000020|mprojectid0000023|mprojectid0000039|mprojectid0000040|mprojectid0000042|mviewerid0000038|mviewerid0000058,0.200000,118.789000,0.279398,0.348827,119.109960,0.000000,0.000000,true,53.817000,33,254.165000,"{""bora011"":9,""h3-standard-88-2"":2,""h4d-standard-192-7"":47}","{""bora011"":0.002671,""diablo03"":0,""h3-standard-88-2"":0.002023,""h4d-standard-192-7"":0.015839}","[{""rank"":1,""recommended"":true,""feasible"":true,""budget_used"":0.279398,""budget_violation"":0,""makespan"":118.789,""deadline_violation"":0,""machine_signature"":""a997de2f3a24a75c"",""weighted_score"":0.279398,""diversity_score"":2.189655},{""rank"":2,""recommended"":false,""feasible"":true,""budget_used"":0.309524,""budget_violation"":0,""makespan"":104.534,""deadline_violation"":0,""machine_signature"":""c5b1db674c190c37"",""weighted_score"":0.309524,""diversity_score"":1.034483}]"
prism_cc_time,hybrid_hetero,21,maddid0000018|maddid0000037|maddid0000056|mbackgroundid0000014|mbackgroundid0000015|mbackgroundid0000034|mbackgroundid0000035|mbackgroundid0000053|mbgmodelid0000050|mconcatfitid0000011|mconcatfitid0000049|mdifffitid0000005|mdifffitid0000006|mdifffitid0000008|mdifffitid0000010|mdifffitid0000024|mdifffitid0000025|mdifffitid0000028|mdifffitid0000043|mdifffitid0000045|mdifffitid0000046|mprojectid0000002|mprojectid0000020|mprojectid0000023|mprojectid0000039|mprojectid0000040|mprojectid0000042|mviewerid0000038|mviewerid0000058,0.200000,104.534000,0.309524,0.348827,119.109960,0.000000,0.000000,true,53.817000,33,254.165000,"{""h3-standard-88-2"":2,""h4d-standard-192-7"":56}","{""bora011"":0,""diablo03"":0,""h3-standard-88-2"":0.002299,""h4d-standard-192-7"":0.018102}","[{""rank"":1,""recommended"":true,""feasible"":true,""budget_used"":0.309524,""budget_violation"":0,""makespan"":104.534,""deadline_violation"":0,""machine_signature"":""c5b1db674c190c37"",""weighted_score"":0.879997,""diversity_score"":1.034483},{""rank"":2,""recommended"":false,""feasible"":true,""budget_used"":0.279398,""budget_violation"":0,""makespan"":118.789,""deadline_violation"":0,""machine_signature"":""a997de2f3a24a75c"",""weighted_score"":1,""diversity_score"":2.189655}]"
heft_colocation,hybrid_homo,21,maddid0000018|maddid0000037|maddid0000056|mbackgroundid0000014|mbackgroundid0000015|mbackgroundid0000034|mbackgroundid0000035|mbackgroundid0000053|mbgmodelid0000050|mconcatfitid0000011|mconcatfitid0000049|mdifffitid0000005|mdifffitid0000006|mdifffitid0000008|mdifffitid0000010|mdifffitid0000024|mdifffitid0000025|mdifffitid0000028|mdifffitid0000043|mdifffitid0000045|mdifffitid0000046|mprojectid0000002|mprojectid0000020|mprojectid0000023|mprojectid0000039|mprojectid0000040|mprojectid0000042|mviewerid0000038|mviewerid0000058,0.200000,96.660000,0.499254,0.607531,118.113160,0.000000,0.000000,true,24.202000,16,1.801000,"{""h4d-standard-192-5"":23,""h4d-standard-192-6"":35}","{""bora009"":0,""bora010"":0,""h4d-standard-192-5"":0.007024,""h4d-standard-192-6"":0.011537}",[]
prism_cc_cost,hybrid_homo,21,maddid0000018|maddid0000037|maddid0000056|mbackgroundid0000014|mbackgroundid0000015|mbackgroundid0000034|mbackgroundid0000035|mbackgroundid0000053|mbgmodelid0000050|mconcatfitid0000011|mconcatfitid0000049|mdifffitid0000005|mdifffitid0000006|mdifffitid0000008|mdifffitid0000010|mdifffitid0000024|mdifffitid0000025|mdifffitid0000028|mdifffitid0000043|mdifffitid0000045|mdifffitid0000046|mprojectid0000002|mprojectid0000020|mprojectid0000023|mprojectid0000039|mprojectid0000040|mprojectid0000042|mviewerid0000038|mviewerid0000058,0.200000,111.950000,0.394686,0.607531,118.113160,0.000000,0.000000,true,26.053000,9,334.262000,"{""bora009"":9,""bora010"":10,""h4d-standard-192-5"":26,""h4d-standard-192-6"":13}","{""bora009"":0.003759,""bora010"":0.00464,""h4d-standard-192-5"":0.01159,""h4d-standard-192-6"":0.004211}","[{""rank"":1,""recommended"":true,""feasible"":true,""budget_used"":0.394686,""budget_violation"":0,""makespan"":111.95,""deadline_violation"":0,""machine_signature"":""929c103cef62eeaf"",""weighted_score"":0.394686,""diversity_score"":3.551724},{""rank"":2,""recommended"":false,""feasible"":true,""budget_used"":0.487939,""budget_violation"":0,""makespan"":96.66,""deadline_violation"":0,""machine_signature"":""30b990cb5bcc9c60"",""weighted_score"":0.487939,""diversity_score"":2.396552},{""rank"":3,""recommended"":false,""feasible"":true,""budget_used"":0.499254,""budget_violation"":0,""makespan"":96.66,""deadline_violation"":0,""machine_signature"":""03bcfa27736e7269"",""weighted_score"":0.499254,""diversity_score"":1.396552}]"
prism_cc_time,hybrid_homo,21,maddid0000018|maddid0000037|maddid0000056|mbackgroundid0000014|mbackgroundid0000015|mbackgroundid0000034|mbackgroundid0000035|mbackgroundid0000053|mbgmodelid0000050|mconcatfitid0000011|mconcatfitid0000049|mdifffitid0000005|mdifffitid0000006|mdifffitid0000008|mdifffitid0000010|mdifffitid0000024|mdifffitid0000025|mdifffitid0000028|mdifffitid0000043|mdifffitid0000045|mdifffitid0000046|mprojectid0000002|mprojectid0000020|mprojectid0000023|mprojectid0000039|mprojectid0000040|mprojectid0000042|mviewerid0000038|mviewerid0000058,0.200000,96.660000,0.499254,0.607531,118.113160,0.000000,0.000000,true,24.202000,16,334.262000,"{""h4d-standard-192-5"":23,""h4d-standard-192-6"":35}","{""bora009"":0,""bora010"":0,""h4d-standard-192-5"":0.007024,""h4d-standard-192-6"":0.011537}","[{""rank"":1,""recommended"":true,""feasible"":true,""budget_used"":0.487939,""budget_violation"":0,""makespan"":96.66,""deadline_violation"":0,""machine_signature"":""30b990cb5bcc9c60"",""weighted_score"":0.863421,""diversity_score"":2.396552},{""rank"":2,""recommended"":false,""feasible"":true,""budget_used"":0.499254,""budget_violation"":0,""makespan"":96.66,""deadline_violation"":0,""machine_signature"":""03bcfa27736e7269"",""weighted_score"":0.863421,""diversity_score"":1.396552},{""rank"":3,""recommended"":false,""feasible"":true,""budget_used"":0.394686,""budget_violation"":0,""makespan"":111.95,""deadline_violation"":0,""machine_signature"":""929c103cef62eeaf"",""weighted_score"":1,""diversity_score"":3.551724}]"
heft_colocation,hybrid_raspberry_500mbps,21,maddid0000018|maddid0000037|maddid0000056|mbackgroundid0000014|mbackgroundid0000015|mbackgroundid0000034|mbackgroundid0000035|mbackgroundid0000053|mbgmodelid0000050|mconcatfitid0000011|mconcatfitid0000049|mdifffitid0000005|mdifffitid0000006|mdifffitid0000008|mdifffitid0000010|mdifffitid0000024|mdifffitid0000025|mdifffitid0000028|mdifffitid0000043|mdifffitid0000045|mdifffitid0000046|mprojectid0000002|mprojectid0000020|mprojectid0000023|mprojectid0000039|mprojectid0000040|mprojectid0000042|mviewerid0000038|mviewerid0000058,0.200000,160.161000,0.411787,0.533583,179.300320,0.000000,0.000000,true,71.468000,30,2.575000,"{""cloud-node-02"":44,""hpc-node-02"":14}","{""cloud-node-01"":0,""cloud-node-02"":0.058525,""hpc-node-01"":0,""hpc-node-02"":0.031456,""rpi-edge-01"":0,""rpi-edge-02"":0,""rpi-edge-03"":0,""rpi-edge-04"":0,""rpi-edge-05"":0,""rpi-edge-06"":0,""rpi-edge-07"":0,""rpi-edge-08"":0,""rpi-edge-09"":0,""rpi-edge-10"":0}",[]
prism_cc_cost,hybrid_raspberry_500mbps,21,maddid0000018|maddid0000037|maddid0000056|mbackgroundid0000014|mbackgroundid0000015|mbackgroundid0000034|mbackgroundid0000035|mbackgroundid0000053|mbgmodelid0000050|mconcatfitid0000011|mconcatfitid0000049|mdifffitid0000005|mdifffitid0000006|mdifffitid0000008|mdifffitid0000010|mdifffitid0000024|mdifffitid0000025|mdifffitid0000028|mdifffitid0000043|mdifffitid0000045|mdifffitid0000046|mprojectid0000002|mprojectid0000020|mprojectid0000023|mprojectid0000039|mprojectid0000040|mprojectid0000042|mviewerid0000038|mviewerid0000058,0.200000,160.161000,0.408573,0.533583,179.300320,0.000000,0.000000,true,71.468000,30,530.822000,"{""cloud-node-02"":44,""hpc-node-01"":3,""hpc-node-02"":11}","{""cloud-node-01"":0,""cloud-node-02"":0.058525,""hpc-node-01"":0.002732,""hpc-node-02"":0.030773,""rpi-edge-01"":0,""rpi-edge-02"":0,""rpi-edge-03"":0,""rpi-edge-04"":0,""rpi-edge-05"":0,""rpi-edge-06"":0,""rpi-edge-07"":0,""rpi-edge-08"":0,""rpi-edge-09"":0,""rpi-edge-10"":0}","[{""rank"":1,""recommended"":true,""feasible"":true,""budget_used"":0.408573,""budget_violation"":0,""makespan"":160.161,""deadline_violation"":0,""machine_signature"":""fed5b6c07106e487"",""weighted_score"":0.408573,""diversity_score"":2.241379},{""rank"":2,""recommended"":false,""feasible"":true,""budget_used"":0.411787,""budget_violation"":0,""makespan"":160.161,""deadline_violation"":0,""machine_signature"":""81957b9edb69f7fc"",""weighted_score"":0.411787,""diversity_score"":1.241379}]"
prism_cc_time,hybrid_raspberry_500mbps,21,maddid0000018|maddid0000037|maddid0000056|mbackgroundid0000014|mbackgroundid0000015|mbackgroundid0000034|mbackgroundid0000035|mbackgroundid0000053|mbgmodelid0000050|mconcatfitid0000011|mconcatfitid0000049|mdifffitid0000005|mdifffitid0000006|mdifffitid0000008|mdifffitid0000010|mdifffitid0000024|mdifffitid0000025|mdifffitid0000028|mdifffitid0000043|mdifffitid0000045|mdifffitid0000046|mprojectid0000002|mprojectid0000020|mprojectid0000023|mprojectid0000039|mprojectid0000040|mprojectid0000042|mviewerid0000038|mviewerid0000058,0.200000,160.161000,0.411787,0.533583,179.300320,0.000000,0.000000,true,71.468000,30,530.822000,"{""cloud-node-02"":44,""hpc-node-02"":14}","{""cloud-node-01"":0,""cloud-node-02"":0.058525,""hpc-node-01"":0,""hpc-node-02"":0.031456,""rpi-edge-01"":0,""rpi-edge-02"":0,""rpi-edge-03"":0,""rpi-edge-04"":0,""rpi-edge-05"":0,""rpi-edge-06"":0,""rpi-edge-07"":0,""rpi-edge-08"":0,""rpi-edge-09"":0,""rpi-edge-10"":0}","[{""rank"":1,""recommended"":true,""feasible"":true,""budget_used"":0.408573,""budget_violation"":0,""makespan"":160.161,""deadline_violation"":0,""machine_signature"":""fed5b6c07106e487"",""weighted_score"":1,""diversity_score"":2.241379},{""rank"":2,""recommended"":false,""feasible"":true,""budget_used"":0.411787,""budget_violation"":0,""makespan"":160.161,""deadline_violation"":0,""machine_signature"":""81957b9edb69f7fc"",""weighted_score"":1,""diversity_score"":1.241379}]"
heft_colocation,cloud_hetero,22,maddid0000018|maddid0000037|maddid0000056|mbackgroundid0000014|mbackgroundid0000015|mbackgroundid0000032|mbackgroundid0000033|mbackgroundid0000035|mbackgroundid0000051|mbackgroundid0000053|mbgmodelid0000050|mdifffitid0000007|mdifffitid0000008|mdifffitid0000009|mdifffitid0000025|mdifffitid0000043|mdifffitid0000044|mdifffitid0000045|mimgtblid0000055|mprojectid0000002|mprojectid0000021|mprojectid0000022|mprojectid0000023|mprojectid0000039|mprojectid0000041|mprojectid0000042|mviewerid0000019|mviewerid0000038|mviewerid0000057,0.200000,97.192000,0.549873,0.641828,118.113160,0.000000,0.000000,true,29.473000,14,1.957000,"{""h4d-highmem-192-1"":39,""h4d-standard-192-1"":19}","{""h3-standard-88-1"":0,""h3-standard-88-2"":0,""h4d-highmem-192-1"":0.008946,""h4d-standard-192-1"":0.009795}",[]
prism_cc_cost,cloud_hetero,22,maddid0000018|maddid0000037|maddid0000056|mbackgroundid0000014|mbackgroundid0000015|mbackgroundid0000032|mbackgroundid0000033|mbackgroundid0000035|mbackgroundid0000051|mbackgroundid0000053|mbgmodelid0000050|mdifffitid0000007|mdifffitid0000008|mdifffitid0000009|mdifffitid0000025|mdifffitid0000043|mdifffitid0000044|mdifffitid0000045|mimgtblid0000055|mprojectid0000002|mprojectid0000021|mprojectid0000022|mprojectid0000023|mprojectid0000039|mprojectid0000041|mprojectid0000042|mviewerid0000019|mviewerid0000038|mviewerid0000057,0.200000,98.895000,0.215747,0.641828,118.113160,0.000000,0.000000,true,74.747000,41,330.643000,"{""h4d-standard-192-1"":58}","{""h3-standard-88-1"":0,""h3-standard-88-2"":0,""h4d-highmem-192-1"":0,""h4d-standard-192-1"":0.020803}","[{""rank"":1,""recommended"":true,""feasible"":true,""budget_used"":0.215747,""budget_violation"":0,""makespan"":98.895,""deadline_violation"":0,""machine_signature"":""737be773f6dfc05d"",""weighted_score"":0.215747,""diversity_score"":0},{""rank"":2,""recommended"":false,""feasible"":true,""budget_used"":0.549873,""budget_violation"":0,""makespan"":97.192,""deadline_violation"":0,""machine_signature"":""861937b6a5a45385"",""weighted_score"":0.549873,""diversity_score"":1.327586}]"
prism_cc_time,cloud_hetero,22,maddid0000018|maddid0000037|maddid0000056|mbackgroundid0000014|mbackgroundid0000015|mbackgroundid0000032|mbackgroundid0000033|mbackgroundid0000035|mbackgroundid0000051|mbackgroundid0000053|mbgmodelid0000050|mdifffitid0000007|mdifffitid0000008|mdifffitid0000009|mdifffitid0000025|mdifffitid0000043|mdifffitid0000044|mdifffitid0000045|mimgtblid0000055|mprojectid0000002|mprojectid0000021|mprojectid0000022|mprojectid0000023|mprojectid0000039|mprojectid0000041|mprojectid0000042|mviewerid0000019|mviewerid0000038|mviewerid0000057,0.200000,97.192000,0.549873,0.641828,118.113160,0.000000,0.000000,true,29.473000,14,330.643000,"{""h4d-highmem-192-1"":39,""h4d-standard-192-1"":19}","{""h3-standard-88-1"":0,""h3-standard-88-2"":0,""h4d-highmem-192-1"":0.008946,""h4d-standard-192-1"":0.009795}","[{""rank"":1,""recommended"":true,""feasible"":true,""budget_used"":0.549873,""budget_violation"":0,""makespan"":97.192,""deadline_violation"":0,""machine_signature"":""861937b6a5a45385"",""weighted_score"":0.98278,""diversity_score"":1.327586},{""rank"":2,""recommended"":false,""feasible"":true,""budget_used"":0.215747,""budget_violation"":0,""makespan"":98.895,""deadline_violation"":0,""machine_signature"":""737be773f6dfc05d"",""weighted_score"":1,""diversity_score"":0}]"
heft_colocation,cloud_homo,22,maddid0000018|maddid0000037|maddid0000056|mbackgroundid0000014|mbackgroundid0000015|mbackgroundid0000032|mbackgroundid0000033|mbackgroundid0000035|mbackgroundid0000051|mbackgroundid0000053|mbgmodelid0000050|mdifffitid0000007|mdifffitid0000008|mdifffitid0000009|mdifffitid0000025|mdifffitid0000043|mdifffitid0000044|mdifffitid0000045|mimgtblid0000055|mprojectid0000002|mprojectid0000021|mprojectid0000022|mprojectid0000023|mprojectid0000039|mprojectid0000041|mprojectid0000042|mviewerid0000019|mviewerid0000038|mviewerid0000057,0.200000,97.995000,0.836245,1.059152,119.559000,0.000000,0.000000,true,9.789000,6,2.750000,"{""h4d-standard-192-1"":31,""h4d-standard-192-2"":15,""h4d-standard-192-3"":9,""h4d-standard-192-4"":3}","{""h4d-standard-192-1"":0.006887,""h4d-standard-192-2"":0.003618,""h4d-standard-192-3"":0.004916,""h4d-standard-192-4"":0.002121}",[]
prism_cc_cost,cloud_homo,22,maddid0000018|maddid0000037|maddid0000056|mbackgroundid0000014|mbackgroundid0000015|mbackgroundid0000032|mbackgroundid0000033|mbackgroundid0000035|mbackgroundid0000051|mbackgroundid0000053|mbgmodelid0000050|mdifffitid0000007|mdifffitid0000008|mdifffitid0000009|mdifffitid0000025|mdifffitid0000043|mdifffitid0000044|mdifffitid0000045|mimgtblid0000055|mprojectid0000002|mprojectid0000021|mprojectid0000022|mprojectid0000023|mprojectid0000039|mprojectid0000041|mprojectid0000042|mviewerid0000019|mviewerid0000038|mviewerid0000057,0.200000,97.553000,0.212816,1.059152,119.559000,0.000000,0.000000,true,74.887000,45,324.998000,"{""h4d-standard-192-1"":58}","{""h4d-standard-192-1"":0.021097,""h4d-standard-192-2"":0,""h4d-standard-192-3"":0,""h4d-standard-192-4"":0}","[{""rank"":1,""recommended"":true,""feasible"":true,""budget_used"":0.212816,""budget_violation"":0,""makespan"":97.553,""deadline_violation"":0,""machine_signature"":""0955b4fa07ab9058"",""weighted_score"":0.212816,""diversity_score"":0},{""rank"":2,""recommended"":false,""feasible"":true,""budget_used"":0.836245,""budget_violation"":0,""makespan"":97.995,""deadline_violation"":0,""machine_signature"":""2041ad051cc7174c"",""weighted_score"":0.836245,""diversity_score"":3.465517}]"
prism_cc_time,cloud_homo,22,maddid0000018|maddid0000037|maddid0000056|mbackgroundid0000014|mbackgroundid0000015|mbackgroundid0000032|mbackgroundid0000033|mbackgroundid0000035|mbackgroundid0000051|mbackgroundid0000053|mbgmodelid0000050|mdifffitid0000007|mdifffitid0000008|mdifffitid0000009|mdifffitid0000025|mdifffitid0000043|mdifffitid0000044|mdifffitid0000045|mimgtblid0000055|mprojectid0000002|mprojectid0000021|mprojectid0000022|mprojectid0000023|mprojectid0000039|mprojectid0000041|mprojectid0000042|mviewerid0000019|mviewerid0000038|mviewerid0000057,0.200000,97.553000,0.212816,1.059152,119.559000,0.000000,0.000000,true,74.887000,45,324.998000,"{""h4d-standard-192-1"":58}","{""h4d-standard-192-1"":0.021097,""h4d-standard-192-2"":0,""h4d-standard-192-3"":0,""h4d-standard-192-4"":0}","[{""rank"":1,""recommended"":true,""feasible"":true,""budget_used"":0.212816,""budget_violation"":0,""makespan"":97.553,""deadline_violation"":0,""machine_signature"":""0955b4fa07ab9058"",""weighted_score"":0.99549,""diversity_score"":0},{""rank"":2,""recommended"":false,""feasible"":true,""budget_used"":0.836245,""budget_violation"":0,""makespan"":97.995,""deadline_violation"":0,""machine_signature"":""2041ad051cc7174c"",""weighted_score"":1,""diversity_score"":3.465517}]"
heft_colocation,cluster_hetero,22,maddid0000018|maddid0000037|maddid0000056|mbackgroundid0000014|mbackgroundid0000015|mbackgroundid0000032|mbackgroundid0000033|mbackgroundid0000035|mbackgroundid0000051|mbackgroundid0000053|mbgmodelid0000050|mdifffitid0000007|mdifffitid0000008|mdifffitid0000009|mdifffitid0000025|mdifffitid0000043|mdifffitid0000044|mdifffitid0000045|mimgtblid0000055|mprojectid0000002|mprojectid0000021|mprojectid0000022|mprojectid0000023|mprojectid0000039|mprojectid0000041|mprojectid0000042|mviewerid0000019|mviewerid0000038|mviewerid0000057,0.200000,287.957000,0.000000,0.000000,353.759520,0.000000,0.000000,true,86.351000,12,0.876000,"{""bora005"":29,""bora006"":26,""diablo01"":2,""diablo02"":1}","{""bora005"":0.098743,""bora006"":0.064489,""diablo01"":0.004194,""diablo02"":0.007193}",[]
prism_cc_cost,cluster_hetero,22,maddid0000018|maddid0000037|maddid0000056|mbackgroundid0000014|mbackgroundid0000015|mbackgroundid0000032|mbackgroundid0000033|mbackgroundid0000035|mbackgroundid0000051|mbackgroundid0000053|mbgmodelid0000050|mdifffitid0000007|mdifffitid0000008|mdifffitid0000009|mdifffitid0000025|mdifffitid0000043|mdifffitid0000044|mdifffitid0000045|mimgtblid0000055|mprojectid0000002|mprojectid0000021|mprojectid0000022|mprojectid0000023|mprojectid0000039|mprojectid0000041|mprojectid0000042|mviewerid0000019|mviewerid0000038|mviewerid0000057,0.200000,287.957000,0.000000,0.000000,353.759520,0.000000,0.000000,true,86.351000,12,178.912000,"{""bora005"":29,""bora006"":26,""diablo01"":2,""diablo02"":1}","{""bora005"":0.098743,""bora006"":0.064489,""diablo01"":0.004194,""diablo02"":0.007193}","[{""rank"":1,""recommended"":true,""feasible"":true,""budget_used"":0,""budget_violation"":0,""makespan"":287.957,""deadline_violation"":0,""machine_signature"":""5edbb12824307cb8"",""weighted_score"":0,""diversity_score"":3.5},{""rank"":2,""recommended"":false,""feasible"":true,""budget_used"":0,""budget_violation"":0,""makespan"":287.957,""deadline_violation"":0,""machine_signature"":""4bcc113a8ff7c08e"",""weighted_score"":0,""diversity_score"":3.568966}]"
prism_cc_time,cluster_hetero,22,maddid0000018|maddid0000037|maddid0000056|mbackgroundid0000014|mbackgroundid0000015|mbackgroundid0000032|mbackgroundid0000033|mbackgroundid0000035|mbackgroundid0000051|mbackgroundid0000053|mbgmodelid0000050|mdifffitid0000007|mdifffitid0000008|mdifffitid0000009|mdifffitid0000025|mdifffitid0000043|mdifffitid0000044|mdifffitid0000045|mimgtblid0000055|mprojectid0000002|mprojectid0000021|mprojectid0000022|mprojectid0000023|mprojectid0000039|mprojectid0000041|mprojectid0000042|mviewerid0000019|mviewerid0000038|mviewerid0000057,0.200000,287.957000,0.000000,0.000000,353.759520,0.000000,0.000000,true,86.351000,12,178.912000,"{""bora005"":29,""bora006"":26,""diablo01"":2,""diablo02"":1}","{""bora005"":0.098743,""bora006"":0.064489,""diablo01"":0.004194,""diablo02"":0.007193}","[{""rank"":1,""recommended"":true,""feasible"":true,""budget_used"":0,""budget_violation"":0,""makespan"":287.957,""deadline_violation"":0,""machine_signature"":""5edbb12824307cb8"",""weighted_score"":1,""diversity_score"":3.5},{""rank"":2,""recommended"":false,""feasible"":true,""budget_used"":0,""budget_violation"":0,""makespan"":287.957,""deadline_violation"":0,""machine_signature"":""4bcc113a8ff7c08e"",""weighted_score"":1,""diversity_score"":3.568966}]"
heft_colocation,cluster_homo,22,maddid0000018|maddid0000037|maddid0000056|mbackgroundid0000014|mbackgroundid0000015|mbackgroundid0000032|mbackgroundid0000033|mbackgroundid0000035|mbackgroundid0000051|mbackgroundid0000053|mbgmodelid0000050|mdifffitid0000007|mdifffitid0000008|mdifffitid0000009|mdifffitid0000025|mdifffitid0000043|mdifffitid0000044|mdifffitid0000045|mimgtblid0000055|mprojectid0000002|mprojectid0000021|mprojectid0000022|mprojectid0000023|mprojectid0000039|mprojectid0000041|mprojectid0000042|mviewerid0000019|mviewerid0000038|mviewerid0000057,0.200000,287.957000,0.000000,0.000000,345.548400,0.000000,0.000000,true,44.377000,7,0.768000,"{""bora001"":31,""bora002"":12,""bora003"":12,""bora004"":3}","{""bora001"":0.062696,""bora002"":0.024213,""bora003"":0.055095,""bora004"":0.033397}",[]
prism_cc_cost,cluster_homo,22,maddid0000018|maddid0000037|maddid0000056|mbackgroundid0000014|mbackgroundid0000015|mbackgroundid0000032|mbackgroundid0000033|mbackgroundid0000035|mbackgroundid0000051|mbackgroundid0000053|mbgmodelid0000050|mdifffitid0000007|mdifffitid0000008|mdifffitid0000009|mdifffitid0000025|mdifffitid0000043|mdifffitid0000044|mdifffitid0000045|mimgtblid0000055|mprojectid0000002|mprojectid0000021|mprojectid0000022|mprojectid0000023|mprojectid0000039|mprojectid0000041|mprojectid0000042|mviewerid0000019|mviewerid0000038|mviewerid0000057,0.200000,287.957000,0.000000,0.000000,345.548400,0.000000,0.000000,true,44.377000,7,153.738000,"{""bora001"":31,""bora002"":12,""bora003"":12,""bora004"":3}","{""bora001"":0.062696,""bora002"":0.024213,""bora003"":0.055095,""bora004"":0.033397}","[{""rank"":1,""recommended"":true,""feasible"":true,""budget_used"":0,""budget_violation"":0,""makespan"":287.957,""deadline_violation"":0,""machine_signature"":""1df87c7e76c3d986"",""weighted_score"":0,""diversity_score"":3.465517},{""rank"":2,""recommended"":false,""feasible"":true,""budget_used"":0,""budget_violation"":0,""makespan"":287.957,""deadline_violation"":0,""machine_signature"":""634739e6442595f0"",""weighted_score"":0,""diversity_score"":3.482759}]"
prism_cc_time,cluster_homo,22,maddid0000018|maddid0000037|maddid0000056|mbackgroundid0000014|mbackgroundid0000015|mbackgroundid0000032|mbackgroundid0000033|mbackgroundid0000035|mbackgroundid0000051|mbackgroundid0000053|mbgmodelid0000050|mdifffitid0000007|mdifffitid0000008|mdifffitid0000009|mdifffitid0000025|mdifffitid0000043|mdifffitid0000044|mdifffitid0000045|mimgtblid0000055|mprojectid0000002|mprojectid0000021|mprojectid0000022|mprojectid0000023|mprojectid0000039|mprojectid0000041|mprojectid0000042|mviewerid0000019|mviewerid0000038|mviewerid0000057,0.200000,287.957000,0.000000,0.000000,345.548400,0.000000,0.000000,true,44.377000,7,153.738000,"{""bora001"":31,""bora002"":12,""bora003"":12,""bora004"":3}","{""bora001"":0.062696,""bora002"":0.024213,""bora003"":0.055095,""bora004"":0.033397}","[{""rank"":1,""recommended"":true,""feasible"":true,""budget_used"":0,""budget_violation"":0,""makespan"":287.957,""deadline_violation"":0,""machine_signature"":""1df87c7e76c3d986"",""weighted_score"":1,""diversity_score"":3.465517},{""rank"":2,""recommended"":false,""feasible"":true,""budget_used"":0,""budget_violation"":0,""makespan"":287.957,""deadline_violation"":0,""machine_signature"":""634739e6442595f0"",""weighted_score"":1,""diversity_score"":3.482759}]"
heft_colocation,hybrid_hetero,22,maddid0000018|maddid0000037|maddid0000056|mbackgroundid0000014|mbackgroundid0000015|mbackgroundid0000032|mbackgroundid0000033|mbackgroundid0000035|mbackgroundid0000051|mbackgroundid0000053|mbgmodelid0000050|mdifffitid0000007|mdifffitid0000008|mdifffitid0000009|mdifffitid0000025|mdifffitid0000043|mdifffitid0000044|mdifffitid0000045|mimgtblid0000055|mprojectid0000002|mprojectid0000021|mprojectid0000022|mprojectid0000023|mprojectid0000039|mprojectid0000041|mprojectid0000042|mviewerid0000019|mviewerid0000038|mviewerid0000057,0.200000,96.698000,0.292421,0.348827,119.109960,0.000000,0.000000,true,61.813000,28,1.535000,"{""h3-standard-88-2"":2,""h4d-standard-192-7"":56}","{""bora011"":0,""diablo03"":0,""h3-standard-88-2"":0.002485,""h4d-standard-192-7"":0.019999}",[]
prism_cc_cost,hybrid_hetero,22,maddid0000018|maddid0000037|maddid0000056|mbackgroundid0000014|mbackgroundid0000015|mbackgroundid0000032|mbackgroundid0000033|mbackgroundid0000035|mbackgroundid0000051|mbackgroundid0000053|mbgmodelid0000050|mdifffitid0000007|mdifffitid0000008|mdifffitid0000009|mdifffitid0000025|mdifffitid0000043|mdifffitid0000044|mdifffitid0000045|mimgtblid0000055|mprojectid0000002|mprojectid0000021|mprojectid0000022|mprojectid0000023|mprojectid0000039|mprojectid0000041|mprojectid0000042|mviewerid0000019|mviewerid0000038|mviewerid0000057,0.200000,114.879000,0.264340,0.348827,119.109960,0.000000,0.000000,true,61.807000,27,283.322000,"{""bora011"":8,""diablo03"":2,""h3-standard-88-2"":2,""h4d-standard-192-7"":46}","{""bora011"":0.002489,""diablo03"":0.000623,""h3-standard-88-2"":0.002092,""h4d-standard-192-7"":0.016719}","[{""rank"":1,""recommended"":true,""feasible"":true,""budget_used"":0.26434,""budget_violation"":0,""makespan"":114.879,""deadline_violation"":0,""machine_signature"":""9e97e848a57137db"",""weighted_score"":0.26434,""diversity_score"":3.206897},{""rank"":2,""recommended"":false,""feasible"":true,""budget_used"":0.292421,""budget_violation"":0,""makespan"":96.698,""deadline_violation"":0,""machine_signature"":""49c66b1ea9bd7985"",""weighted_score"":0.292421,""diversity_score"":1.034483}]"
prism_cc_time,hybrid_hetero,22,maddid0000018|maddid0000037|maddid0000056|mbackgroundid0000014|mbackgroundid0000015|mbackgroundid0000032|mbackgroundid0000033|mbackgroundid0000035|mbackgroundid0000051|mbackgroundid0000053|mbgmodelid0000050|mdifffitid0000007|mdifffitid0000008|mdifffitid0000009|mdifffitid0000025|mdifffitid0000043|mdifffitid0000044|mdifffitid0000045|mimgtblid0000055|mprojectid0000002|mprojectid0000021|mprojectid0000022|mprojectid0000023|mprojectid0000039|mprojectid0000041|mprojectid0000042|mviewerid0000019|mviewerid0000038|mviewerid0000057,0.200000,96.698000,0.292421,0.348827,119.109960,0.000000,0.000000,true,61.813000,28,283.322000,"{""h3-standard-88-2"":2,""h4d-standard-192-7"":56}","{""bora011"":0,""diablo03"":0,""h3-standard-88-2"":0.002485,""h4d-standard-192-7"":0.019999}","[{""rank"":1,""recommended"":true,""feasible"":true,""budget_used"":0.292421,""budget_violation"":0,""makespan"":96.698,""deadline_violation"":0,""machine_signature"":""49c66b1ea9bd7985"",""weighted_score"":0.841738,""diversity_score"":1.034483},{""rank"":2,""recommended"":false,""feasible"":true,""budget_used"":0.26434,""budget_violation"":0,""makespan"":114.879,""deadline_violation"":0,""machine_signature"":""9e97e848a57137db"",""weighted_score"":1,""diversity_score"":3.206897}]"
heft_colocation,hybrid_homo,22,maddid0000018|maddid0000037|maddid0000056|mbackgroundid0000014|mbackgroundid0000015|mbackgroundid0000032|mbackgroundid0000033|mbackgroundid0000035|mbackgroundid0000051|mbackgroundid0000053|mbgmodelid0000050|mdifffitid0000007|mdifffitid0000008|mdifffitid0000009|mdifffitid0000025|mdifffitid0000043|mdifffitid0000044|mdifffitid0000045|mimgtblid0000055|mprojectid0000002|mprojectid0000021|mprojectid0000022|mprojectid0000023|mprojectid0000039|mprojectid0000041|mprojectid0000042|mviewerid0000019|mviewerid0000038|mviewerid0000057,0.200000,97.192000,0.513046,0.607531,118.113160,0.000000,0.000000,true,29.248000,15,1.750000,"{""h4d-standard-192-5"":18,""h4d-standard-192-6"":40}","{""bora009"":0,""bora010"":0,""h4d-standard-192-5"":0.009764,""h4d-standard-192-6"":0.008966}",[]
prism_cc_cost,hybrid_homo,22,maddid0000018|maddid0000037|maddid0000056|mbackgroundid0000014|mbackgroundid0000015|mbackgroundid0000032|mbackgroundid0000033|mbackgroundid0000035|mbackgroundid0000051|mbackgroundid0000053|mbgmodelid0000050|mdifffitid0000007|mdifffitid0000008|mdifffitid0000009|mdifffitid0000025|mdifffitid0000043|mdifffitid0000044|mdifffitid0000045|mimgtblid0000055|mprojectid0000002|mprojectid0000021|mprojectid0000022|mprojectid0000023|mprojectid0000039|mprojectid0000041|mprojectid0000042|mviewerid0000019|mviewerid0000038|mviewerid0000057,0.200000,111.154000,0.389886,0.607531,118.113160,0.000000,0.000000,true,34.960000,13,315.702000,"{""bora009"":7,""bora010"":8,""h4d-standard-192-5"":31,""h4d-standard-192-6"":12}","{""bora009"":0.002368,""bora010"":0.003559,""h4d-standard-192-5"":0.012232,""h4d-standard-192-6"":0.004211}","[{""rank"":1,""recommended"":true,""feasible"":true,""budget_used"":0.389886,""budget_violation"":0,""makespan"":111.154,""deadline_violation"":0,""machine_signature"":""15367cba052f6605"",""weighted_score"":0.389886,""diversity_score"":3.465517},{""rank"":2,""recommended"":false,""feasible"":true,""budget_used"":0.513046,""budget_violation"":0,""makespan"":97.192,""deadline_violation"":0,""machine_signature"":""6639680815094f2c"",""weighted_score"":0.513046,""diversity_score"":1.310345}]"
prism_cc_time,hybrid_homo,22,maddid0000018|maddid0000037|maddid0000056|mbackgroundid0000014|mbackgroundid0000015|mbackgroundid0000032|mbackgroundid0000033|mbackgroundid0000035|mbackgroundid0000051|mbackgroundid0000053|mbgmodelid0000050|mdifffitid0000007|mdifffitid0000008|mdifffitid0000009|mdifffitid0000025|mdifffitid0000043|mdifffitid0000044|mdifffitid0000045|mimgtblid0000055|mprojectid0000002|mprojectid0000021|mprojectid0000022|mprojectid0000023|mprojectid0000039|mprojectid0000041|mprojectid0000042|mviewerid0000019|mviewerid0000038|mviewerid0000057,0.200000,97.192000,0.513046,0.607531,118.113160,0.000000,0.000000,true,29.248000,15,315.702000,"{""h4d-standard-192-5"":18,""h4d-standard-192-6"":40}","{""bora009"":0,""bora010"":0,""h4d-standard-192-5"":0.009764,""h4d-standard-192-6"":0.008966}","[{""rank"":1,""recommended"":true,""feasible"":true,""budget_used"":0.513046,""budget_violation"":0,""makespan"":97.192,""deadline_violation"":0,""machine_signature"":""6639680815094f2c"",""weighted_score"":0.87439,""diversity_score"":1.310345},{""rank"":2,""recommended"":false,""feasible"":true,""budget_used"":0.389886,""budget_violation"":0,""makespan"":111.154,""deadline_violation"":0,""machine_signature"":""15367cba052f6605"",""weighted_score"":1,""diversity_score"":3.465517}]"
heft_colocation,hybrid_raspberry_500mbps,22,maddid0000018|maddid0000037|maddid0000056|mbackgroundid0000014|mbackgroundid0000015|mbackgroundid0000032|mbackgroundid0000033|mbackgroundid0000035|mbackgroundid0000051|mbackgroundid0000053|mbgmodelid0000050|mdifffitid0000007|mdifffitid0000008|mdifffitid0000009|mdifffitid0000025|mdifffitid0000043|mdifffitid0000044|mdifffitid0000045|mimgtblid0000055|mprojectid0000002|mprojectid0000021|mprojectid0000022|mprojectid0000023|mprojectid0000039|mprojectid0000041|mprojectid0000042|mviewerid0000019|mviewerid0000038|mviewerid0000057,0.200000,156.451000,0.531067,0.533583,179.300320,0.000000,0.000000,true,81.135000,22,2.556000,"{""cloud-node-02"":42,""hpc-node-02"":16}","{""cloud-node-01"":0,""cloud-node-02"":0.058704,""hpc-node-01"":0,""hpc-node-02"":0.038154,""rpi-edge-01"":0,""rpi-edge-02"":0,""rpi-edge-03"":0,""rpi-edge-04"":0,""rpi-edge-05"":0,""rpi-edge-06"":0,""rpi-edge-07"":0,""rpi-edge-08"":0,""rpi-edge-09"":0,""rpi-edge-10"":0}",[]
prism_cc_cost,hybrid_raspberry_500mbps,22,maddid0000018|maddid0000037|maddid0000056|mbackgroundid0000014|mbackgroundid0000015|mbackgroundid0000032|mbackgroundid0000033|mbackgroundid0000035|mbackgroundid0000051|mbackgroundid0000053|mbgmodelid0000050|mdifffitid0000007|mdifffitid0000008|mdifffitid0000009|mdifffitid0000025|mdifffitid0000043|mdifffitid0000044|mdifffitid0000045|mimgtblid0000055|mprojectid0000002|mprojectid0000021|mprojectid0000022|mprojectid0000023|mprojectid0000039|mprojectid0000041|mprojectid0000042|mviewerid0000019|mviewerid0000038|mviewerid0000057,0.200000,151.419000,0.446491,0.533583,179.300320,0.000000,0.000000,true,81.958000,24,614.281000,"{""cloud-node-02"":42,""hpc-node-02"":16}","{""cloud-node-01"":0,""cloud-node-02"":0.060561,""hpc-node-01"":0,""hpc-node-02"":0.039904,""rpi-edge-01"":0,""rpi-edge-02"":0,""rpi-edge-03"":0,""rpi-edge-04"":0,""rpi-edge-05"":0,""rpi-edge-06"":0,""rpi-edge-07"":0,""rpi-edge-08"":0,""rpi-edge-09"":0,""rpi-edge-10"":0}","[{""rank"":1,""recommended"":true,""feasible"":true,""budget_used"":0.446491,""budget_violation"":0,""makespan"":151.419,""deadline_violation"":0,""machine_signature"":""b6e95d35481b74e3"",""weighted_score"":0.446491,""diversity_score"":1.275862},{""rank"":2,""recommended"":false,""feasible"":true,""budget_used"":0.531067,""budget_violation"":0,""makespan"":156.451,""deadline_violation"":0,""machine_signature"":""15c3a02f88d54a91"",""weighted_score"":0.531067,""diversity_score"":1.275862}]"
prism_cc_time,hybrid_raspberry_500mbps,22,maddid0000018|maddid0000037|maddid0000056|mbackgroundid0000014|mbackgroundid0000015|mbackgroundid0000032|mbackgroundid0000033|mbackgroundid0000035|mbackgroundid0000051|mbackgroundid0000053|mbgmodelid0000050|mdifffitid0000007|mdifffitid0000008|mdifffitid0000009|mdifffitid0000025|mdifffitid0000043|mdifffitid0000044|mdifffitid0000045|mimgtblid0000055|mprojectid0000002|mprojectid0000021|mprojectid0000022|mprojectid0000023|mprojectid0000039|mprojectid0000041|mprojectid0000042|mviewerid0000019|mviewerid0000038|mviewerid0000057,0.200000,151.419000,0.446491,0.533583,179.300320,0.000000,0.000000,true,81.958000,24,614.281000,"{""cloud-node-02"":42,""hpc-node-02"":16}","{""cloud-node-01"":0,""cloud-node-02"":0.060561,""hpc-node-01"":0,""hpc-node-02"":0.039904,""rpi-edge-01"":0,""rpi-edge-02"":0,""rpi-edge-03"":0,""rpi-edge-04"":0,""rpi-edge-05"":0,""rpi-edge-06"":0,""rpi-edge-07"":0,""rpi-edge-08"":0,""rpi-edge-09"":0,""rpi-edge-10"":0}","[{""rank"":1,""recommended"":true,""feasible"":true,""budget_used"":0.446491,""budget_violation"":0,""makespan"":151.419,""deadline_violation"":0,""machine_signature"":""b6e95d35481b74e3"",""weighted_score"":0.967837,""diversity_score"":1.275862},{""rank"":2,""recommended"":false,""feasible"":true,""budget_used"":0.531067,""budget_violation"":0,""makespan"":156.451,""deadline_violation"":0,""machine_signature"":""15c3a02f88d54a91"",""weighted_score"":1,""diversity_score"":1.275862}]"
heft_colocation,cloud_hetero,23,maddid0000018|mbackgroundid0000013|mbackgroundid0000014|mbackgroundid0000015|mbackgroundid0000016|mbackgroundid0000032|mbackgroundid0000033|mbackgroundid0000035|mbackgroundid0000054|mconcatfitid0000011|mdifffitid0000007|mdifffitid0000026|mdifffitid0000029|mdifffitid0000043|mdifffitid0000044|mdifffitid0000045|mdifffitid0000047|mimgtblid0000036|mimgtblid0000055|mprojectid0000001|mprojectid0000002|mprojectid0000003|mprojectid0000004|mprojectid0000022|mprojectid0000023|mprojectid0000041|mprojectid0000042|mviewerid0000038|mviewerid0000057,0.200000,99.124000,0.564279,0.641828,118.113160,0.000000,0.000000,true,42.414000,14,1.836000,"{""h4d-highmem-192-1"":31,""h4d-standard-192-1"":27}","{""h3-standard-88-1"":0,""h3-standard-88-2"":0,""h4d-highmem-192-1"":0.008932,""h4d-standard-192-1"":0.010124}",[]
prism_cc_cost,cloud_hetero,23,maddid0000018|mbackgroundid0000013|mbackgroundid0000014|mbackgroundid0000015|mbackgroundid0000016|mbackgroundid0000032|mbackgroundid0000033|mbackgroundid0000035|mbackgroundid0000054|mconcatfitid0000011|mdifffitid0000007|mdifffitid0000026|mdifffitid0000029|mdifffitid0000043|mdifffitid0000044|mdifffitid0000045|mdifffitid0000047|mimgtblid0000036|mimgtblid0000055|mprojectid0000001|mprojectid0000002|mprojectid0000003|mprojectid0000004|mprojectid0000022|mprojectid0000023|mprojectid0000041|mprojectid0000042|mviewerid0000038|mviewerid0000057,0.200000,99.047000,0.216081,0.641828,118.113160,0.000000,0.000000,true,104.877000,40,321.065000,"{""h4d-standard-192-1"":58}","{""h3-standard-88-1"":0,""h3-standard-88-2"":0,""h4d-highmem-192-1"":0,""h4d-standard-192-1"":0.022356}","[{""rank"":1,""recommended"":true,""feasible"":true,""budget_used"":0.216081,""budget_violation"":0,""makespan"":99.047,""deadline_violation"":0,""machine_signature"":""4049138ec5412e99"",""weighted_score"":0.216081,""diversity_score"":0},{""rank"":2,""recommended"":false,""feasible"":true,""budget_used"":0.564279,""budget_violation"":0,""makespan"":99.124,""deadline_violation"":0,""machine_signature"":""01adff7ec6bf2bad"",""weighted_score"":0.564279,""diversity_score"":1.465517}]"
prism_cc_time,cloud_hetero,23,maddid0000018|mbackgroundid0000013|mbackgroundid0000014|mbackgroundid0000015|mbackgroundid0000016|mbackgroundid0000032|mbackgroundid0000033|mbackgroundid0000035|mbackgroundid0000054|mconcatfitid0000011|mdifffitid0000007|mdifffitid0000026|mdifffitid0000029|mdifffitid0000043|mdifffitid0000044|mdifffitid0000045|mdifffitid0000047|mimgtblid0000036|mimgtblid0000055|mprojectid0000001|mprojectid0000002|mprojectid0000003|mprojectid0000004|mprojectid0000022|mprojectid0000023|mprojectid0000041|mprojectid0000042|mviewerid0000038|mviewerid0000057,0.200000,99.047000,0.216081,0.641828,118.113160,0.000000,0.000000,true,104.877000,40,321.065000,"{""h4d-standard-192-1"":58}","{""h3-standard-88-1"":0,""h3-standard-88-2"":0,""h4d-highmem-192-1"":0,""h4d-standard-192-1"":0.022356}","[{""rank"":1,""recommended"":true,""feasible"":true,""budget_used"":0.216081,""budget_violation"":0,""makespan"":99.047,""deadline_violation"":0,""machine_signature"":""4049138ec5412e99"",""weighted_score"":0.999223,""diversity_score"":0},{""rank"":2,""recommended"":false,""feasible"":true,""budget_used"":0.564279,""budget_violation"":0,""makespan"":99.124,""deadline_violation"":0,""machine_signature"":""01adff7ec6bf2bad"",""weighted_score"":1,""diversity_score"":1.465517}]"
heft_colocation,cloud_homo,23,maddid0000018|mbackgroundid0000013|mbackgroundid0000014|mbackgroundid0000015|mbackgroundid0000016|mbackgroundid0000032|mbackgroundid0000033|mbackgroundid0000035|mbackgroundid0000054|mconcatfitid0000011|mdifffitid0000007|mdifffitid0000026|mdifffitid0000029|mdifffitid0000043|mdifffitid0000044|mdifffitid0000045|mdifffitid0000047|mimgtblid0000036|mimgtblid0000055|mprojectid0000001|mprojectid0000002|mprojectid0000003|mprojectid0000004|mprojectid0000022|mprojectid0000023|mprojectid0000041|mprojectid0000042|mviewerid0000038|mviewerid0000057,0.200000,99.816000,0.904661,1.059152,119.559000,0.000000,0.000000,true,14.898000,5,2.799000,"{""h4d-standard-192-1"":17,""h4d-standard-192-2"":15,""h4d-standard-192-3"":9,""h4d-standard-192-4"":17}","{""h4d-standard-192-1"":0.004024,""h4d-standard-192-2"":0.003552,""h4d-standard-192-3"":0.004949,""h4d-standard-192-4"":0.004964}",[]
prism_cc_cost,cloud_homo,23,maddid0000018|mbackgroundid0000013|mbackgroundid0000014|mbackgroundid0000015|mbackgroundid0000016|mbackgroundid0000032|mbackgroundid0000033|mbackgroundid0000035|mbackgroundid0000054|mconcatfitid0000011|mdifffitid0000007|mdifffitid0000026|mdifffitid0000029|mdifffitid0000043|mdifffitid0000044|mdifffitid0000045|mdifffitid0000047|mimgtblid0000036|mimgtblid0000055|mprojectid0000001|mprojectid0000002|mprojectid0000003|mprojectid0000004|mprojectid0000022|mprojectid0000023|mprojectid0000041|mprojectid0000042|mviewerid0000038|mviewerid0000057,0.200000,97.594000,0.212915,1.059152,119.559000,0.000000,0.000000,true,105.021000,41,355.470000,"{""h4d-standard-192-1"":58}","{""h4d-standard-192-1"":0.022696,""h4d-standard-192-2"":0,""h4d-standard-192-3"":0,""h4d-standard-192-4"":0}","[{""rank"":1,""recommended"":true,""feasible"":true,""budget_used"":0.212915,""budget_violation"":0,""makespan"":97.594,""deadline_violation"":0,""machine_signature"":""b922897ffa6e7a6a"",""weighted_score"":0.212915,""diversity_score"":0},{""rank"":2,""recommended"":false,""feasible"":true,""budget_used"":0.477553,""budget_violation"":0,""makespan"":96.832,""deadline_violation"":0,""machine_signature"":""d107883bf9f856f7"",""weighted_score"":0.477553,""diversity_score"":1.241379},{""rank"":3,""recommended"":false,""feasible"":true,""budget_used"":0.904661,""budget_violation"":0,""makespan"":99.816,""deadline_violation"":0,""machine_signature"":""dc6b7eedf91d0b9c"",""weighted_score"":0.904661,""diversity_score"":3.706897}]"
prism_cc_time,cloud_homo,23,maddid0000018|mbackgroundid0000013|mbackgroundid0000014|mbackgroundid0000015|mbackgroundid0000016|mbackgroundid0000032|mbackgroundid0000033|mbackgroundid0000035|mbackgroundid0000054|mconcatfitid0000011|mdifffitid0000007|mdifffitid0000026|mdifffitid0000029|mdifffitid0000043|mdifffitid0000044|mdifffitid0000045|mdifffitid0000047|mimgtblid0000036|mimgtblid0000055|mprojectid0000001|mprojectid0000002|mprojectid0000003|mprojectid0000004|mprojectid0000022|mprojectid0000023|mprojectid0000041|mprojectid0000042|mviewerid0000038|mviewerid0000057,0.200000,96.832000,0.477553,1.059152,119.559000,0.000000,0.000000,true,72.334000,30,355.470000,"{""h4d-standard-192-1"":14,""h4d-standard-192-4"":44}","{""h4d-standard-192-1"":0.002511,""h4d-standard-192-2"":0,""h4d-standard-192-3"":0,""h4d-standard-192-4"":0.018606}","[{""rank"":1,""recommended"":true,""feasible"":true,""budget_used"":0.477553,""budget_violation"":0,""makespan"":96.832,""deadline_violation"":0,""machine_signature"":""d107883bf9f856f7"",""weighted_score"":0.970105,""diversity_score"":1.241379},{""rank"":2,""recommended"":false,""feasible"":true,""budget_used"":0.212915,""budget_violation"":0,""makespan"":97.594,""deadline_violation"":0,""machine_signature"":""b922897ffa6e7a6a"",""weighted_score"":0.977739,""diversity_score"":0},{""rank"":3,""recommended"":false,""feasible"":true,""budget_used"":0.904661,""budget_violation"":0,""makespan"":99.816,""deadline_violation"":0,""machine_signature"":""dc6b7eedf91d0b9c"",""weighted_score"":1,""diversity_score"":3.706897}]"
heft_colocation,cluster_hetero,23,maddid0000018|mbackgroundid0000013|mbackgroundid0000014|mbackgroundid0000015|mbackgroundid0000016|mbackgroundid0000032|mbackgroundid0000033|mbackgroundid0000035|mbackgroundid0000054|mconcatfitid0000011|mdifffitid0000007|mdifffitid0000026|mdifffitid0000029|mdifffitid0000043|mdifffitid0000044|mdifffitid0000045|mdifffitid0000047|mimgtblid0000036|mimgtblid0000055|mprojectid0000001|mprojectid0000002|mprojectid0000003|mprojectid0000004|mprojectid0000022|mprojectid0000023|mprojectid0000041|mprojectid0000042|mviewerid0000038|mviewerid0000057,0.200000,287.957000,0.000000,0.000000,353.759520,0.000000,0.000000,true,120.542000,15,0.879000,"{""bora005"":25,""bora006"":28,""diablo01"":4,""diablo02"":1}","{""bora005"":0.087812,""bora006"":0.072663,""diablo01"":0.008445,""diablo02"":0.007193}",[]
prism_cc_cost,cluster_hetero,23,maddid0000018|mbackgroundid0000013|mbackgroundid0000014|mbackgroundid0000015|mbackgroundid0000016|mbackgroundid0000032|mbackgroundid0000033|mbackgroundid0000035|mbackgroundid0000054|mconcatfitid0000011|mdifffitid0000007|mdifffitid0000026|mdifffitid0000029|mdifffitid0000043|mdifffitid0000044|mdifffitid0000045|mdifffitid0000047|mimgtblid0000036|mimgtblid0000055|mprojectid0000001|mprojectid0000002|mprojectid0000003|mprojectid0000004|mprojectid0000022|mprojectid0000023|mprojectid0000041|mprojectid0000042|mviewerid0000038|mviewerid0000057,0.200000,287.957000,0.000000,0.000000,353.759520,0.000000,0.000000,true,120.542000,15,182.664000,"{""bora005"":25,""bora006"":28,""diablo01"":4,""diablo02"":1}","{""bora005"":0.087812,""bora006"":0.072663,""diablo01"":0.008445,""diablo02"":0.007193}","[{""rank"":1,""recommended"":true,""feasible"":true,""budget_used"":0,""budget_violation"":0,""makespan"":287.957,""deadline_violation"":0,""machine_signature"":""b0c6f1f99e875688"",""weighted_score"":0,""diversity_score"":3.603448},{""rank"":2,""recommended"":false,""feasible"":true,""budget_used"":0,""budget_violation"":0,""makespan"":287.957,""deadline_violation"":0,""machine_signature"":""a6aab118544d08d9"",""weighted_score"":0,""diversity_score"":3.517241}]"
prism_cc_time,cluster_hetero,23,maddid0000018|mbackgroundid0000013|mbackgroundid0000014|mbackgroundid0000015|mbackgroundid0000016|mbackgroundid0000032|mbackgroundid0000033|mbackgroundid0000035|mbackgroundid0000054|mconcatfitid0000011|mdifffitid0000007|mdifffitid0000026|mdifffitid0000029|mdifffitid0000043|mdifffitid0000044|mdifffitid0000045|mdifffitid0000047|mimgtblid0000036|mimgtblid0000055|mprojectid0000001|mprojectid0000002|mprojectid0000003|mprojectid0000004|mprojectid0000022|mprojectid0000023|mprojectid0000041|mprojectid0000042|mviewerid0000038|mviewerid0000057,0.200000,287.957000,0.000000,0.000000,353.759520,0.000000,0.000000,true,120.542000,15,182.664000,"{""bora005"":25,""bora006"":28,""diablo01"":4,""diablo02"":1}","{""bora005"":0.087812,""bora006"":0.072663,""diablo01"":0.008445,""diablo02"":0.007193}","[{""rank"":1,""recommended"":true,""feasible"":true,""budget_used"":0,""budget_violation"":0,""makespan"":287.957,""deadline_violation"":0,""machine_signature"":""b0c6f1f99e875688"",""weighted_score"":1,""diversity_score"":3.603448},{""rank"":2,""recommended"":false,""feasible"":true,""budget_used"":0,""budget_violation"":0,""makespan"":287.957,""deadline_violation"":0,""machine_signature"":""a6aab118544d08d9"",""weighted_score"":1,""diversity_score"":3.517241}]"
heft_colocation,cluster_homo,23,maddid0000018|mbackgroundid0000013|mbackgroundid0000014|mbackgroundid0000015|mbackgroundid0000016|mbackgroundid0000032|mbackgroundid0000033|mbackgroundid0000035|mbackgroundid0000054|mconcatfitid0000011|mdifffitid0000007|mdifffitid0000026|mdifffitid0000029|mdifffitid0000043|mdifffitid0000044|mdifffitid0000045|mdifffitid0000047|mimgtblid0000036|mimgtblid0000055|mprojectid0000001|mprojectid0000002|mprojectid0000003|mprojectid0000004|mprojectid0000022|mprojectid0000023|mprojectid0000041|mprojectid0000042|mviewerid0000038|mviewerid0000057,0.200000,287.957000,0.000000,0.000000,345.548400,0.000000,0.000000,true,72.840000,7,0.753000,"{""bora001"":18,""bora002"":12,""bora003"":12,""bora004"":16}","{""bora001"":0.041296,""bora002"":0.024213,""bora003"":0.056325,""bora004"":0.056312}",[]
prism_cc_cost,cluster_homo,23,maddid0000018|mbackgroundid0000013|mbackgroundid0000014|mbackgroundid0000015|mbackgroundid0000016|mbackgroundid0000032|mbackgroundid0000033|mbackgroundid0000035|mbackgroundid0000054|mconcatfitid0000011|mdifffitid0000007|mdifffitid0000026|mdifffitid0000029|mdifffitid0000043|mdifffitid0000044|mdifffitid0000045|mdifffitid0000047|mimgtblid0000036|mimgtblid0000055|mprojectid0000001|mprojectid0000002|mprojectid0000003|mprojectid0000004|mprojectid0000022|mprojectid0000023|mprojectid0000041|mprojectid0000042|mviewerid0000038|mviewerid0000057,0.200000,287.957000,0.000000,0.000000,345.548400,0.000000,0.000000,true,72.840000,7,139.470000,"{""bora001"":18,""bora002"":12,""bora003"":12,""bora004"":16}","{""bora001"":0.041296,""bora002"":0.024213,""bora003"":0.056325,""bora004"":0.056312}","[{""rank"":1,""recommended"":true,""feasible"":true,""budget_used"":0,""budget_violation"":0,""makespan"":287.957,""deadline_violation"":0,""machine_signature"":""1d93240171d0eebb"",""weighted_score"":0,""diversity_score"":3.706897},{""rank"":2,""recommended"":false,""feasible"":true,""budget_used"":0,""budget_violation"":0,""makespan"":287.957,""deadline_violation"":0,""machine_signature"":""07e3315ace87dfd3"",""weighted_score"":0,""diversity_score"":3.689655}]"
prism_cc_time,cluster_homo,23,maddid0000018|mbackgroundid0000013|mbackgroundid0000014|mbackgroundid0000015|mbackgroundid0000016|mbackgroundid0000032|mbackgroundid0000033|mbackgroundid0000035|mbackgroundid0000054|mconcatfitid0000011|mdifffitid0000007|mdifffitid0000026|mdifffitid0000029|mdifffitid0000043|mdifffitid0000044|mdifffitid0000045|mdifffitid0000047|mimgtblid0000036|mimgtblid0000055|mprojectid0000001|mprojectid0000002|mprojectid0000003|mprojectid0000004|mprojectid0000022|mprojectid0000023|mprojectid0000041|mprojectid0000042|mviewerid0000038|mviewerid0000057,0.200000,287.957000,0.000000,0.000000,345.548400,0.000000,0.000000,true,72.840000,7,139.470000,"{""bora001"":18,""bora002"":12,""bora003"":12,""bora004"":16}","{""bora001"":0.041296,""bora002"":0.024213,""bora003"":0.056325,""bora004"":0.056312}","[{""rank"":1,""recommended"":true,""feasible"":true,""budget_used"":0,""budget_violation"":0,""makespan"":287.957,""deadline_violation"":0,""machine_signature"":""1d93240171d0eebb"",""weighted_score"":1,""diversity_score"":3.706897},{""rank"":2,""recommended"":false,""feasible"":true,""budget_used"":0,""budget_violation"":0,""makespan"":287.957,""deadline_violation"":0,""machine_signature"":""07e3315ace87dfd3"",""weighted_score"":1,""diversity_score"":3.689655}]"
heft_colocation,hybrid_hetero,23,maddid0000018|mbackgroundid0000013|mbackgroundid0000014|mbackgroundid0000015|mbackgroundid0000016|mbackgroundid0000032|mbackgroundid0000033|mbackgroundid0000035|mbackgroundid0000054|mconcatfitid0000011|mdifffitid0000007|mdifffitid0000026|mdifffitid0000029|mdifffitid0000043|mdifffitid0000044|mdifffitid0000045|mdifffitid0000047|mimgtblid0000036|mimgtblid0000055|mprojectid0000001|mprojectid0000002|mprojectid0000003|mprojectid0000004|mprojectid0000022|mprojectid0000023|mprojectid0000041|mprojectid0000042|mviewerid0000038|mviewerid0000057,0.200000,98.471000,0.339137,0.348827,119.109960,0.000000,0.000000,true,79.037000,30,1.719000,"{""h3-standard-88-2"":4,""h4d-standard-192-7"":54}","{""bora011"":0,""diablo03"":0,""h3-standard-88-2"":0.005095,""h4d-standard-192-7"":0.019931}",[]
prism_cc_cost,hybrid_hetero,23,maddid0000018|mbackgroundid0000013|mbackgroundid0000014|mbackgroundid0000015|mbackgroundid0000016|mbackgroundid0000032|mbackgroundid0000033|mbackgroundid0000035|mbackgroundid0000054|mconcatfitid0000011|mdifffitid0000007|mdifffitid0000026|mdifffitid0000029|mdifffitid0000043|mdifffitid0000044|mdifffitid0000045|mdifffitid0000047|mimgtblid0000036|mimgtblid0000055|mprojectid0000001|mprojectid0000002|mprojectid0000003|mprojectid0000004|mprojectid0000022|mprojectid0000023|mprojectid0000041|mprojectid0000042|mviewerid0000038|mviewerid0000057,0.200000,98.471000,0.339137,0.348827,119.109960,0.000000,0.000000,true,79.037000,30,264.045000,"{""h3-standard-88-2"":4,""h4d-standard-192-7"":54}","{""bora011"":0,""diablo03"":0,""h3-standard-88-2"":0.005095,""h4d-standard-192-7"":0.019931}","[{""rank"":1,""recommended"":true,""feasible"":true,""budget_used"":0.339137,""budget_violation"":0,""makespan"":98.471,""deadline_violation"":0,""machine_signature"":""e56e1df1fb284770"",""weighted_score"":0.339137,""diversity_score"":1.068966}]"
prism_cc_time,hybrid_hetero,23,maddid0000018|mbackgroundid0000013|mbackgroundid0000014|mbackgroundid0000015|mbackgroundid0000016|mbackgroundid0000032|mbackgroundid0000033|mbackgroundid0000035|mbackgroundid0000054|mconcatfitid0000011|mdifffitid0000007|mdifffitid0000026|mdifffitid0000029|mdifffitid0000043|mdifffitid0000044|mdifffitid0000045|mdifffitid0000047|mimgtblid0000036|mimgtblid0000055|mprojectid0000001|mprojectid0000002|mprojectid0000003|mprojectid0000004|mprojectid0000022|mprojectid0000023|mprojectid0000041|mprojectid0000042|mviewerid0000038|mviewerid0000057,0.200000,98.471000,0.339137,0.348827,119.109960,0.000000,0.000000,true,79.037000,30,264.045000,"{""h3-standard-88-2"":4,""h4d-standard-192-7"":54}","{""bora011"":0,""diablo03"":0,""h3-standard-88-2"":0.005095,""h4d-standard-192-7"":0.019931}","[{""rank"":1,""recommended"":true,""feasible"":true,""budget_used"":0.339137,""budget_violation"":0,""makespan"":98.471,""deadline_violation"":0,""machine_signature"":""e56e1df1fb284770"",""weighted_score"":1,""diversity_score"":1.068966}]"
heft_colocation,hybrid_homo,23,maddid0000018|mbackgroundid0000013|mbackgroundid0000014|mbackgroundid0000015|mbackgroundid0000016|mbackgroundid0000032|mbackgroundid0000033|mbackgroundid0000035|mbackgroundid0000054|mconcatfitid0000011|mdifffitid0000007|mdifffitid0000026|mdifffitid0000029|mdifffitid0000043|mdifffitid0000044|mdifffitid0000045|mdifffitid0000047|mimgtblid0000036|mimgtblid0000055|mprojectid0000001|mprojectid0000002|mprojectid0000003|mprojectid0000004|mprojectid0000022|mprojectid0000023|mprojectid0000041|mprojectid0000042|mviewerid0000038|mviewerid0000057,0.200000,99.124000,0.537040,0.607531,118.113160,0.000000,0.000000,true,42.414000,14,2.005000,"{""h4d-standard-192-5"":27,""h4d-standard-192-6"":31}","{""bora009"":0,""bora010"":0,""h4d-standard-192-5"":0.010124,""h4d-standard-192-6"":0.008932}",[]
prism_cc_cost,hybrid_homo,23,maddid0000018|mbackgroundid0000013|mbackgroundid0000014|mbackgroundid0000015|mbackgroundid0000016|mbackgroundid0000032|mbackgroundid0000033|mbackgroundid0000035|mbackgroundid0000054|mconcatfitid0000011|mdifffitid0000007|mdifffitid0000026|mdifffitid0000029|mdifffitid0000043|mdifffitid0000044|mdifffitid0000045|mdifffitid0000047|mimgtblid0000036|mimgtblid0000055|mprojectid0000001|mprojectid0000002|mprojectid0000003|mprojectid0000004|mprojectid0000022|mprojectid0000023|mprojectid0000041|mprojectid0000042|mviewerid0000038|mviewerid0000057,0.200000,107.722000,0.523501,0.607531,118.113160,0.000000,0.000000,true,42.413000,14,325.422000,"{""bora010"":2,""h4d-standard-192-5"":27,""h4d-standard-192-6"":29}","{""bora009"":0,""bora010"":0.000545,""h4d-standard-192-5"":0.009316,""h4d-standard-192-6"":0.008201}","[{""rank"":1,""recommended"":true,""feasible"":true,""budget_used"":0.523501,""budget_violation"":0,""makespan"":107.722,""deadline_violation"":0,""machine_signature"":""70245de6c897e763"",""weighted_score"":0.523501,""diversity_score"":2.5},{""rank"":2,""recommended"":false,""feasible"":true,""budget_used"":0.53704,""budget_violation"":0,""makespan"":99.124,""deadline_violation"":0,""machine_signature"":""597662479c6cb097"",""weighted_score"":0.53704,""diversity_score"":1.465517}]"
prism_cc_time,hybrid_homo,23,maddid0000018|mbackgroundid0000013|mbackgroundid0000014|mbackgroundid0000015|mbackgroundid0000016|mbackgroundid0000032|mbackgroundid0000033|mbackgroundid0000035|mbackgroundid0000054|mconcatfitid0000011|mdifffitid0000007|mdifffitid0000026|mdifffitid0000029|mdifffitid0000043|mdifffitid0000044|mdifffitid0000045|mdifffitid0000047|mimgtblid0000036|mimgtblid0000055|mprojectid0000001|mprojectid0000002|mprojectid0000003|mprojectid0000004|mprojectid0000022|mprojectid0000023|mprojectid0000041|mprojectid0000042|mviewerid0000038|mviewerid0000057,0.200000,99.124000,0.537040,0.607531,118.113160,0.000000,0.000000,true,42.414000,14,325.422000,"{""h4d-standard-192-5"":27,""h4d-standard-192-6"":31}","{""bora009"":0,""bora010"":0,""h4d-standard-192-5"":0.010124,""h4d-standard-192-6"":0.008932}","[{""rank"":1,""recommended"":true,""feasible"":true,""budget_used"":0.53704,""budget_violation"":0,""makespan"":99.124,""deadline_violation"":0,""machine_signature"":""597662479c6cb097"",""weighted_score"":0.920183,""diversity_score"":1.465517},{""rank"":2,""recommended"":false,""feasible"":true,""budget_used"":0.523501,""budget_violation"":0,""makespan"":107.722,""deadline_violation"":0,""machine_signature"":""70245de6c897e763"",""weighted_score"":1,""diversity_score"":2.5}]"
heft_colocation,hybrid_raspberry_500mbps,23,maddid0000018|mbackgroundid0000013|mbackgroundid0000014|mbackgroundid0000015|mbackgroundid0000016|mbackgroundid0000032|mbackgroundid0000033|mbackgroundid0000035|mbackgroundid0000054|mconcatfitid0000011|mdifffitid0000007|mdifffitid0000026|mdifffitid0000029|mdifffitid0000043|mdifffitid0000044|mdifffitid0000045|mdifffitid0000047|mimgtblid0000036|mimgtblid0000055|mprojectid0000001|mprojectid0000002|mprojectid0000003|mprojectid0000004|mprojectid0000022|mprojectid0000023|mprojectid0000041|mprojectid0000042|mviewerid0000038|mviewerid0000057,0.200000,155.614000,0.604659,0.533583,179.300320,0.071100,0.000000,false,112.261000,21,2.376000,"{""cloud-node-02"":43,""hpc-node-02"":15}","{""cloud-node-01"":0,""cloud-node-02"":0.059513,""hpc-node-01"":0,""hpc-node-02"":0.046141,""rpi-edge-01"":0,""rpi-edge-02"":0,""rpi-edge-03"":0,""rpi-edge-04"":0,""rpi-edge-05"":0,""rpi-edge-06"":0,""rpi-edge-07"":0,""rpi-edge-08"":0,""rpi-edge-09"":0,""rpi-edge-10"":0}",[]
prism_cc_cost,hybrid_raspberry_500mbps,23,maddid0000018|mbackgroundid0000013|mbackgroundid0000014|mbackgroundid0000015|mbackgroundid0000016|mbackgroundid0000032|mbackgroundid0000033|mbackgroundid0000035|mbackgroundid0000054|mconcatfitid0000011|mdifffitid0000007|mdifffitid0000026|mdifffitid0000029|mdifffitid0000043|mdifffitid0000044|mdifffitid0000045|mdifffitid0000047|mimgtblid0000036|mimgtblid0000055|mprojectid0000001|mprojectid0000002|mprojectid0000003|mprojectid0000004|mprojectid0000022|mprojectid0000023|mprojectid0000041|mprojectid0000042|mviewerid0000038|mviewerid0000057,0.200000,170.854000,0.309377,0.533583,179.300320,0.000000,0.000000,true,176.057000,37,634.871000,"{""cloud-node-02"":3,""hpc-node-02"":55}","{""cloud-node-01"":0,""cloud-node-02"":0.016344,""hpc-node-01"":0,""hpc-node-02"":0.171451,""rpi-edge-01"":0,""rpi-edge-02"":0,""rpi-edge-03"":0,""rpi-edge-04"":0,""rpi-edge-05"":0,""rpi-edge-06"":0,""rpi-edge-07"":0,""rpi-edge-08"":0,""rpi-edge-09"":0,""rpi-edge-10"":0}","[{""rank"":1,""recommended"":true,""feasible"":true,""budget_used"":0.309377,""budget_violation"":0,""makespan"":170.854,""deadline_violation"":0,""machine_signature"":""4537aa76b2a7bc71"",""weighted_score"":0.309377,""diversity_score"":1.051724},{""rank"":2,""recommended"":false,""feasible"":false,""budget_used"":0.604659,""budget_violation"":0.0711,""makespan"":155.614,""deadline_violation"":0,""machine_signature"":""fa8726bfc6e0b9db"",""weighted_score"":0.604659,""diversity_score"":1.258621}]"
prism_cc_time,hybrid_raspberry_500mbps,23,maddid0000018|mbackgroundid0000013|mbackgroundid0000014|mbackgroundid0000015|mbackgroundid0000016|mbackgroundid0000032|mbackgroundid0000033|mbackgroundid0000035|mbackgroundid0000054|mconcatfitid0000011|mdifffitid0000007|mdifffitid0000026|mdifffitid0000029|mdifffitid0000043|mdifffitid0000044|mdifffitid0000045|mdifffitid0000047|mimgtblid0000036|mimgtblid0000055|mprojectid0000001|mprojectid0000002|mprojectid0000003|mprojectid0000004|mprojectid0000022|mprojectid0000023|mprojectid0000041|mprojectid0000042|mviewerid0000038|mviewerid0000057,0.200000,155.614000,0.604659,0.533583,179.300320,0.071100,0.000000,false,112.261000,21,634.871000,"{""cloud-node-02"":43,""hpc-node-02"":15}","{""cloud-node-01"":0,""cloud-node-02"":0.059513,""hpc-node-01"":0,""hpc-node-02"":0.046141,""rpi-edge-01"":0,""rpi-edge-02"":0,""rpi-edge-03"":0,""rpi-edge-04"":0,""rpi-edge-05"":0,""rpi-edge-06"":0,""rpi-edge-07"":0,""rpi-edge-08"":0,""rpi-edge-09"":0,""rpi-edge-10"":0}","[{""rank"":1,""recommended"":true,""feasible"":true,""budget_used"":0.309377,""budget_violation"":0,""makespan"":170.854,""deadline_violation"":0,""machine_signature"":""4537aa76b2a7bc71"",""weighted_score"":1,""diversity_score"":1.051724},{""rank"":2,""recommended"":false,""feasible"":false,""budget_used"":0.604659,""budget_violation"":0.0711,""makespan"":155.614,""deadline_violation"":0,""machine_signature"":""fa8726bfc6e0b9db"",""weighted_score"":0.910801,""diversity_score"":1.258621}]"
heft_colocation,cloud_hetero,24,maddid0000037|maddid0000056|mbackgroundid0000032|mbackgroundid0000034|mbackgroundid0000035|mbgmodelid0000012|mbgmodelid0000050|mconcatfitid0000011|mconcatfitid0000049|mdifffitid0000006|mdifffitid0000007|mdifffitid0000008|mdifffitid0000009|mdifffitid0000010|mdifffitid0000024|mdifffitid0000025|mdifffitid0000028|mdifffitid0000045|mdifffitid0000046|mdifffitid0000047|mimgtblid0000017|mprojectid0000003|mprojectid0000004|mprojectid0000021|mprojectid0000022|mprojectid0000039|mprojectid0000041|mviewerid0000019|mviewerid0000038,0.200000,95.197000,0.471400,0.641828,118.113160,0.000000,0.000000,true,18.130000,16,1.845000,"{""h4d-highmem-192-1"":31,""h4d-standard-192-1"":27}","{""h3-standard-88-1"":0,""h3-standard-88-2"":0,""h4d-highmem-192-1"":0.009364,""h4d-standard-192-1"":0.00915}",[]
prism_cc_cost,cloud_hetero,24,maddid0000037|maddid0000056|mbackgroundid0000032|mbackgroundid0000034|mbackgroundid0000035|mbgmodelid0000012|mbgmodelid0000050|mconcatfitid0000011|mconcatfitid0000049|mdifffitid0000006|mdifffitid0000007|mdifffitid0000008|mdifffitid0000009|mdifffitid0000010|mdifffitid0000024|mdifffitid0000025|mdifffitid0000028|mdifffitid0000045|mdifffitid0000046|mdifffitid0000047|mimgtblid0000017|mprojectid0000003|mprojectid0000004|mprojectid0000021|mprojectid0000022|mprojectid0000039|mprojectid0000041|mviewerid0000019|mviewerid0000038,0.200000,94.519000,0.206201,0.641828,118.113160,0.000000,0.000000,true,47.731000,36,212.266000,"{""h4d-standard-192-1"":58}","{""h3-standard-88-1"":0,""h3-standard-88-2"":0,""h4d-highmem-192-1"":0,""h4d-standard-192-1"":0.020278}","[{""rank"":1,""recommended"":true,""feasible"":true,""budget_used"":0.206201,""budget_violation"":0,""makespan"":94.519,""deadline_violation"":0,""machine_signature"":""9c5f026495d9921a"",""weighted_score"":0.206201,""diversity_score"":0},{""rank"":2,""recommended"":false,""feasible"":true,""budget_used"":0.4714,""budget_violation"":0,""makespan"":95.197,""deadline_violation"":0,""machine_signature"":""5ddf250962501e6e"",""weighted_score"":0.4714,""diversity_score"":1.465517}]"
prism_cc_time,cloud_hetero,24,maddid0000037|maddid0000056|mbackgroundid0000032|mbackgroundid0000034|mbackgroundid0000035|mbgmodelid0000012|mbgmodelid0000050|mconcatfitid0000011|mconcatfitid0000049|mdifffitid0000006|mdifffitid0000007|mdifffitid0000008|mdifffitid0000009|mdifffitid0000010|mdifffitid0000024|mdifffitid0000025|mdifffitid0000028|mdifffitid0000045|mdifffitid0000046|mdifffitid0000047|mimgtblid0000017|mprojectid0000003|mprojectid0000004|mprojectid0000021|mprojectid0000022|mprojectid0000039|mprojectid0000041|mviewerid0000019|mviewerid0000038,0.200000,94.519000,0.206201,0.641828,118.113160,0.000000,0.000000,true,47.731000,36,212.266000,"{""h4d-standard-192-1"":58}","{""h3-standard-88-1"":0,""h3-standard-88-2"":0,""h4d-highmem-192-1"":0,""h4d-standard-192-1"":0.020278}","[{""rank"":1,""recommended"":true,""feasible"":true,""budget_used"":0.206201,""budget_violation"":0,""makespan"":94.519,""deadline_violation"":0,""machine_signature"":""9c5f026495d9921a"",""weighted_score"":0.992878,""diversity_score"":0},{""rank"":2,""recommended"":false,""feasible"":true,""budget_used"":0.4714,""budget_violation"":0,""makespan"":95.197,""deadline_violation"":0,""machine_signature"":""5ddf250962501e6e"",""weighted_score"":1,""diversity_score"":1.465517}]"
heft_colocation,cloud_homo,24,maddid0000037|maddid0000056|mbackgroundid0000032|mbackgroundid0000034|mbackgroundid0000035|mbgmodelid0000012|mbgmodelid0000050|mconcatfitid0000011|mconcatfitid0000049|mdifffitid0000006|mdifffitid0000007|mdifffitid0000008|mdifffitid0000009|mdifffitid0000010|mdifffitid0000024|mdifffitid0000025|mdifffitid0000028|mdifffitid0000045|mdifffitid0000046|mdifffitid0000047|mimgtblid0000017|mprojectid0000003|mprojectid0000004|mprojectid0000021|mprojectid0000022|mprojectid0000039|mprojectid0000041|mviewerid0000019|mviewerid0000038,0.200000,99.816000,0.869717,1.059152,119.559000,0.000000,0.000000,true,4.847000,4,3.540000,"{""h4d-standard-192-1"":20,""h4d-standard-192-2"":16,""h4d-standard-192-3"":6,""h4d-standard-192-4"":16}","{""h4d-standard-192-1"":0.005171,""h4d-standard-192-2"":0.003804,""h4d-standard-192-3"":0.003685,""h4d-standard-192-4"":0.004304}",[]
prism_cc_cost,cloud_homo,24,maddid0000037|maddid0000056|mbackgroundid0000032|mbackgroundid0000034|mbackgroundid0000035|mbgmodelid0000012|mbgmodelid0000050|mconcatfitid0000011|mconcatfitid0000049|mdifffitid0000006|mdifffitid0000007|mdifffitid0000008|mdifffitid0000009|mdifffitid0000010|mdifffitid0000024|mdifffitid0000025|mdifffitid0000028|mdifffitid0000045|mdifffitid0000046|mdifffitid0000047|mimgtblid0000017|mprojectid0000003|mprojectid0000004|mprojectid0000021|mprojectid0000022|mprojectid0000039|mprojectid0000041|mviewerid0000019|mviewerid0000038,0.200000,92.879000,0.202622,1.059152,119.559000,0.000000,0.000000,true,48.098000,39,267.382000,"{""h4d-standard-192-1"":58}","{""h4d-standard-192-1"":0.020656,""h4d-standard-192-2"":0,""h4d-standard-192-3"":0,""h4d-standard-192-4"":0}","[{""rank"":1,""recommended"":true,""feasible"":true,""budget_used"":0.202622,""budget_violation"":0,""makespan"":92.879,""deadline_violation"":0,""machine_signature"":""326f500544ccbb29"",""weighted_score"":0.202622,""diversity_score"":0},{""rank"":2,""recommended"":false,""feasible"":true,""budget_used"":0.869717,""budget_violation"":0,""makespan"":99.816,""deadline_violation"":0,""machine_signature"":""5f005aacbda642d3"",""weighted_score"":0.869717,""diversity_score"":3.655172}]"
prism_cc_time,cloud_homo,24,maddid0000037|maddid0000056|mbackgroundid0000032|mbackgroundid0000034|mbackgroundid0000035|mbgmodelid0000012|mbgmodelid0000050|mconcatfitid0000011|mconcatfitid0000049|mdifffitid0000006|mdifffitid0000007|mdifffitid0000008|mdifffitid0000009|mdifffitid0000010|mdifffitid0000024|mdifffitid0000025|mdifffitid0000028|mdifffitid0000045|mdifffitid0000046|mdifffitid0000047|mimgtblid0000017|mprojectid0000003|mprojectid0000004|mprojectid0000021|mprojectid0000022|mprojectid0000039|mprojectid0000041|mviewerid0000019|mviewerid0000038,0.200000,92.879000,0.202622,1.059152,119.559000,0.000000,0.000000,true,48.098000,39,267.382000,"{""h4d-standard-192-1"":58}","{""h4d-standard-192-1"":0.020656,""h4d-standard-192-2"":0,""h4d-standard-192-3"":0,""h4d-standard-192-4"":0}","[{""rank"":1,""recommended"":true,""feasible"":true,""budget_used"":0.202622,""budget_violation"":0,""makespan"":92.879,""deadline_violation"":0,""machine_signature"":""326f500544ccbb29"",""weighted_score"":0.930502,""diversity_score"":0},{""rank"":2,""recommended"":false,""feasible"":true,""budget_used"":0.869717,""budget_violation"":0,""makespan"":99.816,""deadline_violation"":0,""machine_signature"":""5f005aacbda642d3"",""weighted_score"":1,""diversity_score"":3.655172}]"
heft_colocation,cluster_hetero,24,maddid0000037|maddid0000056|mbackgroundid0000032|mbackgroundid0000034|mbackgroundid0000035|mbgmodelid0000012|mbgmodelid0000050|mconcatfitid0000011|mconcatfitid0000049|mdifffitid0000006|mdifffitid0000007|mdifffitid0000008|mdifffitid0000009|mdifffitid0000010|mdifffitid0000024|mdifffitid0000025|mdifffitid0000028|mdifffitid0000045|mdifffitid0000046|mdifffitid0000047|mimgtblid0000017|mprojectid0000003|mprojectid0000004|mprojectid0000021|mprojectid0000022|mprojectid0000039|mprojectid0000041|mviewerid0000019|mviewerid0000038,0.200000,287.957000,0.000000,0.000000,353.759520,0.000000,0.000000,true,50.611000,14,0.927000,"{""bora005"":34,""bora006"":21,""diablo01"":1,""diablo02"":2}","{""bora005"":0.09044,""bora006"":0.073044,""diablo01"":0.003449,""diablo02"":0.00534}",[]
prism_cc_cost,cluster_hetero,24,maddid0000037|maddid0000056|mbackgroundid0000032|mbackgroundid0000034|mbackgroundid0000035|mbgmodelid0000012|mbgmodelid0000050|mconcatfitid0000011|mconcatfitid0000049|mdifffitid0000006|mdifffitid0000007|mdifffitid0000008|mdifffitid0000009|mdifffitid0000010|mdifffitid0000024|mdifffitid0000025|mdifffitid0000028|mdifffitid0000045|mdifffitid0000046|mdifffitid0000047|mimgtblid0000017|mprojectid0000003|mprojectid0000004|mprojectid0000021|mprojectid0000022|mprojectid0000039|mprojectid0000041|mviewerid0000019|mviewerid0000038,0.200000,287.957000,0.000000,0.000000,353.759520,0.000000,0.000000,true,50.611000,14,182.259000,"{""bora005"":34,""bora006"":21,""diablo01"":1,""diablo02"":2}","{""bora005"":0.09044,""bora006"":0.073044,""diablo01"":0.003449,""diablo02"":0.00534}","[{""rank"":1,""recommended"":true,""feasible"":true,""budget_used"":0,""budget_violation"":0,""makespan"":287.957,""deadline_violation"":0,""machine_signature"":""92be6cf2f0c6595d"",""weighted_score"":0,""diversity_score"":3.465517},{""rank"":2,""recommended"":false,""feasible"":true,""budget_used"":0,""budget_violation"":0,""makespan"":287.957,""deadline_violation"":0,""machine_signature"":""bd5f6ba0eca52465"",""weighted_score"":0,""diversity_score"":3.413793}]"
prism_cc_time,cluster_hetero,24,maddid0000037|maddid0000056|mbackgroundid0000032|mbackgroundid0000034|mbackgroundid0000035|mbgmodelid0000012|mbgmodelid0000050|mconcatfitid0000011|mconcatfitid0000049|mdifffitid0000006|mdifffitid0000007|mdifffitid0000008|mdifffitid0000009|mdifffitid0000010|mdifffitid0000024|mdifffitid0000025|mdifffitid0000028|mdifffitid0000045|mdifffitid0000046|mdifffitid0000047|mimgtblid0000017|mprojectid0000003|mprojectid0000004|mprojectid0000021|mprojectid0000022|mprojectid0000039|mprojectid0000041|mviewerid0000019|mviewerid0000038,0.200000,287.957000,0.000000,0.000000,353.759520,0.000000,0.000000,true,50.611000,14,182.259000,"{""bora005"":34,""bora006"":21,""diablo01"":1,""diablo02"":2}","{""bora005"":0.09044,""bora006"":0.073044,""diablo01"":0.003449,""diablo02"":0.00534}","[{""rank"":1,""recommended"":true,""feasible"":true,""budget_used"":0,""budget_violation"":0,""makespan"":287.957,""deadline_violation"":0,""machine_signature"":""92be6cf2f0c6595d"",""weighted_score"":1,""diversity_score"":3.465517},{""rank"":2,""recommended"":false,""feasible"":true,""budget_used"":0,""budget_violation"":0,""makespan"":287.957,""deadline_violation"":0,""machine_signature"":""bd5f6ba0eca52465"",""weighted_score"":1,""diversity_score"":3.413793}]"
heft_colocation,cluster_homo,24,maddid0000037|maddid0000056|mbackgroundid0000032|mbackgroundid0000034|mbackgroundid0000035|mbgmodelid0000012|mbgmodelid0000050|mconcatfitid0000011|mconcatfitid0000049|mdifffitid0000006|mdifffitid0000007|mdifffitid0000008|mdifffitid0000009|mdifffitid0000010|mdifffitid0000024|mdifffitid0000025|mdifffitid0000028|mdifffitid0000045|mdifffitid0000046|mdifffitid0000047|mimgtblid0000017|mprojectid0000003|mprojectid0000004|mprojectid0000021|mprojectid0000022|mprojectid0000039|mprojectid0000041|mviewerid0000019|mviewerid0000038,0.200000,287.957000,0.000000,0.000000,345.548400,0.000000,0.000000,true,29.962000,11,0.797000,"{""bora001"":19,""bora002"":16,""bora003"":8,""bora004"":15}","{""bora001"":0.051675,""bora002"":0.039157,""bora003"":0.039204,""bora004"":0.043974}",[]
prism_cc_cost,cluster_homo,24,maddid0000037|maddid0000056|mbackgroundid0000032|mbackgroundid0000034|mbackgroundid0000035|mbgmodelid0000012|mbgmodelid0000050|mconcatfitid0000011|mconcatfitid0000049|mdifffitid0000006|mdifffitid0000007|mdifffitid0000008|mdifffitid0000009|mdifffitid0000010|mdifffitid0000024|mdifffitid0000025|mdifffitid0000028|mdifffitid0000045|mdifffitid0000046|mdifffitid0000047|mimgtblid0000017|mprojectid0000003|mprojectid0000004|mprojectid0000021|mprojectid0000022|mprojectid0000039|mprojectid0000041|mviewerid0000019|mviewerid0000038,0.200000,287.957000,0.000000,0.000000,345.548400,0.000000,0.000000,true,29.962000,11,156.347000,"{""bora001"":19,""bora002"":16,""bora003"":8,""bora004"":15}","{""bora001"":0.051675,""bora002"":0.039157,""bora003"":0.039204,""bora004"":0.043974}","[{""rank"":1,""recommended"":true,""feasible"":true,""budget_used"":0,""budget_violation"":0,""makespan"":287.957,""deadline_violation"":0,""machine_signature"":""08c89463cfcdcd15"",""weighted_score"":0,""diversity_score"":3.672414},{""rank"":2,""recommended"":false,""feasible"":true,""budget_used"":0,""budget_violation"":0,""makespan"":287.957,""deadline_violation"":0,""machine_signature"":""5edb84fa80a35744"",""weighted_score"":0,""diversity_score"":3.672414}]"
prism_cc_time,cluster_homo,24,maddid0000037|maddid0000056|mbackgroundid0000032|mbackgroundid0000034|mbackgroundid0000035|mbgmodelid0000012|mbgmodelid0000050|mconcatfitid0000011|mconcatfitid0000049|mdifffitid0000006|mdifffitid0000007|mdifffitid0000008|mdifffitid0000009|mdifffitid0000010|mdifffitid0000024|mdifffitid0000025|mdifffitid0000028|mdifffitid0000045|mdifffitid0000046|mdifffitid0000047|mimgtblid0000017|mprojectid0000003|mprojectid0000004|mprojectid0000021|mprojectid0000022|mprojectid0000039|mprojectid0000041|mviewerid0000019|mviewerid0000038,0.200000,287.957000,0.000000,0.000000,345.548400,0.000000,0.000000,true,29.962000,11,156.347000,"{""bora001"":19,""bora002"":16,""bora003"":8,""bora004"":15}","{""bora001"":0.051675,""bora002"":0.039157,""bora003"":0.039204,""bora004"":0.043974}","[{""rank"":1,""recommended"":true,""feasible"":true,""budget_used"":0,""budget_violation"":0,""makespan"":287.957,""deadline_violation"":0,""machine_signature"":""08c89463cfcdcd15"",""weighted_score"":1,""diversity_score"":3.672414},{""rank"":2,""recommended"":false,""feasible"":true,""budget_used"":0,""budget_violation"":0,""makespan"":287.957,""deadline_violation"":0,""machine_signature"":""5edb84fa80a35744"",""weighted_score"":1,""diversity_score"":3.672414}]"
heft_colocation,hybrid_hetero,24,maddid0000037|maddid0000056|mbackgroundid0000032|mbackgroundid0000034|mbackgroundid0000035|mbgmodelid0000012|mbgmodelid0000050|mconcatfitid0000011|mconcatfitid0000049|mdifffitid0000006|mdifffitid0000007|mdifffitid0000008|mdifffitid0000009|mdifffitid0000010|mdifffitid0000024|mdifffitid0000025|mdifffitid0000028|mdifffitid0000045|mdifffitid0000046|mdifffitid0000047|mimgtblid0000017|mprojectid0000003|mprojectid0000004|mprojectid0000021|mprojectid0000022|mprojectid0000039|mprojectid0000041|mviewerid0000019|mviewerid0000038,0.200000,92.950000,0.279254,0.348827,119.109960,0.000000,0.000000,true,38.715000,31,1.398000,"{""h3-standard-88-2"":2,""h4d-standard-192-7"":56}","{""bora011"":0,""diablo03"":0,""h3-standard-88-2"":0.002305,""h4d-standard-192-7"":0.019577}",[]
prism_cc_cost,hybrid_hetero,24,maddid0000037|maddid0000056|mbackgroundid0000032|mbackgroundid0000034|mbackgroundid0000035|mbgmodelid0000012|mbgmodelid0000050|mconcatfitid0000011|mconcatfitid0000049|mdifffitid0000006|mdifffitid0000007|mdifffitid0000008|mdifffitid0000009|mdifffitid0000010|mdifffitid0000024|mdifffitid0000025|mdifffitid0000028|mdifffitid0000045|mdifffitid0000046|mdifffitid0000047|mimgtblid0000017|mprojectid0000003|mprojectid0000004|mprojectid0000021|mprojectid0000022|mprojectid0000039|mprojectid0000041|mviewerid0000019|mviewerid0000038,0.200000,105.537000,0.202862,0.348827,119.109960,0.000000,0.000000,true,37.952000,19,325.180000,"{""bora011"":3,""diablo03"":3,""h4d-standard-192-7"":52}","{""bora011"":0.014553,""diablo03"":0.000626,""h3-standard-88-2"":0,""h4d-standard-192-7"":0.017155}","[{""rank"":1,""recommended"":true,""feasible"":true,""budget_used"":0.202862,""budget_violation"":0,""makespan"":105.537,""deadline_violation"":0,""machine_signature"":""255896a0a1fbcfa3"",""weighted_score"":0.202862,""diversity_score"":2.103448},{""rank"":2,""recommended"":false,""feasible"":true,""budget_used"":0.212431,""budget_violation"":0,""makespan"":97.374,""deadline_violation"":0,""machine_signature"":""309a21bf657ebc77"",""weighted_score"":0.212431,""diversity_score"":2.068966},{""rank"":3,""recommended"":false,""feasible"":true,""budget_used"":0.279254,""budget_violation"":0,""makespan"":92.95,""deadline_violation"":0,""machine_signature"":""a98738f6215c8b95"",""weighted_score"":0.279254,""diversity_score"":1.034483}]"
prism_cc_time,hybrid_hetero,24,maddid0000037|maddid0000056|mbackgroundid0000032|mbackgroundid0000034|mbackgroundid0000035|mbgmodelid0000012|mbgmodelid0000050|mconcatfitid0000011|mconcatfitid0000049|mdifffitid0000006|mdifffitid0000007|mdifffitid0000008|mdifffitid0000009|mdifffitid0000010|mdifffitid0000024|mdifffitid0000025|mdifffitid0000028|mdifffitid0000045|mdifffitid0000046|mdifffitid0000047|mimgtblid0000017|mprojectid0000003|mprojectid0000004|mprojectid0000021|mprojectid0000022|mprojectid0000039|mprojectid0000041|mviewerid0000019|mviewerid0000038,0.200000,92.950000,0.279254,0.348827,119.109960,0.000000,0.000000,true,38.715000,31,325.180000,"{""h3-standard-88-2"":2,""h4d-standard-192-7"":56}","{""bora011"":0,""diablo03"":0,""h3-standard-88-2"":0.002305,""h4d-standard-192-7"":0.019577}","[{""rank"":1,""recommended"":true,""feasible"":true,""budget_used"":0.279254,""budget_violation"":0,""makespan"":92.95,""deadline_violation"":0,""machine_signature"":""a98738f6215c8b95"",""weighted_score"":0.880734,""diversity_score"":1.034483},{""rank"":2,""recommended"":false,""feasible"":true,""budget_used"":0.212431,""budget_violation"":0,""makespan"":97.374,""deadline_violation"":0,""machine_signature"":""309a21bf657ebc77"",""weighted_score"":0.922653,""diversity_score"":2.068966},{""rank"":3,""recommended"":false,""feasible"":true,""budget_used"":0.202862,""budget_violation"":0,""makespan"":105.537,""deadline_violation"":0,""machine_signature"":""255896a0a1fbcfa3"",""weighted_score"":1,""diversity_score"":2.103448}]"
heft_colocation,hybrid_homo,24,maddid0000037|maddid0000056|mbackgroundid0000032|mbackgroundid0000034|mbackgroundid0000035|mbgmodelid0000012|mbgmodelid0000050|mconcatfitid0000011|mconcatfitid0000049|mdifffitid0000006|mdifffitid0000007|mdifffitid0000008|mdifffitid0000009|mdifffitid0000010|mdifffitid0000024|mdifffitid0000025|mdifffitid0000028|mdifffitid0000045|mdifffitid0000046|mdifffitid0000047|mimgtblid0000017|mprojectid0000003|mprojectid0000004|mprojectid0000021|mprojectid0000022|mprojectid0000039|mprojectid0000041|mviewerid0000019|mviewerid0000038,0.200000,95.197000,0.445235,0.607531,118.113160,0.000000,0.000000,true,18.211000,17,2.155000,"{""h4d-standard-192-5"":27,""h4d-standard-192-6"":31}","{""bora009"":0,""bora010"":0,""h4d-standard-192-5"":0.009154,""h4d-standard-192-6"":0.009364}",[]
prism_cc_cost,hybrid_homo,24,maddid0000037|maddid0000056|mbackgroundid0000032|mbackgroundid0000034|mbackgroundid0000035|mbgmodelid0000012|mbgmodelid0000050|mconcatfitid0000011|mconcatfitid0000049|mdifffitid0000006|mdifffitid0000007|mdifffitid0000008|mdifffitid0000009|mdifffitid0000010|mdifffitid0000024|mdifffitid0000025|mdifffitid0000028|mdifffitid0000045|mdifffitid0000046|mdifffitid0000047|mimgtblid0000017|mprojectid0000003|mprojectid0000004|mprojectid0000021|mprojectid0000022|mprojectid0000039|mprojectid0000041|mviewerid0000019|mviewerid0000038,0.200000,114.987000,0.293690,0.607531,118.113160,0.000000,0.000000,true,28.909000,14,342.788000,"{""bora009"":5,""bora010"":21,""h4d-standard-192-5"":31,""h4d-standard-192-6"":1}","{""bora009"":0.002726,""bora010"":0.008129,""h4d-standard-192-5"":0.013648,""h4d-standard-192-6"":0.001776}","[{""rank"":1,""recommended"":true,""feasible"":true,""budget_used"":0.29369,""budget_violation"":0,""makespan"":114.987,""deadline_violation"":0,""machine_signature"":""beb12297dfe3c6cb"",""weighted_score"":0.29369,""diversity_score"":3.465517},{""rank"":2,""recommended"":false,""feasible"":true,""budget_used"":0.421683,""budget_violation"":0,""makespan"":95.197,""deadline_violation"":0,""machine_signature"":""34ecf7b24de35254"",""weighted_score"":0.421683,""diversity_score"":2.465517},{""rank"":3,""recommended"":false,""feasible"":true,""budget_used"":0.445235,""budget_violation"":0,""makespan"":95.197,""deadline_violation"":0,""machine_signature"":""9e7b0a45a4932603"",""weighted_score"":0.445235,""diversity_score"":1.465517}]"
prism_cc_time,hybrid_homo,24,maddid0000037|maddid0000056|mbackgroundid0000032|mbackgroundid0000034|mbackgroundid0000035|mbgmodelid0000012|mbgmodelid0000050|mconcatfitid0000011|mconcatfitid0000049|mdifffitid0000006|mdifffitid0000007|mdifffitid0000008|mdifffitid0000009|mdifffitid0000010|mdifffitid0000024|mdifffitid0000025|mdifffitid0000028|mdifffitid0000045|mdifffitid0000046|mdifffitid0000047|mimgtblid0000017|mprojectid0000003|mprojectid0000004|mprojectid0000021|mprojectid0000022|mprojectid0000039|mprojectid0000041|mviewerid0000019|mviewerid0000038,0.200000,95.197000,0.445235,0.607531,118.113160,0.000000,0.000000,true,18.211000,17,342.788000,"{""h4d-standard-192-5"":27,""h4d-standard-192-6"":31}","{""bora009"":0,""bora010"":0,""h4d-standard-192-5"":0.009154,""h4d-standard-192-6"":0.009364}","[{""rank"":1,""recommended"":true,""feasible"":true,""budget_used"":0.421683,""budget_violation"":0,""makespan"":95.197,""deadline_violation"":0,""machine_signature"":""34ecf7b24de35254"",""weighted_score"":0.827894,""diversity_score"":2.465517},{""rank"":2,""recommended"":false,""feasible"":true,""budget_used"":0.445235,""budget_violation"":0,""makespan"":95.197,""deadline_violation"":0,""machine_signature"":""9e7b0a45a4932603"",""weighted_score"":0.827894,""diversity_score"":1.465517},{""rank"":3,""recommended"":false,""feasible"":true,""budget_used"":0.29369,""budget_violation"":0,""makespan"":114.987,""deadline_violation"":0,""machine_signature"":""beb12297dfe3c6cb"",""weighted_score"":1,""diversity_score"":3.465517}]"
heft_colocation,hybrid_raspberry_500mbps,24,maddid0000037|maddid0000056|mbackgroundid0000032|mbackgroundid0000034|mbackgroundid0000035|mbgmodelid0000012|mbgmodelid0000050|mconcatfitid0000011|mconcatfitid0000049|mdifffitid0000006|mdifffitid0000007|mdifffitid0000008|mdifffitid0000009|mdifffitid0000010|mdifffitid0000024|mdifffitid0000025|mdifffitid0000028|mdifffitid0000045|mdifffitid0000046|mdifffitid0000047|mimgtblid0000017|mprojectid0000003|mprojectid0000004|mprojectid0000021|mprojectid0000022|mprojectid0000039|mprojectid0000041|mviewerid0000019|mviewerid0000038,0.200000,135.525000,0.386134,0.533583,179.300320,0.000000,0.000000,true,48.650000,23,2.203000,"{""cloud-node-02"":53,""hpc-node-02"":5}","{""cloud-node-01"":0,""cloud-node-02"":0.068841,""hpc-node-01"":0,""hpc-node-02"":0.029438,""rpi-edge-01"":0,""rpi-edge-02"":0,""rpi-edge-03"":0,""rpi-edge-04"":0,""rpi-edge-05"":0,""rpi-edge-06"":0,""rpi-edge-07"":0,""rpi-edge-08"":0,""rpi-edge-09"":0,""rpi-edge-10"":0}",[]
prism_cc_cost,hybrid_raspberry_500mbps,24,maddid0000037|maddid0000056|mbackgroundid0000032|mbackgroundid0000034|mbackgroundid0000035|mbgmodelid0000012|mbgmodelid0000050|mconcatfitid0000011|mconcatfitid0000049|mdifffitid0000006|mdifffitid0000007|mdifffitid0000008|mdifffitid0000009|mdifffitid0000010|mdifffitid0000024|mdifffitid0000025|mdifffitid0000028|mdifffitid0000045|mdifffitid0000046|mdifffitid0000047|mimgtblid0000017|mprojectid0000003|mprojectid0000004|mprojectid0000021|mprojectid0000022|mprojectid0000039|mprojectid0000041|mviewerid0000019|mviewerid0000038,0.200000,171.894000,0.226502,0.533583,179.300320,0.000000,0.000000,true,159.720000,51,593.609000,"{""cloud-node-02"":2,""hpc-node-02"":56}","{""cloud-node-01"":0,""cloud-node-02"":0.007704,""hpc-node-01"":0,""hpc-node-02"":0.193896,""rpi-edge-01"":0,""rpi-edge-02"":0,""rpi-edge-03"":0,""rpi-edge-04"":0,""rpi-edge-05"":0,""rpi-edge-06"":0,""rpi-edge-07"":0,""rpi-edge-08"":0,""rpi-edge-09"":0,""rpi-edge-10"":0}","[{""rank"":1,""recommended"":true,""feasible"":true,""budget_used"":0.226502,""budget_violation"":0,""makespan"":171.894,""deadline_violation"":0,""machine_signature"":""f2a9e34d0e991565"",""weighted_score"":0.226502,""diversity_score"":1.034483},{""rank"":2,""recommended"":false,""feasible"":true,""budget_used"":0.386134,""budget_violation"":0,""makespan"":135.525,""deadline_violation"":0,""machine_signature"":""d2fabe867049204a"",""weighted_score"":0.386134,""diversity_score"":1.086207}]"
prism_cc_time,hybrid_raspberry_500mbps,24,maddid0000037|maddid0000056|mbackgroundid0000032|mbackgroundid0000034|mbackgroundid0000035|mbgmodelid0000012|mbgmodelid0000050|mconcatfitid0000011|mconcatfitid0000049|mdifffitid0000006|mdifffitid0000007|mdifffitid0000008|mdifffitid0000009|mdifffitid0000010|mdifffitid0000024|mdifffitid0000025|mdifffitid0000028|mdifffitid0000045|mdifffitid0000046|mdifffitid0000047|mimgtblid0000017|mprojectid0000003|mprojectid0000004|mprojectid0000021|mprojectid0000022|mprojectid0000039|mprojectid0000041|mviewerid0000019|mviewerid0000038,0.200000,135.525000,0.386134,0.533583,179.300320,0.000000,0.000000,true,48.650000,23,593.609000,"{""cloud-node-02"":53,""hpc-node-02"":5}","{""cloud-node-01"":0,""cloud-node-02"":0.068841,""hpc-node-01"":0,""hpc-node-02"":0.029438,""rpi-edge-01"":0,""rpi-edge-02"":0,""rpi-edge-03"":0,""rpi-edge-04"":0,""rpi-edge-05"":0,""rpi-edge-06"":0,""rpi-edge-07"":0,""rpi-edge-08"":0,""rpi-edge-09"":0,""rpi-edge-10"":0}","[{""rank"":1,""recommended"":true,""feasible"":true,""budget_used"":0.386134,""budget_violation"":0,""makespan"":135.525,""deadline_violation"":0,""machine_signature"":""d2fabe867049204a"",""weighted_score"":0.788422,""diversity_score"":1.086207},{""rank"":2,""recommended"":false,""feasible"":true,""budget_used"":0.226502,""budget_violation"":0,""makespan"":171.894,""deadline_violation"":0,""machine_signature"":""f2a9e34d0e991565"",""weighted_score"":1,""diversity_score"":1.034483}]"
heft_colocation,cloud_hetero,25,maddid0000037|maddid0000056|mbackgroundid0000013|mbackgroundid0000015|mbackgroundid0000054|mbgmodelid0000012|mbgmodelid0000031|mbgmodelid0000050|mconcatfitid0000011|mdifffitid0000006|mdifffitid0000026|mdifffitid0000027|mdifffitid0000028|mdifffitid0000029|mdifffitid0000043|mdifffitid0000046|mdifffitid0000047|mdifffitid0000048|mimgtblid0000017|mimgtblid0000036|mimgtblid0000055|mprojectid0000001|mprojectid0000002|mprojectid0000004|mprojectid0000020|mprojectid0000021|mprojectid0000042|mviewerid0000019|mviewerid0000038,0.200000,99.124000,0.566081,0.641828,118.113160,0.000000,0.000000,true,15.145000,11,1.846000,"{""h4d-highmem-192-1"":34,""h4d-standard-192-1"":24}","{""h3-standard-88-1"":0,""h3-standard-88-2"":0,""h4d-highmem-192-1"":0.009438,""h4d-standard-192-1"":0.008185}",[]
prism_cc_cost,cloud_hetero,25,maddid0000037|maddid0000056|mbackgroundid0000013|mbackgroundid0000015|mbackgroundid0000054|mbgmodelid0000012|mbgmodelid0000031|mbgmodelid0000050|mconcatfitid0000011|mdifffitid0000006|mdifffitid0000026|mdifffitid0000027|mdifffitid0000028|mdifffitid0000029|mdifffitid0000043|mdifffitid0000046|mdifffitid0000047|mdifffitid0000048|mimgtblid0000017|mimgtblid0000036|mimgtblid0000055|mprojectid0000001|mprojectid0000002|mprojectid0000004|mprojectid0000020|mprojectid0000021|mprojectid0000042|mviewerid0000019|mviewerid0000038,0.200000,99.047000,0.216079,0.641828,118.113160,0.000000,0.000000,true,43.382000,34,287.555000,"{""h4d-standard-192-1"":58}","{""h3-standard-88-1"":0,""h3-standard-88-2"":0,""h4d-highmem-192-1"":0,""h4d-standard-192-1"":0.019122}","[{""rank"":1,""recommended"":true,""feasible"":true,""budget_used"":0.216079,""budget_violation"":0,""makespan"":99.047,""deadline_violation"":0,""machine_signature"":""7c9256908f11a536"",""weighted_score"":0.216079,""diversity_score"":0},{""rank"":2,""recommended"":false,""feasible"":true,""budget_used"":0.566081,""budget_violation"":0,""makespan"":99.124,""deadline_violation"":0,""machine_signature"":""fd22a8175c0d7013"",""weighted_score"":0.566081,""diversity_score"":1.413793}]"
prism_cc_time,cloud_hetero,25,maddid0000037|maddid0000056|mbackgroundid0000013|mbackgroundid0000015|mbackgroundid0000054|mbgmodelid0000012|mbgmodelid0000031|mbgmodelid0000050|mconcatfitid0000011|mdifffitid0000006|mdifffitid0000026|mdifffitid0000027|mdifffitid0000028|mdifffitid0000029|mdifffitid0000043|mdifffitid0000046|mdifffitid0000047|mdifffitid0000048|mimgtblid0000017|mimgtblid0000036|mimgtblid0000055|mprojectid0000001|mprojectid0000002|mprojectid0000004|mprojectid0000020|mprojectid0000021|mprojectid0000042|mviewerid0000019|mviewerid0000038,0.200000,99.047000,0.216079,0.641828,118.113160,0.000000,0.000000,true,43.382000,34,287.555000,"{""h4d-standard-192-1"":58}","{""h3-standard-88-1"":0,""h3-standard-88-2"":0,""h4d-highmem-192-1"":0,""h4d-standard-192-1"":0.019122}","[{""rank"":1,""recommended"":true,""feasible"":true,""budget_used"":0.216079,""budget_violation"":0,""makespan"":99.047,""deadline_violation"":0,""machine_signature"":""7c9256908f11a536"",""weighted_score"":0.999223,""diversity_score"":0},{""rank"":2,""recommended"":false,""feasible"":true,""budget_used"":0.566081,""budget_violation"":0,""makespan"":99.124,""deadline_violation"":0,""machine_signature"":""fd22a8175c0d7013"",""weighted_score"":1,""diversity_score"":1.413793}]"
heft_colocation,cloud_homo,25,maddid0000037|maddid0000056|mbackgroundid0000013|mbackgroundid0000015|mbackgroundid0000054|mbgmodelid0000012|mbgmodelid0000031|mbgmodelid0000050|mconcatfitid0000011|mdifffitid0000006|mdifffitid0000026|mdifffitid0000027|mdifffitid0000028|mdifffitid0000029|mdifffitid0000043|mdifffitid0000046|mdifffitid0000047|mdifffitid0000048|mimgtblid0000017|mimgtblid0000036|mimgtblid0000055|mprojectid0000001|mprojectid0000002|mprojectid0000004|mprojectid0000020|mprojectid0000021|mprojectid0000042|mviewerid0000019|mviewerid0000038,0.200000,99.816000,0.875317,1.059152,119.559000,0.000000,0.000000,true,4.099000,4,3.263000,"{""h4d-standard-192-1"":15,""h4d-standard-192-2"":18,""h4d-standard-192-3"":8,""h4d-standard-192-4"":17}","{""h4d-standard-192-1"":0.003155,""h4d-standard-192-2"":0.00464,""h4d-standard-192-3"":0.003826,""h4d-standard-192-4"":0.005304}",[]
prism_cc_cost,cloud_homo,25,maddid0000037|maddid0000056|mbackgroundid0000013|mbackgroundid0000015|mbackgroundid0000054|mbgmodelid0000012|mbgmodelid0000031|mbgmodelid0000050|mconcatfitid0000011|mdifffitid0000006|mdifffitid0000026|mdifffitid0000027|mdifffitid0000028|mdifffitid0000029|mdifffitid0000043|mdifffitid0000046|mdifffitid0000047|mdifffitid0000048|mimgtblid0000017|mimgtblid0000036|mimgtblid0000055|mprojectid0000001|mprojectid0000002|mprojectid0000004|mprojectid0000020|mprojectid0000021|mprojectid0000042|mviewerid0000019|mviewerid0000038,0.200000,97.594000,0.212908,1.059152,119.559000,0.000000,0.000000,true,43.168000,32,348.428000,"{""h4d-standard-192-1"":58}","{""h4d-standard-192-1"":0.019395,""h4d-standard-192-2"":0,""h4d-standard-192-3"":0,""h4d-standard-192-4"":0}","[{""rank"":1,""recommended"":true,""feasible"":true,""budget_used"":0.212908,""budget_violation"":0,""makespan"":97.594,""deadline_violation"":0,""machine_signature"":""462f03c895c4c776"",""weighted_score"":0.212908,""diversity_score"":0},{""rank"":2,""recommended"":false,""feasible"":true,""budget_used"":0.472733,""budget_violation"":0,""makespan"":96.832,""deadline_violation"":0,""machine_signature"":""48962e476560783f"",""weighted_score"":0.472733,""diversity_score"":1.241379},{""rank"":3,""recommended"":false,""feasible"":true,""budget_used"":0.875317,""budget_violation"":0,""makespan"":99.816,""deadline_violation"":0,""machine_signature"":""a30aa877278dac9a"",""weighted_score"":0.875317,""diversity_score"":3.689655}]"
prism_cc_time,cloud_homo,25,maddid0000037|maddid0000056|mbackgroundid0000013|mbackgroundid0000015|mbackgroundid0000054|mbgmodelid0000012|mbgmodelid0000031|mbgmodelid0000050|mconcatfitid0000011|mdifffitid0000006|mdifffitid0000026|mdifffitid0000027|mdifffitid0000028|mdifffitid0000029|mdifffitid0000043|mdifffitid0000046|mdifffitid0000047|mdifffitid0000048|mimgtblid0000017|mimgtblid0000036|mimgtblid0000055|mprojectid0000001|mprojectid0000002|mprojectid0000004|mprojectid0000020|mprojectid0000021|mprojectid0000042|mviewerid0000019|mviewerid0000038,0.200000,96.832000,0.472733,1.059152,119.559000,0.000000,0.000000,true,23.921000,20,348.428000,"{""h4d-standard-192-1"":14,""h4d-standard-192-4"":44}","{""h4d-standard-192-1"":0.002511,""h4d-standard-192-2"":0,""h4d-standard-192-3"":0,""h4d-standard-192-4"":0.016002}","[{""rank"":1,""recommended"":true,""feasible"":true,""budget_used"":0.472733,""budget_violation"":0,""makespan"":96.832,""deadline_violation"":0,""machine_signature"":""48962e476560783f"",""weighted_score"":0.970105,""diversity_score"":1.241379},{""rank"":2,""recommended"":false,""feasible"":true,""budget_used"":0.212908,""budget_violation"":0,""makespan"":97.594,""deadline_violation"":0,""machine_signature"":""462f03c895c4c776"",""weighted_score"":0.977739,""diversity_score"":0},{""rank"":3,""recommended"":false,""feasible"":true,""budget_used"":0.875317,""budget_violation"":0,""makespan"":99.816,""deadline_violation"":0,""machine_signature"":""a30aa877278dac9a"",""weighted_score"":1,""diversity_score"":3.689655}]"
heft_colocation,cluster_hetero,25,maddid0000037|maddid0000056|mbackgroundid0000013|mbackgroundid0000015|mbackgroundid0000054|mbgmodelid0000012|mbgmodelid0000031|mbgmodelid0000050|mconcatfitid0000011|mdifffitid0000006|mdifffitid0000026|mdifffitid0000027|mdifffitid0000028|mdifffitid0000029|mdifffitid0000043|mdifffitid0000046|mdifffitid0000047|mdifffitid0000048|mimgtblid0000017|mimgtblid0000036|mimgtblid0000055|mprojectid0000001|mprojectid0000002|mprojectid0000004|mprojectid0000020|mprojectid0000021|mprojectid0000042|mviewerid0000019|mviewerid0000038,0.200000,287.957000,0.000000,0.000000,353.759520,0.000000,0.000000,true,42.600000,14,0.869000,"{""bora005"":21,""bora006"":34,""diablo01"":2,""diablo02"":1}","{""bora005"":0.06743,""bora006"":0.097104,""diablo01"":0.00406,""diablo02"":0.003449}",[]
prism_cc_cost,cluster_hetero,25,maddid0000037|maddid0000056|mbackgroundid0000013|mbackgroundid0000015|mbackgroundid0000054|mbgmodelid0000012|mbgmodelid0000031|mbgmodelid0000050|mconcatfitid0000011|mdifffitid0000006|mdifffitid0000026|mdifffitid0000027|mdifffitid0000028|mdifffitid0000029|mdifffitid0000043|mdifffitid0000046|mdifffitid0000047|mdifffitid0000048|mimgtblid0000017|mimgtblid0000036|mimgtblid0000055|mprojectid0000001|mprojectid0000002|mprojectid0000004|mprojectid0000020|mprojectid0000021|mprojectid0000042|mviewerid0000019|mviewerid0000038,0.200000,287.957000,0.000000,0.000000,353.759520,0.000000,0.000000,true,42.600000,14,160.835000,"{""bora005"":21,""bora006"":34,""diablo01"":2,""diablo02"":1}","{""bora005"":0.06743,""bora006"":0.097104,""diablo01"":0.00406,""diablo02"":0.003449}","[{""rank"":1,""recommended"":true,""feasible"":true,""budget_used"":0,""budget_violation"":0,""makespan"":287.957,""deadline_violation"":0,""machine_signature"":""8afea5019d80beb9"",""weighted_score"":0,""diversity_score"":3.655172},{""rank"":2,""recommended"":false,""feasible"":true,""budget_used"":0,""budget_violation"":0,""makespan"":287.957,""deadline_violation"":0,""machine_signature"":""dff389073c31198e"",""weighted_score"":0,""diversity_score"":3.413793}]"
prism_cc_time,cluster_hetero,25,maddid0000037|maddid0000056|mbackgroundid0000013|mbackgroundid0000015|mbackgroundid0000054|mbgmodelid0000012|mbgmodelid0000031|mbgmodelid0000050|mconcatfitid0000011|mdifffitid0000006|mdifffitid0000026|mdifffitid0000027|mdifffitid0000028|mdifffitid0000029|mdifffitid0000043|mdifffitid0000046|mdifffitid0000047|mdifffitid0000048|mimgtblid0000017|mimgtblid0000036|mimgtblid0000055|mprojectid0000001|mprojectid0000002|mprojectid0000004|mprojectid0000020|mprojectid0000021|mprojectid0000042|mviewerid0000019|mviewerid0000038,0.200000,287.957000,0.000000,0.000000,353.759520,0.000000,0.000000,true,42.600000,14,160.835000,"{""bora005"":21,""bora006"":34,""diablo01"":2,""diablo02"":1}","{""bora005"":0.06743,""bora006"":0.097104,""diablo01"":0.00406,""diablo02"":0.003449}","[{""rank"":1,""recommended"":true,""feasible"":true,""budget_used"":0,""budget_violation"":0,""makespan"":287.957,""deadline_violation"":0,""machine_signature"":""8afea5019d80beb9"",""weighted_score"":1,""diversity_score"":3.655172},{""rank"":2,""recommended"":false,""feasible"":true,""budget_used"":0,""budget_violation"":0,""makespan"":287.957,""deadline_violation"":0,""machine_signature"":""dff389073c31198e"",""weighted_score"":1,""diversity_score"":3.413793}]"
heft_colocation,cluster_homo,25,maddid0000037|maddid0000056|mbackgroundid0000013|mbackgroundid0000015|mbackgroundid0000054|mbgmodelid0000012|mbgmodelid0000031|mbgmodelid0000050|mconcatfitid0000011|mdifffitid0000006|mdifffitid0000026|mdifffitid0000027|mdifffitid0000028|mdifffitid0000029|mdifffitid0000043|mdifffitid0000046|mdifffitid0000047|mdifffitid0000048|mimgtblid0000017|mimgtblid0000036|mimgtblid0000055|mprojectid0000001|mprojectid0000002|mprojectid0000004|mprojectid0000020|mprojectid0000021|mprojectid0000042|mviewerid0000019|mviewerid0000038,0.200000,287.957000,0.000000,0.000000,345.548400,0.000000,0.000000,true,22.995000,5,0.757000,"{""bora001"":16,""bora002"":18,""bora003"":8,""bora004"":16}","{""bora001"":0.032398,""bora002"":0.047517,""bora003"":0.039204,""bora004"":0.054219}",[]
prism_cc_cost,cluster_homo,25,maddid0000037|maddid0000056|mbackgroundid0000013|mbackgroundid0000015|mbackgroundid0000054|mbgmodelid0000012|mbgmodelid0000031|mbgmodelid0000050|mconcatfitid0000011|mdifffitid0000006|mdifffitid0000026|mdifffitid0000027|mdifffitid0000028|mdifffitid0000029|mdifffitid0000043|mdifffitid0000046|mdifffitid0000047|mdifffitid0000048|mimgtblid0000017|mimgtblid0000036|mimgtblid0000055|mprojectid0000001|mprojectid0000002|mprojectid0000004|mprojectid0000020|mprojectid0000021|mprojectid0000042|mviewerid0000019|mviewerid0000038,0.200000,287.957000,0.000000,0.000000,345.548400,0.000000,0.000000,true,22.995000,5,129.221000,"{""bora001"":16,""bora002"":18,""bora003"":8,""bora004"":16}","{""bora001"":0.032398,""bora002"":0.047517,""bora003"":0.039204,""bora004"":0.054219}","[{""rank"":1,""recommended"":true,""feasible"":true,""budget_used"":0,""budget_violation"":0,""makespan"":287.957,""deadline_violation"":0,""machine_signature"":""6c4dd8fadf8c8454"",""weighted_score"":0,""diversity_score"":3.706897},{""rank"":2,""recommended"":false,""feasible"":true,""budget_used"":0,""budget_violation"":0,""makespan"":287.957,""deadline_violation"":0,""machine_signature"":""a0db12ca4ea99999"",""weighted_score"":0,""diversity_score"":3.689655}]"
prism_cc_time,cluster_homo,25,maddid0000037|maddid0000056|mbackgroundid0000013|mbackgroundid0000015|mbackgroundid0000054|mbgmodelid0000012|mbgmodelid0000031|mbgmodelid0000050|mconcatfitid0000011|mdifffitid0000006|mdifffitid0000026|mdifffitid0000027|mdifffitid0000028|mdifffitid0000029|mdifffitid0000043|mdifffitid0000046|mdifffitid0000047|mdifffitid0000048|mimgtblid0000017|mimgtblid0000036|mimgtblid0000055|mprojectid0000001|mprojectid0000002|mprojectid0000004|mprojectid0000020|mprojectid0000021|mprojectid0000042|mviewerid0000019|mviewerid0000038,0.200000,287.957000,0.000000,0.000000,345.548400,0.000000,0.000000,true,22.995000,5,129.221000,"{""bora001"":16,""bora002"":18,""bora003"":8,""bora004"":16}","{""bora001"":0.032398,""bora002"":0.047517,""bora003"":0.039204,""bora004"":0.054219}","[{""rank"":1,""recommended"":true,""feasible"":true,""budget_used"":0,""budget_violation"":0,""makespan"":287.957,""deadline_violation"":0,""machine_signature"":""6c4dd8fadf8c8454"",""weighted_score"":1,""diversity_score"":3.706897},{""rank"":2,""recommended"":false,""feasible"":true,""budget_used"":0,""budget_violation"":0,""makespan"":287.957,""deadline_violation"":0,""machine_signature"":""a0db12ca4ea99999"",""weighted_score"":1,""diversity_score"":3.689655}]"
heft_colocation,hybrid_hetero,25,maddid0000037|maddid0000056|mbackgroundid0000013|mbackgroundid0000015|mbackgroundid0000054|mbgmodelid0000012|mbgmodelid0000031|mbgmodelid0000050|mconcatfitid0000011|mdifffitid0000006|mdifffitid0000026|mdifffitid0000027|mdifffitid0000028|mdifffitid0000029|mdifffitid0000043|mdifffitid0000046|mdifffitid0000047|mdifffitid0000048|mimgtblid0000017|mimgtblid0000036|mimgtblid0000055|mprojectid0000001|mprojectid0000002|mprojectid0000004|mprojectid0000020|mprojectid0000021|mprojectid0000042|mviewerid0000019|mviewerid0000038,0.200000,96.660000,0.274161,0.348827,119.109960,0.000000,0.000000,true,33.934000,25,1.450000,"{""h3-standard-88-2"":1,""h4d-standard-192-7"":57}","{""bora011"":0,""diablo03"":0,""h3-standard-88-2"":0.002122,""h4d-standard-192-7"":0.01859}",[]
prism_cc_cost,hybrid_hetero,25,maddid0000037|maddid0000056|mbackgroundid0000013|mbackgroundid0000015|mbackgroundid0000054|mbgmodelid0000012|mbgmodelid0000031|mbgmodelid0000050|mconcatfitid0000011|mdifffitid0000006|mdifffitid0000026|mdifffitid0000027|mdifffitid0000028|mdifffitid0000029|mdifffitid0000043|mdifffitid0000046|mdifffitid0000047|mdifffitid0000048|mimgtblid0000017|mimgtblid0000036|mimgtblid0000055|mprojectid0000001|mprojectid0000002|mprojectid0000004|mprojectid0000020|mprojectid0000021|mprojectid0000042|mviewerid0000019|mviewerid0000038,0.200000,104.594000,0.273067,0.348827,119.109960,0.000000,0.000000,true,33.934000,25,260.321000,"{""bora011"":1,""h3-standard-88-2"":1,""h4d-standard-192-7"":56}","{""bora011"":0.000037,""diablo03"":0,""h3-standard-88-2"":0.001961,""h4d-standard-192-7"":0.017178}","[{""rank"":1,""recommended"":true,""feasible"":true,""budget_used"":0.273067,""budget_violation"":0,""makespan"":104.594,""deadline_violation"":0,""machine_signature"":""4eb3e884b96befb2"",""weighted_score"":0.273067,""diversity_score"":2.034483},{""rank"":2,""recommended"":false,""feasible"":true,""budget_used"":0.274161,""budget_violation"":0,""makespan"":96.66,""deadline_violation"":0,""machine_signature"":""6a03b55f389b35aa"",""weighted_score"":0.274161,""diversity_score"":1.017241}]"
prism_cc_time,hybrid_hetero,25,maddid0000037|maddid0000056|mbackgroundid0000013|mbackgroundid0000015|mbackgroundid0000054|mbgmodelid0000012|mbgmodelid0000031|mbgmodelid0000050|mconcatfitid0000011|mdifffitid0000006|mdifffitid0000026|mdifffitid0000027|mdifffitid0000028|mdifffitid0000029|mdifffitid0000043|mdifffitid0000046|mdifffitid0000047|mdifffitid0000048|mimgtblid0000017|mimgtblid0000036|mimgtblid0000055|mprojectid0000001|mprojectid0000002|mprojectid0000004|mprojectid0000020|mprojectid0000021|mprojectid0000042|mviewerid0000019|mviewerid0000038,0.200000,96.660000,0.274161,0.348827,119.109960,0.000000,0.000000,true,33.934000,25,260.321000,"{""h3-standard-88-2"":1,""h4d-standard-192-7"":57}","{""bora011"":0,""diablo03"":0,""h3-standard-88-2"":0.002122,""h4d-standard-192-7"":0.01859}","[{""rank"":1,""recommended"":true,""feasible"":true,""budget_used"":0.274161,""budget_violation"":0,""makespan"":96.66,""deadline_violation"":0,""machine_signature"":""6a03b55f389b35aa"",""weighted_score"":0.924145,""diversity_score"":1.017241},{""rank"":2,""recommended"":false,""feasible"":true,""budget_used"":0.273067,""budget_violation"":0,""makespan"":104.594,""deadline_violation"":0,""machine_signature"":""4eb3e884b96befb2"",""weighted_score"":1,""diversity_score"":2.034483}]"
heft_colocation,hybrid_homo,25,maddid0000037|maddid0000056|mbackgroundid0000013|mbackgroundid0000015|mbackgroundid0000054|mbgmodelid0000012|mbgmodelid0000031|mbgmodelid0000050|mconcatfitid0000011|mdifffitid0000006|mdifffitid0000026|mdifffitid0000027|mdifffitid0000028|mdifffitid0000029|mdifffitid0000043|mdifffitid0000046|mdifffitid0000047|mdifffitid0000048|mimgtblid0000017|mimgtblid0000036|mimgtblid0000055|mprojectid0000001|mprojectid0000002|mprojectid0000004|mprojectid0000020|mprojectid0000021|mprojectid0000042|mviewerid0000019|mviewerid0000038,0.200000,99.124000,0.518857,0.607531,118.113160,0.000000,0.000000,true,15.145000,11,1.875000,"{""h4d-standard-192-5"":24,""h4d-standard-192-6"":34}","{""bora009"":0,""bora010"":0,""h4d-standard-192-5"":0.008284,""h4d-standard-192-6"":0.009339}",[]
prism_cc_cost,hybrid_homo,25,maddid0000037|maddid0000056|mbackgroundid0000013|mbackgroundid0000015|mbackgroundid0000054|mbgmodelid0000012|mbgmodelid0000031|mbgmodelid0000050|mconcatfitid0000011|mdifffitid0000006|mdifffitid0000026|mdifffitid0000027|mdifffitid0000028|mdifffitid0000029|mdifffitid0000043|mdifffitid0000046|mdifffitid0000047|mdifffitid0000048|mimgtblid0000017|mimgtblid0000036|mimgtblid0000055|mprojectid0000001|mprojectid0000002|mprojectid0000004|mprojectid0000020|mprojectid0000021|mprojectid0000042|mviewerid0000019|mviewerid0000038,0.200000,107.722000,0.486306,0.607531,118.113160,0.000000,0.000000,true,15.145000,11,295.599000,"{""bora009"":1,""bora010"":2,""h4d-standard-192-5"":23,""h4d-standard-192-6"":32}","{""bora009"":0.000036,""bora010"":0.000873,""h4d-standard-192-5"":0.007602,""h4d-standard-192-6"":0.008584}","[{""rank"":1,""recommended"":true,""feasible"":true,""budget_used"":0.486306,""budget_violation"":0,""makespan"":107.722,""deadline_violation"":0,""machine_signature"":""7ac21159d850b82b"",""weighted_score"":0.486306,""diversity_score"":3.448276},{""rank"":2,""recommended"":false,""feasible"":true,""budget_used"":0.518857,""budget_violation"":0,""makespan"":99.124,""deadline_violation"":0,""machine_signature"":""89da4f05ec295553"",""weighted_score"":0.518857,""diversity_score"":1.413793},{""rank"":3,""recommended"":false,""feasible"":true,""budget_used"":0.518857,""budget_violation"":0,""makespan"":99.124,""deadline_violation"":0,""machine_signature"":""8d1bb91561628a5d"",""weighted_score"":0.518857,""diversity_score"":1.413793}]"
prism_cc_time,hybrid_homo,25,maddid0000037|maddid0000056|mbackgroundid0000013|mbackgroundid0000015|mbackgroundid0000054|mbgmodelid0000012|mbgmodelid0000031|mbgmodelid0000050|mconcatfitid0000011|mdifffitid0000006|mdifffitid0000026|mdifffitid0000027|mdifffitid0000028|mdifffitid0000029|mdifffitid0000043|mdifffitid0000046|mdifffitid0000047|mdifffitid0000048|mimgtblid0000017|mimgtblid0000036|mimgtblid0000055|mprojectid0000001|mprojectid0000002|mprojectid0000004|mprojectid0000020|mprojectid0000021|mprojectid0000042|mviewerid0000019|mviewerid0000038,0.200000,99.124000,0.518857,0.607531,118.113160,0.000000,0.000000,true,15.145000,11,295.599000,"{""h4d-standard-192-5"":24,""h4d-standard-192-6"":34}","{""bora009"":0,""bora010"":0,""h4d-standard-192-5"":0.008284,""h4d-standard-192-6"":0.009339}","[{""rank"":1,""recommended"":true,""feasible"":true,""budget_used"":0.518857,""budget_violation"":0,""makespan"":99.124,""deadline_violation"":0,""machine_signature"":""89da4f05ec295553"",""weighted_score"":0.920183,""diversity_score"":1.413793},{""rank"":2,""recommended"":false,""feasible"":true,""budget_used"":0.518857,""budget_violation"":0,""makespan"":99.124,""deadline_violation"":0,""machine_signature"":""8d1bb91561628a5d"",""weighted_score"":0.920183,""diversity_score"":1.413793},{""rank"":3,""recommended"":false,""feasible"":true,""budget_used"":0.486306,""budget_violation"":0,""makespan"":107.722,""deadline_violation"":0,""machine_signature"":""7ac21159d850b82b"",""weighted_score"":1,""diversity_score"":3.448276}]"
heft_colocation,hybrid_raspberry_500mbps,25,maddid0000037|maddid0000056|mbackgroundid0000013|mbackgroundid0000015|mbackgroundid0000054|mbgmodelid0000012|mbgmodelid0000031|mbgmodelid0000050|mconcatfitid0000011|mdifffitid0000006|mdifffitid0000026|mdifffitid0000027|mdifffitid0000028|mdifffitid0000029|mdifffitid0000043|mdifffitid0000046|mdifffitid0000047|mdifffitid0000048|mimgtblid0000017|mimgtblid0000036|mimgtblid0000055|mprojectid0000001|mprojectid0000002|mprojectid0000004|mprojectid0000020|mprojectid0000021|mprojectid0000042|mviewerid0000019|mviewerid0000038,0.200000,143.674000,0.412624,0.533583,179.300320,0.000000,0.000000,true,46.491000,26,2.670000,"{""cloud-node-02"":53,""hpc-node-02"":5}","{""cloud-node-01"":0,""cloud-node-02"":0.065686,""hpc-node-01"":0,""hpc-node-02"":0.024865,""rpi-edge-01"":0,""rpi-edge-02"":0,""rpi-edge-03"":0,""rpi-edge-04"":0,""rpi-edge-05"":0,""rpi-edge-06"":0,""rpi-edge-07"":0,""rpi-edge-08"":0,""rpi-edge-09"":0,""rpi-edge-10"":0}",[]
prism_cc_cost,hybrid_raspberry_500mbps,25,maddid0000037|maddid0000056|mbackgroundid0000013|mbackgroundid0000015|mbackgroundid0000054|mbgmodelid0000012|mbgmodelid0000031|mbgmodelid0000050|mconcatfitid0000011|mdifffitid0000006|mdifffitid0000026|mdifffitid0000027|mdifffitid0000028|mdifffitid0000029|mdifffitid0000043|mdifffitid0000046|mdifffitid0000047|mdifffitid0000048|mimgtblid0000017|mimgtblid0000036|mimgtblid0000055|mprojectid0000001|mprojectid0000002|mprojectid0000004|mprojectid0000020|mprojectid0000021|mprojectid0000042|mviewerid0000019|mviewerid0000038,0.200000,143.674000,0.412624,0.533583,179.300320,0.000000,0.000000,true,46.491000,26,481.508000,"{""cloud-node-02"":53,""hpc-node-02"":5}","{""cloud-node-01"":0,""cloud-node-02"":0.065686,""hpc-node-01"":0,""hpc-node-02"":0.024865,""rpi-edge-01"":0,""rpi-edge-02"":0,""rpi-edge-03"":0,""rpi-edge-04"":0,""rpi-edge-05"":0,""rpi-edge-06"":0,""rpi-edge-07"":0,""rpi-edge-08"":0,""rpi-edge-09"":0,""rpi-edge-10"":0}","[{""rank"":1,""recommended"":true,""feasible"":true,""budget_used"":0.412624,""budget_violation"":0,""makespan"":143.674,""deadline_violation"":0,""machine_signature"":""bd9adb3d10d51f7c"",""weighted_score"":0.412624,""diversity_score"":1.086207}]"
prism_cc_time,hybrid_raspberry_500mbps,25,maddid0000037|maddid0000056|mbackgroundid0000013|mbackgroundid0000015|mbackgroundid0000054|mbgmodelid0000012|mbgmodelid0000031|mbgmodelid0000050|mconcatfitid0000011|mdifffitid0000006|mdifffitid0000026|mdifffitid0000027|mdifffitid0000028|mdifffitid0000029|mdifffitid0000043|mdifffitid0000046|mdifffitid0000047|mdifffitid0000048|mimgtblid0000017|mimgtblid0000036|mimgtblid0000055|mprojectid0000001|mprojectid0000002|mprojectid0000004|mprojectid0000020|mprojectid0000021|mprojectid0000042|mviewerid0000019|mviewerid0000038,0.200000,143.674000,0.412624,0.533583,179.300320,0.000000,0.000000,true,46.491000,26,481.508000,"{""cloud-node-02"":53,""hpc-node-02"":5}","{""cloud-node-01"":0,""cloud-node-02"":0.065686,""hpc-node-01"":0,""hpc-node-02"":0.024865,""rpi-edge-01"":0,""rpi-edge-02"":0,""rpi-edge-03"":0,""rpi-edge-04"":0,""rpi-edge-05"":0,""rpi-edge-06"":0,""rpi-edge-07"":0,""rpi-edge-08"":0,""rpi-edge-09"":0,""rpi-edge-10"":0}","[{""rank"":1,""recommended"":true,""feasible"":true,""budget_used"":0.412624,""budget_violation"":0,""makespan"":143.674,""deadline_violation"":0,""machine_signature"":""bd9adb3d10d51f7c"",""weighted_score"":1,""diversity_score"":1.086207}]"
heft_colocation,cloud_hetero,26,maddid0000018|maddid0000037|mbackgroundid0000015|mbackgroundid0000016|mbackgroundid0000032|mbackgroundid0000033|mbackgroundid0000034|mbackgroundid0000051|mbackgroundid0000052|mbackgroundid0000053|mbgmodelid0000012|mconcatfitid0000011|mconcatfitid0000030|mdifffitid0000006|mdifffitid0000007|mdifffitid0000009|mdifffitid0000025|mdifffitid0000026|mdifffitid0000029|mdifffitid0000044|mdifffitid0000045|mdifffitid0000046|mimgtblid0000017|mprojectid0000002|mprojectid0000003|mprojectid0000022|mprojectid0000041|mviewerid0000038|mviewerid0000058,0.200000,95.151000,0.522263,0.641828,118.113160,0.000000,0.000000,true,5.077000,5,3.324000,"{""h4d-highmem-192-1"":42,""h4d-standard-192-1"":16}","{""h3-standard-88-1"":0,""h3-standard-88-2"":0,""h4d-highmem-192-1"":0.009725,""h4d-standard-192-1"":0.008083}",[]
prism_cc_cost,cloud_hetero,26,maddid0000018|maddid0000037|mbackgroundid0000015|mbackgroundid0000016|mbackgroundid0000032|mbackgroundid0000033|mbackgroundid0000034|mbackgroundid0000051|mbackgroundid0000052|mbackgroundid0000053|mbgmodelid0000012|mconcatfitid0000011|mconcatfitid0000030|mdifffitid0000006|mdifffitid0000007|mdifffitid0000009|mdifffitid0000025|mdifffitid0000026|mdifffitid0000029|mdifffitid0000044|mdifffitid0000045|mdifffitid0000046|mimgtblid0000017|mprojectid0000002|mprojectid0000003|mprojectid0000022|mprojectid0000041|mviewerid0000038|mviewerid0000058,0.200000,94.433000,0.206013,0.641828,118.113160,0.000000,0.000000,true,16.784000,19,220.155000,"{""h4d-standard-192-1"":58}","{""h3-standard-88-1"":0,""h3-standard-88-2"":0,""h4d-highmem-192-1"":0,""h4d-standard-192-1"":0.018589}","[{""rank"":1,""recommended"":true,""feasible"":true,""budget_used"":0.206013,""budget_violation"":0,""makespan"":94.433,""deadline_violation"":0,""machine_signature"":""a0f087420b7f314e"",""weighted_score"":0.206013,""diversity_score"":0},{""rank"":2,""recommended"":false,""feasible"":true,""budget_used"":0.522263,""budget_violation"":0,""makespan"":95.151,""deadline_violation"":0,""machine_signature"":""7cddd979aa1721d3"",""weighted_score"":0.522263,""diversity_score"":1.275862}]"
prism_cc_time,cloud_hetero,26,maddid0000018|maddid0000037|mbackgroundid0000015|mbackgroundid0000016|mbackgroundid0000032|mbackgroundid0000033|mbackgroundid0000034|mbackgroundid0000051|mbackgroundid0000052|mbackgroundid0000053|mbgmodelid0000012|mconcatfitid0000011|mconcatfitid0000030|mdifffitid0000006|mdifffitid0000007|mdifffitid0000009|mdifffitid0000025|mdifffitid0000026|mdifffitid0000029|mdifffitid0000044|mdifffitid0000045|mdifffitid0000046|mimgtblid0000017|mprojectid0000002|mprojectid0000003|mprojectid0000022|mprojectid0000041|mviewerid0000038|mviewerid0000058,0.200000,94.433000,0.206013,0.641828,118.113160,0.000000,0.000000,true,16.784000,19,220.155000,"{""h4d-standard-192-1"":58}","{""h3-standard-88-1"":0,""h3-standard-88-2"":0,""h4d-highmem-192-1"":0,""h4d-standard-192-1"":0.018589}","[{""rank"":1,""recommended"":true,""feasible"":true,""budget_used"":0.206013,""budget_violation"":0,""makespan"":94.433,""deadline_violation"":0,""machine_signature"":""a0f087420b7f314e"",""weighted_score"":0.992454,""diversity_score"":0},{""rank"":2,""recommended"":false,""feasible"":true,""budget_used"":0.522263,""budget_violation"":0,""makespan"":95.151,""deadline_violation"":0,""machine_signature"":""7cddd979aa1721d3"",""weighted_score"":1,""diversity_score"":1.275862}]"
heft_colocation,cloud_homo,26,maddid0000018|maddid0000037|mbackgroundid0000015|mbackgroundid0000016|mbackgroundid0000032|mbackgroundid0000033|mbackgroundid0000034|mbackgroundid0000051|mbackgroundid0000052|mbackgroundid0000053|mbgmodelid0000012|mconcatfitid0000011|mconcatfitid0000030|mdifffitid0000006|mdifffitid0000007|mdifffitid0000009|mdifffitid0000025|mdifffitid0000026|mdifffitid0000029|mdifffitid0000044|mdifffitid0000045|mdifffitid0000046|mimgtblid0000017|mprojectid0000002|mprojectid0000003|mprojectid0000022|mprojectid0000041|mviewerid0000038|mviewerid0000058,0.200000,99.816000,0.888378,1.059152,119.559000,0.000000,0.000000,true,0.005000,0,2.704000,"{""h4d-standard-192-1"":17,""h4d-standard-192-2"":15,""h4d-standard-192-3"":9,""h4d-standard-192-4"":17}","{""h4d-standard-192-1"":0.003873,""h4d-standard-192-2"":0.003254,""h4d-standard-192-3"":0.00428,""h4d-standard-192-4"":0.005304}",[]
prism_cc_cost,cloud_homo,26,maddid0000018|maddid0000037|mbackgroundid0000015|mbackgroundid0000016|mbackgroundid0000032|mbackgroundid0000033|mbackgroundid0000034|mbackgroundid0000051|mbackgroundid0000052|mbackgroundid0000053|mbgmodelid0000012|mconcatfitid0000011|mconcatfitid0000030|mdifffitid0000006|mdifffitid0000007|mdifffitid0000009|mdifffitid0000025|mdifffitid0000026|mdifffitid0000029|mdifffitid0000044|mdifffitid0000045|mdifffitid0000046|mimgtblid0000017|mprojectid0000002|mprojectid0000003|mprojectid0000022|mprojectid0000041|mviewerid0000038|mviewerid0000058,0.200000,92.879000,0.202623,1.059152,119.559000,0.000000,0.000000,true,16.343000,15,233.665000,"{""h4d-standard-192-1"":58}","{""h4d-standard-192-1"":0.018876,""h4d-standard-192-2"":0,""h4d-standard-192-3"":0,""h4d-standard-192-4"":0}","[{""rank"":1,""recommended"":true,""feasible"":true,""budget_used"":0.202623,""budget_violation"":0,""makespan"":92.879,""deadline_violation"":0,""machine_signature"":""9930b36f53910b55"",""weighted_score"":0.202623,""diversity_score"":0},{""rank"":2,""recommended"":false,""feasible"":true,""budget_used"":0.888378,""budget_violation"":0,""makespan"":99.816,""deadline_violation"":0,""machine_signature"":""cdc9569f5844b98d"",""weighted_score"":0.888378,""diversity_score"":3.706897}]"
prism_cc_time,cloud_homo,26,maddid0000018|maddid0000037|mbackgroundid0000015|mbackgroundid0000016|mbackgroundid0000032|mbackgroundid0000033|mbackgroundid0000034|mbackgroundid0000051|mbackgroundid0000052|mbackgroundid0000053|mbgmodelid0000012|mconcatfitid0000011|mconcatfitid0000030|mdifffitid0000006|mdifffitid0000007|mdifffitid0000009|mdifffitid0000025|mdifffitid0000026|mdifffitid0000029|mdifffitid0000044|mdifffitid0000045|mdifffitid0000046|mimgtblid0000017|mprojectid0000002|mprojectid0000003|mprojectid0000022|mprojectid0000041|mviewerid0000038|mviewerid0000058,0.200000,92.879000,0.202623,1.059152,119.559000,0.000000,0.000000,true,16.343000,15,233.665000,"{""h4d-standard-192-1"":58}","{""h4d-standard-192-1"":0.018876,""h4d-standard-192-2"":0,""h4d-standard-192-3"":0,""h4d-standard-192-4"":0}","[{""rank"":1,""recommended"":true,""feasible"":true,""budget_used"":0.202623,""budget_violation"":0,""makespan"":92.879,""deadline_violation"":0,""machine_signature"":""9930b36f53910b55"",""weighted_score"":0.930502,""diversity_score"":0},{""rank"":2,""recommended"":false,""feasible"":true,""budget_used"":0.888378,""budget_violation"":0,""makespan"":99.816,""deadline_violation"":0,""machine_signature"":""cdc9569f5844b98d"",""weighted_score"":1,""diversity_score"":3.706897}]"
heft_colocation,cluster_hetero,26,maddid0000018|maddid0000037|mbackgroundid0000015|mbackgroundid0000016|mbackgroundid0000032|mbackgroundid0000033|mbackgroundid0000034|mbackgroundid0000051|mbackgroundid0000052|mbackgroundid0000053|mbgmodelid0000012|mconcatfitid0000011|mconcatfitid0000030|mdifffitid0000006|mdifffitid0000007|mdifffitid0000009|mdifffitid0000025|mdifffitid0000026|mdifffitid0000029|mdifffitid0000044|mdifffitid0000045|mdifffitid0000046|mimgtblid0000017|mprojectid0000002|mprojectid0000003|mprojectid0000022|mprojectid0000041|mviewerid0000038|mviewerid0000058,0.200000,287.957000,0.000000,0.000000,353.759520,0.000000,0.000000,true,30.950000,11,0.835000,"{""bora005"":38,""bora006"":20}","{""bora005"":0.112248,""bora006"":0.061857,""diablo01"":0,""diablo02"":0}",[]
prism_cc_cost,cluster_hetero,26,maddid0000018|maddid0000037|mbackgroundid0000015|mbackgroundid0000016|mbackgroundid0000032|mbackgroundid0000033|mbackgroundid0000034|mbackgroundid0000051|mbackgroundid0000052|mbackgroundid0000053|mbgmodelid0000012|mconcatfitid0000011|mconcatfitid0000030|mdifffitid0000006|mdifffitid0000007|mdifffitid0000009|mdifffitid0000025|mdifffitid0000026|mdifffitid0000029|mdifffitid0000044|mdifffitid0000045|mdifffitid0000046|mimgtblid0000017|mprojectid0000002|mprojectid0000003|mprojectid0000022|mprojectid0000041|mviewerid0000038|mviewerid0000058,0.200000,287.957000,0.000000,0.000000,353.759520,0.000000,0.000000,true,30.950000,11,149.090000,"{""bora005"":38,""bora006"":20}","{""bora005"":0.112248,""bora006"":0.061857,""diablo01"":0,""diablo02"":0}","[{""rank"":1,""recommended"":true,""feasible"":true,""budget_used"":0,""budget_violation"":0,""makespan"":287.957,""deadline_violation"":0,""machine_signature"":""f1caa4e71c4e9be6"",""weighted_score"":0,""diversity_score"":1.344828},{""rank"":2,""recommended"":false,""feasible"":true,""budget_used"":0,""budget_violation"":0,""makespan"":287.957,""deadline_violation"":0,""machine_signature"":""6ac890cbe88e44ba"",""weighted_score"":0,""diversity_score"":3.344828}]"
prism_cc_time,cluster_hetero,26,maddid0000018|maddid0000037|mbackgroundid0000015|mbackgroundid0000016|mbackgroundid0000032|mbackgroundid0000033|mbackgroundid0000034|mbackgroundid0000051|mbackgroundid0000052|mbackgroundid0000053|mbgmodelid0000012|mconcatfitid0000011|mconcatfitid0000030|mdifffitid0000006|mdifffitid0000007|mdifffitid0000009|mdifffitid0000025|mdifffitid0000026|mdifffitid0000029|mdifffitid0000044|mdifffitid0000045|mdifffitid0000046|mimgtblid0000017|mprojectid0000002|mprojectid0000003|mprojectid0000022|mprojectid0000041|mviewerid0000038|mviewerid0000058,0.200000,287.957000,0.000000,0.000000,353.759520,0.000000,0.000000,true,30.950000,11,149.090000,"{""bora005"":38,""bora006"":20}","{""bora005"":0.112248,""bora006"":0.061857,""diablo01"":0,""diablo02"":0}","[{""rank"":1,""recommended"":true,""feasible"":true,""budget_used"":0,""budget_violation"":0,""makespan"":287.957,""deadline_violation"":0,""machine_signature"":""f1caa4e71c4e9be6"",""weighted_score"":1,""diversity_score"":1.344828},{""rank"":2,""recommended"":false,""feasible"":true,""budget_used"":0,""budget_violation"":0,""makespan"":287.957,""deadline_violation"":0,""machine_signature"":""6ac890cbe88e44ba"",""weighted_score"":1,""diversity_score"":3.344828}]"
heft_colocation,cluster_homo,26,maddid0000018|maddid0000037|mbackgroundid0000015|mbackgroundid0000016|mbackgroundid0000032|mbackgroundid0000033|mbackgroundid0000034|mbackgroundid0000051|mbackgroundid0000052|mbackgroundid0000053|mbgmodelid0000012|mconcatfitid0000011|mconcatfitid0000030|mdifffitid0000006|mdifffitid0000007|mdifffitid0000009|mdifffitid0000025|mdifffitid0000026|mdifffitid0000029|mdifffitid0000044|mdifffitid0000045|mdifffitid0000046|mimgtblid0000017|mprojectid0000002|mprojectid0000003|mprojectid0000022|mprojectid0000041|mviewerid0000038|mviewerid0000058,0.200000,287.957000,0.000000,0.000000,345.548400,0.000000,0.000000,true,3.051000,6,0.757000,"{""bora001"":18,""bora002"":15,""bora003"":9,""bora004"":16}","{""bora001"":0.039821,""bora002"":0.033418,""bora003"":0.043824,""bora004"":0.05435}",[]
prism_cc_cost,cluster_homo,26,maddid0000018|maddid0000037|mbackgroundid0000015|mbackgroundid0000016|mbackgroundid0000032|mbackgroundid0000033|mbackgroundid0000034|mbackgroundid0000051|mbackgroundid0000052|mbackgroundid0000053|mbgmodelid0000012|mconcatfitid0000011|mconcatfitid0000030|mdifffitid0000006|mdifffitid0000007|mdifffitid0000009|mdifffitid0000025|mdifffitid0000026|mdifffitid0000029|mdifffitid0000044|mdifffitid0000045|mdifffitid0000046|mimgtblid0000017|mprojectid0000002|mprojectid0000003|mprojectid0000022|mprojectid0000041|mviewerid0000038|mviewerid0000058,0.200000,287.957000,0.000000,0.000000,345.548400,0.000000,0.000000,true,3.051000,6,160.999000,"{""bora001"":18,""bora002"":15,""bora003"":9,""bora004"":16}","{""bora001"":0.039821,""bora002"":0.033418,""bora003"":0.043824,""bora004"":0.05435}","[{""rank"":1,""recommended"":true,""feasible"":true,""budget_used"":0,""budget_violation"":0,""makespan"":287.957,""deadline_violation"":0,""machine_signature"":""8cb9b3a5a6285a07"",""weighted_score"":0,""diversity_score"":3.689655},{""rank"":2,""recommended"":false,""feasible"":true,""budget_used"":0,""budget_violation"":0,""makespan"":287.957,""deadline_violation"":0,""machine_signature"":""3bc3b038ea2adffd"",""weighted_score"":0,""diversity_score"":3.672414}]"
prism_cc_time,cluster_homo,26,maddid0000018|maddid0000037|mbackgroundid0000015|mbackgroundid0000016|mbackgroundid0000032|mbackgroundid0000033|mbackgroundid0000034|mbackgroundid0000051|mbackgroundid0000052|mbackgroundid0000053|mbgmodelid0000012|mconcatfitid0000011|mconcatfitid0000030|mdifffitid0000006|mdifffitid0000007|mdifffitid0000009|mdifffitid0000025|mdifffitid0000026|mdifffitid0000029|mdifffitid0000044|mdifffitid0000045|mdifffitid0000046|mimgtblid0000017|mprojectid0000002|mprojectid0000003|mprojectid0000022|mprojectid0000041|mviewerid0000038|mviewerid0000058,0.200000,287.957000,0.000000,0.000000,345.548400,0.000000,0.000000,true,3.051000,6,160.999000,"{""bora001"":18,""bora002"":15,""bora003"":9,""bora004"":16}","{""bora001"":0.039821,""bora002"":0.033418,""bora003"":0.043824,""bora004"":0.05435}","[{""rank"":1,""recommended"":true,""feasible"":true,""budget_used"":0,""budget_violation"":0,""makespan"":287.957,""deadline_violation"":0,""machine_signature"":""8cb9b3a5a6285a07"",""weighted_score"":1,""diversity_score"":3.689655},{""rank"":2,""recommended"":false,""feasible"":true,""budget_used"":0,""budget_violation"":0,""makespan"":287.957,""deadline_violation"":0,""machine_signature"":""3bc3b038ea2adffd"",""weighted_score"":1,""diversity_score"":3.672414}]"
heft_colocation,hybrid_hetero,26,maddid0000018|maddid0000037|mbackgroundid0000015|mbackgroundid0000016|mbackgroundid0000032|mbackgroundid0000033|mbackgroundid0000034|mbackgroundid0000051|mbackgroundid0000052|mbackgroundid0000053|mbgmodelid0000012|mconcatfitid0000011|mconcatfitid0000030|mdifffitid0000006|mdifffitid0000007|mdifffitid0000009|mdifffitid0000025|mdifffitid0000026|mdifffitid0000029|mdifffitid0000044|mdifffitid0000045|mdifffitid0000046|mimgtblid0000017|mprojectid0000002|mprojectid0000003|mprojectid0000022|mprojectid0000041|mviewerid0000038|mviewerid0000058,0.200000,92.864000,0.202591,0.348827,119.109960,0.000000,0.000000,true,16.251000,12,1.499000,"{""h4d-standard-192-7"":58}","{""bora011"":0,""diablo03"":0,""h3-standard-88-2"":0,""h4d-standard-192-7"":0.018873}",[]
prism_cc_cost,hybrid_hetero,26,maddid0000018|maddid0000037|mbackgroundid0000015|mbackgroundid0000016|mbackgroundid0000032|mbackgroundid0000033|mbackgroundid0000034|mbackgroundid0000051|mbackgroundid0000052|mbackgroundid0000053|mbgmodelid0000012|mconcatfitid0000011|mconcatfitid0000030|mdifffitid0000006|mdifffitid0000007|mdifffitid0000009|mdifffitid0000025|mdifffitid0000026|mdifffitid0000029|mdifffitid0000044|mdifffitid0000045|mdifffitid0000046|mimgtblid0000017|mprojectid0000002|mprojectid0000003|mprojectid0000022|mprojectid0000041|mviewerid0000038|mviewerid0000058,0.200000,105.092000,0.193695,0.348827,119.109960,0.000000,0.000000,true,16.251000,12,248.457000,"{""bora011"":1,""diablo03"":1,""h4d-standard-192-7"":56}","{""bora011"":0.000634,""diablo03"":0.000183,""h3-standard-88-2"":0,""h4d-standard-192-7"":0.016647}","[{""rank"":1,""recommended"":true,""feasible"":true,""budget_used"":0.193695,""budget_violation"":0,""makespan"":105.092,""deadline_violation"":0,""machine_signature"":""c9a70fdf872f8312"",""weighted_score"":0.193695,""diversity_score"":2.034483},{""rank"":2,""recommended"":false,""feasible"":true,""budget_used"":0.202591,""budget_violation"":0,""makespan"":92.864,""deadline_violation"":0,""machine_signature"":""cca0187d4a4e9426"",""weighted_score"":0.202591,""diversity_score"":0}]"
prism_cc_time,hybrid_hetero,26,maddid0000018|maddid0000037|mbackgroundid0000015|mbackgroundid0000016|mbackgroundid0000032|mbackgroundid0000033|mbackgroundid0000034|mbackgroundid0000051|mbackgroundid0000052|mbackgroundid0000053|mbgmodelid0000012|mconcatfitid0000011|mconcatfitid0000030|mdifffitid0000006|mdifffitid0000007|mdifffitid0000009|mdifffitid0000025|mdifffitid0000026|mdifffitid0000029|mdifffitid0000044|mdifffitid0000045|mdifffitid0000046|mimgtblid0000017|mprojectid0000002|mprojectid0000003|mprojectid0000022|mprojectid0000041|mviewerid0000038|mviewerid0000058,0.200000,92.864000,0.202591,0.348827,119.109960,0.000000,0.000000,true,16.251000,12,248.457000,"{""h4d-standard-192-7"":58}","{""bora011"":0,""diablo03"":0,""h3-standard-88-2"":0,""h4d-standard-192-7"":0.018873}","[{""rank"":1,""recommended"":true,""feasible"":true,""budget_used"":0.202591,""budget_violation"":0,""makespan"":92.864,""deadline_violation"":0,""machine_signature"":""cca0187d4a4e9426"",""weighted_score"":0.883645,""diversity_score"":0},{""rank"":2,""recommended"":false,""feasible"":true,""budget_used"":0.193695,""budget_violation"":0,""makespan"":105.092,""deadline_violation"":0,""machine_signature"":""c9a70fdf872f8312"",""weighted_score"":1,""diversity_score"":2.034483}]"
heft_colocation,hybrid_homo,26,maddid0000018|maddid0000037|mbackgroundid0000015|mbackgroundid0000016|mbackgroundid0000032|mbackgroundid0000033|mbackgroundid0000034|mbackgroundid0000051|mbackgroundid0000052|mbackgroundid0000053|mbgmodelid0000012|mconcatfitid0000011|mconcatfitid0000030|mdifffitid0000006|mdifffitid0000007|mdifffitid0000009|mdifffitid0000025|mdifffitid0000026|mdifffitid0000029|mdifffitid0000044|mdifffitid0000045|mdifffitid0000046|mimgtblid0000017|mprojectid0000002|mprojectid0000003|mprojectid0000022|mprojectid0000041|mviewerid0000038|mviewerid0000058,0.200000,95.151000,0.496122,0.607531,118.113160,0.000000,0.000000,true,5.077000,5,2.121000,"{""h4d-standard-192-5"":16,""h4d-standard-192-6"":42}","{""bora009"":0,""bora010"":0,""h4d-standard-192-5"":0.008083,""h4d-standard-192-6"":0.009725}",[]
prism_cc_cost,hybrid_homo,26,maddid0000018|maddid0000037|mbackgroundid0000015|mbackgroundid0000016|mbackgroundid0000032|mbackgroundid0000033|mbackgroundid0000034|mbackgroundid0000051|mbackgroundid0000052|mbackgroundid0000053|mbgmodelid0000012|mconcatfitid0000011|mconcatfitid0000030|mdifffitid0000006|mdifffitid0000007|mdifffitid0000009|mdifffitid0000025|mdifffitid0000026|mdifffitid0000029|mdifffitid0000044|mdifffitid0000045|mdifffitid0000046|mimgtblid0000017|mprojectid0000002|mprojectid0000003|mprojectid0000022|mprojectid0000041|mviewerid0000038|mviewerid0000058,0.200000,106.032000,0.196984,0.607531,118.113160,0.000000,0.000000,true,16.952000,18,253.066000,"{""bora010"":3,""h4d-standard-192-5"":55}","{""bora009"":0,""bora010"":0.001293,""h4d-standard-192-5"":0.01652,""h4d-standard-192-6"":0}","[{""rank"":1,""recommended"":true,""feasible"":true,""budget_used"":0.196984,""budget_violation"":0,""makespan"":106.032,""deadline_violation"":0,""machine_signature"":""5ff35d4fce29de07"",""weighted_score"":0.196984,""diversity_score"":1.051724},{""rank"":2,""recommended"":false,""feasible"":true,""budget_used"":0.206029,""budget_violation"":0,""makespan"":94.44,""deadline_violation"":0,""machine_signature"":""ec7fcdd47c0764c0"",""weighted_score"":0.206029,""diversity_score"":1.017241},{""rank"":3,""recommended"":false,""feasible"":true,""budget_used"":0.496122,""budget_violation"":0,""makespan"":95.151,""deadline_violation"":0,""machine_signature"":""3142282e9ece41df"",""weighted_score"":0.496122,""diversity_score"":1.275862}]"
prism_cc_time,hybrid_homo,26,maddid0000018|maddid0000037|mbackgroundid0000015|mbackgroundid0000016|mbackgroundid0000032|mbackgroundid0000033|mbackgroundid0000034|mbackgroundid0000051|mbackgroundid0000052|mbackgroundid0000053|mbgmodelid0000012|mconcatfitid0000011|mconcatfitid0000030|mdifffitid0000006|mdifffitid0000007|mdifffitid0000009|mdifffitid0000025|mdifffitid0000026|mdifffitid0000029|mdifffitid0000044|mdifffitid0000045|mdifffitid0000046|mimgtblid0000017|mprojectid0000002|mprojectid0000003|mprojectid0000022|mprojectid0000041|mviewerid0000038|mviewerid0000058,0.200000,94.440000,0.206029,0.607531,118.113160,0.000000,0.000000,true,16.952000,18,253.066000,"{""bora010"":1,""h4d-standard-192-5"":57}","{""bora009"":0,""bora010"":0.000456,""h4d-standard-192-5"":0.018582,""h4d-standard-192-6"":0}","[{""rank"":1,""recommended"":true,""feasible"":true,""budget_used"":0.206029,""budget_violation"":0,""makespan"":94.44,""deadline_violation"":0,""machine_signature"":""ec7fcdd47c0764c0"",""weighted_score"":0.890675,""diversity_score"":1.017241},{""rank"":2,""recommended"":false,""feasible"":true,""budget_used"":0.496122,""budget_violation"":0,""makespan"":95.151,""deadline_violation"":0,""machine_signature"":""3142282e9ece41df"",""weighted_score"":0.89738,""diversity_score"":1.275862},{""rank"":3,""recommended"":false,""feasible"":true,""budget_used"":0.196984,""budget_violation"":0,""makespan"":106.032,""deadline_violation"":0,""machine_signature"":""5ff35d4fce29de07"",""weighted_score"":1,""diversity_score"":1.051724}]"
heft_colocation,hybrid_raspberry_500mbps,26,maddid0000018|maddid0000037|mbackgroundid0000015|mbackgroundid0000016|mbackgroundid0000032|mbackgroundid0000033|mbackgroundid0000034|mbackgroundid0000051|mbackgroundid0000052|mbackgroundid0000053|mbgmodelid0000012|mconcatfitid0000011|mconcatfitid0000030|mdifffitid0000006|mdifffitid0000007|mdifffitid0000009|mdifffitid0000025|mdifffitid0000026|mdifffitid0000029|mdifffitid0000044|mdifffitid0000045|mdifffitid0000046|mimgtblid0000017|mprojectid0000002|mprojectid0000003|mprojectid0000022|mprojectid0000041|mviewerid0000038|mviewerid0000058,0.200000,135.525000,0.306368,0.533583,179.300320,0.000000,0.000000,true,17.050000,12,2.126000,"{""cloud-node-02"":56,""hpc-node-02"":2}","{""cloud-node-01"":0,""cloud-node-02"":0.071245,""hpc-node-01"":0,""hpc-node-02"":0.010741,""rpi-edge-01"":0,""rpi-edge-02"":0,""rpi-edge-03"":0,""rpi-edge-04"":0,""rpi-edge-05"":0,""rpi-edge-06"":0,""rpi-edge-07"":0,""rpi-edge-08"":0,""rpi-edge-09"":0,""rpi-edge-10"":0}",[]
prism_cc_cost,hybrid_raspberry_500mbps,26,maddid0000018|maddid0000037|mbackgroundid0000015|mbackgroundid0000016|mbackgroundid0000032|mbackgroundid0000033|mbackgroundid0000034|mbackgroundid0000051|mbackgroundid0000052|mbackgroundid0000053|mbgmodelid0000012|mconcatfitid0000011|mconcatfitid0000030|mdifffitid0000006|mdifffitid0000007|mdifffitid0000009|mdifffitid0000025|mdifffitid0000026|mdifffitid0000029|mdifffitid0000044|mdifffitid0000045|mdifffitid0000046|mimgtblid0000017|mprojectid0000002|mprojectid0000003|mprojectid0000022|mprojectid0000041|mviewerid0000038|mviewerid0000058,0.200000,135.805000,0.169761,0.533583,179.300320,0.000000,0.000000,true,32.230000,14,532.714000,"{""cloud-node-02"":58}","{""cloud-node-01"":0,""cloud-node-02"":0.07606,""hpc-node-01"":0,""hpc-node-02"":0,""rpi-edge-01"":0,""rpi-edge-02"":0,""rpi-edge-03"":0,""rpi-edge-04"":0,""rpi-edge-05"":0,""rpi-edge-06"":0,""rpi-edge-07"":0,""rpi-edge-08"":0,""rpi-edge-09"":0,""rpi-edge-10"":0}","[{""rank"":1,""recommended"":true,""feasible"":true,""budget_used"":0.169761,""budget_violation"":0,""makespan"":135.805,""deadline_violation"":0,""machine_signature"":""dc6a57878a550848"",""weighted_score"":0.169761,""diversity_score"":0},{""rank"":2,""recommended"":false,""feasible"":true,""budget_used"":0.306368,""budget_violation"":0,""makespan"":135.525,""deadline_violation"":0,""machine_signature"":""c1953a0a63421bb2"",""weighted_score"":0.306368,""diversity_score"":1.034483}]"
prism_cc_time,hybrid_raspberry_500mbps,26,maddid0000018|maddid0000037|mbackgroundid0000015|mbackgroundid0000016|mbackgroundid0000032|mbackgroundid0000033|mbackgroundid0000034|mbackgroundid0000051|mbackgroundid0000052|mbackgroundid0000053|mbgmodelid0000012|mconcatfitid0000011|mconcatfitid0000030|mdifffitid0000006|mdifffitid0000007|mdifffitid0000009|mdifffitid0000025|mdifffitid0000026|mdifffitid0000029|mdifffitid0000044|mdifffitid0000045|mdifffitid0000046|mimgtblid0000017|mprojectid0000002|mprojectid0000003|mprojectid0000022|mprojectid0000041|mviewerid0000038|mviewerid0000058,0.200000,135.525000,0.306368,0.533583,179.300320,0.000000,0.000000,true,17.050000,12,532.714000,"{""cloud-node-02"":56,""hpc-node-02"":2}","{""cloud-node-01"":0,""cloud-node-02"":0.071245,""hpc-node-01"":0,""hpc-node-02"":0.010741,""rpi-edge-01"":0,""rpi-edge-02"":0,""rpi-edge-03"":0,""rpi-edge-04"":0,""rpi-edge-05"":0,""rpi-edge-06"":0,""rpi-edge-07"":0,""rpi-edge-08"":0,""rpi-edge-09"":0,""rpi-edge-10"":0}","[{""rank"":1,""recommended"":true,""feasible"":true,""budget_used"":0.306368,""budget_violation"":0,""makespan"":135.525,""deadline_violation"":0,""machine_signature"":""c1953a0a63421bb2"",""weighted_score"":0.997938,""diversity_score"":1.034483},{""rank"":2,""recommended"":false,""feasible"":true,""budget_used"":0.169761,""budget_violation"":0,""makespan"":135.805,""deadline_violation"":0,""machine_signature"":""dc6a57878a550848"",""weighted_score"":1,""diversity_score"":0}]"
heft_colocation,cloud_hetero,27,maddid0000037|mbackgroundid0000013|mbackgroundid0000033|mbackgroundid0000034|mbackgroundid0000035|mbackgroundid0000052|mbgmodelid0000012|mbgmodelid0000050|mdifffitid0000005|mdifffitid0000006|mdifffitid0000007|mdifffitid0000009|mdifffitid0000010|mdifffitid0000024|mdifffitid0000026|mdifffitid0000027|mdifffitid0000028|mdifffitid0000048|mimgtblid0000017|mimgtblid0000036|mprojectid0000002|mprojectid0000003|mprojectid0000020|mprojectid0000021|mprojectid0000039|mprojectid0000041|mviewerid0000038|mviewerid0000057|mviewerid0000058,0.200000,95.197000,0.519014,0.641828,118.113160,0.000000,0.000000,true,13.516000,9,2.325000,"{""h4d-highmem-192-1"":43,""h4d-standard-192-1"":15}","{""h3-standard-88-1"":0,""h3-standard-88-2"":0,""h4d-highmem-192-1"":0.010526,""h4d-standard-192-1"":0.007735}",[]
prism_cc_cost,cloud_hetero,27,maddid0000037|mbackgroundid0000013|mbackgroundid0000033|mbackgroundid0000034|mbackgroundid0000035|mbackgroundid0000052|mbgmodelid0000012|mbgmodelid0000050|mdifffitid0000005|mdifffitid0000006|mdifffitid0000007|mdifffitid0000009|mdifffitid0000010|mdifffitid0000024|mdifffitid0000026|mdifffitid0000027|mdifffitid0000028|mdifffitid0000048|mimgtblid0000017|mimgtblid0000036|mprojectid0000002|mprojectid0000003|mprojectid0000020|mprojectid0000021|mprojectid0000039|mprojectid0000041|mviewerid0000038|mviewerid0000057|mviewerid0000058,0.200000,94.891000,0.207017,0.641828,118.113160,0.000000,0.000000,true,37.131000,33,255.614000,"{""h4d-standard-192-1"":58}","{""h3-standard-88-1"":0,""h3-standard-88-2"":0,""h4d-highmem-192-1"":0,""h4d-standard-192-1"":0.019616}","[{""rank"":1,""recommended"":true,""feasible"":true,""budget_used"":0.207017,""budget_violation"":0,""makespan"":94.891,""deadline_violation"":0,""machine_signature"":""a6b427808ac68d48"",""weighted_score"":0.207017,""diversity_score"":0},{""rank"":2,""recommended"":false,""feasible"":true,""budget_used"":0.519014,""budget_violation"":0,""makespan"":95.197,""deadline_violation"":0,""machine_signature"":""0e8a7ea490ba6775"",""weighted_score"":0.519014,""diversity_score"":1.258621}]"
prism_cc_time,cloud_hetero,27,maddid0000037|mbackgroundid0000013|mbackgroundid0000033|mbackgroundid0000034|mbackgroundid0000035|mbackgroundid0000052|mbgmodelid0000012|mbgmodelid0000050|mdifffitid0000005|mdifffitid0000006|mdifffitid0000007|mdifffitid0000009|mdifffitid0000010|mdifffitid0000024|mdifffitid0000026|mdifffitid0000027|mdifffitid0000028|mdifffitid0000048|mimgtblid0000017|mimgtblid0000036|mprojectid0000002|mprojectid0000003|mprojectid0000020|mprojectid0000021|mprojectid0000039|mprojectid0000041|mviewerid0000038|mviewerid0000057|mviewerid0000058,0.200000,94.891000,0.207017,0.641828,118.113160,0.000000,0.000000,true,37.131000,33,255.614000,"{""h4d-standard-192-1"":58}","{""h3-standard-88-1"":0,""h3-standard-88-2"":0,""h4d-highmem-192-1"":0,""h4d-standard-192-1"":0.019616}","[{""rank"":1,""recommended"":true,""feasible"":true,""budget_used"":0.207017,""budget_violation"":0,""makespan"":94.891,""deadline_violation"":0,""machine_signature"":""a6b427808ac68d48"",""weighted_score"":0.996786,""diversity_score"":0},{""rank"":2,""recommended"":false,""feasible"":true,""budget_used"":0.519014,""budget_violation"":0,""makespan"":95.197,""deadline_violation"":0,""machine_signature"":""0e8a7ea490ba6775"",""weighted_score"":1,""diversity_score"":1.258621}]"
heft_colocation,cloud_homo,27,maddid0000037|mbackgroundid0000013|mbackgroundid0000033|mbackgroundid0000034|mbackgroundid0000035|mbackgroundid0000052|mbgmodelid0000012|mbgmodelid0000050|mdifffitid0000005|mdifffitid0000006|mdifffitid0000007|mdifffitid0000009|mdifffitid0000010|mdifffitid0000024|mdifffitid0000026|mdifffitid0000027|mdifffitid0000028|mdifffitid0000048|mimgtblid0000017|mimgtblid0000036|mprojectid0000002|mprojectid0000003|mprojectid0000020|mprojectid0000021|mprojectid0000039|mprojectid0000041|mviewerid0000038|mviewerid0000057|mviewerid0000058,0.200000,99.816000,0.924039,1.059152,119.559000,0.000000,0.000000,true,3.952000,2,3.292000,"{""h4d-standard-192-1"":15,""h4d-standard-192-2"":18,""h4d-standard-192-3"":9,""h4d-standard-192-4"":16}","{""h4d-standard-192-1"":0.00313,""h4d-standard-192-2"":0.004657,""h4d-standard-192-3"":0.004826,""h4d-standard-192-4"":0.004304}",[]
prism_cc_cost,cloud_homo,27,maddid0000037|mbackgroundid0000013|mbackgroundid0000033|mbackgroundid0000034|mbackgroundid0000035|mbackgroundid0000052|mbgmodelid0000012|mbgmodelid0000050|mdifffitid0000005|mdifffitid0000006|mdifffitid0000007|mdifffitid0000009|mdifffitid0000010|mdifffitid0000024|mdifffitid0000026|mdifffitid0000027|mdifffitid0000028|mdifffitid0000048|mimgtblid0000017|mimgtblid0000036|mprojectid0000002|mprojectid0000003|mprojectid0000020|mprojectid0000021|mprojectid0000039|mprojectid0000041|mviewerid0000038|mviewerid0000057|mviewerid0000058,0.200000,93.032000,0.202955,1.059152,119.559000,0.000000,0.000000,true,36.552000,31,289.022000,"{""h4d-standard-192-1"":58}","{""h4d-standard-192-1"":0.019976,""h4d-standard-192-2"":0,""h4d-standard-192-3"":0,""h4d-standard-192-4"":0}","[{""rank"":1,""recommended"":true,""feasible"":true,""budget_used"":0.202955,""budget_violation"":0,""makespan"":93.032,""deadline_violation"":0,""machine_signature"":""d5dab93c243296e1"",""weighted_score"":0.202955,""diversity_score"":0},{""rank"":2,""recommended"":false,""feasible"":true,""budget_used"":0.924039,""budget_violation"":0,""makespan"":99.816,""deadline_violation"":0,""machine_signature"":""9fa02842cff49ed5"",""weighted_score"":0.924039,""diversity_score"":3.689655}]"
prism_cc_time,cloud_homo,27,maddid0000037|mbackgroundid0000013|mbackgroundid0000033|mbackgroundid0000034|mbackgroundid0000035|mbackgroundid0000052|mbgmodelid0000012|mbgmodelid0000050|mdifffitid0000005|mdifffitid0000006|mdifffitid0000007|mdifffitid0000009|mdifffitid0000010|mdifffitid0000024|mdifffitid0000026|mdifffitid0000027|mdifffitid0000028|mdifffitid0000048|mimgtblid0000017|mimgtblid0000036|mprojectid0000002|mprojectid0000003|mprojectid0000020|mprojectid0000021|mprojectid0000039|mprojectid0000041|mviewerid0000038|mviewerid0000057|mviewerid0000058,0.200000,93.032000,0.202955,1.059152,119.559000,0.000000,0.000000,true,36.552000,31,289.022000,"{""h4d-standard-192-1"":58}","{""h4d-standard-192-1"":0.019976,""h4d-standard-192-2"":0,""h4d-standard-192-3"":0,""h4d-standard-192-4"":0}","[{""rank"":1,""recommended"":true,""feasible"":true,""budget_used"":0.202955,""budget_violation"":0,""makespan"":93.032,""deadline_violation"":0,""machine_signature"":""d5dab93c243296e1"",""weighted_score"":0.932035,""diversity_score"":0},{""rank"":2,""recommended"":false,""feasible"":true,""budget_used"":0.924039,""budget_violation"":0,""makespan"":99.816,""deadline_violation"":0,""machine_signature"":""9fa02842cff49ed5"",""weighted_score"":1,""diversity_score"":3.689655}]"
heft_colocation,cluster_hetero,27,maddid0000037|mbackgroundid0000013|mbackgroundid0000033|mbackgroundid0000034|mbackgroundid0000035|mbackgroundid0000052|mbgmodelid0000012|mbgmodelid0000050|mdifffitid0000005|mdifffitid0000006|mdifffitid0000007|mdifffitid0000009|mdifffitid0000010|mdifffitid0000024|mdifffitid0000026|mdifffitid0000027|mdifffitid0000028|mdifffitid0000048|mimgtblid0000017|mimgtblid0000036|mprojectid0000002|mprojectid0000003|mprojectid0000020|mprojectid0000021|mprojectid0000039|mprojectid0000041|mviewerid0000038|mviewerid0000057|mviewerid0000058,0.200000,287.957000,0.000000,0.000000,353.759520,0.000000,0.000000,true,35.068000,11,0.879000,"{""bora005"":34,""bora006"":21,""diablo01"":2,""diablo02"":1}","{""bora005"":0.089855,""bora006"":0.073762,""diablo01"":0.004194,""diablo02"":0.003449}",[]
prism_cc_cost,cluster_hetero,27,maddid0000037|mbackgroundid0000013|mbackgroundid0000033|mbackgroundid0000034|mbackgroundid0000035|mbackgroundid0000052|mbgmodelid0000012|mbgmodelid0000050|mdifffitid0000005|mdifffitid0000006|mdifffitid0000007|mdifffitid0000009|mdifffitid0000010|mdifffitid0000024|mdifffitid0000026|mdifffitid0000027|mdifffitid0000028|mdifffitid0000048|mimgtblid0000017|mimgtblid0000036|mprojectid0000002|mprojectid0000003|mprojectid0000020|mprojectid0000021|mprojectid0000039|mprojectid0000041|mviewerid0000038|mviewerid0000057|mviewerid0000058,0.200000,287.957000,0.000000,0.000000,353.759520,0.000000,0.000000,true,35.068000,11,165.441000,"{""bora005"":34,""bora006"":21,""diablo01"":2,""diablo02"":1}","{""bora005"":0.089855,""bora006"":0.073762,""diablo01"":0.004194,""diablo02"":0.003449}","[{""rank"":1,""recommended"":true,""feasible"":true,""budget_used"":0,""budget_violation"":0,""makespan"":287.957,""deadline_violation"":0,""machine_signature"":""46809db4393ff0be"",""weighted_score"":0,""diversity_score"":3.482759},{""rank"":2,""recommended"":false,""feasible"":true,""budget_used"":0,""budget_violation"":0,""makespan"":287.957,""deadline_violation"":0,""machine_signature"":""e43967d9c389e6f8"",""weighted_score"":0,""diversity_score"":3.413793}]"
prism_cc_time,cluster_hetero,27,maddid0000037|mbackgroundid0000013|mbackgroundid0000033|mbackgroundid0000034|mbackgroundid0000035|mbackgroundid0000052|mbgmodelid0000012|mbgmodelid0000050|mdifffitid0000005|mdifffitid0000006|mdifffitid0000007|mdifffitid0000009|mdifffitid0000010|mdifffitid0000024|mdifffitid0000026|mdifffitid0000027|mdifffitid0000028|mdifffitid0000048|mimgtblid0000017|mimgtblid0000036|mprojectid0000002|mprojectid0000003|mprojectid0000020|mprojectid0000021|mprojectid0000039|mprojectid0000041|mviewerid0000038|mviewerid0000057|mviewerid0000058,0.200000,287.957000,0.000000,0.000000,353.759520,0.000000,0.000000,true,35.068000,11,165.441000,"{""bora005"":34,""bora006"":21,""diablo01"":2,""diablo02"":1}","{""bora005"":0.089855,""bora006"":0.073762,""diablo01"":0.004194,""diablo02"":0.003449}","[{""rank"":1,""recommended"":true,""feasible"":true,""budget_used"":0,""budget_violation"":0,""makespan"":287.957,""deadline_violation"":0,""machine_signature"":""46809db4393ff0be"",""weighted_score"":1,""diversity_score"":3.482759},{""rank"":2,""recommended"":false,""feasible"":true,""budget_used"":0,""budget_violation"":0,""makespan"":287.957,""deadline_violation"":0,""machine_signature"":""e43967d9c389e6f8"",""weighted_score"":1,""diversity_score"":3.413793}]"
heft_colocation,cluster_homo,27,maddid0000037|mbackgroundid0000013|mbackgroundid0000033|mbackgroundid0000034|mbackgroundid0000035|mbackgroundid0000052|mbgmodelid0000012|mbgmodelid0000050|mdifffitid0000005|mdifffitid0000006|mdifffitid0000007|mdifffitid0000009|mdifffitid0000010|mdifffitid0000024|mdifffitid0000026|mdifffitid0000027|mdifffitid0000028|mdifffitid0000048|mimgtblid0000017|mimgtblid0000036|mprojectid0000002|mprojectid0000003|mprojectid0000020|mprojectid0000021|mprojectid0000039|mprojectid0000041|mviewerid0000038|mviewerid0000057|mviewerid0000058,0.200000,287.957000,0.000000,0.000000,345.548400,0.000000,0.000000,true,23.504000,5,0.768000,"{""bora001"":16,""bora002"":18,""bora003"":9,""bora004"":15}","{""bora001"":0.03242,""bora002"":0.047544,""bora003"":0.049449,""bora004"":0.043974}",[]
prism_cc_cost,cluster_homo,27,maddid0000037|mbackgroundid0000013|mbackgroundid0000033|mbackgroundid0000034|mbackgroundid0000035|mbackgroundid0000052|mbgmodelid0000012|mbgmodelid0000050|mdifffitid0000005|mdifffitid0000006|mdifffitid0000007|mdifffitid0000009|mdifffitid0000010|mdifffitid0000024|mdifffitid0000026|mdifffitid0000027|mdifffitid0000028|mdifffitid0000048|mimgtblid0000017|mimgtblid0000036|mprojectid0000002|mprojectid0000003|mprojectid0000020|mprojectid0000021|mprojectid0000039|mprojectid0000041|mviewerid0000038|mviewerid0000057|mviewerid0000058,0.200000,287.957000,0.000000,0.000000,345.548400,0.000000,0.000000,true,23.504000,5,149.454000,"{""bora001"":16,""bora002"":18,""bora003"":9,""bora004"":15}","{""bora001"":0.03242,""bora002"":0.047544,""bora003"":0.049449,""bora004"":0.043974}","[{""rank"":1,""recommended"":true,""feasible"":true,""budget_used"":0,""budget_violation"":0,""makespan"":287.957,""deadline_violation"":0,""machine_signature"":""1ce3039cc9e27aed"",""weighted_score"":0,""diversity_score"":3.689655},{""rank"":2,""recommended"":false,""feasible"":true,""budget_used"":0,""budget_violation"":0,""makespan"":287.957,""deadline_violation"":0,""machine_signature"":""6242805cf866416f"",""weighted_score"":0,""diversity_score"":3.724138}]"
prism_cc_time,cluster_homo,27,maddid0000037|mbackgroundid0000013|mbackgroundid0000033|mbackgroundid0000034|mbackgroundid0000035|mbackgroundid0000052|mbgmodelid0000012|mbgmodelid0000050|mdifffitid0000005|mdifffitid0000006|mdifffitid0000007|mdifffitid0000009|mdifffitid0000010|mdifffitid0000024|mdifffitid0000026|mdifffitid0000027|mdifffitid0000028|mdifffitid0000048|mimgtblid0000017|mimgtblid0000036|mprojectid0000002|mprojectid0000003|mprojectid0000020|mprojectid0000021|mprojectid0000039|mprojectid0000041|mviewerid0000038|mviewerid0000057|mviewerid0000058,0.200000,287.957000,0.000000,0.000000,345.548400,0.000000,0.000000,true,23.504000,5,149.454000,"{""bora001"":16,""bora002"":18,""bora003"":9,""bora004"":15}","{""bora001"":0.03242,""bora002"":0.047544,""bora003"":0.049449,""bora004"":0.043974}","[{""rank"":1,""recommended"":true,""feasible"":true,""budget_used"":0,""budget_violation"":0,""makespan"":287.957,""deadline_violation"":0,""machine_signature"":""1ce3039cc9e27aed"",""weighted_score"":1,""diversity_score"":3.689655},{""rank"":2,""recommended"":false,""feasible"":true,""budget_used"":0,""budget_violation"":0,""makespan"":287.957,""deadline_violation"":0,""machine_signature"":""6242805cf866416f"",""weighted_score"":1,""diversity_score"":3.724138}]"
heft_colocation,hybrid_hetero,27,maddid0000037|mbackgroundid0000013|mbackgroundid0000033|mbackgroundid0000034|mbackgroundid0000035|mbackgroundid0000052|mbgmodelid0000012|mbgmodelid0000050|mdifffitid0000005|mdifffitid0000006|mdifffitid0000007|mdifffitid0000009|mdifffitid0000010|mdifffitid0000024|mdifffitid0000026|mdifffitid0000027|mdifffitid0000028|mdifffitid0000048|mimgtblid0000017|mimgtblid0000036|mprojectid0000002|mprojectid0000003|mprojectid0000020|mprojectid0000021|mprojectid0000039|mprojectid0000041|mviewerid0000038|mviewerid0000057|mviewerid0000058,0.200000,93.017000,0.266211,0.348827,119.109960,0.000000,0.000000,true,27.214000,25,1.503000,"{""h3-standard-88-2"":1,""h4d-standard-192-7"":57}","{""bora011"":0,""diablo03"":0,""h3-standard-88-2"":0.002205,""h4d-standard-192-7"":0.018942}",[]
prism_cc_cost,hybrid_hetero,27,maddid0000037|mbackgroundid0000013|mbackgroundid0000033|mbackgroundid0000034|mbackgroundid0000035|mbackgroundid0000052|mbgmodelid0000012|mbgmodelid0000050|mdifffitid0000005|mdifffitid0000006|mdifffitid0000007|mdifffitid0000009|mdifffitid0000010|mdifffitid0000024|mdifffitid0000026|mdifffitid0000027|mdifffitid0000028|mdifffitid0000048|mimgtblid0000017|mimgtblid0000036|mprojectid0000002|mprojectid0000003|mprojectid0000020|mprojectid0000021|mprojectid0000039|mprojectid0000041|mviewerid0000038|mviewerid0000057|mviewerid0000058,0.200000,105.442000,0.211553,0.348827,119.109960,0.000000,0.000000,true,26.991000,16,326.395000,"{""bora011"":3,""diablo03"":3,""h4d-standard-192-7"":52}","{""bora011"":0.014684,""diablo03"":0.001122,""h3-standard-88-2"":0,""h4d-standard-192-7"":0.016583}","[{""rank"":1,""recommended"":true,""feasible"":true,""budget_used"":0.211553,""budget_violation"":0,""makespan"":105.442,""deadline_violation"":0,""machine_signature"":""25506de0a46809c2"",""weighted_score"":0.211553,""diversity_score"":2.103448},{""rank"":2,""recommended"":false,""feasible"":true,""budget_used"":0.212228,""budget_violation"":0,""makespan"":97.279,""deadline_violation"":0,""machine_signature"":""30a7febcfc0e372e"",""weighted_score"":0.212228,""diversity_score"":2.086207},{""rank"":3,""recommended"":false,""feasible"":true,""budget_used"":0.266211,""budget_violation"":0,""makespan"":93.017,""deadline_violation"":0,""machine_signature"":""0fe3b20b6e60aa9f"",""weighted_score"":0.266211,""diversity_score"":1.017241}]"
prism_cc_time,hybrid_hetero,27,maddid0000037|mbackgroundid0000013|mbackgroundid0000033|mbackgroundid0000034|mbackgroundid0000035|mbackgroundid0000052|mbgmodelid0000012|mbgmodelid0000050|mdifffitid0000005|mdifffitid0000006|mdifffitid0000007|mdifffitid0000009|mdifffitid0000010|mdifffitid0000024|mdifffitid0000026|mdifffitid0000027|mdifffitid0000028|mdifffitid0000048|mimgtblid0000017|mimgtblid0000036|mprojectid0000002|mprojectid0000003|mprojectid0000020|mprojectid0000021|mprojectid0000039|mprojectid0000041|mviewerid0000038|mviewerid0000057|mviewerid0000058,0.200000,93.017000,0.266211,0.348827,119.109960,0.000000,0.000000,true,27.214000,25,326.395000,"{""h3-standard-88-2"":1,""h4d-standard-192-7"":57}","{""bora011"":0,""diablo03"":0,""h3-standard-88-2"":0.002205,""h4d-standard-192-7"":0.018942}","[{""rank"":1,""recommended"":true,""feasible"":true,""budget_used"":0.266211,""budget_violation"":0,""makespan"":93.017,""deadline_violation"":0,""machine_signature"":""0fe3b20b6e60aa9f"",""weighted_score"":0.882163,""diversity_score"":1.017241},{""rank"":2,""recommended"":false,""feasible"":true,""budget_used"":0.212228,""budget_violation"":0,""makespan"":97.279,""deadline_violation"":0,""machine_signature"":""30a7febcfc0e372e"",""weighted_score"":0.922583,""diversity_score"":2.086207},{""rank"":3,""recommended"":false,""feasible"":true,""budget_used"":0.211553,""budget_violation"":0,""makespan"":105.442,""deadline_violation"":0,""machine_signature"":""25506de0a46809c2"",""weighted_score"":1,""diversity_score"":2.103448}]"
heft_colocation,hybrid_homo,27,maddid0000037|mbackgroundid0000013|mbackgroundid0000033|mbackgroundid0000034|mbackgroundid0000035|mbackgroundid0000052|mbgmodelid0000012|mbgmodelid0000050|mdifffitid0000005|mdifffitid0000006|mdifffitid0000007|mdifffitid0000009|mdifffitid0000010|mdifffitid0000024|mdifffitid0000026|mdifffitid0000027|mdifffitid0000028|mdifffitid0000048|mimgtblid0000017|mimgtblid0000036|mprojectid0000002|mprojectid0000003|mprojectid0000020|mprojectid0000021|mprojectid0000039|mprojectid0000041|mviewerid0000038|mviewerid0000057|mviewerid0000058,0.200000,95.197000,0.494877,0.607531,118.113160,0.000000,0.000000,true,13.516000,9,1.987000,"{""h4d-standard-192-5"":15,""h4d-standard-192-6"":43}","{""bora009"":0,""bora010"":0,""h4d-standard-192-5"":0.007838,""h4d-standard-192-6"":0.010423}",[]
prism_cc_cost,hybrid_homo,27,maddid0000037|mbackgroundid0000013|mbackgroundid0000033|mbackgroundid0000034|mbackgroundid0000035|mbackgroundid0000052|mbgmodelid0000012|mbgmodelid0000050|mdifffitid0000005|mdifffitid0000006|mdifffitid0000007|mdifffitid0000009|mdifffitid0000010|mdifffitid0000024|mdifffitid0000026|mdifffitid0000027|mdifffitid0000028|mdifffitid0000048|mimgtblid0000017|mimgtblid0000036|mprojectid0000002|mprojectid0000003|mprojectid0000020|mprojectid0000021|mprojectid0000039|mprojectid0000041|mviewerid0000038|mviewerid0000057|mviewerid0000058,0.200000,108.654000,0.442628,0.607531,118.113160,0.000000,0.000000,true,23.447000,22,330.261000,"{""bora009"":1,""bora010"":1,""h4d-standard-192-5"":45,""h4d-standard-192-6"":11}","{""bora009"":0.000036,""bora010"":0.000252,""h4d-standard-192-5"":0.014449,""h4d-standard-192-6"":0.002016}","[{""rank"":1,""recommended"":true,""feasible"":true,""budget_used"":0.442628,""budget_violation"":0,""makespan"":108.654,""deadline_violation"":0,""machine_signature"":""96d3646fec4bcf51"",""weighted_score"":0.442628,""diversity_score"":3.224138},{""rank"":2,""recommended"":false,""feasible"":true,""budget_used"":0.469748,""budget_violation"":0,""makespan"":99.735,""deadline_violation"":0,""machine_signature"":""47b36b8e25a0d8a4"",""weighted_score"":0.469748,""diversity_score"":1.224138},{""rank"":3,""recommended"":false,""feasible"":true,""budget_used"":0.494877,""budget_violation"":0,""makespan"":95.197,""deadline_violation"":0,""machine_signature"":""4569eb5515f606b3"",""weighted_score"":0.494877,""diversity_score"":1.258621}]"
prism_cc_time,hybrid_homo,27,maddid0000037|mbackgroundid0000013|mbackgroundid0000033|mbackgroundid0000034|mbackgroundid0000035|mbackgroundid0000052|mbgmodelid0000012|mbgmodelid0000050|mdifffitid0000005|mdifffitid0000006|mdifffitid0000007|mdifffitid0000009|mdifffitid0000010|mdifffitid0000024|mdifffitid0000026|mdifffitid0000027|mdifffitid0000028|mdifffitid0000048|mimgtblid0000017|mimgtblid0000036|mprojectid0000002|mprojectid0000003|mprojectid0000020|mprojectid0000021|mprojectid0000039|mprojectid0000041|mviewerid0000038|mviewerid0000057|mviewerid0000058,0.200000,95.197000,0.494877,0.607531,118.113160,0.000000,0.000000,true,13.516000,9,330.261000,"{""h4d-standard-192-5"":15,""h4d-standard-192-6"":43}","{""bora009"":0,""bora010"":0,""h4d-standard-192-5"":0.007838,""h4d-standard-192-6"":0.010423}","[{""rank"":1,""recommended"":true,""feasible"":true,""budget_used"":0.494877,""budget_violation"":0,""makespan"":95.197,""deadline_violation"":0,""machine_signature"":""4569eb5515f606b3"",""weighted_score"":0.876148,""diversity_score"":1.258621},{""rank"":2,""recommended"":false,""feasible"":true,""budget_used"":0.469748,""budget_violation"":0,""makespan"":99.735,""deadline_violation"":0,""machine_signature"":""47b36b8e25a0d8a4"",""weighted_score"":0.917914,""diversity_score"":1.224138},{""rank"":3,""recommended"":false,""feasible"":true,""budget_used"":0.442628,""budget_violation"":0,""makespan"":108.654,""deadline_violation"":0,""machine_signature"":""96d3646fec4bcf51"",""weighted_score"":1,""diversity_score"":3.224138}]"
heft_colocation,hybrid_raspberry_500mbps,27,maddid0000037|mbackgroundid0000013|mbackgroundid0000033|mbackgroundid0000034|mbackgroundid0000035|mbackgroundid0000052|mbgmodelid0000012|mbgmodelid0000050|mdifffitid0000005|mdifffitid0000006|mdifffitid0000007|mdifffitid0000009|mdifffitid0000010|mdifffitid0000024|mdifffitid0000026|mdifffitid0000027|mdifffitid0000028|mdifffitid0000048|mimgtblid0000017|mimgtblid0000036|mprojectid0000002|mprojectid0000003|mprojectid0000020|mprojectid0000021|mprojectid0000039|mprojectid0000041|mviewerid0000038|mviewerid0000057|mviewerid0000058,0.200000,135.525000,0.406646,0.533583,179.300320,0.000000,0.000000,true,38.090000,19,3.437000,"{""cloud-node-02"":54,""hpc-node-02"":4}","{""cloud-node-01"":0,""cloud-node-02"":0.070396,""hpc-node-01"":0,""hpc-node-02"":0.020595,""rpi-edge-01"":0,""rpi-edge-02"":0,""rpi-edge-03"":0,""rpi-edge-04"":0,""rpi-edge-05"":0,""rpi-edge-06"":0,""rpi-edge-07"":0,""rpi-edge-08"":0,""rpi-edge-09"":0,""rpi-edge-10"":0}",[]
prism_cc_cost,hybrid_raspberry_500mbps,27,maddid0000037|mbackgroundid0000013|mbackgroundid0000033|mbackgroundid0000034|mbackgroundid0000035|mbackgroundid0000052|mbgmodelid0000012|mbgmodelid0000050|mdifffitid0000005|mdifffitid0000006|mdifffitid0000007|mdifffitid0000009|mdifffitid0000010|mdifffitid0000024|mdifffitid0000026|mdifffitid0000027|mdifffitid0000028|mdifffitid0000048|mimgtblid0000017|mimgtblid0000036|mprojectid0000002|mprojectid0000003|mprojectid0000020|mprojectid0000021|mprojectid0000039|mprojectid0000041|mviewerid0000038|mviewerid0000057|mviewerid0000058,0.200000,171.627000,0.226455,0.533583,179.300320,0.000000,0.000000,true,123.239000,43,589.599000,"{""cloud-node-02"":2,""hpc-node-02"":56}","{""cloud-node-01"":0,""cloud-node-02"":0.007716,""hpc-node-01"":0,""hpc-node-02"":0.187556,""rpi-edge-01"":0,""rpi-edge-02"":0,""rpi-edge-03"":0,""rpi-edge-04"":0,""rpi-edge-05"":0,""rpi-edge-06"":0,""rpi-edge-07"":0,""rpi-edge-08"":0,""rpi-edge-09"":0,""rpi-edge-10"":0}","[{""rank"":1,""recommended"":true,""feasible"":true,""budget_used"":0.226455,""budget_violation"":0,""makespan"":171.627,""deadline_violation"":0,""machine_signature"":""021cc0746657679d"",""weighted_score"":0.226455,""diversity_score"":1.034483},{""rank"":2,""recommended"":false,""feasible"":true,""budget_used"":0.406646,""budget_violation"":0,""makespan"":135.525,""deadline_violation"":0,""machine_signature"":""ed006b6777f379b9"",""weighted_score"":0.406646,""diversity_score"":1.068966}]"
prism_cc_time,hybrid_raspberry_500mbps,27,maddid0000037|mbackgroundid0000013|mbackgroundid0000033|mbackgroundid0000034|mbackgroundid0000035|mbackgroundid0000052|mbgmodelid0000012|mbgmodelid0000050|mdifffitid0000005|mdifffitid0000006|mdifffitid0000007|mdifffitid0000009|mdifffitid0000010|mdifffitid0000024|mdifffitid0000026|mdifffitid0000027|mdifffitid0000028|mdifffitid0000048|mimgtblid0000017|mimgtblid0000036|mprojectid0000002|mprojectid0000003|mprojectid0000020|mprojectid0000021|mprojectid0000039|mprojectid0000041|mviewerid0000038|mviewerid0000057|mviewerid0000058,0.200000,135.525000,0.406646,0.533583,179.300320,0.000000,0.000000,true,38.090000,19,589.599000,"{""cloud-node-02"":54,""hpc-node-02"":4}","{""cloud-node-01"":0,""cloud-node-02"":0.070396,""hpc-node-01"":0,""hpc-node-02"":0.020595,""rpi-edge-01"":0,""rpi-edge-02"":0,""rpi-edge-03"":0,""rpi-edge-04"":0,""rpi-edge-05"":0,""rpi-edge-06"":0,""rpi-edge-07"":0,""rpi-edge-08"":0,""rpi-edge-09"":0,""rpi-edge-10"":0}","[{""rank"":1,""recommended"":true,""feasible"":true,""budget_used"":0.406646,""budget_violation"":0,""makespan"":135.525,""deadline_violation"":0,""machine_signature"":""ed006b6777f379b9"",""weighted_score"":0.789648,""diversity_score"":1.068966},{""rank"":2,""recommended"":false,""feasible"":true,""budget_used"":0.226455,""budget_violation"":0,""makespan"":171.627,""deadline_violation"":0,""machine_signature"":""021cc0746657679d"",""weighted_score"":1,""diversity_score"":1.034483}]"
heft_colocation,cloud_hetero,28,maddid0000037|maddid0000056|mbackgroundid0000013|mbackgroundid0000014|mbackgroundid0000015|mbackgroundid0000016|mbackgroundid0000032|mbackgroundid0000035|mbackgroundid0000053|mbackgroundid0000054|mbgmodelid0000012|mbgmodelid0000050|mconcatfitid0000030|mdifffitid0000005|mdifffitid0000009|mdifffitid0000010|mdifffitid0000024|mdifffitid0000028|mdifffitid0000044|mdifffitid0000046|mimgtblid0000036|mprojectid0000001|mprojectid0000002|mprojectid0000004|mprojectid0000040|mprojectid0000041|mprojectid0000042|mviewerid0000019|mviewerid0000057,0.200000,103.641000,0.545232,0.641828,118.113160,0.000000,0.000000,true,25.794000,16,2.172000,"{""h4d-highmem-192-1"":43,""h4d-standard-192-1"":15}","{""h3-standard-88-1"":0,""h3-standard-88-2"":0,""h4d-highmem-192-1"":0.00996,""h4d-standard-192-1"":0.007431}",[]
prism_cc_cost,cloud_hetero,28,maddid0000037|maddid0000056|mbackgroundid0000013|mbackgroundid0000014|mbackgroundid0000015|mbackgroundid0000016|mbackgroundid0000032|mbackgroundid0000035|mbackgroundid0000053|mbackgroundid0000054|mbgmodelid0000012|mbgmodelid0000050|mconcatfitid0000030|mdifffitid0000005|mdifffitid0000009|mdifffitid0000010|mdifffitid0000024|mdifffitid0000028|mdifffitid0000044|mdifffitid0000046|mimgtblid0000036|mprojectid0000001|mprojectid0000002|mprojectid0000004|mprojectid0000040|mprojectid0000041|mprojectid0000042|mviewerid0000019|mviewerid0000057,0.200000,107.227000,0.233930,0.641828,118.113160,0.000000,0.000000,true,65.445000,50,307.596000,"{""h4d-standard-192-1"":58}","{""h3-standard-88-1"":0,""h3-standard-88-2"":0,""h4d-highmem-192-1"":0,""h4d-standard-192-1"":0.018735}","[{""rank"":1,""recommended"":true,""feasible"":true,""budget_used"":0.23393,""budget_violation"":0,""makespan"":107.227,""deadline_violation"":0,""machine_signature"":""93cb6d8b5b852f16"",""weighted_score"":0.23393,""diversity_score"":0},{""rank"":2,""recommended"":false,""feasible"":true,""budget_used"":0.545232,""budget_violation"":0,""makespan"":103.641,""deadline_violation"":0,""machine_signature"":""6804eb3a28f5e6cb"",""weighted_score"":0.545232,""diversity_score"":1.258621}]"
prism_cc_time,cloud_hetero,28,maddid0000037|maddid0000056|mbackgroundid0000013|mbackgroundid0000014|mbackgroundid0000015|mbackgroundid0000016|mbackgroundid0000032|mbackgroundid0000035|mbackgroundid0000053|mbackgroundid0000054|mbgmodelid0000012|mbgmodelid0000050|mconcatfitid0000030|mdifffitid0000005|mdifffitid0000009|mdifffitid0000010|mdifffitid0000024|mdifffitid0000028|mdifffitid0000044|mdifffitid0000046|mimgtblid0000036|mprojectid0000001|mprojectid0000002|mprojectid0000004|mprojectid0000040|mprojectid0000041|mprojectid0000042|mviewerid0000019|mviewerid0000057,0.200000,103.641000,0.545232,0.641828,118.113160,0.000000,0.000000,true,25.794000,16,307.596000,"{""h4d-highmem-192-1"":43,""h4d-standard-192-1"":15}","{""h3-standard-88-1"":0,""h3-standard-88-2"":0,""h4d-highmem-192-1"":0.00996,""h4d-standard-192-1"":0.007431}","[{""rank"":1,""recommended"":true,""feasible"":true,""budget_used"":0.545232,""budget_violation"":0,""makespan"":103.641,""deadline_violation"":0,""machine_signature"":""6804eb3a28f5e6cb"",""weighted_score"":0.966557,""diversity_score"":1.258621},{""rank"":2,""recommended"":false,""feasible"":true,""budget_used"":0.23393,""budget_violation"":0,""makespan"":107.227,""deadline_violation"":0,""machine_signature"":""93cb6d8b5b852f16"",""weighted_score"":1,""diversity_score"":0}]"
heft_colocation,cloud_homo,28,maddid0000037|maddid0000056|mbackgroundid0000013|mbackgroundid0000014|mbackgroundid0000015|mbackgroundid0000016|mbackgroundid0000032|mbackgroundid0000035|mbackgroundid0000053|mbackgroundid0000054|mbgmodelid0000012|mbgmodelid0000050|mconcatfitid0000030|mdifffitid0000005|mdifffitid0000009|mdifffitid0000010|mdifffitid0000024|mdifffitid0000028|mdifffitid0000044|mdifffitid0000046|mimgtblid0000036|mprojectid0000001|mprojectid0000002|mprojectid0000004|mprojectid0000040|mprojectid0000041|mprojectid0000042|mviewerid0000019|mviewerid0000057,0.200000,99.816000,0.903398,1.059152,119.559000,0.000000,0.000000,true,6.570000,5,2.735000,"{""h4d-standard-192-1"":17,""h4d-standard-192-2"":17,""h4d-standard-192-3"":8,""h4d-standard-192-4"":16}","{""h4d-standard-192-1"":0.003877,""h4d-standard-192-2"":0.004915,""h4d-standard-192-3"":0.003958,""h4d-standard-192-4"":0.004304}",[]
prism_cc_cost,cloud_homo,28,maddid0000037|maddid0000056|mbackgroundid0000013|mbackgroundid0000014|mbackgroundid0000015|mbackgroundid0000016|mbackgroundid0000032|mbackgroundid0000035|mbackgroundid0000053|mbackgroundid0000054|mbgmodelid0000012|mbgmodelid0000050|mconcatfitid0000030|mdifffitid0000005|mdifffitid0000009|mdifffitid0000010|mdifffitid0000024|mdifffitid0000028|mdifffitid0000044|mdifffitid0000046|mimgtblid0000036|mprojectid0000001|mprojectid0000002|mprojectid0000004|mprojectid0000040|mprojectid0000041|mprojectid0000042|mviewerid0000019|mviewerid0000057,0.200000,105.468000,0.230082,1.059152,119.559000,0.000000,0.000000,true,64.451000,43,330.156000,"{""h4d-standard-192-1"":58}","{""h4d-standard-192-1"":0.018998,""h4d-standard-192-2"":0,""h4d-standard-192-3"":0,""h4d-standard-192-4"":0}","[{""rank"":1,""recommended"":true,""feasible"":true,""budget_used"":0.230082,""budget_violation"":0,""makespan"":105.468,""deadline_violation"":0,""machine_signature"":""294db1bb26cb0ad0"",""weighted_score"":0.230082,""diversity_score"":0},{""rank"":2,""recommended"":false,""feasible"":true,""budget_used"":0.903398,""budget_violation"":0,""makespan"":99.816,""deadline_violation"":0,""machine_signature"":""daa9af6ad725df7d"",""weighted_score"":0.903398,""diversity_score"":3.706897}]"
prism_cc_time,cloud_homo,28,maddid0000037|maddid0000056|mbackgroundid0000013|mbackgroundid0000014|mbackgroundid0000015|mbackgroundid0000016|mbackgroundid0000032|mbackgroundid0000035|mbackgroundid0000053|mbackgroundid0000054|mbgmodelid0000012|mbgmodelid0000050|mconcatfitid0000030|mdifffitid0000005|mdifffitid0000009|mdifffitid0000010|mdifffitid0000024|mdifffitid0000028|mdifffitid0000044|mdifffitid0000046|mimgtblid0000036|mprojectid0000001|mprojectid0000002|mprojectid0000004|mprojectid0000040|mprojectid0000041|mprojectid0000042|mviewerid0000019|mviewerid0000057,0.200000,99.816000,0.903398,1.059152,119.559000,0.000000,0.000000,true,6.570000,5,330.156000,"{""h4d-standard-192-1"":17,""h4d-standard-192-2"":17,""h4d-standard-192-3"":8,""h4d-standard-192-4"":16}","{""h4d-standard-192-1"":0.003877,""h4d-standard-192-2"":0.004915,""h4d-standard-192-3"":0.003958,""h4d-standard-192-4"":0.004304}","[{""rank"":1,""recommended"":true,""feasible"":true,""budget_used"":0.903398,""budget_violation"":0,""makespan"":99.816,""deadline_violation"":0,""machine_signature"":""daa9af6ad725df7d"",""weighted_score"":0.94641,""diversity_score"":3.706897},{""rank"":2,""recommended"":false,""feasible"":true,""budget_used"":0.230082,""budget_violation"":0,""makespan"":105.468,""deadline_violation"":0,""machine_signature"":""294db1bb26cb0ad0"",""weighted_score"":1,""diversity_score"":0}]"
heft_colocation,cluster_hetero,28,maddid0000037|maddid0000056|mbackgroundid0000013|mbackgroundid0000014|mbackgroundid0000015|mbackgroundid0000016|mbackgroundid0000032|mbackgroundid0000035|mbackgroundid0000053|mbackgroundid0000054|mbgmodelid0000012|mbgmodelid0000050|mconcatfitid0000030|mdifffitid0000005|mdifffitid0000009|mdifffitid0000010|mdifffitid0000024|mdifffitid0000028|mdifffitid0000044|mdifffitid0000046|mimgtblid0000036|mprojectid0000001|mprojectid0000002|mprojectid0000004|mprojectid0000040|mprojectid0000041|mprojectid0000042|mviewerid0000019|mviewerid0000057,0.200000,305.463000,0.000000,0.000000,353.759520,0.000000,0.000000,true,71.599000,15,0.919000,"{""bora005"":24,""bora006"":28,""diablo01"":5,""diablo02"":1}","{""bora005"":0.075656,""bora006"":0.076546,""diablo01"":0.004188,""diablo02"":0.006781}",[]
prism_cc_cost,cluster_hetero,28,maddid0000037|maddid0000056|mbackgroundid0000013|mbackgroundid0000014|mbackgroundid0000015|mbackgroundid0000016|mbackgroundid0000032|mbackgroundid0000035|mbackgroundid0000053|mbackgroundid0000054|mbgmodelid0000012|mbgmodelid0000050|mconcatfitid0000030|mdifffitid0000005|mdifffitid0000009|mdifffitid0000010|mdifffitid0000024|mdifffitid0000028|mdifffitid0000044|mdifffitid0000046|mimgtblid0000036|mprojectid0000001|mprojectid0000002|mprojectid0000004|mprojectid0000040|mprojectid0000041|mprojectid0000042|mviewerid0000019|mviewerid0000057,0.200000,305.463000,0.000000,0.000000,353.759520,0.000000,0.000000,true,71.599000,15,154.213000,"{""bora005"":24,""bora006"":28,""diablo01"":5,""diablo02"":1}","{""bora005"":0.075656,""bora006"":0.076546,""diablo01"":0.004188,""diablo02"":0.006781}","[{""rank"":1,""recommended"":true,""feasible"":true,""budget_used"":0,""budget_violation"":0,""makespan"":305.463,""deadline_violation"":0,""machine_signature"":""9d85f3bd06c68768"",""weighted_score"":0,""diversity_score"":3.517241}]"
prism_cc_time,cluster_hetero,28,maddid0000037|maddid0000056|mbackgroundid0000013|mbackgroundid0000014|mbackgroundid0000015|mbackgroundid0000016|mbackgroundid0000032|mbackgroundid0000035|mbackgroundid0000053|mbackgroundid0000054|mbgmodelid0000012|mbgmodelid0000050|mconcatfitid0000030|mdifffitid0000005|mdifffitid0000009|mdifffitid0000010|mdifffitid0000024|mdifffitid0000028|mdifffitid0000044|mdifffitid0000046|mimgtblid0000036|mprojectid0000001|mprojectid0000002|mprojectid0000004|mprojectid0000040|mprojectid0000041|mprojectid0000042|mviewerid0000019|mviewerid0000057,0.200000,305.463000,0.000000,0.000000,353.759520,0.000000,0.000000,true,71.599000,15,154.213000,"{""bora005"":24,""bora006"":28,""diablo01"":5,""diablo02"":1}","{""bora005"":0.075656,""bora006"":0.076546,""diablo01"":0.004188,""diablo02"":0.006781}","[{""rank"":1,""recommended"":true,""feasible"":true,""budget_used"":0,""budget_violation"":0,""makespan"":305.463,""deadline_violation"":0,""machine_signature"":""9d85f3bd06c68768"",""weighted_score"":1,""diversity_score"":3.517241}]"
heft_colocation,cluster_homo,28,maddid0000037|maddid0000056|mbackgroundid0000013|mbackgroundid0000014|mbackgroundid0000015|mbackgroundid0000016|mbackgroundid0000032|mbackgroundid0000035|mbackgroundid0000053|mbackgroundid0000054|mbgmodelid0000012|mbgmodelid0000050|mconcatfitid0000030|mdifffitid0000005|mdifffitid0000009|mdifffitid0000010|mdifffitid0000024|mdifffitid0000028|mdifffitid0000044|mdifffitid0000046|mimgtblid0000036|mprojectid0000001|mprojectid0000002|mprojectid0000004|mprojectid0000040|mprojectid0000041|mprojectid0000042|mviewerid0000019|mviewerid0000057,0.200000,287.957000,0.000000,0.000000,345.548400,0.000000,0.000000,true,34.279000,6,1.002000,"{""bora001"":18,""bora002"":19,""bora003"":5,""bora004"":16}","{""bora001"":0.0398,""bora002"":0.051822,""bora003"":0.026504,""bora004"":0.056301}",[]
prism_cc_cost,cluster_homo,28,maddid0000037|maddid0000056|mbackgroundid0000013|mbackgroundid0000014|mbackgroundid0000015|mbackgroundid0000016|mbackgroundid0000032|mbackgroundid0000035|mbackgroundid0000053|mbackgroundid0000054|mbgmodelid0000012|mbgmodelid0000050|mconcatfitid0000030|mdifffitid0000005|mdifffitid0000009|mdifffitid0000010|mdifffitid0000024|mdifffitid0000028|mdifffitid0000044|mdifffitid0000046|mimgtblid0000036|mprojectid0000001|mprojectid0000002|mprojectid0000004|mprojectid0000040|mprojectid0000041|mprojectid0000042|mviewerid0000019|mviewerid0000057,0.200000,287.957000,0.000000,0.000000,345.548400,0.000000,0.000000,true,34.279000,6,139.376000,"{""bora001"":18,""bora002"":19,""bora003"":5,""bora004"":16}","{""bora001"":0.0398,""bora002"":0.051822,""bora003"":0.026504,""bora004"":0.056301}","[{""rank"":1,""recommended"":true,""feasible"":true,""budget_used"":0,""budget_violation"":0,""makespan"":287.957,""deadline_violation"":0,""machine_signature"":""d3a82a93f6bfb9bc"",""weighted_score"":0,""diversity_score"":3.672414}]"
prism_cc_time,cluster_homo,28,maddid0000037|maddid0000056|mbackgroundid0000013|mbackgroundid0000014|mbackgroundid0000015|mbackgroundid0000016|mbackgroundid0000032|mbackgroundid0000035|mbackgroundid0000053|mbackgroundid0000054|mbgmodelid0000012|mbgmodelid0000050|mconcatfitid0000030|mdifffitid0000005|mdifffitid0000009|mdifffitid0000010|mdifffitid0000024|mdifffitid0000028|mdifffitid0000044|mdifffitid0000046|mimgtblid0000036|mprojectid0000001|mprojectid0000002|mprojectid0000004|mprojectid0000040|mprojectid0000041|mprojectid0000042|mviewerid0000019|mviewerid0000057,0.200000,287.957000,0.000000,0.000000,345.548400,0.000000,0.000000,true,34.279000,6,139.376000,"{""bora001"":18,""bora002"":19,""bora003"":5,""bora004"":16}","{""bora001"":0.0398,""bora002"":0.051822,""bora003"":0.026504,""bora004"":0.056301}","[{""rank"":1,""recommended"":true,""feasible"":true,""budget_used"":0,""budget_violation"":0,""makespan"":287.957,""deadline_violation"":0,""machine_signature"":""d3a82a93f6bfb9bc"",""weighted_score"":1,""diversity_score"":3.672414}]"
heft_colocation,hybrid_hetero,28,maddid0000037|maddid0000056|mbackgroundid0000013|mbackgroundid0000014|mbackgroundid0000015|mbackgroundid0000016|mbackgroundid0000032|mbackgroundid0000035|mbackgroundid0000053|mbackgroundid0000054|mbgmodelid0000012|mbgmodelid0000050|mconcatfitid0000030|mdifffitid0000005|mdifffitid0000009|mdifffitid0000010|mdifffitid0000024|mdifffitid0000028|mdifffitid0000044|mdifffitid0000046|mimgtblid0000036|mprojectid0000001|mprojectid0000002|mprojectid0000004|mprojectid0000040|mprojectid0000041|mprojectid0000042|mviewerid0000019|mviewerid0000057,0.200000,104.534000,0.309524,0.348827,119.109960,0.000000,0.000000,true,53.792000,34,2.246000,"{""h3-standard-88-2"":2,""h4d-standard-192-7"":56}","{""bora011"":0,""diablo03"":0,""h3-standard-88-2"":0.002299,""h4d-standard-192-7"":0.0181}",[]
prism_cc_cost,hybrid_hetero,28,maddid0000037|maddid0000056|mbackgroundid0000013|mbackgroundid0000014|mbackgroundid0000015|mbackgroundid0000016|mbackgroundid0000032|mbackgroundid0000035|mbackgroundid0000053|mbackgroundid0000054|mbgmodelid0000012|mbgmodelid0000050|mconcatfitid0000030|mdifffitid0000005|mdifffitid0000009|mdifffitid0000010|mdifffitid0000024|mdifffitid0000028|mdifffitid0000044|mdifffitid0000046|mimgtblid0000036|mprojectid0000001|mprojectid0000002|mprojectid0000004|mprojectid0000040|mprojectid0000041|mprojectid0000042|mviewerid0000019|mviewerid0000057,0.200000,117.057000,0.290213,0.348827,119.109960,0.000000,0.000000,true,53.664000,33,272.826000,"{""bora011"":6,""h3-standard-88-2"":2,""h4d-standard-192-7"":50}","{""bora011"":0.00174,""diablo03"":0,""h3-standard-88-2"":0.002053,""h4d-standard-192-7"":0.016099}","[{""rank"":1,""recommended"":true,""feasible"":true,""budget_used"":0.290213,""budget_violation"":0,""makespan"":117.057,""deadline_violation"":0,""machine_signature"":""d13c66ff01d05ed9"",""weighted_score"":0.290213,""diversity_score"":2.137931},{""rank"":2,""recommended"":false,""feasible"":true,""budget_used"":0.309518,""budget_violation"":0,""makespan"":104.534,""deadline_violation"":0,""machine_signature"":""86a40d00bfe932f4"",""weighted_score"":0.309518,""diversity_score"":2.086207},{""rank"":3,""recommended"":false,""feasible"":true,""budget_used"":0.309524,""budget_violation"":0,""makespan"":104.534,""deadline_violation"":0,""machine_signature"":""c791fefafd85a5d5"",""weighted_score"":0.309524,""diversity_score"":1.034483}]"
prism_cc_time,hybrid_hetero,28,maddid0000037|maddid0000056|mbackgroundid0000013|mbackgroundid0000014|mbackgroundid0000015|mbackgroundid0000016|mbackgroundid0000032|mbackgroundid0000035|mbackgroundid0000053|mbackgroundid0000054|mbgmodelid0000012|mbgmodelid0000050|mconcatfitid0000030|mdifffitid0000005|mdifffitid0000009|mdifffitid0000010|mdifffitid0000024|mdifffitid0000028|mdifffitid0000044|mdifffitid0000046|mimgtblid0000036|mprojectid0000001|mprojectid0000002|mprojectid0000004|mprojectid0000040|mprojectid0000041|mprojectid0000042|mviewerid0000019|mviewerid0000057,0.200000,104.534000,0.309524,0.348827,119.109960,0.000000,0.000000,true,53.792000,34,272.826000,"{""h3-standard-88-2"":2,""h4d-standard-192-7"":56}","{""bora011"":0,""diablo03"":0,""h3-standard-88-2"":0.002299,""h4d-standard-192-7"":0.0181}","[{""rank"":1,""recommended"":true,""feasible"":true,""budget_used"":0.309518,""budget_violation"":0,""makespan"":104.534,""deadline_violation"":0,""machine_signature"":""86a40d00bfe932f4"",""weighted_score"":0.893018,""diversity_score"":2.086207},{""rank"":2,""recommended"":false,""feasible"":true,""budget_used"":0.309524,""budget_violation"":0,""makespan"":104.534,""deadline_violation"":0,""machine_signature"":""c791fefafd85a5d5"",""weighted_score"":0.893018,""diversity_score"":1.034483},{""rank"":3,""recommended"":false,""feasible"":true,""budget_used"":0.290213,""budget_violation"":0,""makespan"":117.057,""deadline_violation"":0,""machine_signature"":""d13c66ff01d05ed9"",""weighted_score"":1,""diversity_score"":2.137931}]"
heft_colocation,hybrid_homo,28,maddid0000037|maddid0000056|mbackgroundid0000013|mbackgroundid0000014|mbackgroundid0000015|mbackgroundid0000016|mbackgroundid0000032|mbackgroundid0000035|mbackgroundid0000053|mbackgroundid0000054|mbgmodelid0000012|mbgmodelid0000050|mconcatfitid0000030|mdifffitid0000005|mdifffitid0000009|mdifffitid0000010|mdifffitid0000024|mdifffitid0000028|mdifffitid0000044|mdifffitid0000046|mimgtblid0000036|mprojectid0000001|mprojectid0000002|mprojectid0000004|mprojectid0000040|mprojectid0000041|mprojectid0000042|mviewerid0000019|mviewerid0000057,0.200000,103.641000,0.516754,0.607531,118.113160,0.000000,0.000000,true,25.794000,16,1.923000,"{""h4d-standard-192-5"":15,""h4d-standard-192-6"":43}","{""bora009"":0,""bora010"":0,""h4d-standard-192-5"":0.007431,""h4d-standard-192-6"":0.00996}",[]
prism_cc_cost,hybrid_homo,28,maddid0000037|maddid0000056|mbackgroundid0000013|mbackgroundid0000014|mbackgroundid0000015|mbackgroundid0000016|mbackgroundid0000032|mbackgroundid0000035|mbackgroundid0000053|mbackgroundid0000054|mbgmodelid0000012|mbgmodelid0000050|mconcatfitid0000030|mdifffitid0000005|mdifffitid0000009|mdifffitid0000010|mdifffitid0000024|mdifffitid0000028|mdifffitid0000044|mdifffitid0000046|mimgtblid0000036|mprojectid0000001|mprojectid0000002|mprojectid0000004|mprojectid0000040|mprojectid0000041|mprojectid0000042|mviewerid0000019|mviewerid0000057,0.200000,109.886000,0.429426,0.607531,118.113160,0.000000,0.000000,true,27.619000,13,332.461000,"{""bora009"":1,""bora010"":1,""h4d-standard-192-5"":53,""h4d-standard-192-6"":3}","{""bora009"":0.000571,""bora010"":0.000392,""h4d-standard-192-5"":0.012142,""h4d-standard-192-6"":0.004314}","[{""rank"":1,""recommended"":true,""feasible"":true,""budget_used"":0.429426,""budget_violation"":0,""makespan"":109.886,""deadline_violation"":0,""machine_signature"":""c4831070303c17cf"",""weighted_score"":0.429426,""diversity_score"":3.086207},{""rank"":2,""recommended"":false,""feasible"":true,""budget_used"":0.516754,""budget_violation"":0,""makespan"":103.641,""deadline_violation"":0,""machine_signature"":""1b9ce9cf1e431b02"",""weighted_score"":0.516754,""diversity_score"":1.258621},{""rank"":3,""recommended"":false,""feasible"":true,""budget_used"":0.516754,""budget_violation"":0,""makespan"":103.641,""deadline_violation"":0,""machine_signature"":""86afa1e819776817"",""weighted_score"":0.516754,""diversity_score"":1.258621}]"
prism_cc_time,hybrid_homo,28,maddid0000037|maddid0000056|mbackgroundid0000013|mbackgroundid0000014|mbackgroundid0000015|mbackgroundid0000016|mbackgroundid0000032|mbackgroundid0000035|mbackgroundid0000053|mbackgroundid0000054|mbgmodelid0000012|mbgmodelid0000050|mconcatfitid0000030|mdifffitid0000005|mdifffitid0000009|mdifffitid0000010|mdifffitid0000024|mdifffitid0000028|mdifffitid0000044|mdifffitid0000046|mimgtblid0000036|mprojectid0000001|mprojectid0000002|mprojectid0000004|mprojectid0000040|mprojectid0000041|mprojectid0000042|mviewerid0000019|mviewerid0000057,0.200000,103.641000,0.516754,0.607531,118.113160,0.000000,0.000000,true,25.794000,16,332.461000,"{""h4d-standard-192-5"":15,""h4d-standard-192-6"":43}","{""bora009"":0,""bora010"":0,""h4d-standard-192-5"":0.007431,""h4d-standard-192-6"":0.00996}","[{""rank"":1,""recommended"":true,""feasible"":true,""budget_used"":0.516754,""budget_violation"":0,""makespan"":103.641,""deadline_violation"":0,""machine_signature"":""1b9ce9cf1e431b02"",""weighted_score"":0.943168,""diversity_score"":1.258621},{""rank"":2,""recommended"":false,""feasible"":true,""budget_used"":0.516754,""budget_violation"":0,""makespan"":103.641,""deadline_violation"":0,""machine_signature"":""86afa1e819776817"",""weighted_score"":0.943168,""diversity_score"":1.258621},{""rank"":3,""recommended"":false,""feasible"":true,""budget_used"":0.429426,""budget_violation"":0,""makespan"":109.886,""deadline_violation"":0,""machine_signature"":""c4831070303c17cf"",""weighted_score"":1,""diversity_score"":3.086207}]"
heft_colocation,hybrid_raspberry_500mbps,28,maddid0000037|maddid0000056|mbackgroundid0000013|mbackgroundid0000014|mbackgroundid0000015|mbackgroundid0000016|mbackgroundid0000032|mbackgroundid0000035|mbackgroundid0000053|mbackgroundid0000054|mbgmodelid0000012|mbgmodelid0000050|mconcatfitid0000030|mdifffitid0000005|mdifffitid0000009|mdifffitid0000010|mdifffitid0000024|mdifffitid0000028|mdifffitid0000044|mdifffitid0000046|mimgtblid0000036|mprojectid0000001|mprojectid0000002|mprojectid0000004|mprojectid0000040|mprojectid0000041|mprojectid0000042|mviewerid0000019|mviewerid0000057,0.200000,160.161000,0.387495,0.533583,179.300320,0.000000,0.000000,true,80.204000,43,2.759000,"{""cloud-node-02"":54,""hpc-node-02"":4}","{""cloud-node-01"":0,""cloud-node-02"":0.062273,""hpc-node-01"":0,""hpc-node-02"":0.022081,""rpi-edge-01"":0,""rpi-edge-02"":0,""rpi-edge-03"":0,""rpi-edge-04"":0,""rpi-edge-05"":0,""rpi-edge-06"":0,""rpi-edge-07"":0,""rpi-edge-08"":0,""rpi-edge-09"":0,""rpi-edge-10"":0}",[]
prism_cc_cost,hybrid_raspberry_500mbps,28,maddid0000037|maddid0000056|mbackgroundid0000013|mbackgroundid0000014|mbackgroundid0000015|mbackgroundid0000016|mbackgroundid0000032|mbackgroundid0000035|mbackgroundid0000053|mbackgroundid0000054|mbgmodelid0000012|mbgmodelid0000050|mconcatfitid0000030|mdifffitid0000005|mdifffitid0000009|mdifffitid0000010|mdifffitid0000024|mdifffitid0000028|mdifffitid0000044|mdifffitid0000046|mimgtblid0000036|mprojectid0000001|mprojectid0000002|mprojectid0000004|mprojectid0000040|mprojectid0000041|mprojectid0000042|mviewerid0000019|mviewerid0000057,0.200000,160.161000,0.387495,0.533583,179.300320,0.000000,0.000000,true,80.204000,43,547.709000,"{""cloud-node-02"":54,""hpc-node-02"":4}","{""cloud-node-01"":0,""cloud-node-02"":0.062273,""hpc-node-01"":0,""hpc-node-02"":0.022081,""rpi-edge-01"":0,""rpi-edge-02"":0,""rpi-edge-03"":0,""rpi-edge-04"":0,""rpi-edge-05"":0,""rpi-edge-06"":0,""rpi-edge-07"":0,""rpi-edge-08"":0,""rpi-edge-09"":0,""rpi-edge-10"":0}","[{""rank"":1,""recommended"":true,""feasible"":true,""budget_used"":0.387495,""budget_violation"":0,""makespan"":160.161,""deadline_violation"":0,""machine_signature"":""393d10e3715f35d7"",""weighted_score"":0.387495,""diversity_score"":1.068966}]"
prism_cc_time,hybrid_raspberry_500mbps,28,maddid0000037|maddid0000056|mbackgroundid0000013|mbackgroundid0000014|mbackgroundid0000015|mbackgroundid0000016|mbackgroundid0000032|mbackgroundid0000035|mbackgroundid0000053|mbackgroundid0000054|mbgmodelid0000012|mbgmodelid0000050|mconcatfitid0000030|mdifffitid0000005|mdifffitid0000009|mdifffitid0000010|mdifffitid0000024|mdifffitid0000028|mdifffitid0000044|mdifffitid0000046|mimgtblid0000036|mprojectid0000001|mprojectid0000002|mprojectid0000004|mprojectid0000040|mprojectid0000041|mprojectid0000042|mviewerid0000019|mviewerid0000057,0.200000,160.161000,0.387495,0.533583,179.300320,0.000000,0.000000,true,80.204000,43,547.709000,"{""cloud-node-02"":54,""hpc-node-02"":4}","{""cloud-node-01"":0,""cloud-node-02"":0.062273,""hpc-node-01"":0,""hpc-node-02"":0.022081,""rpi-edge-01"":0,""rpi-edge-02"":0,""rpi-edge-03"":0,""rpi-edge-04"":0,""rpi-edge-05"":0,""rpi-edge-06"":0,""rpi-edge-07"":0,""rpi-edge-08"":0,""rpi-edge-09"":0,""rpi-edge-10"":0}","[{""rank"":1,""recommended"":true,""feasible"":true,""budget_used"":0.387495,""budget_violation"":0,""makespan"":160.161,""deadline_violation"":0,""machine_signature"":""393d10e3715f35d7"",""weighted_score"":1,""diversity_score"":1.068966}]"
heft_colocation,cloud_hetero,29,maddid0000037|maddid0000056|mbackgroundid0000013|mbackgroundid0000016|mbackgroundid0000033|mbgmodelid0000050|mconcatfitid0000011|mconcatfitid0000049|mdifffitid0000006|mdifffitid0000007|mdifffitid0000008|mdifffitid0000009|mdifffitid0000010|mdifffitid0000024|mdifffitid0000025|mdifffitid0000027|mdifffitid0000028|mdifffitid0000029|mdifffitid0000044|mdifffitid0000047|mimgtblid0000017|mprojectid0000001|mprojectid0000003|mprojectid0000020|mprojectid0000039|mprojectid0000040|mprojectid0000042|mviewerid0000019|mviewerid0000038,0.200000,104.495000,0.590503,0.641828,118.113160,0.000000,0.000000,true,28.906000,25,1.951000,"{""h4d-highmem-192-1"":31,""h4d-standard-192-1"":27}","{""h3-standard-88-1"":0,""h3-standard-88-2"":0,""h4d-highmem-192-1"":0.008125,""h4d-standard-192-1"":0.009278}",[]
prism_cc_cost,cloud_hetero,29,maddid0000037|maddid0000056|mbackgroundid0000013|mbackgroundid0000016|mbackgroundid0000033|mbgmodelid0000050|mconcatfitid0000011|mconcatfitid0000049|mdifffitid0000006|mdifffitid0000007|mdifffitid0000008|mdifffitid0000009|mdifffitid0000010|mdifffitid0000024|mdifffitid0000025|mdifffitid0000027|mdifffitid0000028|mdifffitid0000029|mdifffitid0000044|mdifffitid0000047|mimgtblid0000017|mprojectid0000001|mprojectid0000003|mprojectid0000020|mprojectid0000039|mprojectid0000040|mprojectid0000042|mviewerid0000019|mviewerid0000038,0.200000,114.795000,0.250436,0.641828,118.113160,0.000000,0.000000,true,76.847000,68,305.467000,"{""h4d-standard-192-1"":58}","{""h3-standard-88-1"":0,""h3-standard-88-2"":0,""h4d-highmem-192-1"":0,""h4d-standard-192-1"":0.018017}","[{""rank"":1,""recommended"":true,""feasible"":true,""budget_used"":0.250436,""budget_violation"":0,""makespan"":114.795,""deadline_violation"":0,""machine_signature"":""c45b2e5bc808f1f1"",""weighted_score"":0.250436,""diversity_score"":0},{""rank"":2,""recommended"":false,""feasible"":true,""budget_used"":0.583351,""budget_violation"":0,""makespan"":104.495,""deadline_violation"":0,""machine_signature"":""1f755ad93329ffd0"",""weighted_score"":0.583351,""diversity_score"":1.482759},{""rank"":3,""recommended"":false,""feasible"":true,""budget_used"":0.590503,""budget_violation"":0,""makespan"":104.495,""deadline_violation"":0,""machine_signature"":""14a13f13103d47f7"",""weighted_score"":0.590503,""diversity_score"":1.465517}]"
prism_cc_time,cloud_hetero,29,maddid0000037|maddid0000056|mbackgroundid0000013|mbackgroundid0000016|mbackgroundid0000033|mbgmodelid0000050|mconcatfitid0000011|mconcatfitid0000049|mdifffitid0000006|mdifffitid0000007|mdifffitid0000008|mdifffitid0000009|mdifffitid0000010|mdifffitid0000024|mdifffitid0000025|mdifffitid0000027|mdifffitid0000028|mdifffitid0000029|mdifffitid0000044|mdifffitid0000047|mimgtblid0000017|mprojectid0000001|mprojectid0000003|mprojectid0000020|mprojectid0000039|mprojectid0000040|mprojectid0000042|mviewerid0000019|mviewerid0000038,0.200000,104.495000,0.590503,0.641828,118.113160,0.000000,0.000000,true,28.906000,25,305.467000,"{""h4d-highmem-192-1"":31,""h4d-standard-192-1"":27}","{""h3-standard-88-1"":0,""h3-standard-88-2"":0,""h4d-highmem-192-1"":0.008125,""h4d-standard-192-1"":0.009278}","[{""rank"":1,""recommended"":true,""feasible"":true,""budget_used"":0.583351,""budget_violation"":0,""makespan"":104.495,""deadline_violation"":0,""machine_signature"":""1f755ad93329ffd0"",""weighted_score"":0.910275,""diversity_score"":1.482759},{""rank"":2,""recommended"":false,""feasible"":true,""budget_used"":0.590503,""budget_violation"":0,""makespan"":104.495,""deadline_violation"":0,""machine_signature"":""14a13f13103d47f7"",""weighted_score"":0.910275,""diversity_score"":1.465517},{""rank"":3,""recommended"":false,""feasible"":true,""budget_used"":0.250436,""budget_violation"":0,""makespan"":114.795,""deadline_violation"":0,""machine_signature"":""c45b2e5bc808f1f1"",""weighted_score"":1,""diversity_score"":0}]"
heft_colocation,cloud_homo,29,maddid0000037|maddid0000056|mbackgroundid0000013|mbackgroundid0000016|mbackgroundid0000033|mbgmodelid0000050|mconcatfitid0000011|mconcatfitid0000049|mdifffitid0000006|mdifffitid0000007|mdifffitid0000008|mdifffitid0000009|mdifffitid0000010|mdifffitid0000024|mdifffitid0000025|mdifffitid0000027|mdifffitid0000028|mdifffitid0000029|mdifffitid0000044|mdifffitid0000047|mimgtblid0000017|mprojectid0000001|mprojectid0000003|mprojectid0000020|mprojectid0000039|mprojectid0000040|mprojectid0000042|mviewerid0000019|mviewerid0000038,0.200000,99.922000,0.876137,1.059152,119.559000,0.000000,0.000000,true,6.457000,14,2.951000,"{""h4d-standard-192-1"":16,""h4d-standard-192-2"":28,""h4d-standard-192-3"":8,""h4d-standard-192-4"":6}","{""h4d-standard-192-1"":0.003107,""h4d-standard-192-2"":0.006218,""h4d-standard-192-3"":0.003735,""h4d-standard-192-4"":0.00397}",[]
prism_cc_cost,cloud_homo,29,maddid0000037|maddid0000056|mbackgroundid0000013|mbackgroundid0000016|mbackgroundid0000033|mbgmodelid0000050|mconcatfitid0000011|mconcatfitid0000049|mdifffitid0000006|mdifffitid0000007|mdifffitid0000008|mdifffitid0000009|mdifffitid0000010|mdifffitid0000024|mdifffitid0000025|mdifffitid0000027|mdifffitid0000028|mdifffitid0000029|mdifffitid0000044|mdifffitid0000047|mimgtblid0000017|mprojectid0000001|mprojectid0000003|mprojectid0000020|mprojectid0000039|mprojectid0000040|mprojectid0000042|mviewerid0000019|mviewerid0000038,0.200000,113.342000,0.247270,1.059152,119.559000,0.000000,0.000000,true,76.486000,72,350.104000,"{""h4d-standard-192-1"":58}","{""h4d-standard-192-1"":0.018232,""h4d-standard-192-2"":0,""h4d-standard-192-3"":0,""h4d-standard-192-4"":0}","[{""rank"":1,""recommended"":true,""feasible"":true,""budget_used"":0.24727,""budget_violation"":0,""makespan"":113.342,""deadline_violation"":0,""machine_signature"":""f299b4ec98d2126c"",""weighted_score"":0.24727,""diversity_score"":0},{""rank"":2,""recommended"":false,""feasible"":true,""budget_used"":0.849647,""budget_violation"":0,""makespan"":99.922,""deadline_violation"":0,""machine_signature"":""e8c6005524420073"",""weighted_score"":0.849647,""diversity_score"":3.5},{""rank"":3,""recommended"":false,""feasible"":true,""budget_used"":0.876137,""budget_violation"":0,""makespan"":99.922,""deadline_violation"":0,""machine_signature"":""3e3059aeade2e78d"",""weighted_score"":0.876137,""diversity_score"":3.517241}]"
prism_cc_time,cloud_homo,29,maddid0000037|maddid0000056|mbackgroundid0000013|mbackgroundid0000016|mbackgroundid0000033|mbgmodelid0000050|mconcatfitid0000011|mconcatfitid0000049|mdifffitid0000006|mdifffitid0000007|mdifffitid0000008|mdifffitid0000009|mdifffitid0000010|mdifffitid0000024|mdifffitid0000025|mdifffitid0000027|mdifffitid0000028|mdifffitid0000029|mdifffitid0000044|mdifffitid0000047|mimgtblid0000017|mprojectid0000001|mprojectid0000003|mprojectid0000020|mprojectid0000039|mprojectid0000040|mprojectid0000042|mviewerid0000019|mviewerid0000038,0.200000,99.922000,0.876137,1.059152,119.559000,0.000000,0.000000,true,6.457000,14,350.104000,"{""h4d-standard-192-1"":16,""h4d-standard-192-2"":28,""h4d-standard-192-3"":8,""h4d-standard-192-4"":6}","{""h4d-standard-192-1"":0.003107,""h4d-standard-192-2"":0.006218,""h4d-standard-192-3"":0.003735,""h4d-standard-192-4"":0.00397}","[{""rank"":1,""recommended"":true,""feasible"":true,""budget_used"":0.849647,""budget_violation"":0,""makespan"":99.922,""deadline_violation"":0,""machine_signature"":""e8c6005524420073"",""weighted_score"":0.881597,""diversity_score"":3.5},{""rank"":2,""recommended"":false,""feasible"":true,""budget_used"":0.876137,""budget_violation"":0,""makespan"":99.922,""deadline_violation"":0,""machine_signature"":""3e3059aeade2e78d"",""weighted_score"":0.881597,""diversity_score"":3.517241},{""rank"":3,""recommended"":false,""feasible"":true,""budget_used"":0.24727,""budget_violation"":0,""makespan"":113.342,""deadline_violation"":0,""machine_signature"":""f299b4ec98d2126c"",""weighted_score"":1,""diversity_score"":0}]"
heft_colocation,cluster_hetero,29,maddid0000037|maddid0000056|mbackgroundid0000013|mbackgroundid0000016|mbackgroundid0000033|mbgmodelid0000050|mconcatfitid0000011|mconcatfitid0000049|mdifffitid0000006|mdifffitid0000007|mdifffitid0000008|mdifffitid0000009|mdifffitid0000010|mdifffitid0000024|mdifffitid0000025|mdifffitid0000027|mdifffitid0000028|mdifffitid0000029|mdifffitid0000044|mdifffitid0000047|mimgtblid0000017|mprojectid0000001|mprojectid0000003|mprojectid0000020|mprojectid0000039|mprojectid0000040|mprojectid0000042|mviewerid0000019|mviewerid0000038,0.200000,312.716000,0.000000,0.000000,353.759520,0.000000,0.000000,true,99.551000,31,0.958000,"{""bora005"":31,""bora006"":22,""diablo01"":3,""diablo02"":2}","{""bora005"":0.063487,""bora006"":0.088795,""diablo01"":0.005005,""diablo02"":0.004917}",[]
prism_cc_cost,cluster_hetero,29,maddid0000037|maddid0000056|mbackgroundid0000013|mbackgroundid0000016|mbackgroundid0000033|mbgmodelid0000050|mconcatfitid0000011|mconcatfitid0000049|mdifffitid0000006|mdifffitid0000007|mdifffitid0000008|mdifffitid0000009|mdifffitid0000010|mdifffitid0000024|mdifffitid0000025|mdifffitid0000027|mdifffitid0000028|mdifffitid0000029|mdifffitid0000044|mdifffitid0000047|mimgtblid0000017|mprojectid0000001|mprojectid0000003|mprojectid0000020|mprojectid0000039|mprojectid0000040|mprojectid0000042|mviewerid0000019|mviewerid0000038,0.200000,312.716000,0.000000,0.000000,353.759520,0.000000,0.000000,true,99.551000,31,177.615000,"{""bora005"":31,""bora006"":22,""diablo01"":3,""diablo02"":2}","{""bora005"":0.063487,""bora006"":0.088795,""diablo01"":0.005005,""diablo02"":0.004917}","[{""rank"":1,""recommended"":true,""feasible"":true,""budget_used"":0,""budget_violation"":0,""makespan"":312.716,""deadline_violation"":0,""machine_signature"":""8657b3b6609d03c9"",""weighted_score"":0,""diversity_score"":3.5},{""rank"":2,""recommended"":false,""feasible"":true,""budget_used"":0,""budget_violation"":0,""makespan"":312.716,""deadline_violation"":0,""machine_signature"":""ccab614a68e09088"",""weighted_score"":0,""diversity_score"":3.465517}]"
prism_cc_time,cluster_hetero,29,maddid0000037|maddid0000056|mbackgroundid0000013|mbackgroundid0000016|mbackgroundid0000033|mbgmodelid0000050|mconcatfitid0000011|mconcatfitid0000049|mdifffitid0000006|mdifffitid0000007|mdifffitid0000008|mdifffitid0000009|mdifffitid0000010|mdifffitid0000024|mdifffitid0000025|mdifffitid0000027|mdifffitid0000028|mdifffitid0000029|mdifffitid0000044|mdifffitid0000047|mimgtblid0000017|mprojectid0000001|mprojectid0000003|mprojectid0000020|mprojectid0000039|mprojectid0000040|mprojectid0000042|mviewerid0000019|mviewerid0000038,0.200000,312.716000,0.000000,0.000000,353.759520,0.000000,0.000000,true,99.551000,31,177.615000,"{""bora005"":31,""bora006"":22,""diablo01"":3,""diablo02"":2}","{""bora005"":0.063487,""bora006"":0.088795,""diablo01"":0.005005,""diablo02"":0.004917}","[{""rank"":1,""recommended"":true,""feasible"":true,""budget_used"":0,""budget_violation"":0,""makespan"":312.716,""deadline_violation"":0,""machine_signature"":""8657b3b6609d03c9"",""weighted_score"":1,""diversity_score"":3.5},{""rank"":2,""recommended"":false,""feasible"":true,""budget_used"":0,""budget_violation"":0,""makespan"":312.716,""deadline_violation"":0,""machine_signature"":""ccab614a68e09088"",""weighted_score"":1,""diversity_score"":3.465517}]"
heft_colocation,cluster_homo,29,maddid0000037|maddid0000056|mbackgroundid0000013|mbackgroundid0000016|mbackgroundid0000033|mbgmodelid0000050|mconcatfitid0000011|mconcatfitid0000049|mdifffitid0000006|mdifffitid0000007|mdifffitid0000008|mdifffitid0000009|mdifffitid0000010|mdifffitid0000024|mdifffitid0000025|mdifffitid0000027|mdifffitid0000028|mdifffitid0000029|mdifffitid0000044|mdifffitid0000047|mimgtblid0000017|mprojectid0000001|mprojectid0000003|mprojectid0000020|mprojectid0000039|mprojectid0000040|mprojectid0000042|mviewerid0000019|mviewerid0000038,0.200000,287.957000,0.000000,0.000000,345.548400,0.000000,0.000000,true,38.282000,21,0.746000,"{""bora001"":16,""bora002"":19,""bora003"":20,""bora004"":3}","{""bora001"":0.033941,""bora002"":0.060638,""bora003"":0.048886,""bora004"":0.031348}",[]
prism_cc_cost,cluster_homo,29,maddid0000037|maddid0000056|mbackgroundid0000013|mbackgroundid0000016|mbackgroundid0000033|mbgmodelid0000050|mconcatfitid0000011|mconcatfitid0000049|mdifffitid0000006|mdifffitid0000007|mdifffitid0000008|mdifffitid0000009|mdifffitid0000010|mdifffitid0000024|mdifffitid0000025|mdifffitid0000027|mdifffitid0000028|mdifffitid0000029|mdifffitid0000044|mdifffitid0000047|mimgtblid0000017|mprojectid0000001|mprojectid0000003|mprojectid0000020|mprojectid0000039|mprojectid0000040|mprojectid0000042|mviewerid0000019|mviewerid0000038,0.200000,287.957000,0.000000,0.000000,345.548400,0.000000,0.000000,true,38.282000,21,142.315000,"{""bora001"":16,""bora002"":19,""bora003"":20,""bora004"":3}","{""bora001"":0.033941,""bora002"":0.060638,""bora003"":0.048886,""bora004"":0.031348}","[{""rank"":1,""recommended"":true,""feasible"":true,""budget_used"":0,""budget_violation"":0,""makespan"":287.957,""deadline_violation"":0,""machine_signature"":""c15ab50770aec501"",""weighted_score"":0,""diversity_score"":3.655172},{""rank"":2,""recommended"":false,""feasible"":true,""budget_used"":0,""budget_violation"":0,""makespan"":287.957,""deadline_violation"":0,""machine_signature"":""094e43b03c3c8359"",""weighted_score"":0,""diversity_score"":3.5}]"
prism_cc_time,cluster_homo,29,maddid0000037|maddid0000056|mbackgroundid0000013|mbackgroundid0000016|mbackgroundid0000033|mbgmodelid0000050|mconcatfitid0000011|mconcatfitid0000049|mdifffitid0000006|mdifffitid0000007|mdifffitid0000008|mdifffitid0000009|mdifffitid0000010|mdifffitid0000024|mdifffitid0000025|mdifffitid0000027|mdifffitid0000028|mdifffitid0000029|mdifffitid0000044|mdifffitid0000047|mimgtblid0000017|mprojectid0000001|mprojectid0000003|mprojectid0000020|mprojectid0000039|mprojectid0000040|mprojectid0000042|mviewerid0000019|mviewerid0000038,0.200000,287.957000,0.000000,0.000000,345.548400,0.000000,0.000000,true,38.282000,21,142.315000,"{""bora001"":16,""bora002"":19,""bora003"":20,""bora004"":3}","{""bora001"":0.033941,""bora002"":0.060638,""bora003"":0.048886,""bora004"":0.031348}","[{""rank"":1,""recommended"":true,""feasible"":true,""budget_used"":0,""budget_violation"":0,""makespan"":287.957,""deadline_violation"":0,""machine_signature"":""c15ab50770aec501"",""weighted_score"":1,""diversity_score"":3.655172},{""rank"":2,""recommended"":false,""feasible"":true,""budget_used"":0,""budget_violation"":0,""makespan"":287.957,""deadline_violation"":0,""machine_signature"":""094e43b03c3c8359"",""weighted_score"":1,""diversity_score"":3.5}]"
heft_colocation,hybrid_hetero,29,maddid0000037|maddid0000056|mbackgroundid0000013|mbackgroundid0000016|mbackgroundid0000033|mbgmodelid0000050|mconcatfitid0000011|mconcatfitid0000049|mdifffitid0000006|mdifffitid0000007|mdifffitid0000008|mdifffitid0000009|mdifffitid0000010|mdifffitid0000024|mdifffitid0000025|mdifffitid0000027|mdifffitid0000028|mdifffitid0000029|mdifffitid0000044|mdifffitid0000047|mimgtblid0000017|mprojectid0000001|mprojectid0000003|mprojectid0000020|mprojectid0000039|mprojectid0000040|mprojectid0000042|mviewerid0000019|mviewerid0000038,0.200000,112.408000,0.390778,0.348827,119.109960,0.042000,0.000000,false,61.680000,44,1.486000,"{""h3-standard-88-2"":13,""h4d-standard-192-7"":45}","{""bora011"":0,""diablo03"":0,""h3-standard-88-2"":0.003558,""h4d-standard-192-7"":0.016866}",[]
prism_cc_cost,hybrid_hetero,29,maddid0000037|maddid0000056|mbackgroundid0000013|mbackgroundid0000016|mbackgroundid0000033|mbgmodelid0000050|mconcatfitid0000011|mconcatfitid0000049|mdifffitid0000006|mdifffitid0000007|mdifffitid0000008|mdifffitid0000009|mdifffitid0000010|mdifffitid0000024|mdifffitid0000025|mdifffitid0000027|mdifffitid0000028|mdifffitid0000029|mdifffitid0000044|mdifffitid0000047|mimgtblid0000017|mprojectid0000001|mprojectid0000003|mprojectid0000020|mprojectid0000039|mprojectid0000040|mprojectid0000042|mviewerid0000019|mviewerid0000038,0.200000,112.408000,0.390778,0.348827,119.109960,0.042000,0.000000,false,61.680000,44,270.755000,"{""h3-standard-88-2"":13,""h4d-standard-192-7"":45}","{""bora011"":0,""diablo03"":0,""h3-standard-88-2"":0.003558,""h4d-standard-192-7"":0.016866}","[{""rank"":1,""recommended"":true,""feasible"":false,""budget_used"":0.322286,""budget_violation"":0,""makespan"":125.246,""deadline_violation"":6.136,""machine_signature"":""fbe7dd06ee3bee0e"",""weighted_score"":0.322286,""diversity_score"":3.362069},{""rank"":2,""recommended"":false,""feasible"":false,""budget_used"":0.390778,""budget_violation"":0.042,""makespan"":112.408,""deadline_violation"":0,""machine_signature"":""f98ebc0304ea82da"",""weighted_score"":0.390778,""diversity_score"":1.224138}]"
prism_cc_time,hybrid_hetero,29,maddid0000037|maddid0000056|mbackgroundid0000013|mbackgroundid0000016|mbackgroundid0000033|mbgmodelid0000050|mconcatfitid0000011|mconcatfitid0000049|mdifffitid0000006|mdifffitid0000007|mdifffitid0000008|mdifffitid0000009|mdifffitid0000010|mdifffitid0000024|mdifffitid0000025|mdifffitid0000027|mdifffitid0000028|mdifffitid0000029|mdifffitid0000044|mdifffitid0000047|mimgtblid0000017|mprojectid0000001|mprojectid0000003|mprojectid0000020|mprojectid0000039|mprojectid0000040|mprojectid0000042|mviewerid0000019|mviewerid0000038,0.200000,112.408000,0.390778,0.348827,119.109960,0.042000,0.000000,false,61.680000,44,270.755000,"{""h3-standard-88-2"":13,""h4d-standard-192-7"":45}","{""bora011"":0,""diablo03"":0,""h3-standard-88-2"":0.003558,""h4d-standard-192-7"":0.016866}","[{""rank"":1,""recommended"":true,""feasible"":false,""budget_used"":0.390778,""budget_violation"":0.042,""makespan"":112.408,""deadline_violation"":0,""machine_signature"":""f98ebc0304ea82da"",""weighted_score"":0.897498,""diversity_score"":1.224138},{""rank"":2,""recommended"":false,""feasible"":false,""budget_used"":0.322286,""budget_violation"":0,""makespan"":125.246,""deadline_violation"":6.136,""machine_signature"":""fbe7dd06ee3bee0e"",""weighted_score"":1,""diversity_score"":3.362069}]"
heft_colocation,hybrid_homo,29,maddid0000037|maddid0000056|mbackgroundid0000013|mbackgroundid0000016|mbackgroundid0000033|mbgmodelid0000050|mconcatfitid0000011|mconcatfitid0000049|mdifffitid0000006|mdifffitid0000007|mdifffitid0000008|mdifffitid0000009|mdifffitid0000010|mdifffitid0000024|mdifffitid0000025|mdifffitid0000027|mdifffitid0000028|mdifffitid0000029|mdifffitid0000044|mdifffitid0000047|mimgtblid0000017|mprojectid0000001|mprojectid0000003|mprojectid0000020|mprojectid0000039|mprojectid0000040|mprojectid0000042|mviewerid0000019|mviewerid0000038,0.200000,104.495000,0.563937,0.607531,118.113160,0.000000,0.000000,true,28.906000,25,1.847000,"{""h4d-standard-192-5"":27,""h4d-standard-192-6"":31}","{""bora009"":0,""bora010"":0,""h4d-standard-192-5"":0.009278,""h4d-standard-192-6"":0.008125}",[]
prism_cc_cost,hybrid_homo,29,maddid0000037|maddid0000056|mbackgroundid0000013|mbackgroundid0000016|mbackgroundid0000033|mbgmodelid0000050|mconcatfitid0000011|mconcatfitid0000049|mdifffitid0000006|mdifffitid0000007|mdifffitid0000008|mdifffitid0000009|mdifffitid0000010|mdifffitid0000024|mdifffitid0000025|mdifffitid0000027|mdifffitid0000028|mdifffitid0000029|mdifffitid0000044|mdifffitid0000047|mimgtblid0000017|mprojectid0000001|mprojectid0000003|mprojectid0000020|mprojectid0000039|mprojectid0000040|mprojectid0000042|mviewerid0000019|mviewerid0000038,0.200000,109.844000,0.445504,0.607531,118.113160,0.000000,0.000000,true,33.373000,14,343.057000,"{""bora009"":2,""bora010"":12,""h4d-standard-192-5"":15,""h4d-standard-192-6"":29}","{""bora009"":0.001427,""bora010"":0.005849,""h4d-standard-192-5"":0.009226,""h4d-standard-192-6"":0.007295}","[{""rank"":1,""recommended"":true,""feasible"":true,""budget_used"":0.445504,""budget_violation"":0,""makespan"":109.844,""deadline_violation"":0,""machine_signature"":""16fd9ded67beacf8"",""weighted_score"":0.445504,""diversity_score"":3.5},{""rank"":2,""recommended"":false,""feasible"":true,""budget_used"":0.552644,""budget_violation"":0,""makespan"":104.594,""deadline_violation"":0,""machine_signature"":""f7f7d78d24f80a55"",""weighted_score"":0.552644,""diversity_score"":2.482759},{""rank"":3,""recommended"":false,""feasible"":true,""budget_used"":0.558212,""budget_violation"":0,""makespan"":104.495,""deadline_violation"":0,""machine_signature"":""9b9e5690f5817bf2"",""weighted_score"":0.558212,""diversity_score"":1.482759},{""rank"":4,""recommended"":false,""feasible"":true,""budget_used"":0.563937,""budget_violation"":0,""makespan"":104.495,""deadline_violation"":0,""machine_signature"":""a77a8a363be58f2f"",""weighted_score"":0.563937,""diversity_score"":1.465517}]"
prism_cc_time,hybrid_homo,29,maddid0000037|maddid0000056|mbackgroundid0000013|mbackgroundid0000016|mbackgroundid0000033|mbgmodelid0000050|mconcatfitid0000011|mconcatfitid0000049|mdifffitid0000006|mdifffitid0000007|mdifffitid0000008|mdifffitid0000009|mdifffitid0000010|mdifffitid0000024|mdifffitid0000025|mdifffitid0000027|mdifffitid0000028|mdifffitid0000029|mdifffitid0000044|mdifffitid0000047|mimgtblid0000017|mprojectid0000001|mprojectid0000003|mprojectid0000020|mprojectid0000039|mprojectid0000040|mprojectid0000042|mviewerid0000019|mviewerid0000038,0.200000,104.495000,0.563937,0.607531,118.113160,0.000000,0.000000,true,28.906000,25,343.057000,"{""h4d-standard-192-5"":27,""h4d-standard-192-6"":31}","{""bora009"":0,""bora010"":0,""h4d-standard-192-5"":0.009278,""h4d-standard-192-6"":0.008125}","[{""rank"":1,""recommended"":true,""feasible"":true,""budget_used"":0.558212,""budget_violation"":0,""makespan"":104.495,""deadline_violation"":0,""machine_signature"":""9b9e5690f5817bf2"",""weighted_score"":0.951304,""diversity_score"":1.482759},{""rank"":2,""recommended"":false,""feasible"":true,""budget_used"":0.563937,""budget_violation"":0,""makespan"":104.495,""deadline_violation"":0,""machine_signature"":""a77a8a363be58f2f"",""weighted_score"":0.951304,""diversity_score"":1.465517},{""rank"":3,""recommended"":false,""feasible"":true,""budget_used"":0.552644,""budget_violation"":0,""makespan"":104.594,""deadline_violation"":0,""machine_signature"":""f7f7d78d24f80a55"",""weighted_score"":0.952205,""diversity_score"":2.482759},{""rank"":4,""recommended"":false,""feasible"":true,""budget_used"":0.445504,""budget_violation"":0,""makespan"":109.844,""deadline_violation"":0,""machine_signature"":""16fd9ded67beacf8"",""weighted_score"":1,""diversity_score"":3.5}]"
heft_colocation,hybrid_raspberry_500mbps,29,maddid0000037|maddid0000056|mbackgroundid0000013|mbackgroundid0000016|mbackgroundid0000033|mbgmodelid0000050|mconcatfitid0000011|mconcatfitid0000049|mdifffitid0000006|mdifffitid0000007|mdifffitid0000008|mdifffitid0000009|mdifffitid0000010|mdifffitid0000024|mdifffitid0000025|mdifffitid0000027|mdifffitid0000028|mdifffitid0000029|mdifffitid0000044|mdifffitid0000047|mimgtblid0000017|mprojectid0000001|mprojectid0000003|mprojectid0000020|mprojectid0000039|mprojectid0000040|mprojectid0000042|mviewerid0000019|mviewerid0000038,0.200000,175.500000,0.534767,0.533583,179.300320,0.001200,0.000000,false,77.929000,49,2.751000,"{""cloud-node-02"":41,""hpc-node-02"":17}","{""cloud-node-01"":0,""cloud-node-02"":0.052035,""hpc-node-01"":0,""hpc-node-02"":0.035147,""rpi-edge-01"":0,""rpi-edge-02"":0,""rpi-edge-03"":0,""rpi-edge-04"":0,""rpi-edge-05"":0,""rpi-edge-06"":0,""rpi-edge-07"":0,""rpi-edge-08"":0,""rpi-edge-09"":0,""rpi-edge-10"":0}",[]
prism_cc_cost,hybrid_raspberry_500mbps,29,maddid0000037|maddid0000056|mbackgroundid0000013|mbackgroundid0000016|mbackgroundid0000033|mbgmodelid0000050|mconcatfitid0000011|mconcatfitid0000049|mdifffitid0000006|mdifffitid0000007|mdifffitid0000008|mdifffitid0000009|mdifffitid0000010|mdifffitid0000024|mdifffitid0000025|mdifffitid0000027|mdifffitid0000028|mdifffitid0000029|mdifffitid0000044|mdifffitid0000047|mimgtblid0000017|mprojectid0000001|mprojectid0000003|mprojectid0000020|mprojectid0000039|mprojectid0000040|mprojectid0000042|mviewerid0000019|mviewerid0000038,0.200000,175.500000,0.534767,0.533583,179.300320,0.001200,0.000000,false,77.929000,49,566.338000,"{""cloud-node-02"":41,""hpc-node-02"":17}","{""cloud-node-01"":0,""cloud-node-02"":0.052035,""hpc-node-01"":0,""hpc-node-02"":0.035147,""rpi-edge-01"":0,""rpi-edge-02"":0,""rpi-edge-03"":0,""rpi-edge-04"":0,""rpi-edge-05"":0,""rpi-edge-06"":0,""rpi-edge-07"":0,""rpi-edge-08"":0,""rpi-edge-09"":0,""rpi-edge-10"":0}","[{""rank"":1,""recommended"":true,""feasible"":false,""budget_used"":0.534767,""budget_violation"":0.0012,""makespan"":175.5,""deadline_violation"":0,""machine_signature"":""aba051aa413d8593"",""weighted_score"":0.534767,""diversity_score"":1.293103},{""rank"":2,""recommended"":false,""feasible"":false,""budget_used"":0.534767,""budget_violation"":0.0012,""makespan"":175.5,""deadline_violation"":0,""machine_signature"":""8db205877c9b8123"",""weighted_score"":0.534767,""diversity_score"":1.293103}]"
prism_cc_time,hybrid_raspberry_500mbps,29,maddid0000037|maddid0000056|mbackgroundid0000013|mbackgroundid0000016|mbackgroundid0000033|mbgmodelid0000050|mconcatfitid0000011|mconcatfitid0000049|mdifffitid0000006|mdifffitid0000007|mdifffitid0000008|mdifffitid0000009|mdifffitid0000010|mdifffitid0000024|mdifffitid0000025|mdifffitid0000027|mdifffitid0000028|mdifffitid0000029|mdifffitid0000044|mdifffitid0000047|mimgtblid0000017|mprojectid0000001|mprojectid0000003|mprojectid0000020|mprojectid0000039|mprojectid0000040|mprojectid0000042|mviewerid0000019|mviewerid0000038,0.200000,175.500000,0.534767,0.533583,179.300320,0.001200,0.000000,false,77.929000,49,566.338000,"{""cloud-node-02"":41,""hpc-node-02"":17}","{""cloud-node-01"":0,""cloud-node-02"":0.052035,""hpc-node-01"":0,""hpc-node-02"":0.035147,""rpi-edge-01"":0,""rpi-edge-02"":0,""rpi-edge-03"":0,""rpi-edge-04"":0,""rpi-edge-05"":0,""rpi-edge-06"":0,""rpi-edge-07"":0,""rpi-edge-08"":0,""rpi-edge-09"":0,""rpi-edge-10"":0}","[{""rank"":1,""recommended"":true,""feasible"":false,""budget_used"":0.534767,""budget_violation"":0.0012,""makespan"":175.5,""deadline_violation"":0,""machine_signature"":""aba051aa413d8593"",""weighted_score"":1,""diversity_score"":1.293103},{""rank"":2,""recommended"":false,""feasible"":false,""budget_used"":0.534767,""budget_violation"":0.0012,""makespan"":175.5,""deadline_violation"":0,""machine_signature"":""8db205877c9b8123"",""weighted_score"":1,""diversity_score"":1.293103}]"
heft_colocation,cloud_hetero,30,mbackgroundid0000014|mbackgroundid0000032|mbackgroundid0000033|mbackgroundid0000034|mbackgroundid0000052|mbgmodelid0000031|mconcatfitid0000011|mconcatfitid0000030|mdifffitid0000005|mdifffitid0000006|mdifffitid0000007|mdifffitid0000010|mdifffitid0000026|mdifffitid0000028|mdifffitid0000029|mdifffitid0000043|mdifffitid0000044|mdifffitid0000045|mdifffitid0000046|mdifffitid0000048|mprojectid0000001|mprojectid0000002|mprojectid0000020|mprojectid0000039|mprojectid0000040|mprojectid0000041|mprojectid0000042|mviewerid0000038|mviewerid0000058,0.200000,104.495000,0.579862,0.641828,118.113160,0.000000,0.000000,true,37.234000,26,3.144000,"{""h4d-highmem-192-1"":29,""h4d-standard-192-1"":29}","{""h3-standard-88-1"":0,""h3-standard-88-2"":0,""h4d-highmem-192-1"":0.008159,""h4d-standard-192-1"":0.00966}",[]
prism_cc_cost,cloud_hetero,30,mbackgroundid0000014|mbackgroundid0000032|mbackgroundid0000033|mbackgroundid0000034|mbackgroundid0000052|mbgmodelid0000031|mconcatfitid0000011|mconcatfitid0000030|mdifffitid0000005|mdifffitid0000006|mdifffitid0000007|mdifffitid0000010|mdifffitid0000026|mdifffitid0000028|mdifffitid0000029|mdifffitid0000043|mdifffitid0000044|mdifffitid0000045|mdifffitid0000046|mdifffitid0000048|mprojectid0000001|mprojectid0000002|mprojectid0000020|mprojectid0000039|mprojectid0000040|mprojectid0000041|mprojectid0000042|mviewerid0000038|mviewerid0000058,0.200000,114.877000,0.250613,0.641828,118.113160,0.000000,0.000000,true,94.844000,83,325.745000,"{""h4d-standard-192-1"":58}","{""h3-standard-88-1"":0,""h3-standard-88-2"":0,""h4d-highmem-192-1"":0,""h4d-standard-192-1"":0.01882}","[{""rank"":1,""recommended"":true,""feasible"":true,""budget_used"":0.250613,""budget_violation"":0,""makespan"":114.877,""deadline_violation"":0,""machine_signature"":""0709c412d4ee70a0"",""weighted_score"":0.250613,""diversity_score"":0},{""rank"":2,""recommended"":false,""feasible"":true,""budget_used"":0.573404,""budget_violation"":0,""makespan"":104.495,""deadline_violation"":0,""machine_signature"":""134010062bd8951a"",""weighted_score"":0.573404,""diversity_score"":1.482759},{""rank"":3,""recommended"":false,""feasible"":true,""budget_used"":0.579862,""budget_violation"":0,""makespan"":104.495,""deadline_violation"":0,""machine_signature"":""9bead71b0d1e4769"",""weighted_score"":0.579862,""diversity_score"":1.5}]"
prism_cc_time,cloud_hetero,30,mbackgroundid0000014|mbackgroundid0000032|mbackgroundid0000033|mbackgroundid0000034|mbackgroundid0000052|mbgmodelid0000031|mconcatfitid0000011|mconcatfitid0000030|mdifffitid0000005|mdifffitid0000006|mdifffitid0000007|mdifffitid0000010|mdifffitid0000026|mdifffitid0000028|mdifffitid0000029|mdifffitid0000043|mdifffitid0000044|mdifffitid0000045|mdifffitid0000046|mdifffitid0000048|mprojectid0000001|mprojectid0000002|mprojectid0000020|mprojectid0000039|mprojectid0000040|mprojectid0000041|mprojectid0000042|mviewerid0000038|mviewerid0000058,0.200000,104.495000,0.579862,0.641828,118.113160,0.000000,0.000000,true,37.234000,26,325.745000,"{""h4d-highmem-192-1"":29,""h4d-standard-192-1"":29}","{""h3-standard-88-1"":0,""h3-standard-88-2"":0,""h4d-highmem-192-1"":0.008159,""h4d-standard-192-1"":0.00966}","[{""rank"":1,""recommended"":true,""feasible"":true,""budget_used"":0.573404,""budget_violation"":0,""makespan"":104.495,""deadline_violation"":0,""machine_signature"":""134010062bd8951a"",""weighted_score"":0.909625,""diversity_score"":1.482759},{""rank"":2,""recommended"":false,""feasible"":true,""budget_used"":0.579862,""budget_violation"":0,""makespan"":104.495,""deadline_violation"":0,""machine_signature"":""9bead71b0d1e4769"",""weighted_score"":0.909625,""diversity_score"":1.5},{""rank"":3,""recommended"":false,""feasible"":true,""budget_used"":0.250613,""budget_violation"":0,""makespan"":114.877,""deadline_violation"":0,""machine_signature"":""0709c412d4ee70a0"",""weighted_score"":1,""diversity_score"":0}]"
heft_colocation,cloud_homo,30,mbackgroundid0000014|mbackgroundid0000032|mbackgroundid0000033|mbackgroundid0000034|mbackgroundid0000052|mbgmodelid0000031|mconcatfitid0000011|mconcatfitid0000030|mdifffitid0000005|mdifffitid0000006|mdifffitid0000007|mdifffitid0000010|mdifffitid0000026|mdifffitid0000028|mdifffitid0000029|mdifffitid0000043|mdifffitid0000044|mdifffitid0000045|mdifffitid0000046|mdifffitid0000048|mprojectid0000001|mprojectid0000002|mprojectid0000020|mprojectid0000039|mprojectid0000040|mprojectid0000041|mprojectid0000042|mviewerid0000038|mviewerid0000058,0.200000,99.922000,0.876494,1.059152,119.559000,0.000000,0.000000,true,9.462000,12,4.428000,"{""h4d-standard-192-1"":18,""h4d-standard-192-2"":28,""h4d-standard-192-3"":8,""h4d-standard-192-4"":4}","{""h4d-standard-192-1"":0.003849,""h4d-standard-192-2"":0.006326,""h4d-standard-192-3"":0.003732,""h4d-standard-192-4"":0.003279}",[]
prism_cc_cost,cloud_homo,30,mbackgroundid0000014|mbackgroundid0000032|mbackgroundid0000033|mbackgroundid0000034|mbackgroundid0000052|mbgmodelid0000031|mconcatfitid0000011|mconcatfitid0000030|mdifffitid0000005|mdifffitid0000006|mdifffitid0000007|mdifffitid0000010|mdifffitid0000026|mdifffitid0000028|mdifffitid0000029|mdifffitid0000043|mdifffitid0000044|mdifffitid0000045|mdifffitid0000046|mdifffitid0000048|mprojectid0000001|mprojectid0000002|mprojectid0000020|mprojectid0000039|mprojectid0000040|mprojectid0000041|mprojectid0000042|mviewerid0000038|mviewerid0000058,0.200000,113.342000,0.247270,1.059152,119.559000,0.000000,0.000000,true,93.624000,79,350.907000,"{""h4d-standard-192-1"":58}","{""h4d-standard-192-1"":0.019019,""h4d-standard-192-2"":0,""h4d-standard-192-3"":0,""h4d-standard-192-4"":0}","[{""rank"":1,""recommended"":true,""feasible"":true,""budget_used"":0.24727,""budget_violation"":0,""makespan"":113.342,""deadline_violation"":0,""machine_signature"":""d7901bf844ad71d9"",""weighted_score"":0.24727,""diversity_score"":0},{""rank"":2,""recommended"":false,""feasible"":true,""budget_used"":0.851015,""budget_violation"":0,""makespan"":100.044,""deadline_violation"":0,""machine_signature"":""e4603643786d801f"",""weighted_score"":0.851015,""diversity_score"":3.5},{""rank"":3,""recommended"":false,""feasible"":true,""budget_used"":0.876494,""budget_violation"":0,""makespan"":99.922,""deadline_violation"":0,""machine_signature"":""c7e6fd6fdff09afe"",""weighted_score"":0.876494,""diversity_score"":3.517241}]"
prism_cc_time,cloud_homo,30,mbackgroundid0000014|mbackgroundid0000032|mbackgroundid0000033|mbackgroundid0000034|mbackgroundid0000052|mbgmodelid0000031|mconcatfitid0000011|mconcatfitid0000030|mdifffitid0000005|mdifffitid0000006|mdifffitid0000007|mdifffitid0000010|mdifffitid0000026|mdifffitid0000028|mdifffitid0000029|mdifffitid0000043|mdifffitid0000044|mdifffitid0000045|mdifffitid0000046|mdifffitid0000048|mprojectid0000001|mprojectid0000002|mprojectid0000020|mprojectid0000039|mprojectid0000040|mprojectid0000041|mprojectid0000042|mviewerid0000038|mviewerid0000058,0.200000,99.922000,0.876494,1.059152,119.559000,0.000000,0.000000,true,9.462000,12,350.907000,"{""h4d-standard-192-1"":18,""h4d-standard-192-2"":28,""h4d-standard-192-3"":8,""h4d-standard-192-4"":4}","{""h4d-standard-192-1"":0.003849,""h4d-standard-192-2"":0.006326,""h4d-standard-192-3"":0.003732,""h4d-standard-192-4"":0.003279}","[{""rank"":1,""recommended"":true,""feasible"":true,""budget_used"":0.876494,""budget_violation"":0,""makespan"":99.922,""deadline_violation"":0,""machine_signature"":""c7e6fd6fdff09afe"",""weighted_score"":0.881597,""diversity_score"":3.517241},{""rank"":2,""recommended"":false,""feasible"":true,""budget_used"":0.851015,""budget_violation"":0,""makespan"":100.044,""deadline_violation"":0,""machine_signature"":""e4603643786d801f"",""weighted_score"":0.882674,""diversity_score"":3.5},{""rank"":3,""recommended"":false,""feasible"":true,""budget_used"":0.24727,""budget_violation"":0,""makespan"":113.342,""deadline_violation"":0,""machine_signature"":""d7901bf844ad71d9"",""weighted_score"":1,""diversity_score"":0}]"
heft_colocation,cluster_hetero,30,mbackgroundid0000014|mbackgroundid0000032|mbackgroundid0000033|mbackgroundid0000034|mbackgroundid0000052|mbgmodelid0000031|mconcatfitid0000011|mconcatfitid0000030|mdifffitid0000005|mdifffitid0000006|mdifffitid0000007|mdifffitid0000010|mdifffitid0000026|mdifffitid0000028|mdifffitid0000029|mdifffitid0000043|mdifffitid0000044|mdifffitid0000045|mdifffitid0000046|mdifffitid0000048|mprojectid0000001|mprojectid0000002|mprojectid0000020|mprojectid0000039|mprojectid0000040|mprojectid0000041|mprojectid0000042|mviewerid0000038|mviewerid0000058,0.200000,312.716000,0.000000,0.000000,353.759520,0.000000,0.000000,true,123.247000,32,1.050000,"{""bora005"":32,""bora006"":22,""diablo01"":3,""diablo02"":1}","{""bora005"":0.07038,""bora006"":0.081576,""diablo01"":0.005005,""diablo02"":0.006624}",[]
prism_cc_cost,cluster_hetero,30,mbackgroundid0000014|mbackgroundid0000032|mbackgroundid0000033|mbackgroundid0000034|mbackgroundid0000052|mbgmodelid0000031|mconcatfitid0000011|mconcatfitid0000030|mdifffitid0000005|mdifffitid0000006|mdifffitid0000007|mdifffitid0000010|mdifffitid0000026|mdifffitid0000028|mdifffitid0000029|mdifffitid0000043|mdifffitid0000044|mdifffitid0000045|mdifffitid0000046|mdifffitid0000048|mprojectid0000001|mprojectid0000002|mprojectid0000020|mprojectid0000039|mprojectid0000040|mprojectid0000041|mprojectid0000042|mviewerid0000038|mviewerid0000058,0.200000,312.716000,0.000000,0.000000,353.759520,0.000000,0.000000,true,123.247000,32,206.171000,"{""bora005"":32,""bora006"":22,""diablo01"":3,""diablo02"":1}","{""bora005"":0.07038,""bora006"":0.081576,""diablo01"":0.005005,""diablo02"":0.006624}","[{""rank"":1,""recommended"":true,""feasible"":true,""budget_used"":0,""budget_violation"":0,""makespan"":312.716,""deadline_violation"":0,""machine_signature"":""9a650a3b4f08fc4b"",""weighted_score"":0,""diversity_score"":3.448276},{""rank"":2,""recommended"":false,""feasible"":true,""budget_used"":0,""budget_violation"":0,""makespan"":312.716,""deadline_violation"":0,""machine_signature"":""917559a964fa835f"",""weighted_score"":0,""diversity_score"":3.448276}]"
prism_cc_time,cluster_hetero,30,mbackgroundid0000014|mbackgroundid0000032|mbackgroundid0000033|mbackgroundid0000034|mbackgroundid0000052|mbgmodelid0000031|mconcatfitid0000011|mconcatfitid0000030|mdifffitid0000005|mdifffitid0000006|mdifffitid0000007|mdifffitid0000010|mdifffitid0000026|mdifffitid0000028|mdifffitid0000029|mdifffitid0000043|mdifffitid0000044|mdifffitid0000045|mdifffitid0000046|mdifffitid0000048|mprojectid0000001|mprojectid0000002|mprojectid0000020|mprojectid0000039|mprojectid0000040|mprojectid0000041|mprojectid0000042|mviewerid0000038|mviewerid0000058,0.200000,312.716000,0.000000,0.000000,353.759520,0.000000,0.000000,true,123.247000,32,206.171000,"{""bora005"":32,""bora006"":22,""diablo01"":3,""diablo02"":1}","{""bora005"":0.07038,""bora006"":0.081576,""diablo01"":0.005005,""diablo02"":0.006624}","[{""rank"":1,""recommended"":true,""feasible"":true,""budget_used"":0,""budget_violation"":0,""makespan"":312.716,""deadline_violation"":0,""machine_signature"":""9a650a3b4f08fc4b"",""weighted_score"":1,""diversity_score"":3.448276},{""rank"":2,""recommended"":false,""feasible"":true,""budget_used"":0,""budget_violation"":0,""makespan"":312.716,""deadline_violation"":0,""machine_signature"":""917559a964fa835f"",""weighted_score"":1,""diversity_score"":3.448276}]"
heft_colocation,cluster_homo,30,mbackgroundid0000014|mbackgroundid0000032|mbackgroundid0000033|mbackgroundid0000034|mbackgroundid0000052|mbgmodelid0000031|mconcatfitid0000011|mconcatfitid0000030|mdifffitid0000005|mdifffitid0000006|mdifffitid0000007|mdifffitid0000010|mdifffitid0000026|mdifffitid0000028|mdifffitid0000029|mdifffitid0000043|mdifffitid0000044|mdifffitid0000045|mdifffitid0000046|mdifffitid0000048|mprojectid0000001|mprojectid0000002|mprojectid0000020|mprojectid0000039|mprojectid0000040|mprojectid0000041|mprojectid0000042|mviewerid0000038|mviewerid0000058,0.200000,287.957000,0.000000,0.000000,345.548400,0.000000,0.000000,true,54.391000,17,0.750000,"{""bora001"":18,""bora002"":19,""bora003"":18,""bora004"":3}","{""bora001"":0.041302,""bora002"":0.061672,""bora003"":0.039996,""bora004"":0.033397}",[]
prism_cc_cost,cluster_homo,30,mbackgroundid0000014|mbackgroundid0000032|mbackgroundid0000033|mbackgroundid0000034|mbackgroundid0000052|mbgmodelid0000031|mconcatfitid0000011|mconcatfitid0000030|mdifffitid0000005|mdifffitid0000006|mdifffitid0000007|mdifffitid0000010|mdifffitid0000026|mdifffitid0000028|mdifffitid0000029|mdifffitid0000043|mdifffitid0000044|mdifffitid0000045|mdifffitid0000046|mdifffitid0000048|mprojectid0000001|mprojectid0000002|mprojectid0000020|mprojectid0000039|mprojectid0000040|mprojectid0000041|mprojectid0000042|mviewerid0000038|mviewerid0000058,0.200000,287.957000,0.000000,0.000000,345.548400,0.000000,0.000000,true,54.391000,17,169.064000,"{""bora001"":18,""bora002"":19,""bora003"":18,""bora004"":3}","{""bora001"":0.041302,""bora002"":0.061672,""bora003"":0.039996,""bora004"":0.033397}","[{""rank"":1,""recommended"":true,""feasible"":true,""budget_used"":0,""budget_violation"":0,""makespan"":287.957,""deadline_violation"":0,""machine_signature"":""00e4780b07b315cc"",""weighted_score"":0,""diversity_score"":3.672414},{""rank"":2,""recommended"":false,""feasible"":true,""budget_used"":0,""budget_violation"":0,""makespan"":287.957,""deadline_violation"":0,""machine_signature"":""69bdc69374d9e6e7"",""weighted_score"":0,""diversity_score"":3.689655}]"
prism_cc_time,cluster_homo,30,mbackgroundid0000014|mbackgroundid0000032|mbackgroundid0000033|mbackgroundid0000034|mbackgroundid0000052|mbgmodelid0000031|mconcatfitid0000011|mconcatfitid0000030|mdifffitid0000005|mdifffitid0000006|mdifffitid0000007|mdifffitid0000010|mdifffitid0000026|mdifffitid0000028|mdifffitid0000029|mdifffitid0000043|mdifffitid0000044|mdifffitid0000045|mdifffitid0000046|mdifffitid0000048|mprojectid0000001|mprojectid0000002|mprojectid0000020|mprojectid0000039|mprojectid0000040|mprojectid0000041|mprojectid0000042|mviewerid0000038|mviewerid0000058,0.200000,287.957000,0.000000,0.000000,345.548400,0.000000,0.000000,true,54.391000,17,169.064000,"{""bora001"":18,""bora002"":19,""bora003"":18,""bora004"":3}","{""bora001"":0.041302,""bora002"":0.061672,""bora003"":0.039996,""bora004"":0.033397}","[{""rank"":1,""recommended"":true,""feasible"":true,""budget_used"":0,""budget_violation"":0,""makespan"":287.957,""deadline_violation"":0,""machine_signature"":""00e4780b07b315cc"",""weighted_score"":1,""diversity_score"":3.672414},{""rank"":2,""recommended"":false,""feasible"":true,""budget_used"":0,""budget_violation"":0,""makespan"":287.957,""deadline_violation"":0,""machine_signature"":""69bdc69374d9e6e7"",""weighted_score"":1,""diversity_score"":3.689655}]"
heft_colocation,hybrid_hetero,30,mbackgroundid0000014|mbackgroundid0000032|mbackgroundid0000033|mbackgroundid0000034|mbackgroundid0000052|mbgmodelid0000031|mconcatfitid0000011|mconcatfitid0000030|mdifffitid0000005|mdifffitid0000006|mdifffitid0000007|mdifffitid0000010|mdifffitid0000026|mdifffitid0000028|mdifffitid0000029|mdifffitid0000043|mdifffitid0000044|mdifffitid0000045|mdifffitid0000046|mdifffitid0000048|mprojectid0000001|mprojectid0000002|mprojectid0000020|mprojectid0000039|mprojectid0000040|mprojectid0000041|mprojectid0000042|mviewerid0000038|mviewerid0000058,0.200000,112.408000,0.391538,0.348827,119.109960,0.042700,0.000000,false,77.012000,47,1.971000,"{""h3-standard-88-2"":13,""h4d-standard-192-7"":45}","{""bora011"":0,""diablo03"":0,""h3-standard-88-2"":0.00363,""h4d-standard-192-7"":0.017544}",[]
prism_cc_cost,hybrid_hetero,30,mbackgroundid0000014|mbackgroundid0000032|mbackgroundid0000033|mbackgroundid0000034|mbackgroundid0000052|mbgmodelid0000031|mconcatfitid0000011|mconcatfitid0000030|mdifffitid0000005|mdifffitid0000006|mdifffitid0000007|mdifffitid0000010|mdifffitid0000026|mdifffitid0000028|mdifffitid0000029|mdifffitid0000043|mdifffitid0000044|mdifffitid0000045|mdifffitid0000046|mdifffitid0000048|mprojectid0000001|mprojectid0000002|mprojectid0000020|mprojectid0000039|mprojectid0000040|mprojectid0000041|mprojectid0000042|mviewerid0000038|mviewerid0000058,0.200000,112.408000,0.322287,0.348827,119.109960,0.000000,0.000000,true,76.325000,36,272.093000,"{""bora011"":4,""diablo03"":5,""h3-standard-88-2"":2,""h4d-standard-192-7"":47}","{""bora011"":0.003032,""diablo03"":0.001605,""h3-standard-88-2"":0.00277,""h4d-standard-192-7"":0.017517}","[{""rank"":1,""recommended"":true,""feasible"":true,""budget_used"":0.322287,""budget_violation"":0,""makespan"":112.408,""deadline_violation"":0,""machine_signature"":""2aa2a96778a933e2"",""weighted_score"":0.322287,""diversity_score"":3.189655},{""rank"":2,""recommended"":false,""feasible"":false,""budget_used"":0.391538,""budget_violation"":0.0427,""makespan"":112.408,""deadline_violation"":0,""machine_signature"":""b43912a5ef95a3b7"",""weighted_score"":0.391538,""diversity_score"":1.224138}]"
prism_cc_time,hybrid_hetero,30,mbackgroundid0000014|mbackgroundid0000032|mbackgroundid0000033|mbackgroundid0000034|mbackgroundid0000052|mbgmodelid0000031|mconcatfitid0000011|mconcatfitid0000030|mdifffitid0000005|mdifffitid0000006|mdifffitid0000007|mdifffitid0000010|mdifffitid0000026|mdifffitid0000028|mdifffitid0000029|mdifffitid0000043|mdifffitid0000044|mdifffitid0000045|mdifffitid0000046|mdifffitid0000048|mprojectid0000001|mprojectid0000002|mprojectid0000020|mprojectid0000039|mprojectid0000040|mprojectid0000041|mprojectid0000042|mviewerid0000038|mviewerid0000058,0.200000,112.408000,0.391538,0.348827,119.109960,0.042700,0.000000,false,77.012000,47,272.093000,"{""h3-standard-88-2"":13,""h4d-standard-192-7"":45}","{""bora011"":0,""diablo03"":0,""h3-standard-88-2"":0.00363,""h4d-standard-192-7"":0.017544}","[{""rank"":1,""recommended"":true,""feasible"":true,""budget_used"":0.322287,""budget_violation"":0,""makespan"":112.408,""deadline_violation"":0,""machine_signature"":""2aa2a96778a933e2"",""weighted_score"":1,""diversity_score"":3.189655},{""rank"":2,""recommended"":false,""feasible"":false,""budget_used"":0.391538,""budget_violation"":0.0427,""makespan"":112.408,""deadline_violation"":0,""machine_signature"":""b43912a5ef95a3b7"",""weighted_score"":1,""diversity_score"":1.224138}]"
heft_colocation,hybrid_homo,30,mbackgroundid0000014|mbackgroundid0000032|mbackgroundid0000033|mbackgroundid0000034|mbackgroundid0000052|mbgmodelid0000031|mconcatfitid0000011|mconcatfitid0000030|mdifffitid0000005|mdifffitid0000006|mdifffitid0000007|mdifffitid0000010|mdifffitid0000026|mdifffitid0000028|mdifffitid0000029|mdifffitid0000043|mdifffitid0000044|mdifffitid0000045|mdifffitid0000046|mdifffitid0000048|mprojectid0000001|mprojectid0000002|mprojectid0000020|mprojectid0000039|mprojectid0000040|mprojectid0000041|mprojectid0000042|mviewerid0000038|mviewerid0000058,0.200000,104.495000,0.553307,0.607531,118.113160,0.000000,0.000000,true,37.234000,26,1.891000,"{""h4d-standard-192-5"":29,""h4d-standard-192-6"":29}","{""bora009"":0,""bora010"":0,""h4d-standard-192-5"":0.00966,""h4d-standard-192-6"":0.008159}",[]
prism_cc_cost,hybrid_homo,30,mbackgroundid0000014|mbackgroundid0000032|mbackgroundid0000033|mbackgroundid0000034|mbackgroundid0000052|mbgmodelid0000031|mconcatfitid0000011|mconcatfitid0000030|mdifffitid0000005|mdifffitid0000006|mdifffitid0000007|mdifffitid0000010|mdifffitid0000026|mdifffitid0000028|mdifffitid0000029|mdifffitid0000043|mdifffitid0000044|mdifffitid0000045|mdifffitid0000046|mdifffitid0000048|mprojectid0000001|mprojectid0000002|mprojectid0000020|mprojectid0000039|mprojectid0000040|mprojectid0000041|mprojectid0000042|mviewerid0000038|mviewerid0000058,0.200000,114.257000,0.518588,0.607531,118.113160,0.000000,0.000000,true,37.234000,26,332.147000,"{""bora010"":3,""h4d-standard-192-5"":26,""h4d-standard-192-6"":29}","{""bora009"":0,""bora010"":0.001131,""h4d-standard-192-5"":0.008796,""h4d-standard-192-6"":0.007462}","[{""rank"":1,""recommended"":true,""feasible"":true,""budget_used"":0.518588,""budget_violation"":0,""makespan"":114.257,""deadline_violation"":0,""machine_signature"":""bcbc22abc009726a"",""weighted_score"":0.518588,""diversity_score"":2.5},{""rank"":2,""recommended"":false,""feasible"":true,""budget_used"":0.542624,""budget_violation"":0,""makespan"":104.594,""deadline_violation"":0,""machine_signature"":""e4a8c1df5ddbeab4"",""weighted_score"":0.542624,""diversity_score"":2.5},{""rank"":3,""recommended"":false,""feasible"":true,""budget_used"":0.548192,""budget_violation"":0,""makespan"":104.495,""deadline_violation"":0,""machine_signature"":""e360e734bc96af75"",""weighted_score"":0.548192,""diversity_score"":1.482759},{""rank"":4,""recommended"":false,""feasible"":true,""budget_used"":0.553307,""budget_violation"":0,""makespan"":104.495,""deadline_violation"":0,""machine_signature"":""c7b1b11d09adb462"",""weighted_score"":0.553307,""diversity_score"":1.5}]"
prism_cc_time,hybrid_homo,30,mbackgroundid0000014|mbackgroundid0000032|mbackgroundid0000033|mbackgroundid0000034|mbackgroundid0000052|mbgmodelid0000031|mconcatfitid0000011|mconcatfitid0000030|mdifffitid0000005|mdifffitid0000006|mdifffitid0000007|mdifffitid0000010|mdifffitid0000026|mdifffitid0000028|mdifffitid0000029|mdifffitid0000043|mdifffitid0000044|mdifffitid0000045|mdifffitid0000046|mdifffitid0000048|mprojectid0000001|mprojectid0000002|mprojectid0000020|mprojectid0000039|mprojectid0000040|mprojectid0000041|mprojectid0000042|mviewerid0000038|mviewerid0000058,0.200000,104.495000,0.553307,0.607531,118.113160,0.000000,0.000000,true,37.234000,26,332.147000,"{""h4d-standard-192-5"":29,""h4d-standard-192-6"":29}","{""bora009"":0,""bora010"":0,""h4d-standard-192-5"":0.00966,""h4d-standard-192-6"":0.008159}","[{""rank"":1,""recommended"":true,""feasible"":true,""budget_used"":0.548192,""budget_violation"":0,""makespan"":104.495,""deadline_violation"":0,""machine_signature"":""e360e734bc96af75"",""weighted_score"":0.914561,""diversity_score"":1.482759},{""rank"":2,""recommended"":false,""feasible"":true,""budget_used"":0.553307,""budget_violation"":0,""makespan"":104.495,""deadline_violation"":0,""machine_signature"":""c7b1b11d09adb462"",""weighted_score"":0.914561,""diversity_score"":1.5},{""rank"":3,""recommended"":false,""feasible"":true,""budget_used"":0.542624,""budget_violation"":0,""makespan"":104.594,""deadline_violation"":0,""machine_signature"":""e4a8c1df5ddbeab4"",""weighted_score"":0.915428,""diversity_score"":2.5},{""rank"":4,""recommended"":false,""feasible"":true,""budget_used"":0.518588,""budget_violation"":0,""makespan"":114.257,""deadline_violation"":0,""machine_signature"":""bcbc22abc009726a"",""weighted_score"":1,""diversity_score"":2.5}]"
heft_colocation,hybrid_raspberry_500mbps,30,mbackgroundid0000014|mbackgroundid0000032|mbackgroundid0000033|mbackgroundid0000034|mbackgroundid0000052|mbgmodelid0000031|mconcatfitid0000011|mconcatfitid0000030|mdifffitid0000005|mdifffitid0000006|mdifffitid0000007|mdifffitid0000010|mdifffitid0000026|mdifffitid0000028|mdifffitid0000029|mdifffitid0000043|mdifffitid0000044|mdifffitid0000045|mdifffitid0000046|mdifffitid0000048|mprojectid0000001|mprojectid0000002|mprojectid0000020|mprojectid0000039|mprojectid0000040|mprojectid0000041|mprojectid0000042|mviewerid0000038|mviewerid0000058,0.200000,175.500000,0.598888,0.533583,179.300320,0.065300,0.000000,false,99.292000,53,2.532000,"{""cloud-node-02"":39,""hpc-node-02"":19}","{""cloud-node-01"":0,""cloud-node-02"":0.05097,""hpc-node-01"":0,""hpc-node-02"":0.043456,""rpi-edge-01"":0,""rpi-edge-02"":0,""rpi-edge-03"":0,""rpi-edge-04"":0,""rpi-edge-05"":0,""rpi-edge-06"":0,""rpi-edge-07"":0,""rpi-edge-08"":0,""rpi-edge-09"":0,""rpi-edge-10"":0}",[]
prism_cc_cost,hybrid_raspberry_500mbps,30,mbackgroundid0000014|mbackgroundid0000032|mbackgroundid0000033|mbackgroundid0000034|mbackgroundid0000052|mbgmodelid0000031|mconcatfitid0000011|mconcatfitid0000030|mdifffitid0000005|mdifffitid0000006|mdifffitid0000007|mdifffitid0000010|mdifffitid0000026|mdifffitid0000028|mdifffitid0000029|mdifffitid0000043|mdifffitid0000044|mdifffitid0000045|mdifffitid0000046|mdifffitid0000048|mprojectid0000001|mprojectid0000002|mprojectid0000020|mprojectid0000039|mprojectid0000040|mprojectid0000041|mprojectid0000042|mviewerid0000038|mviewerid0000058,0.200000,175.500000,0.598888,0.533583,179.300320,0.065300,0.000000,false,99.292000,53,363.893000,"{""cloud-node-02"":39,""hpc-node-02"":19}","{""cloud-node-01"":0,""cloud-node-02"":0.05097,""hpc-node-01"":0,""hpc-node-02"":0.043456,""rpi-edge-01"":0,""rpi-edge-02"":0,""rpi-edge-03"":0,""rpi-edge-04"":0,""rpi-edge-05"":0,""rpi-edge-06"":0,""rpi-edge-07"":0,""rpi-edge-08"":0,""rpi-edge-09"":0,""rpi-edge-10"":0}","[{""rank"":1,""recommended"":true,""feasible"":false,""budget_used"":0.399374,""budget_violation"":0,""makespan"":181.327,""deadline_violation"":2.027,""machine_signature"":""4a20f1d56f515c28"",""weighted_score"":0.399374,""diversity_score"":1.103448},{""rank"":2,""recommended"":false,""feasible"":false,""budget_used"":0.399227,""budget_violation"":0,""makespan"":193.659,""deadline_violation"":14.359,""machine_signature"":""db0abf7d0e11f002"",""weighted_score"":0.399227,""diversity_score"":2.137931},{""rank"":3,""recommended"":false,""feasible"":false,""budget_used"":0.598888,""budget_violation"":0.0653,""makespan"":175.5,""deadline_violation"":0,""machine_signature"":""7c8c6d15c0afdd29"",""weighted_score"":0.598888,""diversity_score"":1.327586}]"
prism_cc_time,hybrid_raspberry_500mbps,30,mbackgroundid0000014|mbackgroundid0000032|mbackgroundid0000033|mbackgroundid0000034|mbackgroundid0000052|mbgmodelid0000031|mconcatfitid0000011|mconcatfitid0000030|mdifffitid0000005|mdifffitid0000006|mdifffitid0000007|mdifffitid0000010|mdifffitid0000026|mdifffitid0000028|mdifffitid0000029|mdifffitid0000043|mdifffitid0000044|mdifffitid0000045|mdifffitid0000046|mdifffitid0000048|mprojectid0000001|mprojectid0000002|mprojectid0000020|mprojectid0000039|mprojectid0000040|mprojectid0000041|mprojectid0000042|mviewerid0000038|mviewerid0000058,0.200000,175.500000,0.598888,0.533583,179.300320,0.065300,0.000000,false,99.292000,53,363.893000,"{""cloud-node-02"":39,""hpc-node-02"":19}","{""cloud-node-01"":0,""cloud-node-02"":0.05097,""hpc-node-01"":0,""hpc-node-02"":0.043456,""rpi-edge-01"":0,""rpi-edge-02"":0,""rpi-edge-03"":0,""rpi-edge-04"":0,""rpi-edge-05"":0,""rpi-edge-06"":0,""rpi-edge-07"":0,""rpi-edge-08"":0,""rpi-edge-09"":0,""rpi-edge-10"":0}","[{""rank"":1,""recommended"":true,""feasible"":false,""budget_used"":0.598888,""budget_violation"":0.0653,""makespan"":175.5,""deadline_violation"":0,""machine_signature"":""7c8c6d15c0afdd29"",""weighted_score"":0.906232,""diversity_score"":1.327586},{""rank"":2,""recommended"":false,""feasible"":false,""budget_used"":0.399374,""budget_violation"":0,""makespan"":181.327,""deadline_violation"":2.027,""machine_signature"":""4a20f1d56f515c28"",""weighted_score"":0.936321,""diversity_score"":1.103448},{""rank"":3,""recommended"":false,""feasible"":false,""budget_used"":0.399227,""budget_violation"":0,""makespan"":193.659,""deadline_violation"":14.359,""machine_signature"":""db0abf7d0e11f002"",""weighted_score"":1,""diversity_score"":2.137931}]"
