algorithm,scenario_id,interference_seed,interference_activity_ids,interference_rate,makespan,budget_used,budget_limit,deadline_limit,budget_violation,deadline_violation,feasible,interference_time,interference_pairs,algorithm_milliseconds,machine_distribution,machine_utilization,recommendations_json
heft_colocation,hybrid_hetero,1,maddid0000018|maddid0000037|maddid0000056|mbackgroundid0000015|mbackgroundid0000035|mbgmodelid0000012|mbgmodelid0000031|mconcatfitid0000011|mconcatfitid0000030|mdifffitid0000005|mdifffitid0000007|mdifffitid0000010|mdifffitid0000025|mdifffitid0000026|mdifffitid0000028|mdifffitid0000029|mdifffitid0000044|mimgtblid0000017|mimgtblid0000036|mimgtblid0000055|mprojectid0000003|mprojectid0000020|mprojectid0000022|mprojectid0000023|mprojectid0000040|mprojectid0000041|mviewerid0000038|mviewerid0000057|mviewerid0000058,0.000000,92.184000,0.201106,0.241327,110.620800,0.000000,0.000000,true,0.005000,29,2.140000,"{""bora011"":5,""diablo03"":1,""h4d-standard-192-7"":52}","{""bora011"":0.000638,""diablo03"":0.000209,""h3-standard-88-2"":0,""h4d-standard-192-7"":0.018063}",[]
prism_cc_cost,hybrid_hetero,1,maddid0000018|maddid0000037|maddid0000056|mbackgroundid0000015|mbackgroundid0000035|mbgmodelid0000012|mbgmodelid0000031|mconcatfitid0000011|mconcatfitid0000030|mdifffitid0000005|mdifffitid0000007|mdifffitid0000010|mdifffitid0000025|mdifffitid0000026|mdifffitid0000028|mdifffitid0000029|mdifffitid0000044|mimgtblid0000017|mimgtblid0000036|mimgtblid0000055|mprojectid0000003|mprojectid0000020|mprojectid0000022|mprojectid0000023|mprojectid0000040|mprojectid0000041|mviewerid0000038|mviewerid0000057|mviewerid0000058,0.000000,104.982000,0.127927,0.241327,110.620800,0.000000,0.000000,true,0.006000,34,293.182000,"{""bora011"":24,""diablo03"":12,""h4d-standard-192-7"":22}","{""bora011"":0.011644,""diablo03"":0.003669,""h3-standard-88-2"":0,""h4d-standard-192-7"":0.015318}","[{""rank"":1,""recommended"":true,""feasible"":true,""budget_used"":0.127927,""budget_violation"":0,""makespan"":104.982,""deadline_violation"":0,""machine_signature"":""4cc2e649731bfd69"",""weighted_score"":0.127927,""diversity_score"":2.586207},{""rank"":2,""recommended"":false,""feasible"":true,""budget_used"":0.201106,""budget_violation"":0,""makespan"":92.184,""deadline_violation"":0,""machine_signature"":""90f82e6b739bfe93"",""weighted_score"":0.201106,""diversity_score"":2.103448}]"
prism_cc_time,hybrid_hetero,1,maddid0000018|maddid0000037|maddid0000056|mbackgroundid0000015|mbackgroundid0000035|mbgmodelid0000012|mbgmodelid0000031|mconcatfitid0000011|mconcatfitid0000030|mdifffitid0000005|mdifffitid0000007|mdifffitid0000010|mdifffitid0000025|mdifffitid0000026|mdifffitid0000028|mdifffitid0000029|mdifffitid0000044|mimgtblid0000017|mimgtblid0000036|mimgtblid0000055|mprojectid0000003|mprojectid0000020|mprojectid0000022|mprojectid0000023|mprojectid0000040|mprojectid0000041|mviewerid0000038|mviewerid0000057|mviewerid0000058,0.000000,92.184000,0.201106,0.241327,110.620800,0.000000,0.000000,true,0.005000,29,293.182000,"{""bora011"":5,""diablo03"":1,""h4d-standard-192-7"":52}","{""bora011"":0.000638,""diablo03"":0.000209,""h3-standard-88-2"":0,""h4d-standard-192-7"":0.018063}","[{""rank"":1,""recommended"":true,""feasible"":true,""budget_used"":0.201106,""budget_violation"":0,""makespan"":92.184,""deadline_violation"":0,""machine_signature"":""90f82e6b739bfe93"",""weighted_score"":0.878093,""diversity_score"":2.103448},{""rank"":2,""recommended"":false,""feasible"":true,""budget_used"":0.127927,""budget_violation"":0,""makespan"":104.982,""deadline_violation"":0,""machine_signature"":""4cc2e649731bfd69"",""weighted_score"":1,""diversity_score"":2.586207}]"
heft_colocation,hybrid_hetero,2,maddid0000037|mbackgroundid0000013|mbackgroundid0000014|mbackgroundid0000032|mbackgroundid0000033|mbackgroundid0000051|mbackgroundid0000052|mbackgroundid0000053|mbackgroundid0000054|mconcatfitid0000049|mdifffitid0000008|mdifffitid0000009|mdifffitid0000010|mdifffitid0000025|mdifffitid0000027|mdifffitid0000029|mdifffitid0000045|mdifffitid0000046|mdifffitid0000048|mimgtblid0000055|mprojectid0000001|mprojectid0000002|mprojectid0000020|mprojectid0000021|mprojectid0000022|mprojectid0000040|mviewerid0000038|mviewerid0000057|mviewerid0000058,0.000000,92.184000,0.201106,0.241327,110.620800,0.000000,0.000000,true,0.005000,34,1.433000,"{""bora011"":5,""diablo03"":1,""h4d-standard-192-7"":52}","{""bora011"":0.000638,""diablo03"":0.000209,""h3-standard-88-2"":0,""h4d-standard-192-7"":0.018063}",[]
prism_cc_cost,hybrid_hetero,2,maddid0000037|mbackgroundid0000013|mbackgroundid0000014|mbackgroundid0000032|mbackgroundid0000033|mbackgroundid0000051|mbackgroundid0000052|mbackgroundid0000053|mbackgroundid0000054|mconcatfitid0000049|mdifffitid0000008|mdifffitid0000009|mdifffitid0000010|mdifffitid0000025|mdifffitid0000027|mdifffitid0000029|mdifffitid0000045|mdifffitid0000046|mdifffitid0000048|mimgtblid0000055|mprojectid0000001|mprojectid0000002|mprojectid0000020|mprojectid0000021|mprojectid0000022|mprojectid0000040|mviewerid0000038|mviewerid0000057|mviewerid0000058,0.000000,104.982000,0.127927,0.241327,110.620800,0.000000,0.000000,true,0.006000,39,289.845000,"{""bora011"":24,""diablo03"":12,""h4d-standard-192-7"":22}","{""bora011"":0.011644,""diablo03"":0.003669,""h3-standard-88-2"":0,""h4d-standard-192-7"":0.015318}","[{""rank"":1,""recommended"":true,""feasible"":true,""budget_used"":0.127927,""budget_violation"":0,""makespan"":104.982,""deadline_violation"":0,""machine_signature"":""cf9739a44e402698"",""weighted_score"":0.127927,""diversity_score"":2.586207},{""rank"":2,""recommended"":false,""feasible"":true,""budget_used"":0.201106,""budget_violation"":0,""makespan"":92.184,""deadline_violation"":0,""machine_signature"":""90f82e6b739bfe93"",""weighted_score"":0.201106,""diversity_score"":2.103448}]"
prism_cc_time,hybrid_hetero,2,maddid0000037|mbackgroundid0000013|mbackgroundid0000014|mbackgroundid0000032|mbackgroundid0000033|mbackgroundid0000051|mbackgroundid0000052|mbackgroundid0000053|mbackgroundid0000054|mconcatfitid0000049|mdifffitid0000008|mdifffitid0000009|mdifffitid0000010|mdifffitid0000025|mdifffitid0000027|mdifffitid0000029|mdifffitid0000045|mdifffitid0000046|mdifffitid0000048|mimgtblid0000055|mprojectid0000001|mprojectid0000002|mprojectid0000020|mprojectid0000021|mprojectid0000022|mprojectid0000040|mviewerid0000038|mviewerid0000057|mviewerid0000058,0.000000,92.184000,0.201106,0.241327,110.620800,0.000000,0.000000,true,0.005000,34,289.845000,"{""bora011"":5,""diablo03"":1,""h4d-standard-192-7"":52}","{""bora011"":0.000638,""diablo03"":0.000209,""h3-standard-88-2"":0,""h4d-standard-192-7"":0.018063}","[{""rank"":1,""recommended"":true,""feasible"":true,""budget_used"":0.201106,""budget_violation"":0,""makespan"":92.184,""deadline_violation"":0,""machine_signature"":""90f82e6b739bfe93"",""weighted_score"":0.878093,""diversity_score"":2.103448},{""rank"":2,""recommended"":false,""feasible"":true,""budget_used"":0.127927,""budget_violation"":0,""makespan"":104.982,""deadline_violation"":0,""machine_signature"":""cf9739a44e402698"",""weighted_score"":1,""diversity_score"":2.586207}]"
heft_colocation,hybrid_hetero,3,maddid0000018|maddid0000037|mbackgroundid0000013|mbackgroundid0000014|mbackgroundid0000016|mbackgroundid0000032|mbackgroundid0000033|mbackgroundid0000034|mbackgroundid0000035|mbackgroundid0000052|mbackgroundid0000053|mbackgroundid0000054|mbgmodelid0000050|mconcatfitid0000011|mconcatfitid0000030|mdifffitid0000005|mdifffitid0000010|mdifffitid0000025|mdifffitid0000027|mdifffitid0000029|mdifffitid0000043|mdifffitid0000044|mdifffitid0000048|mimgtblid0000017|mimgtblid0000036|mprojectid0000004|mprojectid0000039|mviewerid0000038|mviewerid0000058,0.000000,92.184000,0.201106,0.241327,110.620800,0.000000,0.000000,true,0.005000,16,1.456000,"{""bora011"":5,""diablo03"":1,""h4d-standard-192-7"":52}","{""bora011"":0.000638,""diablo03"":0.000209,""h3-standard-88-2"":0,""h4d-standard-192-7"":0.018063}",[]
prism_cc_cost,hybrid_hetero,3,maddid0000018|maddid0000037|mbackgroundid0000013|mbackgroundid0000014|mbackgroundid0000016|mbackgroundid0000032|mbackgroundid0000033|mbackgroundid0000034|mbackgroundid0000035|mbackgroundid0000052|mbackgroundid0000053|mbackgroundid0000054|mbgmodelid0000050|mconcatfitid0000011|mconcatfitid0000030|mdifffitid0000005|mdifffitid0000010|mdifffitid0000025|mdifffitid0000027|mdifffitid0000029|mdifffitid0000043|mdifffitid0000044|mdifffitid0000048|mimgtblid0000017|mimgtblid0000036|mprojectid0000004|mprojectid0000039|mviewerid0000038|mviewerid0000058,0.000000,104.982000,0.127927,0.241327,110.620800,0.000000,0.000000,true,0.006000,15,333.470000,"{""bora011"":24,""diablo03"":12,""h4d-standard-192-7"":22}","{""bora011"":0.011644,""diablo03"":0.003669,""h3-standard-88-2"":0,""h4d-standard-192-7"":0.015318}","[{""rank"":1,""recommended"":true,""feasible"":true,""budget_used"":0.127927,""budget_violation"":0,""makespan"":104.982,""deadline_violation"":0,""machine_signature"":""4f8ec00fc916aac1"",""weighted_score"":0.127927,""diversity_score"":2.586207},{""rank"":2,""recommended"":false,""feasible"":true,""budget_used"":0.201106,""budget_violation"":0,""makespan"":92.184,""deadline_violation"":0,""machine_signature"":""90f82e6b739bfe93"",""weighted_score"":0.201106,""diversity_score"":2.103448}]"
prism_cc_time,hybrid_hetero,3,maddid0000018|maddid0000037|mbackgroundid0000013|mbackgroundid0000014|mbackgroundid0000016|mbackgroundid0000032|mbackgroundid0000033|mbackgroundid0000034|mbackgroundid0000035|mbackgroundid0000052|mbackgroundid0000053|mbackgroundid0000054|mbgmodelid0000050|mconcatfitid0000011|mconcatfitid0000030|mdifffitid0000005|mdifffitid0000010|mdifffitid0000025|mdifffitid0000027|mdifffitid0000029|mdifffitid0000043|mdifffitid0000044|mdifffitid0000048|mimgtblid0000017|mimgtblid0000036|mprojectid0000004|mprojectid0000039|mviewerid0000038|mviewerid0000058,0.000000,92.184000,0.201106,0.241327,110.620800,0.000000,0.000000,true,0.005000,16,333.470000,"{""bora011"":5,""diablo03"":1,""h4d-standard-192-7"":52}","{""bora011"":0.000638,""diablo03"":0.000209,""h3-standard-88-2"":0,""h4d-standard-192-7"":0.018063}","[{""rank"":1,""recommended"":true,""feasible"":true,""budget_used"":0.201106,""budget_violation"":0,""makespan"":92.184,""deadline_violation"":0,""machine_signature"":""90f82e6b739bfe93"",""weighted_score"":0.878093,""diversity_score"":2.103448},{""rank"":2,""recommended"":false,""feasible"":true,""budget_used"":0.127927,""budget_violation"":0,""makespan"":104.982,""deadline_violation"":0,""machine_signature"":""4f8ec00fc916aac1"",""weighted_score"":1,""diversity_score"":2.586207}]"
heft_colocation,hybrid_hetero,4,maddid0000056|mbackgroundid0000013|mbackgroundid0000016|mbackgroundid0000032|mbackgroundid0000033|mbackgroundid0000034|mbackgroundid0000052|mbackgroundid0000053|mdifffitid0000005|mdifffitid0000006|mdifffitid0000009|mdifffitid0000010|mdifffitid0000027|mdifffitid0000028|mdifffitid0000044|mdifffitid0000045|mdifffitid0000047|mdifffitid0000048|mimgtblid0000036|mimgtblid0000055|mprojectid0000001|mprojectid0000003|mprojectid0000021|mprojectid0000022|mprojectid0000023|mprojectid0000039|mprojectid0000040|mviewerid0000038|mviewerid0000058,0.000000,92.184000,0.201106,0.241327,110.620800,0.000000,0.000000,true,0.005000,43,1.447000,"{""bora011"":5,""diablo03"":1,""h4d-standard-192-7"":52}","{""bora011"":0.000638,""diablo03"":0.000209,""h3-standard-88-2"":0,""h4d-standard-192-7"":0.018063}",[]
prism_cc_cost,hybrid_hetero,4,maddid0000056|mbackgroundid0000013|mbackgroundid0000016|mbackgroundid0000032|mbackgroundid0000033|mbackgroundid0000034|mbackgroundid0000052|mbackgroundid0000053|mdifffitid0000005|mdifffitid0000006|mdifffitid0000009|mdifffitid0000010|mdifffitid0000027|mdifffitid0000028|mdifffitid0000044|mdifffitid0000045|mdifffitid0000047|mdifffitid0000048|mimgtblid0000036|mimgtblid0000055|mprojectid0000001|mprojectid0000003|mprojectid0000021|mprojectid0000022|mprojectid0000023|mprojectid0000039|mprojectid0000040|mviewerid0000038|mviewerid0000058,0.000000,104.982000,0.127927,0.241327,110.620800,0.000000,0.000000,true,0.006000,43,288.611000,"{""bora011"":24,""diablo03"":12,""h4d-standard-192-7"":22}","{""bora011"":0.011644,""diablo03"":0.003669,""h3-standard-88-2"":0,""h4d-standard-192-7"":0.015318}","[{""rank"":1,""recommended"":true,""feasible"":true,""budget_used"":0.127927,""budget_violation"":0,""makespan"":104.982,""deadline_violation"":0,""machine_signature"":""4f8ec00fc916aac1"",""weighted_score"":0.127927,""diversity_score"":2.586207},{""rank"":2,""recommended"":false,""feasible"":true,""budget_used"":0.201106,""budget_violation"":0,""makespan"":92.184,""deadline_violation"":0,""machine_signature"":""90f82e6b739bfe93"",""weighted_score"":0.201106,""diversity_score"":2.103448}]"
prism_cc_time,hybrid_hetero,4,maddid0000056|mbackgroundid0000013|mbackgroundid0000016|mbackgroundid0000032|mbackgroundid0000033|mbackgroundid0000034|mbackgroundid0000052|mbackgroundid0000053|mdifffitid0000005|mdifffitid0000006|mdifffitid0000009|mdifffitid0000010|mdifffitid0000027|mdifffitid0000028|mdifffitid0000044|mdifffitid0000045|mdifffitid0000047|mdifffitid0000048|mimgtblid0000036|mimgtblid0000055|mprojectid0000001|mprojectid0000003|mprojectid0000021|mprojectid0000022|mprojectid0000023|mprojectid0000039|mprojectid0000040|mviewerid0000038|mviewerid0000058,0.000000,92.184000,0.201106,0.241327,110.620800,0.000000,0.000000,true,0.005000,43,288.611000,"{""bora011"":5,""diablo03"":1,""h4d-standard-192-7"":52}","{""bora011"":0.000638,""diablo03"":0.000209,""h3-standard-88-2"":0,""h4d-standard-192-7"":0.018063}","[{""rank"":1,""recommended"":true,""feasible"":true,""budget_used"":0.201106,""budget_violation"":0,""makespan"":92.184,""deadline_violation"":0,""machine_signature"":""90f82e6b739bfe93"",""weighted_score"":0.878093,""diversity_score"":2.103448},{""rank"":2,""recommended"":false,""feasible"":true,""budget_used"":0.127927,""budget_violation"":0,""makespan"":104.982,""deadline_violation"":0,""machine_signature"":""4f8ec00fc916aac1"",""weighted_score"":1,""diversity_score"":2.586207}]"
heft_colocation,hybrid_hetero,5,maddid0000037|maddid0000056|mbackgroundid0000013|mbackgroundid0000014|mbackgroundid0000016|mbackgroundid0000033|mbackgroundid0000034|mbackgroundid0000035|mbackgroundid0000051|mbgmodelid0000012|mbgmodelid0000050|mconcatfitid0000011|mconcatfitid0000030|mconcatfitid0000049|mdifffitid0000007|mdifffitid0000024|mdifffitid0000028|mdifffitid0000045|mdifffitid0000048|mimgtblid0000017|mimgtblid0000036|mprojectid0000001|mprojectid0000004|mprojectid0000021|mprojectid0000023|mprojectid0000041|mviewerid0000038|mviewerid0000057|mviewerid0000058,0.000000,92.184000,0.201106,0.241327,110.620800,0.000000,0.000000,true,0.005000,20,2.199000,"{""bora011"":5,""diablo03"":1,""h4d-standard-192-7"":52}","{""bora011"":0.000638,""diablo03"":0.000209,""h3-standard-88-2"":0,""h4d-standard-192-7"":0.018063}",[]
prism_cc_cost,hybrid_hetero,5,maddid0000037|maddid0000056|mbackgroundid0000013|mbackgroundid0000014|mbackgroundid0000016|mbackgroundid0000033|mbackgroundid0000034|mbackgroundid0000035|mbackgroundid0000051|mbgmodelid0000012|mbgmodelid0000050|mconcatfitid0000011|mconcatfitid0000030|mconcatfitid0000049|mdifffitid0000007|mdifffitid0000024|mdifffitid0000028|mdifffitid0000045|mdifffitid0000048|mimgtblid0000017|mimgtblid0000036|mprojectid0000001|mprojectid0000004|mprojectid0000021|mprojectid0000023|mprojectid0000041|mviewerid0000038|mviewerid0000057|mviewerid0000058,0.000000,104.982000,0.127927,0.241327,110.620800,0.000000,0.000000,true,0.006000,28,315.168000,"{""bora011"":24,""diablo03"":12,""h4d-standard-192-7"":22}","{""bora011"":0.011644,""diablo03"":0.003669,""h3-standard-88-2"":0,""h4d-standard-192-7"":0.015318}","[{""rank"":1,""recommended"":true,""feasible"":true,""budget_used"":0.127927,""budget_violation"":0,""makespan"":104.982,""deadline_violation"":0,""machine_signature"":""73e9cadf5d3632e6"",""weighted_score"":0.127927,""diversity_score"":2.586207},{""rank"":2,""recommended"":false,""feasible"":true,""budget_used"":0.201106,""budget_violation"":0,""makespan"":92.184,""deadline_violation"":0,""machine_signature"":""90f82e6b739bfe93"",""weighted_score"":0.201106,""diversity_score"":2.103448}]"
prism_cc_time,hybrid_hetero,5,maddid0000037|maddid0000056|mbackgroundid0000013|mbackgroundid0000014|mbackgroundid0000016|mbackgroundid0000033|mbackgroundid0000034|mbackgroundid0000035|mbackgroundid0000051|mbgmodelid0000012|mbgmodelid0000050|mconcatfitid0000011|mconcatfitid0000030|mconcatfitid0000049|mdifffitid0000007|mdifffitid0000024|mdifffitid0000028|mdifffitid0000045|mdifffitid0000048|mimgtblid0000017|mimgtblid0000036|mprojectid0000001|mprojectid0000004|mprojectid0000021|mprojectid0000023|mprojectid0000041|mviewerid0000038|mviewerid0000057|mviewerid0000058,0.000000,92.184000,0.201106,0.241327,110.620800,0.000000,0.000000,true,0.005000,20,315.168000,"{""bora011"":5,""diablo03"":1,""h4d-standard-192-7"":52}","{""bora011"":0.000638,""diablo03"":0.000209,""h3-standard-88-2"":0,""h4d-standard-192-7"":0.018063}","[{""rank"":1,""recommended"":true,""feasible"":true,""budget_used"":0.201106,""budget_violation"":0,""makespan"":92.184,""deadline_violation"":0,""machine_signature"":""90f82e6b739bfe93"",""weighted_score"":0.878093,""diversity_score"":2.103448},{""rank"":2,""recommended"":false,""feasible"":true,""budget_used"":0.127927,""budget_violation"":0,""makespan"":104.982,""deadline_violation"":0,""machine_signature"":""73e9cadf5d3632e6"",""weighted_score"":1,""diversity_score"":2.586207}]"
heft_colocation,hybrid_hetero,6,maddid0000018|maddid0000056|mbackgroundid0000013|mbackgroundid0000016|mbackgroundid0000033|mbackgroundid0000034|mbackgroundid0000035|mbackgroundid0000053|mbgmodelid0000031|mconcatfitid0000030|mdifffitid0000005|mdifffitid0000007|mdifffitid0000008|mdifffitid0000009|mdifffitid0000010|mdifffitid0000024|mdifffitid0000025|mdifffitid0000027|mdifffitid0000028|mdifffitid0000045|mdifffitid0000046|mdifffitid0000048|mprojectid0000002|mprojectid0000004|mprojectid0000039|mprojectid0000040|mprojectid0000041|mviewerid0000019|mviewerid0000057,0.000000,92.184000,0.201106,0.241327,110.620800,0.000000,0.000000,true,0.005000,35,1.796000,"{""bora011"":5,""diablo03"":1,""h4d-standard-192-7"":52}","{""bora011"":0.000638,""diablo03"":0.000209,""h3-standard-88-2"":0,""h4d-standard-192-7"":0.018063}",[]
prism_cc_cost,hybrid_hetero,6,maddid0000018|maddid0000056|mbackgroundid0000013|mbackgroundid0000016|mbackgroundid0000033|mbackgroundid0000034|mbackgroundid0000035|mbackgroundid0000053|mbgmodelid0000031|mconcatfitid0000030|mdifffitid0000005|mdifffitid0000007|mdifffitid0000008|mdifffitid0000009|mdifffitid0000010|mdifffitid0000024|mdifffitid0000025|mdifffitid0000027|mdifffitid0000028|mdifffitid0000045|mdifffitid0000046|mdifffitid0000048|mprojectid0000002|mprojectid0000004|mprojectid0000039|mprojectid0000040|mprojectid0000041|mviewerid0000019|mviewerid0000057,0.000000,104.982000,0.127927,0.241327,110.620800,0.000000,0.000000,true,0.006000,42,287.916000,"{""bora011"":24,""diablo03"":12,""h4d-standard-192-7"":22}","{""bora011"":0.011644,""diablo03"":0.003669,""h3-standard-88-2"":0,""h4d-standard-192-7"":0.015318}","[{""rank"":1,""recommended"":true,""feasible"":true,""budget_used"":0.127927,""budget_violation"":0,""makespan"":104.982,""deadline_violation"":0,""machine_signature"":""4f8ec00fc916aac1"",""weighted_score"":0.127927,""diversity_score"":2.586207},{""rank"":2,""recommended"":false,""feasible"":true,""budget_used"":0.201106,""budget_violation"":0,""makespan"":92.184,""deadline_violation"":0,""machine_signature"":""90f82e6b739bfe93"",""weighted_score"":0.201106,""diversity_score"":2.103448}]"
prism_cc_time,hybrid_hetero,6,maddid0000018|maddid0000056|mbackgroundid0000013|mbackgroundid0000016|mbackgroundid0000033|mbackgroundid0000034|mbackgroundid0000035|mbackgroundid0000053|mbgmodelid0000031|mconcatfitid0000030|mdifffitid0000005|mdifffitid0000007|mdifffitid0000008|mdifffitid0000009|mdifffitid0000010|mdifffitid0000024|mdifffitid0000025|mdifffitid0000027|mdifffitid0000028|mdifffitid0000045|mdifffitid0000046|mdifffitid0000048|mprojectid0000002|mprojectid0000004|mprojectid0000039|mprojectid0000040|mprojectid0000041|mviewerid0000019|mviewerid0000057,0.000000,92.184000,0.201106,0.241327,110.620800,0.000000,0.000000,true,0.005000,35,287.916000,"{""bora011"":5,""diablo03"":1,""h4d-standard-192-7"":52}","{""bora011"":0.000638,""diablo03"":0.000209,""h3-standard-88-2"":0,""h4d-standard-192-7"":0.018063}","[{""rank"":1,""recommended"":true,""feasible"":true,""budget_used"":0.201106,""budget_violation"":0,""makespan"":92.184,""deadline_violation"":0,""machine_signature"":""90f82e6b739bfe93"",""weighted_score"":0.878093,""diversity_score"":2.103448},{""rank"":2,""recommended"":false,""feasible"":true,""budget_used"":0.127927,""budget_violation"":0,""makespan"":104.982,""deadline_violation"":0,""machine_signature"":""4f8ec00fc916aac1"",""weighted_score"":1,""diversity_score"":2.586207}]"
heft_colocation,hybrid_hetero,7,maddid0000056|mbackgroundid0000013|mbackgroundid0000014|mbackgroundid0000033|mbackgroundid0000034|mbackgroundid0000035|mbackgroundid0000054|mbgmodelid0000012|mbgmodelid0000031|mconcatfitid0000030|mdifffitid0000005|mdifffitid0000008|mdifffitid0000009|mdifffitid0000010|mdifffitid0000027|mdifffitid0000028|mdifffitid0000043|mdifffitid0000046|mimgtblid0000017|mimgtblid0000055|mprojectid0000001|mprojectid0000002|mprojectid0000003|mprojectid0000020|mprojectid0000021|mprojectid0000022|mprojectid0000023|mviewerid0000019|mviewerid0000058,0.000000,92.184000,0.201106,0.241327,110.620800,0.000000,0.000000,true,0.005000,38,1.863000,"{""bora011"":5,""diablo03"":1,""h4d-standard-192-7"":52}","{""bora011"":0.000638,""diablo03"":0.000209,""h3-standard-88-2"":0,""h4d-standard-192-7"":0.018063}",[]
prism_cc_cost,hybrid_hetero,7,maddid0000056|mbackgroundid0000013|mbackgroundid0000014|mbackgroundid0000033|mbackgroundid0000034|mbackgroundid0000035|mbackgroundid0000054|mbgmodelid0000012|mbgmodelid0000031|mconcatfitid0000030|mdifffitid0000005|mdifffitid0000008|mdifffitid0000009|mdifffitid0000010|mdifffitid0000027|mdifffitid0000028|mdifffitid0000043|mdifffitid0000046|mimgtblid0000017|mimgtblid0000055|mprojectid0000001|mprojectid0000002|mprojectid0000003|mprojectid0000020|mprojectid0000021|mprojectid0000022|mprojectid0000023|mviewerid0000019|mviewerid0000058,0.000000,104.982000,0.127927,0.241327,110.620800,0.000000,0.000000,true,0.006000,37,297.141000,"{""bora011"":24,""diablo03"":12,""h4d-standard-192-7"":22}","{""bora011"":0.011644,""diablo03"":0.003669,""h3-standard-88-2"":0,""h4d-standard-192-7"":0.015318}","[{""rank"":1,""recommended"":true,""feasible"":true,""budget_used"":0.127927,""budget_violation"":0,""makespan"":104.982,""deadline_violation"":0,""machine_signature"":""4cc2e649731bfd69"",""weighted_score"":0.127927,""diversity_score"":2.586207},{""rank"":2,""recommended"":false,""feasible"":true,""budget_used"":0.201106,""budget_violation"":0,""makespan"":92.184,""deadline_violation"":0,""machine_signature"":""90f82e6b739bfe93"",""weighted_score"":0.201106,""diversity_score"":2.103448}]"
prism_cc_time,hybrid_hetero,7,maddid0000056|mbackgroundid0000013|mbackgroundid0000014|mbackgroundid0000033|mbackgroundid0000034|mbackgroundid0000035|mbackgroundid0000054|mbgmodelid0000012|mbgmodelid0000031|mconcatfitid0000030|mdifffitid0000005|mdifffitid0000008|mdifffitid0000009|mdifffitid0000010|mdifffitid0000027|mdifffitid0000028|mdifffitid0000043|mdifffitid0000046|mimgtblid0000017|mimgtblid0000055|mprojectid0000001|mprojectid0000002|mprojectid0000003|mprojectid0000020|mprojectid0000021|mprojectid0000022|mprojectid0000023|mviewerid0000019|mviewerid0000058,0.000000,92.184000,0.201106,0.241327,110.620800,0.000000,0.000000,true,0.005000,38,297.141000,"{""bora011"":5,""diablo03"":1,""h4d-standard-192-7"":52}","{""bora011"":0.000638,""diablo03"":0.000209,""h3-standard-88-2"":0,""h4d-standard-192-7"":0.018063}","[{""rank"":1,""recommended"":true,""feasible"":true,""budget_used"":0.201106,""budget_violation"":0,""makespan"":92.184,""deadline_violation"":0,""machine_signature"":""90f82e6b739bfe93"",""weighted_score"":0.878093,""diversity_score"":2.103448},{""rank"":2,""recommended"":false,""feasible"":true,""budget_used"":0.127927,""budget_violation"":0,""makespan"":104.982,""deadline_violation"":0,""machine_signature"":""4cc2e649731bfd69"",""weighted_score"":1,""diversity_score"":2.586207}]"
heft_colocation,hybrid_hetero,8,maddid0000018|maddid0000037|maddid0000056|mbackgroundid0000014|mbackgroundid0000016|mbackgroundid0000032|mbackgroundid0000033|mbackgroundid0000035|mbackgroundid0000052|mbackgroundid0000053|mbgmodelid0000012|mbgmodelid0000031|mbgmodelid0000050|mdifffitid0000006|mdifffitid0000008|mdifffitid0000024|mdifffitid0000043|mdifffitid0000044|mdifffitid0000045|mimgtblid0000036|mprojectid0000003|mprojectid0000004|mprojectid0000020|mprojectid0000021|mprojectid0000039|mprojectid0000040|mprojectid0000042|mviewerid0000038|mviewerid0000057,0.000000,92.184000,0.201106,0.241327,110.620800,0.000000,0.000000,true,0.005000,32,2.021000,"{""bora011"":5,""diablo03"":1,""h4d-standard-192-7"":52}","{""bora011"":0.000638,""diablo03"":0.000209,""h3-standard-88-2"":0,""h4d-standard-192-7"":0.018063}",[]
prism_cc_cost,hybrid_hetero,8,maddid0000018|maddid0000037|maddid0000056|mbackgroundid0000014|mbackgroundid0000016|mbackgroundid0000032|mbackgroundid0000033|mbackgroundid0000035|mbackgroundid0000052|mbackgroundid0000053|mbgmodelid0000012|mbgmodelid0000031|mbgmodelid0000050|mdifffitid0000006|mdifffitid0000008|mdifffitid0000024|mdifffitid0000043|mdifffitid0000044|mdifffitid0000045|mimgtblid0000036|mprojectid0000003|mprojectid0000004|mprojectid0000020|mprojectid0000021|mprojectid0000039|mprojectid0000040|mprojectid0000042|mviewerid0000038|mviewerid0000057,0.000000,104.982000,0.127927,0.241327,110.620800,0.000000,0.000000,true,0.006000,37,285.336000,"{""bora011"":24,""diablo03"":12,""h4d-standard-192-7"":22}","{""bora011"":0.011644,""diablo03"":0.003669,""h3-standard-88-2"":0,""h4d-standard-192-7"":0.015318}","[{""rank"":1,""recommended"":true,""feasible"":true,""budget_used"":0.127927,""budget_violation"":0,""makespan"":104.982,""deadline_violation"":0,""machine_signature"":""4f8ec00fc916aac1"",""weighted_score"":0.127927,""diversity_score"":2.586207},{""rank"":2,""recommended"":false,""feasible"":true,""budget_used"":0.201106,""budget_violation"":0,""makespan"":92.184,""deadline_violation"":0,""machine_signature"":""90f82e6b739bfe93"",""weighted_score"":0.201106,""diversity_score"":2.103448}]"
prism_cc_time,hybrid_hetero,8,maddid0000018|maddid0000037|maddid0000056|mbackgroundid0000014|mbackgroundid0000016|mbackgroundid0000032|mbackgroundid0000033|mbackgroundid0000035|mbackgroundid0000052|mbackgroundid0000053|mbgmodelid0000012|mbgmodelid0000031|mbgmodelid0000050|mdifffitid0000006|mdifffitid0000008|mdifffitid0000024|mdifffitid0000043|mdifffitid0000044|mdifffitid0000045|mimgtblid0000036|mprojectid0000003|mprojectid0000004|mprojectid0000020|mprojectid0000021|mprojectid0000039|mprojectid0000040|mprojectid0000042|mviewerid0000038|mviewerid0000057,0.000000,92.184000,0.201106,0.241327,110.620800,0.000000,0.000000,true,0.005000,32,285.336000,"{""bora011"":5,""diablo03"":1,""h4d-standard-192-7"":52}","{""bora011"":0.000638,""diablo03"":0.000209,""h3-standard-88-2"":0,""h4d-standard-192-7"":0.018063}","[{""rank"":1,""recommended"":true,""feasible"":true,""budget_used"":0.201106,""budget_violation"":0,""makespan"":92.184,""deadline_violation"":0,""machine_signature"":""90f82e6b739bfe93"",""weighted_score"":0.878093,""diversity_score"":2.103448},{""rank"":2,""recommended"":false,""feasible"":true,""budget_used"":0.127927,""budget_violation"":0,""makespan"":104.982,""deadline_violation"":0,""machine_signature"":""4f8ec00fc916aac1"",""weighted_score"":1,""diversity_score"":2.586207}]"
heft_colocation,hybrid_hetero,9,maddid0000037|mbackgroundid0000013|mbackgroundid0000016|mbackgroundid0000032|mbackgroundid0000033|mbackgroundid0000052|mbackgroundid0000053|mbackgroundid0000054|mbgmodelid0000012|mbgmodelid0000031|mconcatfitid0000011|mconcatfitid0000030|mdifffitid0000005|mdifffitid0000008|mdifffitid0000009|mdifffitid0000010|mdifffitid0000028|mdifffitid0000029|mdifffitid0000046|mimgtblid0000055|mprojectid0000003|mprojectid0000004|mprojectid0000020|mprojectid0000022|mprojectid0000023|mprojectid0000040|mprojectid0000042|mviewerid0000038|mviewerid0000057,0.000000,92.184000,0.201106,0.241327,110.620800,0.000000,0.000000,true,0.005000,44,2.448000,"{""bora011"":5,""diablo03"":1,""h4d-standard-192-7"":52}","{""bora011"":0.000638,""diablo03"":0.000209,""h3-standard-88-2"":0,""h4d-standard-192-7"":0.018063}",[]
prism_cc_cost,hybrid_hetero,9,maddid0000037|mbackgroundid0000013|mbackgroundid0000016|mbackgroundid0000032|mbackgroundid0000033|mbackgroundid0000052|mbackgroundid0000053|mbackgroundid0000054|mbgmodelid0000012|mbgmodelid0000031|mconcatfitid0000011|mconcatfitid0000030|mdifffitid0000005|mdifffitid0000008|mdifffitid0000009|mdifffitid0000010|mdifffitid0000028|mdifffitid0000029|mdifffitid0000046|mimgtblid0000055|mprojectid0000003|mprojectid0000004|mprojectid0000020|mprojectid0000022|mprojectid0000023|mprojectid0000040|mprojectid0000042|mviewerid0000038|mviewerid0000057,0.000000,104.982000,0.127927,0.241327,110.620800,0.000000,0.000000,true,0.006000,46,293.650000,"{""bora011"":24,""diablo03"":12,""h4d-standard-192-7"":22}","{""bora011"":0.011644,""diablo03"":0.003669,""h3-standard-88-2"":0,""h4d-standard-192-7"":0.015318}","[{""rank"":1,""recommended"":true,""feasible"":true,""budget_used"":0.127927,""budget_violation"":0,""makespan"":104.982,""deadline_violation"":0,""machine_signature"":""186036857a0621e7"",""weighted_score"":0.127927,""diversity_score"":2.586207},{""rank"":2,""recommended"":false,""feasible"":true,""budget_used"":0.201106,""budget_violation"":0,""makespan"":92.184,""deadline_violation"":0,""machine_signature"":""90f82e6b739bfe93"",""weighted_score"":0.201106,""diversity_score"":2.103448}]"
prism_cc_time,hybrid_hetero,9,maddid0000037|mbackgroundid0000013|mbackgroundid0000016|mbackgroundid0000032|mbackgroundid0000033|mbackgroundid0000052|mbackgroundid0000053|mbackgroundid0000054|mbgmodelid0000012|mbgmodelid0000031|mconcatfitid0000011|mconcatfitid0000030|mdifffitid0000005|mdifffitid0000008|mdifffitid0000009|mdifffitid0000010|mdifffitid0000028|mdifffitid0000029|mdifffitid0000046|mimgtblid0000055|mprojectid0000003|mprojectid0000004|mprojectid0000020|mprojectid0000022|mprojectid0000023|mprojectid0000040|mprojectid0000042|mviewerid0000038|mviewerid0000057,0.000000,92.184000,0.201106,0.241327,110.620800,0.000000,0.000000,true,0.005000,44,293.650000,"{""bora011"":5,""diablo03"":1,""h4d-standard-192-7"":52}","{""bora011"":0.000638,""diablo03"":0.000209,""h3-standard-88-2"":0,""h4d-standard-192-7"":0.018063}","[{""rank"":1,""recommended"":true,""feasible"":true,""budget_used"":0.201106,""budget_violation"":0,""makespan"":92.184,""deadline_violation"":0,""machine_signature"":""90f82e6b739bfe93"",""weighted_score"":0.878093,""diversity_score"":2.103448},{""rank"":2,""recommended"":false,""feasible"":true,""budget_used"":0.127927,""budget_violation"":0,""makespan"":104.982,""deadline_violation"":0,""machine_signature"":""186036857a0621e7"",""weighted_score"":1,""diversity_score"":2.586207}]"
heft_colocation,hybrid_hetero,10,maddid0000018|maddid0000056|mbackgroundid0000013|mbackgroundid0000015|mbackgroundid0000016|mbackgroundid0000034|mbackgroundid0000052|mbackgroundid0000053|mbackgroundid0000054|mbgmodelid0000012|mbgmodelid0000031|mconcatfitid0000011|mconcatfitid0000049|mdifffitid0000006|mdifffitid0000026|mdifffitid0000027|mdifffitid0000044|mdifffitid0000045|mdifffitid0000046|mimgtblid0000017|mprojectid0000001|mprojectid0000003|mprojectid0000020|mprojectid0000021|mprojectid0000039|mprojectid0000041|mprojectid0000042|mviewerid0000019|mviewerid0000038,0.000000,92.184000,0.201106,0.241327,110.620800,0.000000,0.000000,true,0.005000,28,2.868000,"{""bora011"":5,""diablo03"":1,""h4d-standard-192-7"":52}","{""bora011"":0.000638,""diablo03"":0.000209,""h3-standard-88-2"":0,""h4d-standard-192-7"":0.018063}",[]
prism_cc_cost,hybrid_hetero,10,maddid0000018|maddid0000056|mbackgroundid0000013|mbackgroundid0000015|mbackgroundid0000016|mbackgroundid0000034|mbackgroundid0000052|mbackgroundid0000053|mbackgroundid0000054|mbgmodelid0000012|mbgmodelid0000031|mconcatfitid0000011|mconcatfitid0000049|mdifffitid0000006|mdifffitid0000026|mdifffitid0000027|mdifffitid0000044|mdifffitid0000045|mdifffitid0000046|mimgtblid0000017|mprojectid0000001|mprojectid0000003|mprojectid0000020|mprojectid0000021|mprojectid0000039|mprojectid0000041|mprojectid0000042|mviewerid0000019|mviewerid0000038,0.000000,104.982000,0.127927,0.241327,110.620800,0.000000,0.000000,true,0.006000,33,287.573000,"{""bora011"":24,""diablo03"":12,""h4d-standard-192-7"":22}","{""bora011"":0.011644,""diablo03"":0.003669,""h3-standard-88-2"":0,""h4d-standard-192-7"":0.015318}","[{""rank"":1,""recommended"":true,""feasible"":true,""budget_used"":0.127927,""budget_violation"":0,""makespan"":104.982,""deadline_violation"":0,""machine_signature"":""4f8ec00fc916aac1"",""weighted_score"":0.127927,""diversity_score"":2.586207},{""rank"":2,""recommended"":false,""feasible"":true,""budget_used"":0.201106,""budget_violation"":0,""makespan"":92.184,""deadline_violation"":0,""machine_signature"":""90f82e6b739bfe93"",""weighted_score"":0.201106,""diversity_score"":2.103448}]"
prism_cc_time,hybrid_hetero,10,maddid0000018|maddid0000056|mbackgroundid0000013|mbackgroundid0000015|mbackgroundid0000016|mbackgroundid0000034|mbackgroundid0000052|mbackgroundid0000053|mbackgroundid0000054|mbgmodelid0000012|mbgmodelid0000031|mconcatfitid0000011|mconcatfitid0000049|mdifffitid0000006|mdifffitid0000026|mdifffitid0000027|mdifffitid0000044|mdifffitid0000045|mdifffitid0000046|mimgtblid0000017|mprojectid0000001|mprojectid0000003|mprojectid0000020|mprojectid0000021|mprojectid0000039|mprojectid0000041|mprojectid0000042|mviewerid0000019|mviewerid0000038,0.000000,92.184000,0.201106,0.241327,110.620800,0.000000,0.000000,true,0.005000,28,287.573000,"{""bora011"":5,""diablo03"":1,""h4d-standard-192-7"":52}","{""bora011"":0.000638,""diablo03"":0.000209,""h3-standard-88-2"":0,""h4d-standard-192-7"":0.018063}","[{""rank"":1,""recommended"":true,""feasible"":true,""budget_used"":0.201106,""budget_violation"":0,""makespan"":92.184,""deadline_violation"":0,""machine_signature"":""90f82e6b739bfe93"",""weighted_score"":0.878093,""diversity_score"":2.103448},{""rank"":2,""recommended"":false,""feasible"":true,""budget_used"":0.127927,""budget_violation"":0,""makespan"":104.982,""deadline_violation"":0,""machine_signature"":""4f8ec00fc916aac1"",""weighted_score"":1,""diversity_score"":2.586207}]"
heft_colocation,hybrid_hetero,11,maddid0000018|maddid0000037|mbackgroundid0000014|mbackgroundid0000032|mbackgroundid0000034|mbackgroundid0000053|mbackgroundid0000054|mbgmodelid0000031|mconcatfitid0000030|mconcatfitid0000049|mdifffitid0000005|mdifffitid0000006|mdifffitid0000009|mdifffitid0000010|mdifffitid0000026|mdifffitid0000029|mdifffitid0000045|mdifffitid0000047|mdifffitid0000048|mimgtblid0000017|mprojectid0000001|mprojectid0000002|mprojectid0000003|mprojectid0000021|mprojectid0000039|mprojectid0000041|mprojectid0000042|mviewerid0000019|mviewerid0000038,0.000000,92.184000,0.201106,0.241327,110.620800,0.000000,0.000000,true,0.005000,40,1.675000,"{""bora011"":5,""diablo03"":1,""h4d-standard-192-7"":52}","{""bora011"":0.000638,""diablo03"":0.000209,""h3-standard-88-2"":0,""h4d-standard-192-7"":0.018063}",[]
prism_cc_cost,hybrid_hetero,11,maddid0000018|maddid0000037|mbackgroundid0000014|mbackgroundid0000032|mbackgroundid0000034|mbackgroundid0000053|mbackgroundid0000054|mbgmodelid0000031|mconcatfitid0000030|mconcatfitid0000049|mdifffitid0000005|mdifffitid0000006|mdifffitid0000009|mdifffitid0000010|mdifffitid0000026|mdifffitid0000029|mdifffitid0000045|mdifffitid0000047|mdifffitid0000048|mimgtblid0000017|mprojectid0000001|mprojectid0000002|mprojectid0000003|mprojectid0000021|mprojectid0000039|mprojectid0000041|mprojectid0000042|mviewerid0000019|mviewerid0000038,0.000000,104.982000,0.127927,0.241327,110.620800,0.000000,0.000000,true,0.006000,43,309.063000,"{""bora011"":24,""diablo03"":12,""h4d-standard-192-7"":22}","{""bora011"":0.011644,""diablo03"":0.003669,""h3-standard-88-2"":0,""h4d-standard-192-7"":0.015318}","[{""rank"":1,""recommended"":true,""feasible"":true,""budget_used"":0.127927,""budget_violation"":0,""makespan"":104.982,""deadline_violation"":0,""machine_signature"":""dd4ac96b770058e4"",""weighted_score"":0.127927,""diversity_score"":2.586207},{""rank"":2,""recommended"":false,""feasible"":true,""budget_used"":0.201106,""budget_violation"":0,""makespan"":92.184,""deadline_violation"":0,""machine_signature"":""90f82e6b739bfe93"",""weighted_score"":0.201106,""diversity_score"":2.103448}]"
prism_cc_time,hybrid_hetero,11,maddid0000018|maddid0000037|mbackgroundid0000014|mbackgroundid0000032|mbackgroundid0000034|mbackgroundid0000053|mbackgroundid0000054|mbgmodelid0000031|mconcatfitid0000030|mconcatfitid0000049|mdifffitid0000005|mdifffitid0000006|mdifffitid0000009|mdifffitid0000010|mdifffitid0000026|mdifffitid0000029|mdifffitid0000045|mdifffitid0000047|mdifffitid0000048|mimgtblid0000017|mprojectid0000001|mprojectid0000002|mprojectid0000003|mprojectid0000021|mprojectid0000039|mprojectid0000041|mprojectid0000042|mviewerid0000019|mviewerid0000038,0.000000,92.184000,0.201106,0.241327,110.620800,0.000000,0.000000,true,0.005000,40,309.063000,"{""bora011"":5,""diablo03"":1,""h4d-standard-192-7"":52}","{""bora011"":0.000638,""diablo03"":0.000209,""h3-standard-88-2"":0,""h4d-standard-192-7"":0.018063}","[{""rank"":1,""recommended"":true,""feasible"":true,""budget_used"":0.201106,""budget_violation"":0,""makespan"":92.184,""deadline_violation"":0,""machine_signature"":""90f82e6b739bfe93"",""weighted_score"":0.878093,""diversity_score"":2.103448},{""rank"":2,""recommended"":false,""feasible"":true,""budget_used"":0.127927,""budget_violation"":0,""makespan"":104.982,""deadline_violation"":0,""machine_signature"":""dd4ac96b770058e4"",""weighted_score"":1,""diversity_score"":2.586207}]"
heft_colocation,hybrid_hetero,12,mbackgroundid0000013|mbackgroundid0000014|mbackgroundid0000032|mbackgroundid0000033|mbgmodelid0000050|mconcatfitid0000011|mdifffitid0000005|mdifffitid0000006|mdifffitid0000007|mdifffitid0000008|mdifffitid0000009|mdifffitid0000010|mdifffitid0000026|mdifffitid0000027|mdifffitid0000043|mdifffitid0000044|mdifffitid0000045|mdifffitid0000048|mimgtblid0000017|mimgtblid0000036|mimgtblid0000055|mprojectid0000001|mprojectid0000004|mprojectid0000020|mprojectid0000021|mprojectid0000022|mviewerid0000019|mviewerid0000038|mviewerid0000058,0.000000,92.184000,0.201106,0.241327,110.620800,0.000000,0.000000,true,0.005000,28,1.538000,"{""bora011"":5,""diablo03"":1,""h4d-standard-192-7"":52}","{""bora011"":0.000638,""diablo03"":0.000209,""h3-standard-88-2"":0,""h4d-standard-192-7"":0.018063}",[]
prism_cc_cost,hybrid_hetero,12,mbackgroundid0000013|mbackgroundid0000014|mbackgroundid0000032|mbackgroundid0000033|mbgmodelid0000050|mconcatfitid0000011|mdifffitid0000005|mdifffitid0000006|mdifffitid0000007|mdifffitid0000008|mdifffitid0000009|mdifffitid0000010|mdifffitid0000026|mdifffitid0000027|mdifffitid0000043|mdifffitid0000044|mdifffitid0000045|mdifffitid0000048|mimgtblid0000017|mimgtblid0000036|mimgtblid0000055|mprojectid0000001|mprojectid0000004|mprojectid0000020|mprojectid0000021|mprojectid0000022|mviewerid0000019|mviewerid0000038|mviewerid0000058,0.000000,104.982000,0.127927,0.241327,110.620800,0.000000,0.000000,true,0.006000,30,284.471000,"{""bora011"":24,""diablo03"":12,""h4d-standard-192-7"":22}","{""bora011"":0.011644,""diablo03"":0.003669,""h3-standard-88-2"":0,""h4d-standard-192-7"":0.015318}","[{""rank"":1,""recommended"":true,""feasible"":true,""budget_used"":0.127927,""budget_violation"":0,""makespan"":104.982,""deadline_violation"":0,""machine_signature"":""368a8644fe787bd2"",""weighted_score"":0.127927,""diversity_score"":2.586207},{""rank"":2,""recommended"":false,""feasible"":true,""budget_used"":0.201106,""budget_violation"":0,""makespan"":92.184,""deadline_violation"":0,""machine_signature"":""90f82e6b739bfe93"",""weighted_score"":0.201106,""diversity_score"":2.103448}]"
prism_cc_time,hybrid_hetero,12,mbackgroundid0000013|mbackgroundid0000014|mbackgroundid0000032|mbackgroundid0000033|mbgmodelid0000050|mconcatfitid0000011|mdifffitid0000005|mdifffitid0000006|mdifffitid0000007|mdifffitid0000008|mdifffitid0000009|mdifffitid0000010|mdifffitid0000026|mdifffitid0000027|mdifffitid0000043|mdifffitid0000044|mdifffitid0000045|mdifffitid0000048|mimgtblid0000017|mimgtblid0000036|mimgtblid0000055|mprojectid0000001|mprojectid0000004|mprojectid0000020|mprojectid0000021|mprojectid0000022|mviewerid0000019|mviewerid0000038|mviewerid0000058,0.000000,92.184000,0.201106,0.241327,110.620800,0.000000,0.000000,true,0.005000,28,284.471000,"{""bora011"":5,""diablo03"":1,""h4d-standard-192-7"":52}","{""bora011"":0.000638,""diablo03"":0.000209,""h3-standard-88-2"":0,""h4d-standard-192-7"":0.018063}","[{""rank"":1,""recommended"":true,""feasible"":true,""budget_used"":0.201106,""budget_violation"":0,""makespan"":92.184,""deadline_violation"":0,""machine_signature"":""90f82e6b739bfe93"",""weighted_score"":0.878093,""diversity_score"":2.103448},{""rank"":2,""recommended"":false,""feasible"":true,""budget_used"":0.127927,""budget_violation"":0,""makespan"":104.982,""deadline_violation"":0,""machine_signature"":""368a8644fe787bd2"",""weighted_score"":1,""diversity_score"":2.586207}]"
heft_colocation,hybrid_hetero,13,maddid0000037|mbackgroundid0000013|mbackgroundid0000016|mbackgroundid0000034|mbackgroundid0000052|mbgmodelid0000012|mbgmodelid0000031|mconcatfitid0000030|mdifffitid0000005|mdifffitid0000006|mdifffitid0000007|mdifffitid0000008|mdifffitid0000009|mdifffitid0000010|mdifffitid0000025|mdifffitid0000026|mdifffitid0000027|mdifffitid0000028|mdifffitid0000029|mdifffitid0000043|mdifffitid0000044|mdifffitid0000045|mimgtblid0000017|mprojectid0000002|mprojectid0000004|mprojectid0000039|mprojectid0000040|mprojectid0000041|mviewerid0000057,0.000000,92.184000,0.201106,0.241327,110.620800,0.000000,0.000000,true,0.005000,35,1.558000,"{""bora011"":5,""diablo03"":1,""h4d-standard-192-7"":52}","{""bora011"":0.000638,""diablo03"":0.000209,""h3-standard-88-2"":0,""h4d-standard-192-7"":0.018063}",[]
prism_cc_cost,hybrid_hetero,13,maddid0000037|mbackgroundid0000013|mbackgroundid0000016|mbackgroundid0000034|mbackgroundid0000052|mbgmodelid0000012|mbgmodelid0000031|mconcatfitid0000030|mdifffitid0000005|mdifffitid0000006|mdifffitid0000007|mdifffitid0000008|mdifffitid0000009|mdifffitid0000010|mdifffitid0000025|mdifffitid0000026|mdifffitid0000027|mdifffitid0000028|mdifffitid0000029|mdifffitid0000043|mdifffitid0000044|mdifffitid0000045|mimgtblid0000017|mprojectid0000002|mprojectid0000004|mprojectid0000039|mprojectid0000040|mprojectid0000041|mviewerid0000057,0.000000,104.982000,0.127927,0.241327,110.620800,0.000000,0.000000,true,0.006000,40,284.647000,"{""bora011"":24,""diablo03"":12,""h4d-standard-192-7"":22}","{""bora011"":0.011644,""diablo03"":0.003669,""h3-standard-88-2"":0,""h4d-standard-192-7"":0.015318}","[{""rank"":1,""recommended"":true,""feasible"":true,""budget_used"":0.127927,""budget_violation"":0,""makespan"":104.982,""deadline_violation"":0,""machine_signature"":""8efd4f9bdbc07985"",""weighted_score"":0.127927,""diversity_score"":2.586207},{""rank"":2,""recommended"":false,""feasible"":true,""budget_used"":0.201106,""budget_violation"":0,""makespan"":92.184,""deadline_violation"":0,""machine_signature"":""90f82e6b739bfe93"",""weighted_score"":0.201106,""diversity_score"":2.103448}]"
prism_cc_time,hybrid_hetero,13,maddid0000037|mbackgroundid0000013|mbackgroundid0000016|mbackgroundid0000034|mbackgroundid0000052|mbgmodelid0000012|mbgmodelid0000031|mconcatfitid0000030|mdifffitid0000005|mdifffitid0000006|mdifffitid0000007|mdifffitid0000008|mdifffitid0000009|mdifffitid0000010|mdifffitid0000025|mdifffitid0000026|mdifffitid0000027|mdifffitid0000028|mdifffitid0000029|mdifffitid0000043|mdifffitid0000044|mdifffitid0000045|mimgtblid0000017|mprojectid0000002|mprojectid0000004|mprojectid0000039|mprojectid0000040|mprojectid0000041|mviewerid0000057,0.000000,92.184000,0.201106,0.241327,110.620800,0.000000,0.000000,true,0.005000,35,284.647000,"{""bora011"":5,""diablo03"":1,""h4d-standard-192-7"":52}","{""bora011"":0.000638,""diablo03"":0.000209,""h3-standard-88-2"":0,""h4d-standard-192-7"":0.018063}","[{""rank"":1,""recommended"":true,""feasible"":true,""budget_used"":0.201106,""budget_violation"":0,""makespan"":92.184,""deadline_violation"":0,""machine_signature"":""90f82e6b739bfe93"",""weighted_score"":0.878093,""diversity_score"":2.103448},{""rank"":2,""recommended"":false,""feasible"":true,""budget_used"":0.127927,""budget_violation"":0,""makespan"":104.982,""deadline_violation"":0,""machine_signature"":""8efd4f9bdbc07985"",""weighted_score"":1,""diversity_score"":2.586207}]"
heft_colocation,hybrid_hetero,14,maddid0000018|maddid0000056|mbackgroundid0000013|mbackgroundid0000033|mbackgroundid0000052|mbackgroundid0000053|mbgmodelid0000031|mconcatfitid0000030|mconcatfitid0000049|mdifffitid0000005|mdifffitid0000007|mdifffitid0000008|mdifffitid0000010|mdifffitid0000025|mdifffitid0000044|mdifffitid0000045|mdifffitid0000046|mdifffitid0000047|mdifffitid0000048|mimgtblid0000017|mimgtblid0000055|mprojectid0000001|mprojectid0000003|mprojectid0000020|mprojectid0000021|mprojectid0000023|mprojectid0000039|mprojectid0000041|mviewerid0000058,0.000000,92.184000,0.201106,0.241327,110.620800,0.000000,0.000000,true,0.005000,37,1.957000,"{""bora011"":5,""diablo03"":1,""h4d-standard-192-7"":52}","{""bora011"":0.000638,""diablo03"":0.000209,""h3-standard-88-2"":0,""h4d-standard-192-7"":0.018063}",[]
prism_cc_cost,hybrid_hetero,14,maddid0000018|maddid0000056|mbackgroundid0000013|mbackgroundid0000033|mbackgroundid0000052|mbackgroundid0000053|mbgmodelid0000031|mconcatfitid0000030|mconcatfitid0000049|mdifffitid0000005|mdifffitid0000007|mdifffitid0000008|mdifffitid0000010|mdifffitid0000025|mdifffitid0000044|mdifffitid0000045|mdifffitid0000046|mdifffitid0000047|mdifffitid0000048|mimgtblid0000017|mimgtblid0000055|mprojectid0000001|mprojectid0000003|mprojectid0000020|mprojectid0000021|mprojectid0000023|mprojectid0000039|mprojectid0000041|mviewerid0000058,0.000000,104.982000,0.127927,0.241327,110.620800,0.000000,0.000000,true,0.006000,46,314.143000,"{""bora011"":24,""diablo03"":12,""h4d-standard-192-7"":22}","{""bora011"":0.011644,""diablo03"":0.003669,""h3-standard-88-2"":0,""h4d-standard-192-7"":0.015318}","[{""rank"":1,""recommended"":true,""feasible"":true,""budget_used"":0.127927,""budget_violation"":0,""makespan"":104.982,""deadline_violation"":0,""machine_signature"":""8efd4f9bdbc07985"",""weighted_score"":0.127927,""diversity_score"":2.586207},{""rank"":2,""recommended"":false,""feasible"":true,""budget_used"":0.201106,""budget_violation"":0,""makespan"":92.184,""deadline_violation"":0,""machine_signature"":""90f82e6b739bfe93"",""weighted_score"":0.201106,""diversity_score"":2.103448}]"
prism_cc_time,hybrid_hetero,14,maddid0000018|maddid0000056|mbackgroundid0000013|mbackgroundid0000033|mbackgroundid0000052|mbackgroundid0000053|mbgmodelid0000031|mconcatfitid0000030|mconcatfitid0000049|mdifffitid0000005|mdifffitid0000007|mdifffitid0000008|mdifffitid0000010|mdifffitid0000025|mdifffitid0000044|mdifffitid0000045|mdifffitid0000046|mdifffitid0000047|mdifffitid0000048|mimgtblid0000017|mimgtblid0000055|mprojectid0000001|mprojectid0000003|mprojectid0000020|mprojectid0000021|mprojectid0000023|mprojectid0000039|mprojectid0000041|mviewerid0000058,0.000000,92.184000,0.201106,0.241327,110.620800,0.000000,0.000000,true,0.005000,37,314.143000,"{""bora011"":5,""diablo03"":1,""h4d-standard-192-7"":52}","{""bora011"":0.000638,""diablo03"":0.000209,""h3-standard-88-2"":0,""h4d-standard-192-7"":0.018063}","[{""rank"":1,""recommended"":true,""feasible"":true,""budget_used"":0.201106,""budget_violation"":0,""makespan"":92.184,""deadline_violation"":0,""machine_signature"":""90f82e6b739bfe93"",""weighted_score"":0.878093,""diversity_score"":2.103448},{""rank"":2,""recommended"":false,""feasible"":true,""budget_used"":0.127927,""budget_violation"":0,""makespan"":104.982,""deadline_violation"":0,""machine_signature"":""8efd4f9bdbc07985"",""weighted_score"":1,""diversity_score"":2.586207}]"
heft_colocation,hybrid_hetero,15,maddid0000037|maddid0000056|mbackgroundid0000014|mbackgroundid0000032|mbackgroundid0000034|mbackgroundid0000051|mbackgroundid0000052|mbgmodelid0000031|mbgmodelid0000050|mconcatfitid0000011|mconcatfitid0000030|mconcatfitid0000049|mdifffitid0000006|mdifffitid0000008|mdifffitid0000025|mdifffitid0000026|mdifffitid0000027|mdifffitid0000046|mdifffitid0000047|mimgtblid0000055|mprojectid0000001|mprojectid0000003|mprojectid0000004|mprojectid0000021|mprojectid0000023|mprojectid0000039|mprojectid0000041|mviewerid0000038|mviewerid0000057,0.000000,92.184000,0.201106,0.241327,110.620800,0.000000,0.000000,true,0.005000,38,1.633000,"{""bora011"":5,""diablo03"":1,""h4d-standard-192-7"":52}","{""bora011"":0.000638,""diablo03"":0.000209,""h3-standard-88-2"":0,""h4d-standard-192-7"":0.018063}",[]
prism_cc_cost,hybrid_hetero,15,maddid0000037|maddid0000056|mbackgroundid0000014|mbackgroundid0000032|mbackgroundid0000034|mbackgroundid0000051|mbackgroundid0000052|mbgmodelid0000031|mbgmodelid0000050|mconcatfitid0000011|mconcatfitid0000030|mconcatfitid0000049|mdifffitid0000006|mdifffitid0000008|mdifffitid0000025|mdifffitid0000026|mdifffitid0000027|mdifffitid0000046|mdifffitid0000047|mimgtblid0000055|mprojectid0000001|mprojectid0000003|mprojectid0000004|mprojectid0000021|mprojectid0000023|mprojectid0000039|mprojectid0000041|mviewerid0000038|mviewerid0000057,0.000000,104.982000,0.127927,0.241327,110.620800,0.000000,0.000000,true,0.006000,38,312.323000,"{""bora011"":24,""diablo03"":12,""h4d-standard-192-7"":22}","{""bora011"":0.011644,""diablo03"":0.003669,""h3-standard-88-2"":0,""h4d-standard-192-7"":0.015318}","[{""rank"":1,""recommended"":true,""feasible"":true,""budget_used"":0.127927,""budget_violation"":0,""makespan"":104.982,""deadline_violation"":0,""machine_signature"":""186036857a0621e7"",""weighted_score"":0.127927,""diversity_score"":2.586207},{""rank"":2,""recommended"":false,""feasible"":true,""budget_used"":0.201106,""budget_violation"":0,""makespan"":92.184,""deadline_violation"":0,""machine_signature"":""90f82e6b739bfe93"",""weighted_score"":0.201106,""diversity_score"":2.103448}]"
prism_cc_time,hybrid_hetero,15,maddid0000037|maddid0000056|mbackgroundid0000014|mbackgroundid0000032|mbackgroundid0000034|mbackgroundid0000051|mbackgroundid0000052|mbgmodelid0000031|mbgmodelid0000050|mconcatfitid0000011|mconcatfitid0000030|mconcatfitid0000049|mdifffitid0000006|mdifffitid0000008|mdifffitid0000025|mdifffitid0000026|mdifffitid0000027|mdifffitid0000046|mdifffitid0000047|mimgtblid0000055|mprojectid0000001|mprojectid0000003|mprojectid0000004|mprojectid0000021|mprojectid0000023|mprojectid0000039|mprojectid0000041|mviewerid0000038|mviewerid0000057,0.000000,92.184000,0.201106,0.241327,110.620800,0.000000,0.000000,true,0.005000,38,312.323000,"{""bora011"":5,""diablo03"":1,""h4d-standard-192-7"":52}","{""bora011"":0.000638,""diablo03"":0.000209,""h3-standard-88-2"":0,""h4d-standard-192-7"":0.018063}","[{""rank"":1,""recommended"":true,""feasible"":true,""budget_used"":0.201106,""budget_violation"":0,""makespan"":92.184,""deadline_violation"":0,""machine_signature"":""90f82e6b739bfe93"",""weighted_score"":0.878093,""diversity_score"":2.103448},{""rank"":2,""recommended"":false,""feasible"":true,""budget_used"":0.127927,""budget_violation"":0,""makespan"":104.982,""deadline_violation"":0,""machine_signature"":""186036857a0621e7"",""weighted_score"":1,""diversity_score"":2.586207}]"
heft_colocation,hybrid_hetero,16,maddid0000056|mbackgroundid0000013|mbackgroundid0000014|mbackgroundid0000033|mbackgroundid0000034|mbackgroundid0000051|mbackgroundid0000053|mbgmodelid0000012|mbgmodelid0000031|mconcatfitid0000011|mconcatfitid0000030|mdifffitid0000006|mdifffitid0000007|mdifffitid0000009|mdifffitid0000010|mdifffitid0000024|mdifffitid0000025|mdifffitid0000027|mdifffitid0000028|mdifffitid0000029|mdifffitid0000045|mdifffitid0000046|mimgtblid0000017|mprojectid0000004|mprojectid0000020|mprojectid0000041|mprojectid0000042|mviewerid0000019|mviewerid0000038,0.000000,92.184000,0.201106,0.241327,110.620800,0.000000,0.000000,true,0.005000,20,1.650000,"{""bora011"":5,""diablo03"":1,""h4d-standard-192-7"":52}","{""bora011"":0.000638,""diablo03"":0.000209,""h3-standard-88-2"":0,""h4d-standard-192-7"":0.018063}",[]
prism_cc_cost,hybrid_hetero,16,maddid0000056|mbackgroundid0000013|mbackgroundid0000014|mbackgroundid0000033|mbackgroundid0000034|mbackgroundid0000051|mbackgroundid0000053|mbgmodelid0000012|mbgmodelid0000031|mconcatfitid0000011|mconcatfitid0000030|mdifffitid0000006|mdifffitid0000007|mdifffitid0000009|mdifffitid0000010|mdifffitid0000024|mdifffitid0000025|mdifffitid0000027|mdifffitid0000028|mdifffitid0000029|mdifffitid0000045|mdifffitid0000046|mimgtblid0000017|mprojectid0000004|mprojectid0000020|mprojectid0000041|mprojectid0000042|mviewerid0000019|mviewerid0000038,0.000000,104.982000,0.127927,0.241327,110.620800,0.000000,0.000000,true,0.006000,28,299.044000,"{""bora011"":24,""diablo03"":12,""h4d-standard-192-7"":22}","{""bora011"":0.011644,""diablo03"":0.003669,""h3-standard-88-2"":0,""h4d-standard-192-7"":0.015318}","[{""rank"":1,""recommended"":true,""feasible"":true,""budget_used"":0.127927,""budget_violation"":0,""makespan"":104.982,""deadline_violation"":0,""machine_signature"":""4cc2e649731bfd69"",""weighted_score"":0.127927,""diversity_score"":2.586207},{""rank"":2,""recommended"":false,""feasible"":true,""budget_used"":0.201106,""budget_violation"":0,""makespan"":92.184,""deadline_violation"":0,""machine_signature"":""90f82e6b739bfe93"",""weighted_score"":0.201106,""diversity_score"":2.103448}]"
prism_cc_time,hybrid_hetero,16,maddid0000056|mbackgroundid0000013|mbackgroundid0000014|mbackgroundid0000033|mbackgroundid0000034|mbackgroundid0000051|mbackgroundid0000053|mbgmodelid0000012|mbgmodelid0000031|mconcatfitid0000011|mconcatfitid0000030|mdifffitid0000006|mdifffitid0000007|mdifffitid0000009|mdifffitid0000010|mdifffitid0000024|mdifffitid0000025|mdifffitid0000027|mdifffitid0000028|mdifffitid0000029|mdifffitid0000045|mdifffitid0000046|mimgtblid0000017|mprojectid0000004|mprojectid0000020|mprojectid0000041|mprojectid0000042|mviewerid0000019|mviewerid0000038,0.000000,92.184000,0.201106,0.241327,110.620800,0.000000,0.000000,true,0.005000,20,299.044000,"{""bora011"":5,""diablo03"":1,""h4d-standard-192-7"":52}","{""bora011"":0.000638,""diablo03"":0.000209,""h3-standard-88-2"":0,""h4d-standard-192-7"":0.018063}","[{""rank"":1,""recommended"":true,""feasible"":true,""budget_used"":0.201106,""budget_violation"":0,""makespan"":92.184,""deadline_violation"":0,""machine_signature"":""90f82e6b739bfe93"",""weighted_score"":0.878093,""diversity_score"":2.103448},{""rank"":2,""recommended"":false,""feasible"":true,""budget_used"":0.127927,""budget_violation"":0,""makespan"":104.982,""deadline_violation"":0,""machine_signature"":""4cc2e649731bfd69"",""weighted_score"":1,""diversity_score"":2.586207}]"
heft_colocation,hybrid_hetero,17,maddid0000018|maddid0000037|maddid0000056|mbackgroundid0000013|mbackgroundid0000015|mbackgroundid0000032|mbackgroundid0000033|mbackgroundid0000034|mbackgroundid0000035|mbackgroundid0000052|mbackgroundid0000053|mbgmodelid0000031|mconcatfitid0000030|mdifffitid0000006|mdifffitid0000007|mdifffitid0000008|mdifffitid0000009|mdifffitid0000024|mdifffitid0000026|mdifffitid0000029|mdifffitid0000043|mdifffitid0000044|mimgtblid0000036|mprojectid0000003|mprojectid0000004|mprojectid0000020|mprojectid0000022|mprojectid0000023|mprojectid0000042,0.000000,92.184000,0.201106,0.241327,110.620800,0.000000,0.000000,true,0.005000,31,1.607000,"{""bora011"":5,""diablo03"":1,""h4d-standard-192-7"":52}","{""bora011"":0.000638,""diablo03"":0.000209,""h3-standard-88-2"":0,""h4d-standard-192-7"":0.018063}",[]
prism_cc_cost,hybrid_hetero,17,maddid0000018|maddid0000037|maddid0000056|mbackgroundid0000013|mbackgroundid0000015|mbackgroundid0000032|mbackgroundid0000033|mbackgroundid0000034|mbackgroundid0000035|mbackgroundid0000052|mbackgroundid0000053|mbgmodelid0000031|mconcatfitid0000030|mdifffitid0000006|mdifffitid0000007|mdifffitid0000008|mdifffitid0000009|mdifffitid0000024|mdifffitid0000026|mdifffitid0000029|mdifffitid0000043|mdifffitid0000044|mimgtblid0000036|mprojectid0000003|mprojectid0000004|mprojectid0000020|mprojectid0000022|mprojectid0000023|mprojectid0000042,0.000000,104.982000,0.127927,0.241327,110.620800,0.000000,0.000000,true,0.006000,39,300.704000,"{""bora011"":24,""diablo03"":12,""h4d-standard-192-7"":22}","{""bora011"":0.011644,""diablo03"":0.003669,""h3-standard-88-2"":0,""h4d-standard-192-7"":0.015318}","[{""rank"":1,""recommended"":true,""feasible"":true,""budget_used"":0.127927,""budget_violation"":0,""makespan"":104.982,""deadline_violation"":0,""machine_signature"":""186036857a0621e7"",""weighted_score"":0.127927,""diversity_score"":2.586207},{""rank"":2,""recommended"":false,""feasible"":true,""budget_used"":0.201106,""budget_violation"":0,""makespan"":92.184,""deadline_violation"":0,""machine_signature"":""90f82e6b739bfe93"",""weighted_score"":0.201106,""diversity_score"":2.103448}]"
prism_cc_time,hybrid_hetero,17,maddid0000018|maddid0000037|maddid0000056|mbackgroundid0000013|mbackgroundid0000015|mbackgroundid0000032|mbackgroundid0000033|mbackgroundid0000034|mbackgroundid0000035|mbackgroundid0000052|mbackgroundid0000053|mbgmodelid0000031|mconcatfitid0000030|mdifffitid0000006|mdifffitid0000007|mdifffitid0000008|mdifffitid0000009|mdifffitid0000024|mdifffitid0000026|mdifffitid0000029|mdifffitid0000043|mdifffitid0000044|mimgtblid0000036|mprojectid0000003|mprojectid0000004|mprojectid0000020|mprojectid0000022|mprojectid0000023|mprojectid0000042,0.000000,92.184000,0.201106,0.241327,110.620800,0.000000,0.000000,true,0.005000,31,300.704000,"{""bora011"":5,""diablo03"":1,""h4d-standard-192-7"":52}","{""bora011"":0.000638,""diablo03"":0.000209,""h3-standard-88-2"":0,""h4d-standard-192-7"":0.018063}","[{""rank"":1,""recommended"":true,""feasible"":true,""budget_used"":0.201106,""budget_violation"":0,""makespan"":92.184,""deadline_violation"":0,""machine_signature"":""90f82e6b739bfe93"",""weighted_score"":0.878093,""diversity_score"":2.103448},{""rank"":2,""recommended"":false,""feasible"":true,""budget_used"":0.127927,""budget_violation"":0,""makespan"":104.982,""deadline_violation"":0,""machine_signature"":""186036857a0621e7"",""weighted_score"":1,""diversity_score"":2.586207}]"
heft_colocation,hybrid_hetero,18,maddid0000018|maddid0000056|mbackgroundid0000014|mbackgroundid0000015|mbackgroundid0000035|mbackgroundid0000053|mbgmodelid0000012|mbgmodelid0000050|mconcatfitid0000030|mconcatfitid0000049|mdifffitid0000006|mdifffitid0000007|mdifffitid0000008|mdifffitid0000010|mdifffitid0000024|mdifffitid0000026|mdifffitid0000027|mdifffitid0000046|mdifffitid0000048|mprojectid0000001|mprojectid0000002|mprojectid0000020|mprojectid0000021|mprojectid0000039|mprojectid0000041|mprojectid0000042|mviewerid0000038|mviewerid0000057|mviewerid0000058,0.000000,92.184000,0.201106,0.241327,110.620800,0.000000,0.000000,true,0.005000,41,1.602000,"{""bora011"":5,""diablo03"":1,""h4d-standard-192-7"":52}","{""bora011"":0.000638,""diablo03"":0.000209,""h3-standard-88-2"":0,""h4d-standard-192-7"":0.018063}",[]
prism_cc_cost,hybrid_hetero,18,maddid0000018|maddid0000056|mbackgroundid0000014|mbackgroundid0000015|mbackgroundid0000035|mbackgroundid0000053|mbgmodelid0000012|mbgmodelid0000050|mconcatfitid0000030|mconcatfitid0000049|mdifffitid0000006|mdifffitid0000007|mdifffitid0000008|mdifffitid0000010|mdifffitid0000024|mdifffitid0000026|mdifffitid0000027|mdifffitid0000046|mdifffitid0000048|mprojectid0000001|mprojectid0000002|mprojectid0000020|mprojectid0000021|mprojectid0000039|mprojectid0000041|mprojectid0000042|mviewerid0000038|mviewerid0000057|mviewerid0000058,0.000000,104.982000,0.127927,0.241327,110.620800,0.000000,0.000000,true,0.006000,48,294.217000,"{""bora011"":24,""diablo03"":12,""h4d-standard-192-7"":22}","{""bora011"":0.011644,""diablo03"":0.003669,""h3-standard-88-2"":0,""h4d-standard-192-7"":0.015318}","[{""rank"":1,""recommended"":true,""feasible"":true,""budget_used"":0.127927,""budget_violation"":0,""makespan"":104.982,""deadline_violation"":0,""machine_signature"":""4f8ec00fc916aac1"",""weighted_score"":0.127927,""diversity_score"":2.586207},{""rank"":2,""recommended"":false,""feasible"":true,""budget_used"":0.201106,""budget_violation"":0,""makespan"":92.184,""deadline_violation"":0,""machine_signature"":""90f82e6b739bfe93"",""weighted_score"":0.201106,""diversity_score"":2.103448}]"
prism_cc_time,hybrid_hetero,18,maddid0000018|maddid0000056|mbackgroundid0000014|mbackgroundid0000015|mbackgroundid0000035|mbackgroundid0000053|mbgmodelid0000012|mbgmodelid0000050|mconcatfitid0000030|mconcatfitid0000049|mdifffitid0000006|mdifffitid0000007|mdifffitid0000008|mdifffitid0000010|mdifffitid0000024|mdifffitid0000026|mdifffitid0000027|mdifffitid0000046|mdifffitid0000048|mprojectid0000001|mprojectid0000002|mprojectid0000020|mprojectid0000021|mprojectid0000039|mprojectid0000041|mprojectid0000042|mviewerid0000038|mviewerid0000057|mviewerid0000058,0.000000,92.184000,0.201106,0.241327,110.620800,0.000000,0.000000,true,0.005000,41,294.217000,"{""bora011"":5,""diablo03"":1,""h4d-standard-192-7"":52}","{""bora011"":0.000638,""diablo03"":0.000209,""h3-standard-88-2"":0,""h4d-standard-192-7"":0.018063}","[{""rank"":1,""recommended"":true,""feasible"":true,""budget_used"":0.201106,""budget_violation"":0,""makespan"":92.184,""deadline_violation"":0,""machine_signature"":""90f82e6b739bfe93"",""weighted_score"":0.878093,""diversity_score"":2.103448},{""rank"":2,""recommended"":false,""feasible"":true,""budget_used"":0.127927,""budget_violation"":0,""makespan"":104.982,""deadline_violation"":0,""machine_signature"":""4f8ec00fc916aac1"",""weighted_score"":1,""diversity_score"":2.586207}]"
heft_colocation,hybrid_hetero,19,maddid0000018|maddid0000037|mbackgroundid0000015|mbackgroundid0000016|mbackgroundid0000033|mbackgroundid0000053|mbgmodelid0000012|mconcatfitid0000030|mconcatfitid0000049|mdifffitid0000005|mdifffitid0000007|mdifffitid0000008|mdifffitid0000010|mdifffitid0000024|mdifffitid0000025|mdifffitid0000026|mdifffitid0000029|mimgtblid0000017|mimgtblid0000036|mprojectid0000001|mprojectid0000002|mprojectid0000003|mprojectid0000020|mprojectid0000021|mprojectid0000022|mprojectid0000039|mprojectid0000041|mviewerid0000057|mviewerid0000058,0.000000,92.184000,0.201106,0.241327,110.620800,0.000000,0.000000,true,0.005000,49,2.233000,"{""bora011"":5,""diablo03"":1,""h4d-standard-192-7"":52}","{""bora011"":0.000638,""diablo03"":0.000209,""h3-standard-88-2"":0,""h4d-standard-192-7"":0.018063}",[]
prism_cc_cost,hybrid_hetero,19,maddid0000018|maddid0000037|mbackgroundid0000015|mbackgroundid0000016|mbackgroundid0000033|mbackgroundid0000053|mbgmodelid0000012|mconcatfitid0000030|mconcatfitid0000049|mdifffitid0000005|mdifffitid0000007|mdifffitid0000008|mdifffitid0000010|mdifffitid0000024|mdifffitid0000025|mdifffitid0000026|mdifffitid0000029|mimgtblid0000017|mimgtblid0000036|mprojectid0000001|mprojectid0000002|mprojectid0000003|mprojectid0000020|mprojectid0000021|mprojectid0000022|mprojectid0000039|mprojectid0000041|mviewerid0000057|mviewerid0000058,0.000000,104.982000,0.127927,0.241327,110.620800,0.000000,0.000000,true,0.006000,56,330.326000,"{""bora011"":24,""diablo03"":12,""h4d-standard-192-7"":22}","{""bora011"":0.011644,""diablo03"":0.003669,""h3-standard-88-2"":0,""h4d-standard-192-7"":0.015318}","[{""rank"":1,""recommended"":true,""feasible"":true,""budget_used"":0.127927,""budget_violation"":0,""makespan"":104.982,""deadline_violation"":0,""machine_signature"":""8efd4f9bdbc07985"",""weighted_score"":0.127927,""diversity_score"":2.586207},{""rank"":2,""recommended"":false,""feasible"":true,""budget_used"":0.201106,""budget_violation"":0,""makespan"":92.184,""deadline_violation"":0,""machine_signature"":""90f82e6b739bfe93"",""weighted_score"":0.201106,""diversity_score"":2.103448}]"
prism_cc_time,hybrid_hetero,19,maddid0000018|maddid0000037|mbackgroundid0000015|mbackgroundid0000016|mbackgroundid0000033|mbackgroundid0000053|mbgmodelid0000012|mconcatfitid0000030|mconcatfitid0000049|mdifffitid0000005|mdifffitid0000007|mdifffitid0000008|mdifffitid0000010|mdifffitid0000024|mdifffitid0000025|mdifffitid0000026|mdifffitid0000029|mimgtblid0000017|mimgtblid0000036|mprojectid0000001|mprojectid0000002|mprojectid0000003|mprojectid0000020|mprojectid0000021|mprojectid0000022|mprojectid0000039|mprojectid0000041|mviewerid0000057|mviewerid0000058,0.000000,92.184000,0.201106,0.241327,110.620800,0.000000,0.000000,true,0.005000,49,330.326000,"{""bora011"":5,""diablo03"":1,""h4d-standard-192-7"":52}","{""bora011"":0.000638,""diablo03"":0.000209,""h3-standard-88-2"":0,""h4d-standard-192-7"":0.018063}","[{""rank"":1,""recommended"":true,""feasible"":true,""budget_used"":0.201106,""budget_violation"":0,""makespan"":92.184,""deadline_violation"":0,""machine_signature"":""90f82e6b739bfe93"",""weighted_score"":0.878093,""diversity_score"":2.103448},{""rank"":2,""recommended"":false,""feasible"":true,""budget_used"":0.127927,""budget_violation"":0,""makespan"":104.982,""deadline_violation"":0,""machine_signature"":""8efd4f9bdbc07985"",""weighted_score"":1,""diversity_score"":2.586207}]"
heft_colocation,hybrid_hetero,20,maddid0000018|mbackgroundid0000015|mbackgroundid0000016|mbackgroundid0000032|mbackgroundid0000033|mbackgroundid0000053|mbackgroundid0000054|mbgmodelid0000031|mbgmodelid0000050|mconcatfitid0000011|mconcatfitid0000030|mconcatfitid0000049|mdifffitid0000005|mdifffitid0000006|mdifffitid0000010|mdifffitid0000025|mdifffitid0000027|mdifffitid0000044|mdifffitid0000046|mdifffitid0000047|mimgtblid0000055|mprojectid0000001|mprojectid0000004|mprojectid0000020|mprojectid0000021|mprojectid0000039|mprojectid0000040|mprojectid0000042|mviewerid0000057,0.000000,92.184000,0.201106,0.241327,110.620800,0.000000,0.000000,true,0.005000,41,1.732000,"{""bora011"":5,""diablo03"":1,""h4d-standard-192-7"":52}","{""bora011"":0.000638,""diablo03"":0.000209,""h3-standard-88-2"":0,""h4d-standard-192-7"":0.018063}",[]
prism_cc_cost,hybrid_hetero,20,maddid0000018|mbackgroundid0000015|mbackgroundid0000016|mbackgroundid0000032|mbackgroundid0000033|mbackgroundid0000053|mbackgroundid0000054|mbgmodelid0000031|mbgmodelid0000050|mconcatfitid0000011|mconcatfitid0000030|mconcatfitid0000049|mdifffitid0000005|mdifffitid0000006|mdifffitid0000010|mdifffitid0000025|mdifffitid0000027|mdifffitid0000044|mdifffitid0000046|mdifffitid0000047|mimgtblid0000055|mprojectid0000001|mprojectid0000004|mprojectid0000020|mprojectid0000021|mprojectid0000039|mprojectid0000040|mprojectid0000042|mviewerid0000057,0.000000,104.982000,0.127927,0.241327,110.620800,0.000000,0.000000,true,0.006000,47,290.014000,"{""bora011"":24,""diablo03"":12,""h4d-standard-192-7"":22}","{""bora011"":0.011644,""diablo03"":0.003669,""h3-standard-88-2"":0,""h4d-standard-192-7"":0.015318}","[{""rank"":1,""recommended"":true,""feasible"":true,""budget_used"":0.127927,""budget_violation"":0,""makespan"":104.982,""deadline_violation"":0,""machine_signature"":""dfbe76255519eed8"",""weighted_score"":0.127927,""diversity_score"":2.586207},{""rank"":2,""recommended"":false,""feasible"":true,""budget_used"":0.201106,""budget_violation"":0,""makespan"":92.184,""deadline_violation"":0,""machine_signature"":""90f82e6b739bfe93"",""weighted_score"":0.201106,""diversity_score"":2.103448}]"
prism_cc_time,hybrid_hetero,20,maddid0000018|mbackgroundid0000015|mbackgroundid0000016|mbackgroundid0000032|mbackgroundid0000033|mbackgroundid0000053|mbackgroundid0000054|mbgmodelid0000031|mbgmodelid0000050|mconcatfitid0000011|mconcatfitid0000030|mconcatfitid0000049|mdifffitid0000005|mdifffitid0000006|mdifffitid0000010|mdifffitid0000025|mdifffitid0000027|mdifffitid0000044|mdifffitid0000046|mdifffitid0000047|mimgtblid0000055|mprojectid0000001|mprojectid0000004|mprojectid0000020|mprojectid0000021|mprojectid0000039|mprojectid0000040|mprojectid0000042|mviewerid0000057,0.000000,92.184000,0.201106,0.241327,110.620800,0.000000,0.000000,true,0.005000,41,290.014000,"{""bora011"":5,""diablo03"":1,""h4d-standard-192-7"":52}","{""bora011"":0.000638,""diablo03"":0.000209,""h3-standard-88-2"":0,""h4d-standard-192-7"":0.018063}","[{""rank"":1,""recommended"":true,""feasible"":true,""budget_used"":0.201106,""budget_violation"":0,""makespan"":92.184,""deadline_violation"":0,""machine_signature"":""90f82e6b739bfe93"",""weighted_score"":0.878093,""diversity_score"":2.103448},{""rank"":2,""recommended"":false,""feasible"":true,""budget_used"":0.127927,""budget_violation"":0,""makespan"":104.982,""deadline_violation"":0,""machine_signature"":""dfbe76255519eed8"",""weighted_score"":1,""diversity_score"":2.586207}]"
heft_colocation,hybrid_hetero,21,maddid0000018|maddid0000037|maddid0000056|mbackgroundid0000014|mbackgroundid0000015|mbackgroundid0000034|mbackgroundid0000035|mbackgroundid0000053|mbgmodelid0000050|mconcatfitid0000011|mconcatfitid0000049|mdifffitid0000005|mdifffitid0000006|mdifffitid0000008|mdifffitid0000010|mdifffitid0000024|mdifffitid0000025|mdifffitid0000028|mdifffitid0000043|mdifffitid0000045|mdifffitid0000046|mprojectid0000002|mprojectid0000020|mprojectid0000023|mprojectid0000039|mprojectid0000040|mprojectid0000042|mviewerid0000038|mviewerid0000058,0.000000,92.184000,0.201106,0.241327,110.620800,0.000000,0.000000,true,0.005000,40,2.176000,"{""bora011"":5,""diablo03"":1,""h4d-standard-192-7"":52}","{""bora011"":0.000638,""diablo03"":0.000209,""h3-standard-88-2"":0,""h4d-standard-192-7"":0.018063}",[]
prism_cc_cost,hybrid_hetero,21,maddid0000018|maddid0000037|maddid0000056|mbackgroundid0000014|mbackgroundid0000015|mbackgroundid0000034|mbackgroundid0000035|mbackgroundid0000053|mbgmodelid0000050|mconcatfitid0000011|mconcatfitid0000049|mdifffitid0000005|mdifffitid0000006|mdifffitid0000008|mdifffitid0000010|mdifffitid0000024|mdifffitid0000025|mdifffitid0000028|mdifffitid0000043|mdifffitid0000045|mdifffitid0000046|mprojectid0000002|mprojectid0000020|mprojectid0000023|mprojectid0000039|mprojectid0000040|mprojectid0000042|mviewerid0000038|mviewerid0000058,0.000000,104.982000,0.127927,0.241327,110.620800,0.000000,0.000000,true,0.006000,41,317.024000,"{""bora011"":24,""diablo03"":12,""h4d-standard-192-7"":22}","{""bora011"":0.011644,""diablo03"":0.003669,""h3-standard-88-2"":0,""h4d-standard-192-7"":0.015318}","[{""rank"":1,""recommended"":true,""feasible"":true,""budget_used"":0.127927,""budget_violation"":0,""makespan"":104.982,""deadline_violation"":0,""machine_signature"":""cf9739a44e402698"",""weighted_score"":0.127927,""diversity_score"":2.586207},{""rank"":2,""recommended"":false,""feasible"":true,""budget_used"":0.201106,""budget_violation"":0,""makespan"":92.184,""deadline_violation"":0,""machine_signature"":""90f82e6b739bfe93"",""weighted_score"":0.201106,""diversity_score"":2.103448}]"
prism_cc_time,hybrid_hetero,21,maddid0000018|maddid0000037|maddid0000056|mbackgroundid0000014|mbackgroundid0000015|mbackgroundid0000034|mbackgroundid0000035|mbackgroundid0000053|mbgmodelid0000050|mconcatfitid0000011|mconcatfitid0000049|mdifffitid0000005|mdifffitid0000006|mdifffitid0000008|mdifffitid0000010|mdifffitid0000024|mdifffitid0000025|mdifffitid0000028|mdifffitid0000043|mdifffitid0000045|mdifffitid0000046|mprojectid0000002|mprojectid0000020|mprojectid0000023|mprojectid0000039|mprojectid0000040|mprojectid0000042|mviewerid0000038|mviewerid0000058,0.000000,92.184000,0.201106,0.241327,110.620800,0.000000,0.000000,true,0.005000,40,317.024000,"{""bora011"":5,""diablo03"":1,""h4d-standard-192-7"":52}","{""bora011"":0.000638,""diablo03"":0.000209,""h3-standard-88-2"":0,""h4d-standard-192-7"":0.018063}","[{""rank"":1,""recommended"":true,""feasible"":true,""budget_used"":0.201106,""budget_violation"":0,""makespan"":92.184,""deadline_violation"":0,""machine_signature"":""90f82e6b739bfe93"",""weighted_score"":0.878093,""diversity_score"":2.103448},{""rank"":2,""recommended"":false,""feasible"":true,""budget_used"":0.127927,""budget_violation"":0,""makespan"":104.982,""deadline_violation"":0,""machine_signature"":""cf9739a44e402698"",""weighted_score"":1,""diversity_score"":2.586207}]"
heft_colocation,hybrid_hetero,22,maddid0000018|maddid0000037|maddid0000056|mbackgroundid0000014|mbackgroundid0000015|mbackgroundid0000032|mbackgroundid0000033|mbackgroundid0000035|mbackgroundid0000051|mbackgroundid0000053|mbgmodelid0000050|mdifffitid0000007|mdifffitid0000008|mdifffitid0000009|mdifffitid0000025|mdifffitid0000043|mdifffitid0000044|mdifffitid0000045|mimgtblid0000055|mprojectid0000002|mprojectid0000021|mprojectid0000022|mprojectid0000023|mprojectid0000039|mprojectid0000041|mprojectid0000042|mviewerid0000019|mviewerid0000038|mviewerid0000057,0.000000,92.184000,0.201106,0.241327,110.620800,0.000000,0.000000,true,0.005000,35,1.599000,"{""bora011"":5,""diablo03"":1,""h4d-standard-192-7"":52}","{""bora011"":0.000638,""diablo03"":0.000209,""h3-standard-88-2"":0,""h4d-standard-192-7"":0.018063}",[]
prism_cc_cost,hybrid_hetero,22,maddid0000018|maddid0000037|maddid0000056|mbackgroundid0000014|mbackgroundid0000015|mbackgroundid0000032|mbackgroundid0000033|mbackgroundid0000035|mbackgroundid0000051|mbackgroundid0000053|mbgmodelid0000050|mdifffitid0000007|mdifffitid0000008|mdifffitid0000009|mdifffitid0000025|mdifffitid0000043|mdifffitid0000044|mdifffitid0000045|mimgtblid0000055|mprojectid0000002|mprojectid0000021|mprojectid0000022|mprojectid0000023|mprojectid0000039|mprojectid0000041|mprojectid0000042|mviewerid0000019|mviewerid0000038|mviewerid0000057,0.000000,104.982000,0.127927,0.241327,110.620800,0.000000,0.000000,true,0.006000,41,325.252000,"{""bora011"":24,""diablo03"":12,""h4d-standard-192-7"":22}","{""bora011"":0.011644,""diablo03"":0.003669,""h3-standard-88-2"":0,""h4d-standard-192-7"":0.015318}","[{""rank"":1,""recommended"":true,""feasible"":true,""budget_used"":0.127927,""budget_violation"":0,""makespan"":104.982,""deadline_violation"":0,""machine_signature"":""5b5b96c23a6c0a6d"",""weighted_score"":0.127927,""diversity_score"":2.586207},{""rank"":2,""recommended"":false,""feasible"":true,""budget_used"":0.201106,""budget_violation"":0,""makespan"":92.184,""deadline_violation"":0,""machine_signature"":""90f82e6b739bfe93"",""weighted_score"":0.201106,""diversity_score"":2.103448}]"
prism_cc_time,hybrid_hetero,22,maddid0000018|maddid0000037|maddid0000056|mbackgroundid0000014|mbackgroundid0000015|mbackgroundid0000032|mbackgroundid0000033|mbackgroundid0000035|mbackgroundid0000051|mbackgroundid0000053|mbgmodelid0000050|mdifffitid0000007|mdifffitid0000008|mdifffitid0000009|mdifffitid0000025|mdifffitid0000043|mdifffitid0000044|mdifffitid0000045|mimgtblid0000055|mprojectid0000002|mprojectid0000021|mprojectid0000022|mprojectid0000023|mprojectid0000039|mprojectid0000041|mprojectid0000042|mviewerid0000019|mviewerid0000038|mviewerid0000057,0.000000,92.184000,0.201106,0.241327,110.620800,0.000000,0.000000,true,0.005000,35,325.252000,"{""bora011"":5,""diablo03"":1,""h4d-standard-192-7"":52}","{""bora011"":0.000638,""diablo03"":0.000209,""h3-standard-88-2"":0,""h4d-standard-192-7"":0.018063}","[{""rank"":1,""recommended"":true,""feasible"":true,""budget_used"":0.201106,""budget_violation"":0,""makespan"":92.184,""deadline_violation"":0,""machine_signature"":""90f82e6b739bfe93"",""weighted_score"":0.878093,""diversity_score"":2.103448},{""rank"":2,""recommended"":false,""feasible"":true,""budget_used"":0.127927,""budget_violation"":0,""makespan"":104.982,""deadline_violation"":0,""machine_signature"":""5b5b96c23a6c0a6d"",""weighted_score"":1,""diversity_score"":2.586207}]"
heft_colocation,hybrid_hetero,23,maddid0000018|mbackgroundid0000013|mbackgroundid0000014|mbackgroundid0000015|mbackgroundid0000016|mbackgroundid0000032|mbackgroundid0000033|mbackgroundid0000035|mbackgroundid0000054|mconcatfitid0000011|mdifffitid0000007|mdifffitid0000026|mdifffitid0000029|mdifffitid0000043|mdifffitid0000044|mdifffitid0000045|mdifffitid0000047|mimgtblid0000036|mimgtblid0000055|mprojectid0000001|mprojectid0000002|mprojectid0000003|mprojectid0000004|mprojectid0000022|mprojectid0000023|mprojectid0000041|mprojectid0000042|mviewerid0000038|mviewerid0000057,0.000000,92.184000,0.201106,0.241327,110.620800,0.000000,0.000000,true,0.005000,38,2.115000,"{""bora011"":5,""diablo03"":1,""h4d-standard-192-7"":52}","{""bora011"":0.000638,""diablo03"":0.000209,""h3-standard-88-2"":0,""h4d-standard-192-7"":0.018063}",[]
prism_cc_cost,hybrid_hetero,23,maddid0000018|mbackgroundid0000013|mbackgroundid0000014|mbackgroundid0000015|mbackgroundid0000016|mbackgroundid0000032|mbackgroundid0000033|mbackgroundid0000035|mbackgroundid0000054|mconcatfitid0000011|mdifffitid0000007|mdifffitid0000026|mdifffitid0000029|mdifffitid0000043|mdifffitid0000044|mdifffitid0000045|mdifffitid0000047|mimgtblid0000036|mimgtblid0000055|mprojectid0000001|mprojectid0000002|mprojectid0000003|mprojectid0000004|mprojectid0000022|mprojectid0000023|mprojectid0000041|mprojectid0000042|mviewerid0000038|mviewerid0000057,0.000000,104.982000,0.127927,0.241327,110.620800,0.000000,0.000000,true,0.006000,41,316.312000,"{""bora011"":24,""diablo03"":12,""h4d-standard-192-7"":22}","{""bora011"":0.011644,""diablo03"":0.003669,""h3-standard-88-2"":0,""h4d-standard-192-7"":0.015318}","[{""rank"":1,""recommended"":true,""feasible"":true,""budget_used"":0.127927,""budget_violation"":0,""makespan"":104.982,""deadline_violation"":0,""machine_signature"":""8efd4f9bdbc07985"",""weighted_score"":0.127927,""diversity_score"":2.586207},{""rank"":2,""recommended"":false,""feasible"":true,""budget_used"":0.201106,""budget_violation"":0,""makespan"":92.184,""deadline_violation"":0,""machine_signature"":""90f82e6b739bfe93"",""weighted_score"":0.201106,""diversity_score"":2.103448}]"
prism_cc_time,hybrid_hetero,23,maddid0000018|mbackgroundid0000013|mbackgroundid0000014|mbackgroundid0000015|mbackgroundid0000016|mbackgroundid0000032|mbackgroundid0000033|mbackgroundid0000035|mbackgroundid0000054|mconcatfitid0000011|mdifffitid0000007|mdifffitid0000026|mdifffitid0000029|mdifffitid0000043|mdifffitid0000044|mdifffitid0000045|mdifffitid0000047|mimgtblid0000036|mimgtblid0000055|mprojectid0000001|mprojectid0000002|mprojectid0000003|mprojectid0000004|mprojectid0000022|mprojectid0000023|mprojectid0000041|mprojectid0000042|mviewerid0000038|mviewerid0000057,0.000000,92.184000,0.201106,0.241327,110.620800,0.000000,0.000000,true,0.005000,38,316.312000,"{""bora011"":5,""diablo03"":1,""h4d-standard-192-7"":52}","{""bora011"":0.000638,""diablo03"":0.000209,""h3-standard-88-2"":0,""h4d-standard-192-7"":0.018063}","[{""rank"":1,""recommended"":true,""feasible"":true,""budget_used"":0.201106,""budget_violation"":0,""makespan"":92.184,""deadline_violation"":0,""machine_signature"":""90f82e6b739bfe93"",""weighted_score"":0.878093,""diversity_score"":2.103448},{""rank"":2,""recommended"":false,""feasible"":true,""budget_used"":0.127927,""budget_violation"":0,""makespan"":104.982,""deadline_violation"":0,""machine_signature"":""8efd4f9bdbc07985"",""weighted_score"":1,""diversity_score"":2.586207}]"
heft_colocation,hybrid_hetero,24,maddid0000037|maddid0000056|mbackgroundid0000032|mbackgroundid0000034|mbackgroundid0000035|mbgmodelid0000012|mbgmodelid0000050|mconcatfitid0000011|mconcatfitid0000049|mdifffitid0000006|mdifffitid0000007|mdifffitid0000008|mdifffitid0000009|mdifffitid0000010|mdifffitid0000024|mdifffitid0000025|mdifffitid0000028|mdifffitid0000045|mdifffitid0000046|mdifffitid0000047|mimgtblid0000017|mprojectid0000003|mprojectid0000004|mprojectid0000021|mprojectid0000022|mprojectid0000039|mprojectid0000041|mviewerid0000019|mviewerid0000038,0.000000,92.184000,0.201106,0.241327,110.620800,0.000000,0.000000,true,0.005000,35,1.573000,"{""bora011"":5,""diablo03"":1,""h4d-standard-192-7"":52}","{""bora011"":0.000638,""diablo03"":0.000209,""h3-standard-88-2"":0,""h4d-standard-192-7"":0.018063}",[]
prism_cc_cost,hybrid_hetero,24,maddid0000037|maddid0000056|mbackgroundid0000032|mbackgroundid0000034|mbackgroundid0000035|mbgmodelid0000012|mbgmodelid0000050|mconcatfitid0000011|mconcatfitid0000049|mdifffitid0000006|mdifffitid0000007|mdifffitid0000008|mdifffitid0000009|mdifffitid0000010|mdifffitid0000024|mdifffitid0000025|mdifffitid0000028|mdifffitid0000045|mdifffitid0000046|mdifffitid0000047|mimgtblid0000017|mprojectid0000003|mprojectid0000004|mprojectid0000021|mprojectid0000022|mprojectid0000039|mprojectid0000041|mviewerid0000019|mviewerid0000038,0.000000,104.982000,0.127927,0.241327,110.620800,0.000000,0.000000,true,0.006000,39,293.958000,"{""bora011"":24,""diablo03"":12,""h4d-standard-192-7"":22}","{""bora011"":0.011644,""diablo03"":0.003669,""h3-standard-88-2"":0,""h4d-standard-192-7"":0.015318}","[{""rank"":1,""recommended"":true,""feasible"":true,""budget_used"":0.127927,""budget_violation"":0,""makespan"":104.982,""deadline_violation"":0,""machine_signature"":""186036857a0621e7"",""weighted_score"":0.127927,""diversity_score"":2.586207},{""rank"":2,""recommended"":false,""feasible"":true,""budget_used"":0.201106,""budget_violation"":0,""makespan"":92.184,""deadline_violation"":0,""machine_signature"":""90f82e6b739bfe93"",""weighted_score"":0.201106,""diversity_score"":2.103448}]"
prism_cc_time,hybrid_hetero,24,maddid0000037|maddid0000056|mbackgroundid0000032|mbackgroundid0000034|mbackgroundid0000035|mbgmodelid0000012|mbgmodelid0000050|mconcatfitid0000011|mconcatfitid0000049|mdifffitid0000006|mdifffitid0000007|mdifffitid0000008|mdifffitid0000009|mdifffitid0000010|mdifffitid0000024|mdifffitid0000025|mdifffitid0000028|mdifffitid0000045|mdifffitid0000046|mdifffitid0000047|mimgtblid0000017|mprojectid0000003|mprojectid0000004|mprojectid0000021|mprojectid0000022|mprojectid0000039|mprojectid0000041|mviewerid0000019|mviewerid0000038,0.000000,92.184000,0.201106,0.241327,110.620800,0.000000,0.000000,true,0.005000,35,293.958000,"{""bora011"":5,""diablo03"":1,""h4d-standard-192-7"":52}","{""bora011"":0.000638,""diablo03"":0.000209,""h3-standard-88-2"":0,""h4d-standard-192-7"":0.018063}","[{""rank"":1,""recommended"":true,""feasible"":true,""budget_used"":0.201106,""budget_violation"":0,""makespan"":92.184,""deadline_violation"":0,""machine_signature"":""90f82e6b739bfe93"",""weighted_score"":0.878093,""diversity_score"":2.103448},{""rank"":2,""recommended"":false,""feasible"":true,""budget_used"":0.127927,""budget_violation"":0,""makespan"":104.982,""deadline_violation"":0,""machine_signature"":""186036857a0621e7"",""weighted_score"":1,""diversity_score"":2.586207}]"
heft_colocation,hybrid_hetero,25,maddid0000037|maddid0000056|mbackgroundid0000013|mbackgroundid0000015|mbackgroundid0000054|mbgmodelid0000012|mbgmodelid0000031|mbgmodelid0000050|mconcatfitid0000011|mdifffitid0000006|mdifffitid0000026|mdifffitid0000027|mdifffitid0000028|mdifffitid0000029|mdifffitid0000043|mdifffitid0000046|mdifffitid0000047|mdifffitid0000048|mimgtblid0000017|mimgtblid0000036|mimgtblid0000055|mprojectid0000001|mprojectid0000002|mprojectid0000004|mprojectid0000020|mprojectid0000021|mprojectid0000042|mviewerid0000019|mviewerid0000038,0.000000,92.184000,0.201106,0.241327,110.620800,0.000000,0.000000,true,0.005000,32,1.827000,"{""bora011"":5,""diablo03"":1,""h4d-standard-192-7"":52}","{""bora011"":0.000638,""diablo03"":0.000209,""h3-standard-88-2"":0,""h4d-standard-192-7"":0.018063}",[]
prism_cc_cost,hybrid_hetero,25,maddid0000037|maddid0000056|mbackgroundid0000013|mbackgroundid0000015|mbackgroundid0000054|mbgmodelid0000012|mbgmodelid0000031|mbgmodelid0000050|mconcatfitid0000011|mdifffitid0000006|mdifffitid0000026|mdifffitid0000027|mdifffitid0000028|mdifffitid0000029|mdifffitid0000043|mdifffitid0000046|mdifffitid0000047|mdifffitid0000048|mimgtblid0000017|mimgtblid0000036|mimgtblid0000055|mprojectid0000001|mprojectid0000002|mprojectid0000004|mprojectid0000020|mprojectid0000021|mprojectid0000042|mviewerid0000019|mviewerid0000038,0.000000,104.982000,0.127927,0.241327,110.620800,0.000000,0.000000,true,0.006000,31,282.837000,"{""bora011"":24,""diablo03"":12,""h4d-standard-192-7"":22}","{""bora011"":0.011644,""diablo03"":0.003669,""h3-standard-88-2"":0,""h4d-standard-192-7"":0.015318}","[{""rank"":1,""recommended"":true,""feasible"":true,""budget_used"":0.127927,""budget_violation"":0,""makespan"":104.982,""deadline_violation"":0,""machine_signature"":""4cc2e649731bfd69"",""weighted_score"":0.127927,""diversity_score"":2.586207},{""rank"":2,""recommended"":false,""feasible"":true,""budget_used"":0.201106,""budget_violation"":0,""makespan"":92.184,""deadline_violation"":0,""machine_signature"":""90f82e6b739bfe93"",""weighted_score"":0.201106,""diversity_score"":2.103448}]"
prism_cc_time,hybrid_hetero,25,maddid0000037|maddid0000056|mbackgroundid0000013|mbackgroundid0000015|mbackgroundid0000054|mbgmodelid0000012|mbgmodelid0000031|mbgmodelid0000050|mconcatfitid0000011|mdifffitid0000006|mdifffitid0000026|mdifffitid0000027|mdifffitid0000028|mdifffitid0000029|mdifffitid0000043|mdifffitid0000046|mdifffitid0000047|mdifffitid0000048|mimgtblid0000017|mimgtblid0000036|mimgtblid0000055|mprojectid0000001|mprojectid0000002|mprojectid0000004|mprojectid0000020|mprojectid0000021|mprojectid0000042|mviewerid0000019|mviewerid0000038,0.000000,92.184000,0.201106,0.241327,110.620800,0.000000,0.000000,true,0.005000,32,282.837000,"{""bora011"":5,""diablo03"":1,""h4d-standard-192-7"":52}","{""bora011"":0.000638,""diablo03"":0.000209,""h3-standard-88-2"":0,""h4d-standard-192-7"":0.018063}","[{""rank"":1,""recommended"":true,""feasible"":true,""budget_used"":0.201106,""budget_violation"":0,""makespan"":92.184,""deadline_violation"":0,""machine_signature"":""90f82e6b739bfe93"",""weighted_score"":0.878093,""diversity_score"":2.103448},{""rank"":2,""recommended"":false,""feasible"":true,""budget_used"":0.127927,""budget_violation"":0,""makespan"":104.982,""deadline_violation"":0,""machine_signature"":""4cc2e649731bfd69"",""weighted_score"":1,""diversity_score"":2.586207}]"
heft_colocation,hybrid_hetero,26,maddid0000018|maddid0000037|mbackgroundid0000015|mbackgroundid0000016|mbackgroundid0000032|mbackgroundid0000033|mbackgroundid0000034|mbackgroundid0000051|mbackgroundid0000052|mbackgroundid0000053|mbgmodelid0000012|mconcatfitid0000011|mconcatfitid0000030|mdifffitid0000006|mdifffitid0000007|mdifffitid0000009|mdifffitid0000025|mdifffitid0000026|mdifffitid0000029|mdifffitid0000044|mdifffitid0000045|mdifffitid0000046|mimgtblid0000017|mprojectid0000002|mprojectid0000003|mprojectid0000022|mprojectid0000041|mviewerid0000038|mviewerid0000058,0.000000,92.184000,0.201106,0.241327,110.620800,0.000000,0.000000,true,0.005000,10,1.600000,"{""bora011"":5,""diablo03"":1,""h4d-standard-192-7"":52}","{""bora011"":0.000638,""diablo03"":0.000209,""h3-standard-88-2"":0,""h4d-standard-192-7"":0.018063}",[]
prism_cc_cost,hybrid_hetero,26,maddid0000018|maddid0000037|mbackgroundid0000015|mbackgroundid0000016|mbackgroundid0000032|mbackgroundid0000033|mbackgroundid0000034|mbackgroundid0000051|mbackgroundid0000052|mbackgroundid0000053|mbgmodelid0000012|mconcatfitid0000011|mconcatfitid0000030|mdifffitid0000006|mdifffitid0000007|mdifffitid0000009|mdifffitid0000025|mdifffitid0000026|mdifffitid0000029|mdifffitid0000044|mdifffitid0000045|mdifffitid0000046|mimgtblid0000017|mprojectid0000002|mprojectid0000003|mprojectid0000022|mprojectid0000041|mviewerid0000038|mviewerid0000058,0.000000,104.982000,0.127927,0.241327,110.620800,0.000000,0.000000,true,0.006000,20,271.041000,"{""bora011"":24,""diablo03"":12,""h4d-standard-192-7"":22}","{""bora011"":0.011644,""diablo03"":0.003669,""h3-standard-88-2"":0,""h4d-standard-192-7"":0.015318}","[{""rank"":1,""recommended"":true,""feasible"":true,""budget_used"":0.127927,""budget_violation"":0,""makespan"":104.982,""deadline_violation"":0,""machine_signature"":""186036857a0621e7"",""weighted_score"":0.127927,""diversity_score"":2.586207},{""rank"":2,""recommended"":false,""feasible"":true,""budget_used"":0.201106,""budget_violation"":0,""makespan"":92.184,""deadline_violation"":0,""machine_signature"":""90f82e6b739bfe93"",""weighted_score"":0.201106,""diversity_score"":2.103448}]"
prism_cc_time,hybrid_hetero,26,maddid0000018|maddid0000037|mbackgroundid0000015|mbackgroundid0000016|mbackgroundid0000032|mbackgroundid0000033|mbackgroundid0000034|mbackgroundid0000051|mbackgroundid0000052|mbackgroundid0000053|mbgmodelid0000012|mconcatfitid0000011|mconcatfitid0000030|mdifffitid0000006|mdifffitid0000007|mdifffitid0000009|mdifffitid0000025|mdifffitid0000026|mdifffitid0000029|mdifffitid0000044|mdifffitid0000045|mdifffitid0000046|mimgtblid0000017|mprojectid0000002|mprojectid0000003|mprojectid0000022|mprojectid0000041|mviewerid0000038|mviewerid0000058,0.000000,92.184000,0.201106,0.241327,110.620800,0.000000,0.000000,true,0.005000,10,271.041000,"{""bora011"":5,""diablo03"":1,""h4d-standard-192-7"":52}","{""bora011"":0.000638,""diablo03"":0.000209,""h3-standard-88-2"":0,""h4d-standard-192-7"":0.018063}","[{""rank"":1,""recommended"":true,""feasible"":true,""budget_used"":0.201106,""budget_violation"":0,""makespan"":92.184,""deadline_violation"":0,""machine_signature"":""90f82e6b739bfe93"",""weighted_score"":0.878093,""diversity_score"":2.103448},{""rank"":2,""recommended"":false,""feasible"":true,""budget_used"":0.127927,""budget_violation"":0,""makespan"":104.982,""deadline_violation"":0,""machine_signature"":""186036857a0621e7"",""weighted_score"":1,""diversity_score"":2.586207}]"
heft_colocation,hybrid_hetero,27,maddid0000037|mbackgroundid0000013|mbackgroundid0000033|mbackgroundid0000034|mbackgroundid0000035|mbackgroundid0000052|mbgmodelid0000012|mbgmodelid0000050|mdifffitid0000005|mdifffitid0000006|mdifffitid0000007|mdifffitid0000009|mdifffitid0000010|mdifffitid0000024|mdifffitid0000026|mdifffitid0000027|mdifffitid0000028|mdifffitid0000048|mimgtblid0000017|mimgtblid0000036|mprojectid0000002|mprojectid0000003|mprojectid0000020|mprojectid0000021|mprojectid0000039|mprojectid0000041|mviewerid0000038|mviewerid0000057|mviewerid0000058,0.000000,92.184000,0.201106,0.241327,110.620800,0.000000,0.000000,true,0.005000,27,1.706000,"{""bora011"":5,""diablo03"":1,""h4d-standard-192-7"":52}","{""bora011"":0.000638,""diablo03"":0.000209,""h3-standard-88-2"":0,""h4d-standard-192-7"":0.018063}",[]
prism_cc_cost,hybrid_hetero,27,maddid0000037|mbackgroundid0000013|mbackgroundid0000033|mbackgroundid0000034|mbackgroundid0000035|mbackgroundid0000052|mbgmodelid0000012|mbgmodelid0000050|mdifffitid0000005|mdifffitid0000006|mdifffitid0000007|mdifffitid0000009|mdifffitid0000010|mdifffitid0000024|mdifffitid0000026|mdifffitid0000027|mdifffitid0000028|mdifffitid0000048|mimgtblid0000017|mimgtblid0000036|mprojectid0000002|mprojectid0000003|mprojectid0000020|mprojectid0000021|mprojectid0000039|mprojectid0000041|mviewerid0000038|mviewerid0000057|mviewerid0000058,0.000000,104.982000,0.127927,0.241327,110.620800,0.000000,0.000000,true,0.006000,34,277.690000,"{""bora011"":24,""diablo03"":12,""h4d-standard-192-7"":22}","{""bora011"":0.011644,""diablo03"":0.003669,""h3-standard-88-2"":0,""h4d-standard-192-7"":0.015318}","[{""rank"":1,""recommended"":true,""feasible"":true,""budget_used"":0.127927,""budget_violation"":0,""makespan"":104.982,""deadline_violation"":0,""machine_signature"":""186036857a0621e7"",""weighted_score"":0.127927,""diversity_score"":2.586207},{""rank"":2,""recommended"":false,""feasible"":true,""budget_used"":0.201106,""budget_violation"":0,""makespan"":92.184,""deadline_violation"":0,""machine_signature"":""90f82e6b739bfe93"",""weighted_score"":0.201106,""diversity_score"":2.103448}]"
prism_cc_time,hybrid_hetero,27,maddid0000037|mbackgroundid0000013|mbackgroundid0000033|mbackgroundid0000034|mbackgroundid0000035|mbackgroundid0000052|mbgmodelid0000012|mbgmodelid0000050|mdifffitid0000005|mdifffitid0000006|mdifffitid0000007|mdifffitid0000009|mdifffitid0000010|mdifffitid0000024|mdifffitid0000026|mdifffitid0000027|mdifffitid0000028|mdifffitid0000048|mimgtblid0000017|mimgtblid0000036|mprojectid0000002|mprojectid0000003|mprojectid0000020|mprojectid0000021|mprojectid0000039|mprojectid0000041|mviewerid0000038|mviewerid0000057|mviewerid0000058,0.000000,92.184000,0.201106,0.241327,110.620800,0.000000,0.000000,true,0.005000,27,277.690000,"{""bora011"":5,""diablo03"":1,""h4d-standard-192-7"":52}","{""bora011"":0.000638,""diablo03"":0.000209,""h3-standard-88-2"":0,""h4d-standard-192-7"":0.018063}","[{""rank"":1,""recommended"":true,""feasible"":true,""budget_used"":0.201106,""budget_violation"":0,""makespan"":92.184,""deadline_violation"":0,""machine_signature"":""90f82e6b739bfe93"",""weighted_score"":0.878093,""diversity_score"":2.103448},{""rank"":2,""recommended"":false,""feasible"":true,""budget_used"":0.127927,""budget_violation"":0,""makespan"":104.982,""deadline_violation"":0,""machine_signature"":""186036857a0621e7"",""weighted_score"":1,""diversity_score"":2.586207}]"
heft_colocation,hybrid_hetero,28,maddid0000037|maddid0000056|mbackgroundid0000013|mbackgroundid0000014|mbackgroundid0000015|mbackgroundid0000016|mbackgroundid0000032|mbackgroundid0000035|mbackgroundid0000053|mbackgroundid0000054|mbgmodelid0000012|mbgmodelid0000050|mconcatfitid0000030|mdifffitid0000005|mdifffitid0000009|mdifffitid0000010|mdifffitid0000024|mdifffitid0000028|mdifffitid0000044|mdifffitid0000046|mimgtblid0000036|mprojectid0000001|mprojectid0000002|mprojectid0000004|mprojectid0000040|mprojectid0000041|mprojectid0000042|mviewerid0000019|mviewerid0000057,0.000000,92.184000,0.201106,0.241327,110.620800,0.000000,0.000000,true,0.005000,35,1.627000,"{""bora011"":5,""diablo03"":1,""h4d-standard-192-7"":52}","{""bora011"":0.000638,""diablo03"":0.000209,""h3-standard-88-2"":0,""h4d-standard-192-7"":0.018063}",[]
prism_cc_cost,hybrid_hetero,28,maddid0000037|maddid0000056|mbackgroundid0000013|mbackgroundid0000014|mbackgroundid0000015|mbackgroundid0000016|mbackgroundid0000032|mbackgroundid0000035|mbackgroundid0000053|mbackgroundid0000054|mbgmodelid0000012|mbgmodelid0000050|mconcatfitid0000030|mdifffitid0000005|mdifffitid0000009|mdifffitid0000010|mdifffitid0000024|mdifffitid0000028|mdifffitid0000044|mdifffitid0000046|mimgtblid0000036|mprojectid0000001|mprojectid0000002|mprojectid0000004|mprojectid0000040|mprojectid0000041|mprojectid0000042|mviewerid0000019|mviewerid0000057,0.000000,104.982000,0.127927,0.241327,110.620800,0.000000,0.000000,true,0.006000,36,267.021000,"{""bora011"":24,""diablo03"":12,""h4d-standard-192-7"":22}","{""bora011"":0.011644,""diablo03"":0.003669,""h3-standard-88-2"":0,""h4d-standard-192-7"":0.015318}","[{""rank"":1,""recommended"":true,""feasible"":true,""budget_used"":0.127927,""budget_violation"":0,""makespan"":104.982,""deadline_violation"":0,""machine_signature"":""4f8ec00fc916aac1"",""weighted_score"":0.127927,""diversity_score"":2.586207},{""rank"":2,""recommended"":false,""feasible"":true,""budget_used"":0.201106,""budget_violation"":0,""makespan"":92.184,""deadline_violation"":0,""machine_signature"":""90f82e6b739bfe93"",""weighted_score"":0.201106,""diversity_score"":2.103448}]"
prism_cc_time,hybrid_hetero,28,maddid0000037|maddid0000056|mbackgroundid0000013|mbackgroundid0000014|mbackgroundid0000015|mbackgroundid0000016|mbackgroundid0000032|mbackgroundid0000035|mbackgroundid0000053|mbackgroundid0000054|mbgmodelid0000012|mbgmodelid0000050|mconcatfitid0000030|mdifffitid0000005|mdifffitid0000009|mdifffitid0000010|mdifffitid0000024|mdifffitid0000028|mdifffitid0000044|mdifffitid0000046|mimgtblid0000036|mprojectid0000001|mprojectid0000002|mprojectid0000004|mprojectid0000040|mprojectid0000041|mprojectid0000042|mviewerid0000019|mviewerid0000057,0.000000,92.184000,0.201106,0.241327,110.620800,0.000000,0.000000,true,0.005000,35,267.021000,"{""bora011"":5,""diablo03"":1,""h4d-standard-192-7"":52}","{""bora011"":0.000638,""diablo03"":0.000209,""h3-standard-88-2"":0,""h4d-standard-192-7"":0.018063}","[{""rank"":1,""recommended"":true,""feasible"":true,""budget_used"":0.201106,""budget_violation"":0,""makespan"":92.184,""deadline_violation"":0,""machine_signature"":""90f82e6b739bfe93"",""weighted_score"":0.878093,""diversity_score"":2.103448},{""rank"":2,""recommended"":false,""feasible"":true,""budget_used"":0.127927,""budget_violation"":0,""makespan"":104.982,""deadline_violation"":0,""machine_signature"":""4f8ec00fc916aac1"",""weighted_score"":1,""diversity_score"":2.586207}]"
heft_colocation,hybrid_hetero,29,maddid0000037|maddid0000056|mbackgroundid0000013|mbackgroundid0000016|mbackgroundid0000033|mbgmodelid0000050|mconcatfitid0000011|mconcatfitid0000049|mdifffitid0000006|mdifffitid0000007|mdifffitid0000008|mdifffitid0000009|mdifffitid0000010|mdifffitid0000024|mdifffitid0000025|mdifffitid0000027|mdifffitid0000028|mdifffitid0000029|mdifffitid0000044|mdifffitid0000047|mimgtblid0000017|mprojectid0000001|mprojectid0000003|mprojectid0000020|mprojectid0000039|mprojectid0000040|mprojectid0000042|mviewerid0000019|mviewerid0000038,0.000000,92.184000,0.201106,0.241327,110.620800,0.000000,0.000000,true,0.005000,51,2.700000,"{""bora011"":5,""diablo03"":1,""h4d-standard-192-7"":52}","{""bora011"":0.000638,""diablo03"":0.000209,""h3-standard-88-2"":0,""h4d-standard-192-7"":0.018063}",[]
prism_cc_cost,hybrid_hetero,29,maddid0000037|maddid0000056|mbackgroundid0000013|mbackgroundid0000016|mbackgroundid0000033|mbgmodelid0000050|mconcatfitid0000011|mconcatfitid0000049|mdifffitid0000006|mdifffitid0000007|mdifffitid0000008|mdifffitid0000009|mdifffitid0000010|mdifffitid0000024|mdifffitid0000025|mdifffitid0000027|mdifffitid0000028|mdifffitid0000029|mdifffitid0000044|mdifffitid0000047|mimgtblid0000017|mprojectid0000001|mprojectid0000003|mprojectid0000020|mprojectid0000039|mprojectid0000040|mprojectid0000042|mviewerid0000019|mviewerid0000038,0.000000,104.982000,0.127927,0.241327,110.620800,0.000000,0.000000,true,0.006000,57,262.907000,"{""bora011"":24,""diablo03"":12,""h4d-standard-192-7"":22}","{""bora011"":0.011644,""diablo03"":0.003669,""h3-standard-88-2"":0,""h4d-standard-192-7"":0.015318}","[{""rank"":1,""recommended"":true,""feasible"":true,""budget_used"":0.127927,""budget_violation"":0,""makespan"":104.982,""deadline_violation"":0,""machine_signature"":""8efd4f9bdbc07985"",""weighted_score"":0.127927,""diversity_score"":2.586207},{""rank"":2,""recommended"":false,""feasible"":true,""budget_used"":0.201106,""budget_violation"":0,""makespan"":92.184,""deadline_violation"":0,""machine_signature"":""90f82e6b739bfe93"",""weighted_score"":0.201106,""diversity_score"":2.103448}]"
prism_cc_time,hybrid_hetero,29,maddid0000037|maddid0000056|mbackgroundid0000013|mbackgroundid0000016|mbackgroundid0000033|mbgmodelid0000050|mconcatfitid0000011|mconcatfitid0000049|mdifffitid0000006|mdifffitid0000007|mdifffitid0000008|mdifffitid0000009|mdifffitid0000010|mdifffitid0000024|mdifffitid0000025|mdifffitid0000027|mdifffitid0000028|mdifffitid0000029|mdifffitid0000044|mdifffitid0000047|mimgtblid0000017|mprojectid0000001|mprojectid0000003|mprojectid0000020|mprojectid0000039|mprojectid0000040|mprojectid0000042|mviewerid0000019|mviewerid0000038,0.000000,92.184000,0.201106,0.241327,110.620800,0.000000,0.000000,true,0.005000,51,262.907000,"{""bora011"":5,""diablo03"":1,""h4d-standard-192-7"":52}","{""bora011"":0.000638,""diablo03"":0.000209,""h3-standard-88-2"":0,""h4d-standard-192-7"":0.018063}","[{""rank"":1,""recommended"":true,""feasible"":true,""budget_used"":0.201106,""budget_violation"":0,""makespan"":92.184,""deadline_violation"":0,""machine_signature"":""90f82e6b739bfe93"",""weighted_score"":0.878093,""diversity_score"":2.103448},{""rank"":2,""recommended"":false,""feasible"":true,""budget_used"":0.127927,""budget_violation"":0,""makespan"":104.982,""deadline_violation"":0,""machine_signature"":""8efd4f9bdbc07985"",""weighted_score"":1,""diversity_score"":2.586207}]"
heft_colocation,hybrid_hetero,30,mbackgroundid0000014|mbackgroundid0000032|mbackgroundid0000033|mbackgroundid0000034|mbackgroundid0000052|mbgmodelid0000031|mconcatfitid0000011|mconcatfitid0000030|mdifffitid0000005|mdifffitid0000006|mdifffitid0000007|mdifffitid0000010|mdifffitid0000026|mdifffitid0000028|mdifffitid0000029|mdifffitid0000043|mdifffitid0000044|mdifffitid0000045|mdifffitid0000046|mdifffitid0000048|mprojectid0000001|mprojectid0000002|mprojectid0000020|mprojectid0000039|mprojectid0000040|mprojectid0000041|mprojectid0000042|mviewerid0000038|mviewerid0000058,0.000000,92.184000,0.201106,0.241327,110.620800,0.000000,0.000000,true,0.005000,49,1.774000,"{""bora011"":5,""diablo03"":1,""h4d-standard-192-7"":52}","{""bora011"":0.000638,""diablo03"":0.000209,""h3-standard-88-2"":0,""h4d-standard-192-7"":0.018063}",[]
prism_cc_cost,hybrid_hetero,30,mbackgroundid0000014|mbackgroundid0000032|mbackgroundid0000033|mbackgroundid0000034|mbackgroundid0000052|mbgmodelid0000031|mconcatfitid0000011|mconcatfitid0000030|mdifffitid0000005|mdifffitid0000006|mdifffitid0000007|mdifffitid0000010|mdifffitid0000026|mdifffitid0000028|mdifffitid0000029|mdifffitid0000043|mdifffitid0000044|mdifffitid0000045|mdifffitid0000046|mdifffitid0000048|mprojectid0000001|mprojectid0000002|mprojectid0000020|mprojectid0000039|mprojectid0000040|mprojectid0000041|mprojectid0000042|mviewerid0000038|mviewerid0000058,0.000000,104.982000,0.127927,0.241327,110.620800,0.000000,0.000000,true,0.006000,56,271.307000,"{""bora011"":24,""diablo03"":12,""h4d-standard-192-7"":22}","{""bora011"":0.011644,""diablo03"":0.003669,""h3-standard-88-2"":0,""h4d-standard-192-7"":0.015318}","[{""rank"":1,""recommended"":true,""feasible"":true,""budget_used"":0.127927,""budget_violation"":0,""makespan"":104.982,""deadline_violation"":0,""machine_signature"":""8efd4f9bdbc07985"",""weighted_score"":0.127927,""diversity_score"":2.586207},{""rank"":2,""recommended"":false,""feasible"":true,""budget_used"":0.201106,""budget_violation"":0,""makespan"":92.184,""deadline_violation"":0,""machine_signature"":""90f82e6b739bfe93"",""weighted_score"":0.201106,""diversity_score"":2.103448}]"
prism_cc_time,hybrid_hetero,30,mbackgroundid0000014|mbackgroundid0000032|mbackgroundid0000033|mbackgroundid0000034|mbackgroundid0000052|mbgmodelid0000031|mconcatfitid0000011|mconcatfitid0000030|mdifffitid0000005|mdifffitid0000006|mdifffitid0000007|mdifffitid0000010|mdifffitid0000026|mdifffitid0000028|mdifffitid0000029|mdifffitid0000043|mdifffitid0000044|mdifffitid0000045|mdifffitid0000046|mdifffitid0000048|mprojectid0000001|mprojectid0000002|mprojectid0000020|mprojectid0000039|mprojectid0000040|mprojectid0000041|mprojectid0000042|mviewerid0000038|mviewerid0000058,0.000000,92.184000,0.201106,0.241327,110.620800,0.000000,0.000000,true,0.005000,49,271.307000,"{""bora011"":5,""diablo03"":1,""h4d-standard-192-7"":52}","{""bora011"":0.000638,""diablo03"":0.000209,""h3-standard-88-2"":0,""h4d-standard-192-7"":0.018063}","[{""rank"":1,""recommended"":true,""feasible"":true,""budget_used"":0.201106,""budget_violation"":0,""makespan"":92.184,""deadline_violation"":0,""machine_signature"":""90f82e6b739bfe93"",""weighted_score"":0.878093,""diversity_score"":2.103448},{""rank"":2,""recommended"":false,""feasible"":true,""budget_used"":0.127927,""budget_violation"":0,""makespan"":104.982,""deadline_violation"":0,""machine_signature"":""8efd4f9bdbc07985"",""weighted_score"":1,""diversity_score"":2.586207}]"
