algorithm,scenario_id,interference_seed,interference_activity_ids,interference_rate,makespan,budget_used,budget_limit,deadline_limit,budget_violation,deadline_violation,feasible,interference_time,interference_pairs,algorithm_milliseconds,machine_distribution,machine_utilization,recommendations_json
heft_colocation,hybrid_hetero,1,maddid0000018|maddid0000037|maddid0000056|mbackgroundid0000015|mbackgroundid0000035|mbgmodelid0000012|mbgmodelid0000031|mconcatfitid0000011|mconcatfitid0000030|mdifffitid0000005|mdifffitid0000007|mdifffitid0000010|mdifffitid0000025|mdifffitid0000026|mdifffitid0000028|mdifffitid0000029|mdifffitid0000044|mimgtblid0000017|mimgtblid0000036|mimgtblid0000055|mprojectid0000003|mprojectid0000020|mprojectid0000022|mprojectid0000023|mprojectid0000040|mprojectid0000041|mviewerid0000038|mviewerid0000057|mviewerid0000058,0.100000,92.184000,0.201108,0.241327,110.620800,0.000000,0.000000,true,27.051000,23,2.474000,"{""bora011"":5,""diablo03"":1,""h4d-standard-192-7"":52}","{""bora011"":0.000638,""diablo03"":0.000209,""h3-standard-88-2"":0,""h4d-standard-192-7"":0.019591}",[]
prism_cc_cost,hybrid_hetero,1,maddid0000018|maddid0000037|maddid0000056|mbackgroundid0000015|mbackgroundid0000035|mbgmodelid0000012|mbgmodelid0000031|mconcatfitid0000011|mconcatfitid0000030|mdifffitid0000005|mdifffitid0000007|mdifffitid0000010|mdifffitid0000025|mdifffitid0000026|mdifffitid0000028|mdifffitid0000029|mdifffitid0000044|mimgtblid0000017|mimgtblid0000036|mimgtblid0000055|mprojectid0000003|mprojectid0000020|mprojectid0000022|mprojectid0000023|mprojectid0000040|mprojectid0000041|mviewerid0000038|mviewerid0000057|mviewerid0000058,0.100000,102.630000,0.141115,0.241327,110.620800,0.000000,0.000000,true,27.650000,24,307.517000,"{""bora011"":17,""diablo03"":10,""h4d-standard-192-7"":31}","{""bora011"":0.006734,""diablo03"":0.003029,""h3-standard-88-2"":0,""h4d-standard-192-7"":0.017256}","[{""rank"":1,""recommended"":true,""feasible"":true,""budget_used"":0.141115,""budget_violation"":0,""makespan"":102.63,""deadline_violation"":0,""machine_signature"":""d7964375169371c9"",""weighted_score"":0.141115,""diversity_score"":2.465517},{""rank"":2,""recommended"":false,""feasible"":true,""budget_used"":0.141115,""budget_violation"":0,""makespan"":103.31,""deadline_violation"":0,""machine_signature"":""cdf8cb1c05cdad83"",""weighted_score"":0.141115,""diversity_score"":2.465517},{""rank"":3,""recommended"":false,""feasible"":true,""budget_used"":0.201108,""budget_violation"":0,""makespan"":92.184,""deadline_violation"":0,""machine_signature"":""130da1f4e79fc62c"",""weighted_score"":0.201108,""diversity_score"":2.103448},{""rank"":4,""recommended"":false,""feasible"":true,""budget_used"":0.201108,""budget_violation"":0,""makespan"":92.184,""deadline_violation"":0,""machine_signature"":""5af427f317aa7f92"",""weighted_score"":0.201108,""diversity_score"":2.103448}]"
prism_cc_time,hybrid_hetero,1,maddid0000018|maddid0000037|maddid0000056|mbackgroundid0000015|mbackgroundid0000035|mbgmodelid0000012|mbgmodelid0000031|mconcatfitid0000011|mconcatfitid0000030|mdifffitid0000005|mdifffitid0000007|mdifffitid0000010|mdifffitid0000025|mdifffitid0000026|mdifffitid0000028|mdifffitid0000029|mdifffitid0000044|mimgtblid0000017|mimgtblid0000036|mimgtblid0000055|mprojectid0000003|mprojectid0000020|mprojectid0000022|mprojectid0000023|mprojectid0000040|mprojectid0000041|mviewerid0000038|mviewerid0000057|mviewerid0000058,0.100000,92.184000,0.201108,0.241327,110.620800,0.000000,0.000000,true,27.051000,23,307.517000,"{""bora011"":5,""diablo03"":1,""h4d-standard-192-7"":52}","{""bora011"":0.000638,""diablo03"":0.000209,""h3-standard-88-2"":0,""h4d-standard-192-7"":0.019591}","[{""rank"":1,""recommended"":true,""feasible"":true,""budget_used"":0.201108,""budget_violation"":0,""makespan"":92.184,""deadline_violation"":0,""machine_signature"":""130da1f4e79fc62c"",""weighted_score"":0.892305,""diversity_score"":2.103448},{""rank"":2,""recommended"":false,""feasible"":true,""budget_used"":0.201108,""budget_violation"":0,""makespan"":92.184,""deadline_violation"":0,""machine_signature"":""5af427f317aa7f92"",""weighted_score"":0.892305,""diversity_score"":2.103448},{""rank"":3,""recommended"":false,""feasible"":true,""budget_used"":0.141115,""budget_violation"":0,""makespan"":102.63,""deadline_violation"":0,""machine_signature"":""d7964375169371c9"",""weighted_score"":0.993418,""diversity_score"":2.465517},{""rank"":4,""recommended"":false,""feasible"":true,""budget_used"":0.141115,""budget_violation"":0,""makespan"":103.31,""deadline_violation"":0,""machine_signature"":""cdf8cb1c05cdad83"",""weighted_score"":1,""diversity_score"":2.465517}]"
heft_colocation,hybrid_hetero,2,maddid0000037|mbackgroundid0000013|mbackgroundid0000014|mbackgroundid0000032|mbackgroundid0000033|mbackgroundid0000051|mbackgroundid0000052|mbackgroundid0000053|mbackgroundid0000054|mconcatfitid0000049|mdifffitid0000008|mdifffitid0000009|mdifffitid0000010|mdifffitid0000025|mdifffitid0000027|mdifffitid0000029|mdifffitid0000045|mdifffitid0000046|mdifffitid0000048|mimgtblid0000055|mprojectid0000001|mprojectid0000002|mprojectid0000020|mprojectid0000021|mprojectid0000022|mprojectid0000040|mviewerid0000038|mviewerid0000057|mviewerid0000058,0.100000,92.184000,0.201107,0.241327,110.620800,0.000000,0.000000,true,23.111000,32,2.142000,"{""bora011"":4,""diablo03"":1,""h4d-standard-192-7"":53}","{""bora011"":0.000127,""diablo03"":0.000209,""h3-standard-88-2"":0,""h4d-standard-192-7"":0.019386}",[]
prism_cc_cost,hybrid_hetero,2,maddid0000037|mbackgroundid0000013|mbackgroundid0000014|mbackgroundid0000032|mbackgroundid0000033|mbackgroundid0000051|mbackgroundid0000052|mbackgroundid0000053|mbackgroundid0000054|mconcatfitid0000049|mdifffitid0000008|mdifffitid0000009|mdifffitid0000010|mdifffitid0000025|mdifffitid0000027|mdifffitid0000029|mdifffitid0000045|mdifffitid0000046|mdifffitid0000048|mimgtblid0000055|mprojectid0000001|mprojectid0000002|mprojectid0000020|mprojectid0000021|mprojectid0000022|mprojectid0000040|mviewerid0000038|mviewerid0000057|mviewerid0000058,0.100000,102.009000,0.141116,0.241327,110.620800,0.000000,0.000000,true,24.269000,35,298.383000,"{""bora011"":18,""diablo03"":10,""h4d-standard-192-7"":30}","{""bora011"":0.007228,""diablo03"":0.00308,""h3-standard-88-2"":0,""h4d-standard-192-7"":0.017146}","[{""rank"":1,""recommended"":true,""feasible"":true,""budget_used"":0.141116,""budget_violation"":0,""makespan"":102.009,""deadline_violation"":0,""machine_signature"":""93358ba40dc82caf"",""weighted_score"":0.141116,""diversity_score"":2.482759},{""rank"":2,""recommended"":false,""feasible"":true,""budget_used"":0.201107,""budget_violation"":0,""makespan"":92.184,""deadline_violation"":0,""machine_signature"":""39e9aba7c9640f32"",""weighted_score"":0.201107,""diversity_score"":2.086207},{""rank"":3,""recommended"":false,""feasible"":true,""budget_used"":0.201107,""budget_violation"":0,""makespan"":92.184,""deadline_violation"":0,""machine_signature"":""2c89781154afb52e"",""weighted_score"":0.201107,""diversity_score"":2.12069}]"
prism_cc_time,hybrid_hetero,2,maddid0000037|mbackgroundid0000013|mbackgroundid0000014|mbackgroundid0000032|mbackgroundid0000033|mbackgroundid0000051|mbackgroundid0000052|mbackgroundid0000053|mbackgroundid0000054|mconcatfitid0000049|mdifffitid0000008|mdifffitid0000009|mdifffitid0000010|mdifffitid0000025|mdifffitid0000027|mdifffitid0000029|mdifffitid0000045|mdifffitid0000046|mdifffitid0000048|mimgtblid0000055|mprojectid0000001|mprojectid0000002|mprojectid0000020|mprojectid0000021|mprojectid0000022|mprojectid0000040|mviewerid0000038|mviewerid0000057|mviewerid0000058,0.100000,92.184000,0.201107,0.241327,110.620800,0.000000,0.000000,true,23.111000,32,298.383000,"{""bora011"":4,""diablo03"":1,""h4d-standard-192-7"":53}","{""bora011"":0.000127,""diablo03"":0.000209,""h3-standard-88-2"":0,""h4d-standard-192-7"":0.019386}","[{""rank"":1,""recommended"":true,""feasible"":true,""budget_used"":0.201107,""budget_violation"":0,""makespan"":92.184,""deadline_violation"":0,""machine_signature"":""39e9aba7c9640f32"",""weighted_score"":0.903685,""diversity_score"":2.086207},{""rank"":2,""recommended"":false,""feasible"":true,""budget_used"":0.201107,""budget_violation"":0,""makespan"":92.184,""deadline_violation"":0,""machine_signature"":""2c89781154afb52e"",""weighted_score"":0.903685,""diversity_score"":2.12069},{""rank"":3,""recommended"":false,""feasible"":true,""budget_used"":0.141116,""budget_violation"":0,""makespan"":102.009,""deadline_violation"":0,""machine_signature"":""93358ba40dc82caf"",""weighted_score"":1,""diversity_score"":2.482759}]"
heft_colocation,hybrid_hetero,3,maddid0000018|maddid0000037|mbackgroundid0000013|mbackgroundid0000014|mbackgroundid0000016|mbackgroundid0000032|mbackgroundid0000033|mbackgroundid0000034|mbackgroundid0000035|mbackgroundid0000052|mbackgroundid0000053|mbackgroundid0000054|mbgmodelid0000050|mconcatfitid0000011|mconcatfitid0000030|mdifffitid0000005|mdifffitid0000010|mdifffitid0000025|mdifffitid0000027|mdifffitid0000029|mdifffitid0000043|mdifffitid0000044|mdifffitid0000048|mimgtblid0000017|mimgtblid0000036|mprojectid0000004|mprojectid0000039|mviewerid0000038|mviewerid0000058,0.100000,92.184000,0.201112,0.241327,110.620800,0.000000,0.000000,true,2.759000,17,3.732000,"{""bora011"":5,""diablo03"":1,""h4d-standard-192-7"":52}","{""bora011"":0.000638,""diablo03"":0.000209,""h3-standard-88-2"":0,""h4d-standard-192-7"":0.018219}",[]
prism_cc_cost,hybrid_hetero,3,maddid0000018|maddid0000037|mbackgroundid0000013|mbackgroundid0000014|mbackgroundid0000016|mbackgroundid0000032|mbackgroundid0000033|mbackgroundid0000034|mbackgroundid0000035|mbackgroundid0000052|mbackgroundid0000053|mbackgroundid0000054|mbgmodelid0000050|mconcatfitid0000011|mconcatfitid0000030|mdifffitid0000005|mdifffitid0000010|mdifffitid0000025|mdifffitid0000027|mdifffitid0000029|mdifffitid0000043|mdifffitid0000044|mdifffitid0000048|mimgtblid0000017|mimgtblid0000036|mprojectid0000004|mprojectid0000039|mviewerid0000038|mviewerid0000058,0.100000,104.982000,0.127925,0.241327,110.620800,0.000000,0.000000,true,3.691000,9,336.175000,"{""bora011"":27,""diablo03"":13,""h4d-standard-192-7"":18}","{""bora011"":0.013879,""diablo03"":0.004164,""h3-standard-88-2"":0,""h4d-standard-192-7"":0.015338}","[{""rank"":1,""recommended"":true,""feasible"":true,""budget_used"":0.127925,""budget_violation"":0,""makespan"":104.982,""deadline_violation"":0,""machine_signature"":""f801187f6a2a3521"",""weighted_score"":0.127925,""diversity_score"":2.534483},{""rank"":2,""recommended"":false,""feasible"":true,""budget_used"":0.201106,""budget_violation"":0,""makespan"":92.184,""deadline_violation"":0,""machine_signature"":""7de3597ff6006381"",""weighted_score"":0.201106,""diversity_score"":2.189655},{""rank"":3,""recommended"":false,""feasible"":true,""budget_used"":0.201112,""budget_violation"":0,""makespan"":92.184,""deadline_violation"":0,""machine_signature"":""bb408bf1e3ae1a37"",""weighted_score"":0.201112,""diversity_score"":2.103448}]"
prism_cc_time,hybrid_hetero,3,maddid0000018|maddid0000037|mbackgroundid0000013|mbackgroundid0000014|mbackgroundid0000016|mbackgroundid0000032|mbackgroundid0000033|mbackgroundid0000034|mbackgroundid0000035|mbackgroundid0000052|mbackgroundid0000053|mbackgroundid0000054|mbgmodelid0000050|mconcatfitid0000011|mconcatfitid0000030|mdifffitid0000005|mdifffitid0000010|mdifffitid0000025|mdifffitid0000027|mdifffitid0000029|mdifffitid0000043|mdifffitid0000044|mdifffitid0000048|mimgtblid0000017|mimgtblid0000036|mprojectid0000004|mprojectid0000039|mviewerid0000038|mviewerid0000058,0.100000,92.184000,0.201106,0.241327,110.620800,0.000000,0.000000,true,2.269000,5,336.175000,"{""bora011"":7,""diablo03"":4,""h4d-standard-192-7"":47}","{""bora011"":0.002295,""diablo03"":0.001403,""h3-standard-88-2"":0,""h4d-standard-192-7"":0.018077}","[{""rank"":1,""recommended"":true,""feasible"":true,""budget_used"":0.201106,""budget_violation"":0,""makespan"":92.184,""deadline_violation"":0,""machine_signature"":""7de3597ff6006381"",""weighted_score"":0.878093,""diversity_score"":2.189655},{""rank"":2,""recommended"":false,""feasible"":true,""budget_used"":0.201112,""budget_violation"":0,""makespan"":92.184,""deadline_violation"":0,""machine_signature"":""bb408bf1e3ae1a37"",""weighted_score"":0.878093,""diversity_score"":2.103448},{""rank"":3,""recommended"":false,""feasible"":true,""budget_used"":0.127925,""budget_violation"":0,""makespan"":104.982,""deadline_violation"":0,""machine_signature"":""f801187f6a2a3521"",""weighted_score"":1,""diversity_score"":2.534483}]"
heft_colocation,hybrid_hetero,4,maddid0000056|mbackgroundid0000013|mbackgroundid0000016|mbackgroundid0000032|mbackgroundid0000033|mbackgroundid0000034|mbackgroundid0000052|mbackgroundid0000053|mdifffitid0000005|mdifffitid0000006|mdifffitid0000009|mdifffitid0000010|mdifffitid0000027|mdifffitid0000028|mdifffitid0000044|mdifffitid0000045|mdifffitid0000047|mdifffitid0000048|mimgtblid0000036|mimgtblid0000055|mprojectid0000001|mprojectid0000003|mprojectid0000021|mprojectid0000022|mprojectid0000023|mprojectid0000039|mprojectid0000040|mviewerid0000038|mviewerid0000058,0.100000,95.314000,0.207933,0.241327,110.620800,0.000000,0.000000,true,45.349000,44,2.175000,"{""bora011"":5,""diablo03"":1,""h4d-standard-192-7"":52}","{""bora011"":0.000617,""diablo03"":0.000202,""h3-standard-88-2"":0,""h4d-standard-192-7"":0.019948}",[]
prism_cc_cost,hybrid_hetero,4,maddid0000056|mbackgroundid0000013|mbackgroundid0000016|mbackgroundid0000032|mbackgroundid0000033|mbackgroundid0000034|mbackgroundid0000052|mbackgroundid0000053|mdifffitid0000005|mdifffitid0000006|mdifffitid0000009|mdifffitid0000010|mdifffitid0000027|mdifffitid0000028|mdifffitid0000044|mdifffitid0000045|mdifffitid0000047|mdifffitid0000048|mimgtblid0000036|mimgtblid0000055|mprojectid0000001|mprojectid0000003|mprojectid0000021|mprojectid0000022|mprojectid0000023|mprojectid0000039|mprojectid0000040|mviewerid0000038|mviewerid0000058,0.100000,103.309000,0.141112,0.241327,110.620800,0.000000,0.000000,true,45.914000,42,287.926000,"{""bora011"":22,""diablo03"":11,""h4d-standard-192-7"":25}","{""bora011"":0.009443,""diablo03"":0.003169,""h3-standard-88-2"":0,""h4d-standard-192-7"":0.017959}","[{""rank"":1,""recommended"":true,""feasible"":true,""budget_used"":0.141112,""budget_violation"":0,""makespan"":103.309,""deadline_violation"":0,""machine_signature"":""77d1a4d932e6b2be"",""weighted_score"":0.141112,""diversity_score"":2.568966},{""rank"":2,""recommended"":false,""feasible"":true,""budget_used"":0.207933,""budget_violation"":0,""makespan"":95.314,""deadline_violation"":0,""machine_signature"":""3a8d1ed8ea3b5a8f"",""weighted_score"":0.207933,""diversity_score"":2.103448},{""rank"":3,""recommended"":false,""feasible"":true,""budget_used"":0.207938,""budget_violation"":0,""makespan"":95.314,""deadline_violation"":0,""machine_signature"":""4d836f33653f9b15"",""weighted_score"":0.207938,""diversity_score"":2.12069}]"
prism_cc_time,hybrid_hetero,4,maddid0000056|mbackgroundid0000013|mbackgroundid0000016|mbackgroundid0000032|mbackgroundid0000033|mbackgroundid0000034|mbackgroundid0000052|mbackgroundid0000053|mdifffitid0000005|mdifffitid0000006|mdifffitid0000009|mdifffitid0000010|mdifffitid0000027|mdifffitid0000028|mdifffitid0000044|mdifffitid0000045|mdifffitid0000047|mdifffitid0000048|mimgtblid0000036|mimgtblid0000055|mprojectid0000001|mprojectid0000003|mprojectid0000021|mprojectid0000022|mprojectid0000023|mprojectid0000039|mprojectid0000040|mviewerid0000038|mviewerid0000058,0.100000,95.314000,0.207933,0.241327,110.620800,0.000000,0.000000,true,45.349000,44,287.926000,"{""bora011"":5,""diablo03"":1,""h4d-standard-192-7"":52}","{""bora011"":0.000617,""diablo03"":0.000202,""h3-standard-88-2"":0,""h4d-standard-192-7"":0.019948}","[{""rank"":1,""recommended"":true,""feasible"":true,""budget_used"":0.207933,""budget_violation"":0,""makespan"":95.314,""deadline_violation"":0,""machine_signature"":""3a8d1ed8ea3b5a8f"",""weighted_score"":0.922611,""diversity_score"":2.103448},{""rank"":2,""recommended"":false,""feasible"":true,""budget_used"":0.207938,""budget_violation"":0,""makespan"":95.314,""deadline_violation"":0,""machine_signature"":""4d836f33653f9b15"",""weighted_score"":0.922611,""diversity_score"":2.12069},{""rank"":3,""recommended"":false,""feasible"":true,""budget_used"":0.141112,""budget_violation"":0,""makespan"":103.309,""deadline_violation"":0,""machine_signature"":""77d1a4d932e6b2be"",""weighted_score"":1,""diversity_score"":2.568966}]"
heft_colocation,hybrid_hetero,5,maddid0000037|maddid0000056|mbackgroundid0000013|mbackgroundid0000014|mbackgroundid0000016|mbackgroundid0000033|mbackgroundid0000034|mbackgroundid0000035|mbackgroundid0000051|mbgmodelid0000012|mbgmodelid0000050|mconcatfitid0000011|mconcatfitid0000030|mconcatfitid0000049|mdifffitid0000007|mdifffitid0000024|mdifffitid0000028|mdifffitid0000045|mdifffitid0000048|mimgtblid0000017|mimgtblid0000036|mprojectid0000001|mprojectid0000004|mprojectid0000021|mprojectid0000023|mprojectid0000041|mviewerid0000038|mviewerid0000057|mviewerid0000058,0.100000,92.184000,0.201112,0.241327,110.620800,0.000000,0.000000,true,16.844000,19,1.740000,"{""bora011"":5,""diablo03"":1,""h4d-standard-192-7"":52}","{""bora011"":0.000638,""diablo03"":0.000209,""h3-standard-88-2"":0,""h4d-standard-192-7"":0.019015}",[]
prism_cc_cost,hybrid_hetero,5,maddid0000037|maddid0000056|mbackgroundid0000013|mbackgroundid0000014|mbackgroundid0000016|mbackgroundid0000033|mbackgroundid0000034|mbackgroundid0000035|mbackgroundid0000051|mbgmodelid0000012|mbgmodelid0000050|mconcatfitid0000011|mconcatfitid0000030|mconcatfitid0000049|mdifffitid0000007|mdifffitid0000024|mdifffitid0000028|mdifffitid0000045|mdifffitid0000048|mimgtblid0000017|mimgtblid0000036|mprojectid0000001|mprojectid0000004|mprojectid0000021|mprojectid0000023|mprojectid0000041|mviewerid0000038|mviewerid0000057|mviewerid0000058,0.100000,99.303000,0.161607,0.241327,110.620800,0.000000,0.000000,true,17.389000,22,303.847000,"{""bora011"":12,""diablo03"":7,""h4d-standard-192-7"":39}","{""bora011"":0.003748,""diablo03"":0.00169,""h3-standard-88-2"":0,""h4d-standard-192-7"":0.017477}","[{""rank"":1,""recommended"":true,""feasible"":true,""budget_used"":0.161607,""budget_violation"":0,""makespan"":99.303,""deadline_violation"":0,""machine_signature"":""b55ff1a9689aebcf"",""weighted_score"":0.161607,""diversity_score"":2.327586},{""rank"":2,""recommended"":false,""feasible"":true,""budget_used"":0.201112,""budget_violation"":0,""makespan"":92.184,""deadline_violation"":0,""machine_signature"":""8972158da195128f"",""weighted_score"":0.201112,""diversity_score"":2.103448}]"
prism_cc_time,hybrid_hetero,5,maddid0000037|maddid0000056|mbackgroundid0000013|mbackgroundid0000014|mbackgroundid0000016|mbackgroundid0000033|mbackgroundid0000034|mbackgroundid0000035|mbackgroundid0000051|mbgmodelid0000012|mbgmodelid0000050|mconcatfitid0000011|mconcatfitid0000030|mconcatfitid0000049|mdifffitid0000007|mdifffitid0000024|mdifffitid0000028|mdifffitid0000045|mdifffitid0000048|mimgtblid0000017|mimgtblid0000036|mprojectid0000001|mprojectid0000004|mprojectid0000021|mprojectid0000023|mprojectid0000041|mviewerid0000038|mviewerid0000057|mviewerid0000058,0.100000,92.184000,0.201112,0.241327,110.620800,0.000000,0.000000,true,16.844000,19,303.847000,"{""bora011"":5,""diablo03"":1,""h4d-standard-192-7"":52}","{""bora011"":0.000638,""diablo03"":0.000209,""h3-standard-88-2"":0,""h4d-standard-192-7"":0.019015}","[{""rank"":1,""recommended"":true,""feasible"":true,""budget_used"":0.201112,""budget_violation"":0,""makespan"":92.184,""deadline_violation"":0,""machine_signature"":""8972158da195128f"",""weighted_score"":0.92831,""diversity_score"":2.103448},{""rank"":2,""recommended"":false,""feasible"":true,""budget_used"":0.161607,""budget_violation"":0,""makespan"":99.303,""deadline_violation"":0,""machine_signature"":""b55ff1a9689aebcf"",""weighted_score"":1,""diversity_score"":2.327586}]"
heft_colocation,hybrid_hetero,6,maddid0000018|maddid0000056|mbackgroundid0000013|mbackgroundid0000016|mbackgroundid0000033|mbackgroundid0000034|mbackgroundid0000035|mbackgroundid0000053|mbgmodelid0000031|mconcatfitid0000030|mdifffitid0000005|mdifffitid0000007|mdifffitid0000008|mdifffitid0000009|mdifffitid0000010|mdifffitid0000024|mdifffitid0000025|mdifffitid0000027|mdifffitid0000028|mdifffitid0000045|mdifffitid0000046|mdifffitid0000048|mprojectid0000002|mprojectid0000004|mprojectid0000039|mprojectid0000040|mprojectid0000041|mviewerid0000019|mviewerid0000057,0.100000,92.184000,0.201111,0.241327,110.620800,0.000000,0.000000,true,19.210000,39,1.822000,"{""bora011"":4,""diablo03"":1,""h4d-standard-192-7"":53}","{""bora011"":0.000127,""diablo03"":0.000209,""h3-standard-88-2"":0,""h4d-standard-192-7"":0.019166}",[]
prism_cc_cost,hybrid_hetero,6,maddid0000018|maddid0000056|mbackgroundid0000013|mbackgroundid0000016|mbackgroundid0000033|mbackgroundid0000034|mbackgroundid0000035|mbackgroundid0000053|mbgmodelid0000031|mconcatfitid0000030|mdifffitid0000005|mdifffitid0000007|mdifffitid0000008|mdifffitid0000009|mdifffitid0000010|mdifffitid0000024|mdifffitid0000025|mdifffitid0000027|mdifffitid0000028|mdifffitid0000045|mdifffitid0000046|mdifffitid0000048|mprojectid0000002|mprojectid0000004|mprojectid0000039|mprojectid0000040|mprojectid0000041|mviewerid0000019|mviewerid0000057,0.100000,102.009000,0.142929,0.241327,110.620800,0.000000,0.000000,true,19.379000,41,281.145000,"{""bora011"":16,""diablo03"":7,""h4d-standard-192-7"":35}","{""bora011"":0.005692,""diablo03"":0.001942,""h3-standard-88-2"":0,""h4d-standard-192-7"":0.017048}","[{""rank"":1,""recommended"":true,""feasible"":true,""budget_used"":0.142929,""budget_violation"":0,""makespan"":102.009,""deadline_violation"":0,""machine_signature"":""3ff3a7a16cfafbe5"",""weighted_score"":0.142929,""diversity_score"":2.396552},{""rank"":2,""recommended"":false,""feasible"":true,""budget_used"":0.201111,""budget_violation"":0,""makespan"":92.184,""deadline_violation"":0,""machine_signature"":""2cf6ffe437138185"",""weighted_score"":0.201111,""diversity_score"":2.086207}]"
prism_cc_time,hybrid_hetero,6,maddid0000018|maddid0000056|mbackgroundid0000013|mbackgroundid0000016|mbackgroundid0000033|mbackgroundid0000034|mbackgroundid0000035|mbackgroundid0000053|mbgmodelid0000031|mconcatfitid0000030|mdifffitid0000005|mdifffitid0000007|mdifffitid0000008|mdifffitid0000009|mdifffitid0000010|mdifffitid0000024|mdifffitid0000025|mdifffitid0000027|mdifffitid0000028|mdifffitid0000045|mdifffitid0000046|mdifffitid0000048|mprojectid0000002|mprojectid0000004|mprojectid0000039|mprojectid0000040|mprojectid0000041|mviewerid0000019|mviewerid0000057,0.100000,92.184000,0.201111,0.241327,110.620800,0.000000,0.000000,true,19.210000,39,281.145000,"{""bora011"":4,""diablo03"":1,""h4d-standard-192-7"":53}","{""bora011"":0.000127,""diablo03"":0.000209,""h3-standard-88-2"":0,""h4d-standard-192-7"":0.019166}","[{""rank"":1,""recommended"":true,""feasible"":true,""budget_used"":0.201111,""budget_violation"":0,""makespan"":92.184,""deadline_violation"":0,""machine_signature"":""2cf6ffe437138185"",""weighted_score"":0.903685,""diversity_score"":2.086207},{""rank"":2,""recommended"":false,""feasible"":true,""budget_used"":0.142929,""budget_violation"":0,""makespan"":102.009,""deadline_violation"":0,""machine_signature"":""3ff3a7a16cfafbe5"",""weighted_score"":1,""diversity_score"":2.396552}]"
heft_colocation,hybrid_hetero,7,maddid0000056|mbackgroundid0000013|mbackgroundid0000014|mbackgroundid0000033|mbackgroundid0000034|mbackgroundid0000035|mbackgroundid0000054|mbgmodelid0000012|mbgmodelid0000031|mconcatfitid0000030|mdifffitid0000005|mdifffitid0000008|mdifffitid0000009|mdifffitid0000010|mdifffitid0000027|mdifffitid0000028|mdifffitid0000043|mdifffitid0000046|mimgtblid0000017|mimgtblid0000055|mprojectid0000001|mprojectid0000002|mprojectid0000003|mprojectid0000020|mprojectid0000021|mprojectid0000022|mprojectid0000023|mviewerid0000019|mviewerid0000058,0.100000,92.193000,0.201127,0.241327,110.620800,0.000000,0.000000,true,29.543000,38,1.471000,"{""bora011"":5,""diablo03"":1,""h4d-standard-192-7"":52}","{""bora011"":0.000638,""diablo03"":0.000209,""h3-standard-88-2"":0,""h4d-standard-192-7"":0.01973}",[]
prism_cc_cost,hybrid_hetero,7,maddid0000056|mbackgroundid0000013|mbackgroundid0000014|mbackgroundid0000033|mbackgroundid0000034|mbackgroundid0000035|mbackgroundid0000054|mbgmodelid0000012|mbgmodelid0000031|mconcatfitid0000030|mdifffitid0000005|mdifffitid0000008|mdifffitid0000009|mdifffitid0000010|mdifffitid0000027|mdifffitid0000028|mdifffitid0000043|mdifffitid0000046|mimgtblid0000017|mimgtblid0000055|mprojectid0000001|mprojectid0000002|mprojectid0000003|mprojectid0000020|mprojectid0000021|mprojectid0000022|mprojectid0000023|mviewerid0000019|mviewerid0000058,0.100000,102.319000,0.141113,0.241327,110.620800,0.000000,0.000000,true,30.128000,35,306.977000,"{""bora011"":18,""diablo03"":11,""h4d-standard-192-7"":29}","{""bora011"":0.007206,""diablo03"":0.003396,""h3-standard-88-2"":0,""h4d-standard-192-7"":0.017398}","[{""rank"":1,""recommended"":true,""feasible"":true,""budget_used"":0.141113,""budget_violation"":0,""makespan"":102.319,""deadline_violation"":0,""machine_signature"":""15c058064dbdda86"",""weighted_score"":0.141113,""diversity_score"":2.5},{""rank"":2,""recommended"":false,""feasible"":true,""budget_used"":0.201127,""budget_violation"":0,""makespan"":92.193,""deadline_violation"":0,""machine_signature"":""6d4654ca6f09affc"",""weighted_score"":0.201127,""diversity_score"":2.103448}]"
prism_cc_time,hybrid_hetero,7,maddid0000056|mbackgroundid0000013|mbackgroundid0000014|mbackgroundid0000033|mbackgroundid0000034|mbackgroundid0000035|mbackgroundid0000054|mbgmodelid0000012|mbgmodelid0000031|mconcatfitid0000030|mdifffitid0000005|mdifffitid0000008|mdifffitid0000009|mdifffitid0000010|mdifffitid0000027|mdifffitid0000028|mdifffitid0000043|mdifffitid0000046|mimgtblid0000017|mimgtblid0000055|mprojectid0000001|mprojectid0000002|mprojectid0000003|mprojectid0000020|mprojectid0000021|mprojectid0000022|mprojectid0000023|mviewerid0000019|mviewerid0000058,0.100000,92.193000,0.201127,0.241327,110.620800,0.000000,0.000000,true,29.543000,38,306.977000,"{""bora011"":5,""diablo03"":1,""h4d-standard-192-7"":52}","{""bora011"":0.000638,""diablo03"":0.000209,""h3-standard-88-2"":0,""h4d-standard-192-7"":0.01973}","[{""rank"":1,""recommended"":true,""feasible"":true,""budget_used"":0.201127,""budget_violation"":0,""makespan"":92.193,""deadline_violation"":0,""machine_signature"":""6d4654ca6f09affc"",""weighted_score"":0.901035,""diversity_score"":2.103448},{""rank"":2,""recommended"":false,""feasible"":true,""budget_used"":0.141113,""budget_violation"":0,""makespan"":102.319,""deadline_violation"":0,""machine_signature"":""15c058064dbdda86"",""weighted_score"":1,""diversity_score"":2.5}]"
heft_colocation,hybrid_hetero,8,maddid0000018|maddid0000037|maddid0000056|mbackgroundid0000014|mbackgroundid0000016|mbackgroundid0000032|mbackgroundid0000033|mbackgroundid0000035|mbackgroundid0000052|mbackgroundid0000053|mbgmodelid0000012|mbgmodelid0000031|mbgmodelid0000050|mdifffitid0000006|mdifffitid0000008|mdifffitid0000024|mdifffitid0000043|mdifffitid0000044|mdifffitid0000045|mimgtblid0000036|mprojectid0000003|mprojectid0000004|mprojectid0000020|mprojectid0000021|mprojectid0000039|mprojectid0000040|mprojectid0000042|mviewerid0000038|mviewerid0000057,0.100000,95.314000,0.207938,0.241327,110.620800,0.000000,0.000000,true,36.578000,39,1.507000,"{""bora011"":5,""diablo03"":1,""h4d-standard-192-7"":52}","{""bora011"":0.000617,""diablo03"":0.000202,""h3-standard-88-2"":0,""h4d-standard-192-7"":0.019469}",[]
prism_cc_cost,hybrid_hetero,8,maddid0000018|maddid0000037|maddid0000056|mbackgroundid0000014|mbackgroundid0000016|mbackgroundid0000032|mbackgroundid0000033|mbackgroundid0000035|mbackgroundid0000052|mbackgroundid0000053|mbgmodelid0000012|mbgmodelid0000031|mbgmodelid0000050|mdifffitid0000006|mdifffitid0000008|mdifffitid0000024|mdifffitid0000043|mdifffitid0000044|mdifffitid0000045|mimgtblid0000036|mprojectid0000003|mprojectid0000004|mprojectid0000020|mprojectid0000021|mprojectid0000039|mprojectid0000040|mprojectid0000042|mviewerid0000038|mviewerid0000057,0.100000,103.309000,0.141113,0.241327,110.620800,0.000000,0.000000,true,36.621000,33,286.300000,"{""bora011"":20,""diablo03"":11,""h4d-standard-192-7"":27}","{""bora011"":0.007729,""diablo03"":0.003563,""h3-standard-88-2"":0,""h4d-standard-192-7"":0.017542}","[{""rank"":1,""recommended"":true,""feasible"":true,""budget_used"":0.141113,""budget_violation"":0,""makespan"":103.309,""deadline_violation"":0,""machine_signature"":""906f0ea9808aed6e"",""weighted_score"":0.141113,""diversity_score"":2.534483},{""rank"":2,""recommended"":false,""feasible"":true,""budget_used"":0.207938,""budget_violation"":0,""makespan"":95.314,""deadline_violation"":0,""machine_signature"":""00d47fd6ffed04da"",""weighted_score"":0.207938,""diversity_score"":2.103448}]"
prism_cc_time,hybrid_hetero,8,maddid0000018|maddid0000037|maddid0000056|mbackgroundid0000014|mbackgroundid0000016|mbackgroundid0000032|mbackgroundid0000033|mbackgroundid0000035|mbackgroundid0000052|mbackgroundid0000053|mbgmodelid0000012|mbgmodelid0000031|mbgmodelid0000050|mdifffitid0000006|mdifffitid0000008|mdifffitid0000024|mdifffitid0000043|mdifffitid0000044|mdifffitid0000045|mimgtblid0000036|mprojectid0000003|mprojectid0000004|mprojectid0000020|mprojectid0000021|mprojectid0000039|mprojectid0000040|mprojectid0000042|mviewerid0000038|mviewerid0000057,0.100000,95.314000,0.207938,0.241327,110.620800,0.000000,0.000000,true,36.578000,39,286.300000,"{""bora011"":5,""diablo03"":1,""h4d-standard-192-7"":52}","{""bora011"":0.000617,""diablo03"":0.000202,""h3-standard-88-2"":0,""h4d-standard-192-7"":0.019469}","[{""rank"":1,""recommended"":true,""feasible"":true,""budget_used"":0.207938,""budget_violation"":0,""makespan"":95.314,""deadline_violation"":0,""machine_signature"":""00d47fd6ffed04da"",""weighted_score"":0.922611,""diversity_score"":2.103448},{""rank"":2,""recommended"":false,""feasible"":true,""budget_used"":0.141113,""budget_violation"":0,""makespan"":103.309,""deadline_violation"":0,""machine_signature"":""906f0ea9808aed6e"",""weighted_score"":1,""diversity_score"":2.534483}]"
heft_colocation,hybrid_hetero,9,maddid0000037|mbackgroundid0000013|mbackgroundid0000016|mbackgroundid0000032|mbackgroundid0000033|mbackgroundid0000052|mbackgroundid0000053|mbackgroundid0000054|mbgmodelid0000012|mbgmodelid0000031|mconcatfitid0000011|mconcatfitid0000030|mdifffitid0000005|mdifffitid0000008|mdifffitid0000009|mdifffitid0000010|mdifffitid0000028|mdifffitid0000029|mdifffitid0000046|mimgtblid0000055|mprojectid0000003|mprojectid0000004|mprojectid0000020|mprojectid0000022|mprojectid0000023|mprojectid0000040|mprojectid0000042|mviewerid0000038|mviewerid0000057,0.100000,92.184000,0.201109,0.241327,110.620800,0.000000,0.000000,true,42.321000,38,1.531000,"{""bora011"":4,""diablo03"":1,""h4d-standard-192-7"":53}","{""bora011"":0.000127,""diablo03"":0.000209,""h3-standard-88-2"":0,""h4d-standard-192-7"":0.020471}",[]
prism_cc_cost,hybrid_hetero,9,maddid0000037|mbackgroundid0000013|mbackgroundid0000016|mbackgroundid0000032|mbackgroundid0000033|mbackgroundid0000052|mbackgroundid0000053|mbackgroundid0000054|mbgmodelid0000012|mbgmodelid0000031|mconcatfitid0000011|mconcatfitid0000030|mdifffitid0000005|mdifffitid0000008|mdifffitid0000009|mdifffitid0000010|mdifffitid0000028|mdifffitid0000029|mdifffitid0000046|mimgtblid0000055|mprojectid0000003|mprojectid0000004|mprojectid0000020|mprojectid0000022|mprojectid0000023|mprojectid0000040|mprojectid0000042|mviewerid0000038|mviewerid0000057,0.100000,102.136000,0.141117,0.241327,110.620800,0.000000,0.000000,true,42.775000,42,286.676000,"{""bora011"":18,""diablo03"":9,""h4d-standard-192-7"":31}","{""bora011"":0.007023,""diablo03"":0.002825,""h3-standard-88-2"":0,""h4d-standard-192-7"":0.01812}","[{""rank"":1,""recommended"":true,""feasible"":true,""budget_used"":0.141117,""budget_violation"":0,""makespan"":102.136,""deadline_violation"":0,""machine_signature"":""09d1f8ba191e7671"",""weighted_score"":0.141117,""diversity_score"":2.465517},{""rank"":2,""recommended"":false,""feasible"":true,""budget_used"":0.201109,""budget_violation"":0,""makespan"":92.184,""deadline_violation"":0,""machine_signature"":""a6da42522f049276"",""weighted_score"":0.201109,""diversity_score"":2.086207}]"
prism_cc_time,hybrid_hetero,9,maddid0000037|mbackgroundid0000013|mbackgroundid0000016|mbackgroundid0000032|mbackgroundid0000033|mbackgroundid0000052|mbackgroundid0000053|mbackgroundid0000054|mbgmodelid0000012|mbgmodelid0000031|mconcatfitid0000011|mconcatfitid0000030|mdifffitid0000005|mdifffitid0000008|mdifffitid0000009|mdifffitid0000010|mdifffitid0000028|mdifffitid0000029|mdifffitid0000046|mimgtblid0000055|mprojectid0000003|mprojectid0000004|mprojectid0000020|mprojectid0000022|mprojectid0000023|mprojectid0000040|mprojectid0000042|mviewerid0000038|mviewerid0000057,0.100000,92.184000,0.201109,0.241327,110.620800,0.000000,0.000000,true,42.321000,38,286.676000,"{""bora011"":4,""diablo03"":1,""h4d-standard-192-7"":53}","{""bora011"":0.000127,""diablo03"":0.000209,""h3-standard-88-2"":0,""h4d-standard-192-7"":0.020471}","[{""rank"":1,""recommended"":true,""feasible"":true,""budget_used"":0.201109,""budget_violation"":0,""makespan"":92.184,""deadline_violation"":0,""machine_signature"":""a6da42522f049276"",""weighted_score"":0.902561,""diversity_score"":2.086207},{""rank"":2,""recommended"":false,""feasible"":true,""budget_used"":0.141117,""budget_violation"":0,""makespan"":102.136,""deadline_violation"":0,""machine_signature"":""09d1f8ba191e7671"",""weighted_score"":1,""diversity_score"":2.465517}]"
heft_colocation,hybrid_hetero,10,maddid0000018|maddid0000056|mbackgroundid0000013|mbackgroundid0000015|mbackgroundid0000016|mbackgroundid0000034|mbackgroundid0000052|mbackgroundid0000053|mbackgroundid0000054|mbgmodelid0000012|mbgmodelid0000031|mconcatfitid0000011|mconcatfitid0000049|mdifffitid0000006|mdifffitid0000026|mdifffitid0000027|mdifffitid0000044|mdifffitid0000045|mdifffitid0000046|mimgtblid0000017|mprojectid0000001|mprojectid0000003|mprojectid0000020|mprojectid0000021|mprojectid0000039|mprojectid0000041|mprojectid0000042|mviewerid0000019|mviewerid0000038,0.100000,95.834000,0.209075,0.241327,110.620800,0.000000,0.000000,true,35.750000,30,1.538000,"{""bora011"":5,""diablo03"":1,""h4d-standard-192-7"":52}","{""bora011"":0.000613,""diablo03"":0.000201,""h3-standard-88-2"":0,""h4d-standard-192-7"":0.019318}",[]
prism_cc_cost,hybrid_hetero,10,maddid0000018|maddid0000056|mbackgroundid0000013|mbackgroundid0000015|mbackgroundid0000016|mbackgroundid0000034|mbackgroundid0000052|mbackgroundid0000053|mbackgroundid0000054|mbgmodelid0000012|mbgmodelid0000031|mconcatfitid0000011|mconcatfitid0000049|mdifffitid0000006|mdifffitid0000026|mdifffitid0000027|mdifffitid0000044|mdifffitid0000045|mdifffitid0000046|mimgtblid0000017|mprojectid0000001|mprojectid0000003|mprojectid0000020|mprojectid0000021|mprojectid0000039|mprojectid0000041|mprojectid0000042|mviewerid0000019|mviewerid0000038,0.100000,103.915000,0.142263,0.241327,110.620800,0.000000,0.000000,true,36.235000,31,305.463000,"{""bora011"":20,""diablo03"":9,""h4d-standard-192-7"":29}","{""bora011"":0.007555,""diablo03"":0.002812,""h3-standard-88-2"":0,""h4d-standard-192-7"":0.017454}","[{""rank"":1,""recommended"":true,""feasible"":true,""budget_used"":0.142263,""budget_violation"":0,""makespan"":103.915,""deadline_violation"":0,""machine_signature"":""22ba897be4fa138b"",""weighted_score"":0.142263,""diversity_score"":2.5},{""rank"":2,""recommended"":false,""feasible"":true,""budget_used"":0.209075,""budget_violation"":0,""makespan"":95.834,""deadline_violation"":0,""machine_signature"":""1a1df20848513fe6"",""weighted_score"":0.209075,""diversity_score"":2.103448}]"
prism_cc_time,hybrid_hetero,10,maddid0000018|maddid0000056|mbackgroundid0000013|mbackgroundid0000015|mbackgroundid0000016|mbackgroundid0000034|mbackgroundid0000052|mbackgroundid0000053|mbackgroundid0000054|mbgmodelid0000012|mbgmodelid0000031|mconcatfitid0000011|mconcatfitid0000049|mdifffitid0000006|mdifffitid0000026|mdifffitid0000027|mdifffitid0000044|mdifffitid0000045|mdifffitid0000046|mimgtblid0000017|mprojectid0000001|mprojectid0000003|mprojectid0000020|mprojectid0000021|mprojectid0000039|mprojectid0000041|mprojectid0000042|mviewerid0000019|mviewerid0000038,0.100000,95.834000,0.209075,0.241327,110.620800,0.000000,0.000000,true,35.750000,30,305.463000,"{""bora011"":5,""diablo03"":1,""h4d-standard-192-7"":52}","{""bora011"":0.000613,""diablo03"":0.000201,""h3-standard-88-2"":0,""h4d-standard-192-7"":0.019318}","[{""rank"":1,""recommended"":true,""feasible"":true,""budget_used"":0.209075,""budget_violation"":0,""makespan"":95.834,""deadline_violation"":0,""machine_signature"":""1a1df20848513fe6"",""weighted_score"":0.922235,""diversity_score"":2.103448},{""rank"":2,""recommended"":false,""feasible"":true,""budget_used"":0.142263,""budget_violation"":0,""makespan"":103.915,""deadline_violation"":0,""machine_signature"":""22ba897be4fa138b"",""weighted_score"":1,""diversity_score"":2.5}]"
heft_colocation,hybrid_hetero,11,maddid0000018|maddid0000037|mbackgroundid0000014|mbackgroundid0000032|mbackgroundid0000034|mbackgroundid0000053|mbackgroundid0000054|mbgmodelid0000031|mconcatfitid0000030|mconcatfitid0000049|mdifffitid0000005|mdifffitid0000006|mdifffitid0000009|mdifffitid0000010|mdifffitid0000026|mdifffitid0000029|mdifffitid0000045|mdifffitid0000047|mdifffitid0000048|mimgtblid0000017|mprojectid0000001|mprojectid0000002|mprojectid0000003|mprojectid0000021|mprojectid0000039|mprojectid0000041|mprojectid0000042|mviewerid0000019|mviewerid0000038,0.100000,95.834000,0.209072,0.241327,110.620800,0.000000,0.000000,true,34.859000,45,1.538000,"{""bora011"":5,""diablo03"":1,""h4d-standard-192-7"":52}","{""bora011"":0.000613,""diablo03"":0.000201,""h3-standard-88-2"":0,""h4d-standard-192-7"":0.01927}",[]
prism_cc_cost,hybrid_hetero,11,maddid0000018|maddid0000037|mbackgroundid0000014|mbackgroundid0000032|mbackgroundid0000034|mbackgroundid0000053|mbackgroundid0000054|mbgmodelid0000031|mconcatfitid0000030|mconcatfitid0000049|mdifffitid0000005|mdifffitid0000006|mdifffitid0000009|mdifffitid0000010|mdifffitid0000026|mdifffitid0000029|mdifffitid0000045|mdifffitid0000047|mdifffitid0000048|mimgtblid0000017|mprojectid0000001|mprojectid0000002|mprojectid0000003|mprojectid0000021|mprojectid0000039|mprojectid0000041|mprojectid0000042|mviewerid0000019|mviewerid0000038,0.100000,103.704000,0.142263,0.241327,110.620800,0.000000,0.000000,true,35.334000,41,305.391000,"{""bora011"":21,""diablo03"":10,""h4d-standard-192-7"":27}","{""bora011"":0.008719,""diablo03"":0.002807,""h3-standard-88-2"":0,""h4d-standard-192-7"":0.017401}","[{""rank"":1,""recommended"":true,""feasible"":true,""budget_used"":0.142263,""budget_violation"":0,""makespan"":103.704,""deadline_violation"":0,""machine_signature"":""88c58c55afad05f2"",""weighted_score"":0.142263,""diversity_score"":2.534483},{""rank"":2,""recommended"":false,""feasible"":true,""budget_used"":0.209072,""budget_violation"":0,""makespan"":95.834,""deadline_violation"":0,""machine_signature"":""c50cdbfa7adece29"",""weighted_score"":0.209072,""diversity_score"":2.103448}]"
prism_cc_time,hybrid_hetero,11,maddid0000018|maddid0000037|mbackgroundid0000014|mbackgroundid0000032|mbackgroundid0000034|mbackgroundid0000053|mbackgroundid0000054|mbgmodelid0000031|mconcatfitid0000030|mconcatfitid0000049|mdifffitid0000005|mdifffitid0000006|mdifffitid0000009|mdifffitid0000010|mdifffitid0000026|mdifffitid0000029|mdifffitid0000045|mdifffitid0000047|mdifffitid0000048|mimgtblid0000017|mprojectid0000001|mprojectid0000002|mprojectid0000003|mprojectid0000021|mprojectid0000039|mprojectid0000041|mprojectid0000042|mviewerid0000019|mviewerid0000038,0.100000,95.834000,0.209072,0.241327,110.620800,0.000000,0.000000,true,34.859000,45,305.391000,"{""bora011"":5,""diablo03"":1,""h4d-standard-192-7"":52}","{""bora011"":0.000613,""diablo03"":0.000201,""h3-standard-88-2"":0,""h4d-standard-192-7"":0.01927}","[{""rank"":1,""recommended"":true,""feasible"":true,""budget_used"":0.209072,""budget_violation"":0,""makespan"":95.834,""deadline_violation"":0,""machine_signature"":""c50cdbfa7adece29"",""weighted_score"":0.924111,""diversity_score"":2.103448},{""rank"":2,""recommended"":false,""feasible"":true,""budget_used"":0.142263,""budget_violation"":0,""makespan"":103.704,""deadline_violation"":0,""machine_signature"":""88c58c55afad05f2"",""weighted_score"":1,""diversity_score"":2.534483}]"
heft_colocation,hybrid_hetero,12,mbackgroundid0000013|mbackgroundid0000014|mbackgroundid0000032|mbackgroundid0000033|mbgmodelid0000050|mconcatfitid0000011|mdifffitid0000005|mdifffitid0000006|mdifffitid0000007|mdifffitid0000008|mdifffitid0000009|mdifffitid0000010|mdifffitid0000026|mdifffitid0000027|mdifffitid0000043|mdifffitid0000044|mdifffitid0000045|mdifffitid0000048|mimgtblid0000017|mimgtblid0000036|mimgtblid0000055|mprojectid0000001|mprojectid0000004|mprojectid0000020|mprojectid0000021|mprojectid0000022|mviewerid0000019|mviewerid0000038|mviewerid0000058,0.100000,92.193000,0.201127,0.241327,110.620800,0.000000,0.000000,true,15.314000,25,1.528000,"{""bora011"":5,""diablo03"":1,""h4d-standard-192-7"":52}","{""bora011"":0.000638,""diablo03"":0.000209,""h3-standard-88-2"":0,""h4d-standard-192-7"":0.018926}",[]
prism_cc_cost,hybrid_hetero,12,mbackgroundid0000013|mbackgroundid0000014|mbackgroundid0000032|mbackgroundid0000033|mbgmodelid0000050|mconcatfitid0000011|mdifffitid0000005|mdifffitid0000006|mdifffitid0000007|mdifffitid0000008|mdifffitid0000009|mdifffitid0000010|mdifffitid0000026|mdifffitid0000027|mdifffitid0000043|mdifffitid0000044|mdifffitid0000045|mdifffitid0000048|mimgtblid0000017|mimgtblid0000036|mimgtblid0000055|mprojectid0000001|mprojectid0000004|mprojectid0000020|mprojectid0000021|mprojectid0000022|mviewerid0000019|mviewerid0000038|mviewerid0000058,0.100000,102.009000,0.147424,0.241327,110.620800,0.000000,0.000000,true,15.191000,21,305.062000,"{""bora011"":16,""diablo03"":9,""h4d-standard-192-7"":33}","{""bora011"":0.005876,""diablo03"":0.002481,""h3-standard-88-2"":0,""h4d-standard-192-7"":0.016809}","[{""rank"":1,""recommended"":true,""feasible"":true,""budget_used"":0.147424,""budget_violation"":0,""makespan"":102.009,""deadline_violation"":0,""machine_signature"":""6a88bac6362e4da6"",""weighted_score"":0.147424,""diversity_score"":2.431034},{""rank"":2,""recommended"":false,""feasible"":true,""budget_used"":0.201127,""budget_violation"":0,""makespan"":92.193,""deadline_violation"":0,""machine_signature"":""0f506a326feeaf45"",""weighted_score"":0.201127,""diversity_score"":2.103448}]"
prism_cc_time,hybrid_hetero,12,mbackgroundid0000013|mbackgroundid0000014|mbackgroundid0000032|mbackgroundid0000033|mbgmodelid0000050|mconcatfitid0000011|mdifffitid0000005|mdifffitid0000006|mdifffitid0000007|mdifffitid0000008|mdifffitid0000009|mdifffitid0000010|mdifffitid0000026|mdifffitid0000027|mdifffitid0000043|mdifffitid0000044|mdifffitid0000045|mdifffitid0000048|mimgtblid0000017|mimgtblid0000036|mimgtblid0000055|mprojectid0000001|mprojectid0000004|mprojectid0000020|mprojectid0000021|mprojectid0000022|mviewerid0000019|mviewerid0000038|mviewerid0000058,0.100000,92.193000,0.201127,0.241327,110.620800,0.000000,0.000000,true,15.314000,25,305.062000,"{""bora011"":5,""diablo03"":1,""h4d-standard-192-7"":52}","{""bora011"":0.000638,""diablo03"":0.000209,""h3-standard-88-2"":0,""h4d-standard-192-7"":0.018926}","[{""rank"":1,""recommended"":true,""feasible"":true,""budget_used"":0.201127,""budget_violation"":0,""makespan"":92.193,""deadline_violation"":0,""machine_signature"":""0f506a326feeaf45"",""weighted_score"":0.903773,""diversity_score"":2.103448},{""rank"":2,""recommended"":false,""feasible"":true,""budget_used"":0.147424,""budget_violation"":0,""makespan"":102.009,""deadline_violation"":0,""machine_signature"":""6a88bac6362e4da6"",""weighted_score"":1,""diversity_score"":2.431034}]"
heft_colocation,hybrid_hetero,13,maddid0000037|mbackgroundid0000013|mbackgroundid0000016|mbackgroundid0000034|mbackgroundid0000052|mbgmodelid0000012|mbgmodelid0000031|mconcatfitid0000030|mdifffitid0000005|mdifffitid0000006|mdifffitid0000007|mdifffitid0000008|mdifffitid0000009|mdifffitid0000010|mdifffitid0000025|mdifffitid0000026|mdifffitid0000027|mdifffitid0000028|mdifffitid0000029|mdifffitid0000043|mdifffitid0000044|mdifffitid0000045|mimgtblid0000017|mprojectid0000002|mprojectid0000004|mprojectid0000039|mprojectid0000040|mprojectid0000041|mviewerid0000057,0.100000,92.184000,0.201111,0.241327,110.620800,0.000000,0.000000,true,19.099000,37,1.911000,"{""bora011"":5,""diablo03"":1,""h4d-standard-192-7"":52}","{""bora011"":0.000638,""diablo03"":0.000209,""h3-standard-88-2"":0,""h4d-standard-192-7"":0.019142}",[]
prism_cc_cost,hybrid_hetero,13,maddid0000037|mbackgroundid0000013|mbackgroundid0000016|mbackgroundid0000034|mbackgroundid0000052|mbgmodelid0000012|mbgmodelid0000031|mconcatfitid0000030|mdifffitid0000005|mdifffitid0000006|mdifffitid0000007|mdifffitid0000008|mdifffitid0000009|mdifffitid0000010|mdifffitid0000025|mdifffitid0000026|mdifffitid0000027|mdifffitid0000028|mdifffitid0000029|mdifffitid0000043|mdifffitid0000044|mdifffitid0000045|mimgtblid0000017|mprojectid0000002|mprojectid0000004|mprojectid0000039|mprojectid0000040|mprojectid0000041|mviewerid0000057,0.100000,102.009000,0.142982,0.241327,110.620800,0.000000,0.000000,true,19.099000,37,299.513000,"{""bora011"":16,""diablo03"":7,""h4d-standard-192-7"":35}","{""bora011"":0.005646,""diablo03"":0.001942,""h3-standard-88-2"":0,""h4d-standard-192-7"":0.017042}","[{""rank"":1,""recommended"":true,""feasible"":true,""budget_used"":0.142982,""budget_violation"":0,""makespan"":102.009,""deadline_violation"":0,""machine_signature"":""e33422a8253b5d3b"",""weighted_score"":0.142982,""diversity_score"":2.396552},{""rank"":2,""recommended"":false,""feasible"":true,""budget_used"":0.201111,""budget_violation"":0,""makespan"":92.184,""deadline_violation"":0,""machine_signature"":""e3b3cfcdf06f4580"",""weighted_score"":0.201111,""diversity_score"":2.103448}]"
prism_cc_time,hybrid_hetero,13,maddid0000037|mbackgroundid0000013|mbackgroundid0000016|mbackgroundid0000034|mbackgroundid0000052|mbgmodelid0000012|mbgmodelid0000031|mconcatfitid0000030|mdifffitid0000005|mdifffitid0000006|mdifffitid0000007|mdifffitid0000008|mdifffitid0000009|mdifffitid0000010|mdifffitid0000025|mdifffitid0000026|mdifffitid0000027|mdifffitid0000028|mdifffitid0000029|mdifffitid0000043|mdifffitid0000044|mdifffitid0000045|mimgtblid0000017|mprojectid0000002|mprojectid0000004|mprojectid0000039|mprojectid0000040|mprojectid0000041|mviewerid0000057,0.100000,92.184000,0.201111,0.241327,110.620800,0.000000,0.000000,true,19.099000,37,299.513000,"{""bora011"":5,""diablo03"":1,""h4d-standard-192-7"":52}","{""bora011"":0.000638,""diablo03"":0.000209,""h3-standard-88-2"":0,""h4d-standard-192-7"":0.019142}","[{""rank"":1,""recommended"":true,""feasible"":true,""budget_used"":0.201111,""budget_violation"":0,""makespan"":92.184,""deadline_violation"":0,""machine_signature"":""e3b3cfcdf06f4580"",""weighted_score"":0.903685,""diversity_score"":2.103448},{""rank"":2,""recommended"":false,""feasible"":true,""budget_used"":0.142982,""budget_violation"":0,""makespan"":102.009,""deadline_violation"":0,""machine_signature"":""e33422a8253b5d3b"",""weighted_score"":1,""diversity_score"":2.396552}]"
heft_colocation,hybrid_hetero,14,maddid0000018|maddid0000056|mbackgroundid0000013|mbackgroundid0000033|mbackgroundid0000052|mbackgroundid0000053|mbgmodelid0000031|mconcatfitid0000030|mconcatfitid0000049|mdifffitid0000005|mdifffitid0000007|mdifffitid0000008|mdifffitid0000010|mdifffitid0000025|mdifffitid0000044|mdifffitid0000045|mdifffitid0000046|mdifffitid0000047|mdifffitid0000048|mimgtblid0000017|mimgtblid0000055|mprojectid0000001|mprojectid0000003|mprojectid0000020|mprojectid0000021|mprojectid0000023|mprojectid0000039|mprojectid0000041|mviewerid0000058,0.100000,92.184000,0.201104,0.241327,110.620800,0.000000,0.000000,true,33.840000,35,1.693000,"{""bora011"":4,""diablo03"":1,""h4d-standard-192-7"":53}","{""bora011"":0.000127,""diablo03"":0.000209,""h3-standard-88-2"":0,""h4d-standard-192-7"":0.019992}",[]
prism_cc_cost,hybrid_hetero,14,maddid0000018|maddid0000056|mbackgroundid0000013|mbackgroundid0000033|mbackgroundid0000052|mbackgroundid0000053|mbgmodelid0000031|mconcatfitid0000030|mconcatfitid0000049|mdifffitid0000005|mdifffitid0000007|mdifffitid0000008|mdifffitid0000010|mdifffitid0000025|mdifffitid0000044|mdifffitid0000045|mdifffitid0000046|mdifffitid0000047|mdifffitid0000048|mimgtblid0000017|mimgtblid0000055|mprojectid0000001|mprojectid0000003|mprojectid0000020|mprojectid0000021|mprojectid0000023|mprojectid0000039|mprojectid0000041|mviewerid0000058,0.100000,102.009000,0.141115,0.241327,110.620800,0.000000,0.000000,true,34.220000,36,273.218000,"{""bora011"":18,""diablo03"":11,""h4d-standard-192-7"":29}","{""bora011"":0.007032,""diablo03"":0.003498,""h3-standard-88-2"":0,""h4d-standard-192-7"":0.017675}","[{""rank"":1,""recommended"":true,""feasible"":true,""budget_used"":0.141115,""budget_violation"":0,""makespan"":102.009,""deadline_violation"":0,""machine_signature"":""acc1a2dd7f8dac55"",""weighted_score"":0.141115,""diversity_score"":2.5},{""rank"":2,""recommended"":false,""feasible"":true,""budget_used"":0.201104,""budget_violation"":0,""makespan"":92.184,""deadline_violation"":0,""machine_signature"":""cc8936e042fa1d53"",""weighted_score"":0.201104,""diversity_score"":2.086207}]"
prism_cc_time,hybrid_hetero,14,maddid0000018|maddid0000056|mbackgroundid0000013|mbackgroundid0000033|mbackgroundid0000052|mbackgroundid0000053|mbgmodelid0000031|mconcatfitid0000030|mconcatfitid0000049|mdifffitid0000005|mdifffitid0000007|mdifffitid0000008|mdifffitid0000010|mdifffitid0000025|mdifffitid0000044|mdifffitid0000045|mdifffitid0000046|mdifffitid0000047|mdifffitid0000048|mimgtblid0000017|mimgtblid0000055|mprojectid0000001|mprojectid0000003|mprojectid0000020|mprojectid0000021|mprojectid0000023|mprojectid0000039|mprojectid0000041|mviewerid0000058,0.100000,92.184000,0.201104,0.241327,110.620800,0.000000,0.000000,true,33.840000,35,273.218000,"{""bora011"":4,""diablo03"":1,""h4d-standard-192-7"":53}","{""bora011"":0.000127,""diablo03"":0.000209,""h3-standard-88-2"":0,""h4d-standard-192-7"":0.019992}","[{""rank"":1,""recommended"":true,""feasible"":true,""budget_used"":0.201104,""budget_violation"":0,""makespan"":92.184,""deadline_violation"":0,""machine_signature"":""cc8936e042fa1d53"",""weighted_score"":0.903685,""diversity_score"":2.086207},{""rank"":2,""recommended"":false,""feasible"":true,""budget_used"":0.141115,""budget_violation"":0,""makespan"":102.009,""deadline_violation"":0,""machine_signature"":""acc1a2dd7f8dac55"",""weighted_score"":1,""diversity_score"":2.5}]"
heft_colocation,hybrid_hetero,15,maddid0000037|maddid0000056|mbackgroundid0000014|mbackgroundid0000032|mbackgroundid0000034|mbackgroundid0000051|mbackgroundid0000052|mbgmodelid0000031|mbgmodelid0000050|mconcatfitid0000011|mconcatfitid0000030|mconcatfitid0000049|mdifffitid0000006|mdifffitid0000008|mdifffitid0000025|mdifffitid0000026|mdifffitid0000027|mdifffitid0000046|mdifffitid0000047|mimgtblid0000055|mprojectid0000001|mprojectid0000003|mprojectid0000004|mprojectid0000021|mprojectid0000023|mprojectid0000039|mprojectid0000041|mviewerid0000038|mviewerid0000057,0.100000,92.184000,0.201104,0.241327,110.620800,0.000000,0.000000,true,36.695000,36,1.500000,"{""bora011"":5,""diablo03"":1,""h4d-standard-192-7"":52}","{""bora011"":0.000638,""diablo03"":0.000209,""h3-standard-88-2"":0,""h4d-standard-192-7"":0.020136}",[]
prism_cc_cost,hybrid_hetero,15,maddid0000037|maddid0000056|mbackgroundid0000014|mbackgroundid0000032|mbackgroundid0000034|mbackgroundid0000051|mbackgroundid0000052|mbgmodelid0000031|mbgmodelid0000050|mconcatfitid0000011|mconcatfitid0000030|mconcatfitid0000049|mdifffitid0000006|mdifffitid0000008|mdifffitid0000025|mdifffitid0000026|mdifffitid0000027|mdifffitid0000046|mdifffitid0000047|mimgtblid0000055|mprojectid0000001|mprojectid0000003|mprojectid0000004|mprojectid0000021|mprojectid0000023|mprojectid0000039|mprojectid0000041|mviewerid0000038|mviewerid0000057,0.100000,102.249000,0.141115,0.241327,110.620800,0.000000,0.000000,true,37.860000,38,303.270000,"{""bora011"":19,""diablo03"":10,""h4d-standard-192-7"":29}","{""bora011"":0.007598,""diablo03"":0.00321,""h3-standard-88-2"":0,""h4d-standard-192-7"":0.017778}","[{""rank"":1,""recommended"":true,""feasible"":true,""budget_used"":0.141115,""budget_violation"":0,""makespan"":102.249,""deadline_violation"":0,""machine_signature"":""d7610095e5fb8e33"",""weighted_score"":0.141115,""diversity_score"":2.5},{""rank"":2,""recommended"":false,""feasible"":true,""budget_used"":0.201104,""budget_violation"":0,""makespan"":92.184,""deadline_violation"":0,""machine_signature"":""6dc020867e736822"",""weighted_score"":0.201104,""diversity_score"":2.103448}]"
prism_cc_time,hybrid_hetero,15,maddid0000037|maddid0000056|mbackgroundid0000014|mbackgroundid0000032|mbackgroundid0000034|mbackgroundid0000051|mbackgroundid0000052|mbgmodelid0000031|mbgmodelid0000050|mconcatfitid0000011|mconcatfitid0000030|mconcatfitid0000049|mdifffitid0000006|mdifffitid0000008|mdifffitid0000025|mdifffitid0000026|mdifffitid0000027|mdifffitid0000046|mdifffitid0000047|mimgtblid0000055|mprojectid0000001|mprojectid0000003|mprojectid0000004|mprojectid0000021|mprojectid0000023|mprojectid0000039|mprojectid0000041|mviewerid0000038|mviewerid0000057,0.100000,92.184000,0.201104,0.241327,110.620800,0.000000,0.000000,true,36.695000,36,303.270000,"{""bora011"":5,""diablo03"":1,""h4d-standard-192-7"":52}","{""bora011"":0.000638,""diablo03"":0.000209,""h3-standard-88-2"":0,""h4d-standard-192-7"":0.020136}","[{""rank"":1,""recommended"":true,""feasible"":true,""budget_used"":0.201104,""budget_violation"":0,""makespan"":92.184,""deadline_violation"":0,""machine_signature"":""6dc020867e736822"",""weighted_score"":0.901564,""diversity_score"":2.103448},{""rank"":2,""recommended"":false,""feasible"":true,""budget_used"":0.141115,""budget_violation"":0,""makespan"":102.249,""deadline_violation"":0,""machine_signature"":""d7610095e5fb8e33"",""weighted_score"":1,""diversity_score"":2.5}]"
heft_colocation,hybrid_hetero,16,maddid0000056|mbackgroundid0000013|mbackgroundid0000014|mbackgroundid0000033|mbackgroundid0000034|mbackgroundid0000051|mbackgroundid0000053|mbgmodelid0000012|mbgmodelid0000031|mconcatfitid0000011|mconcatfitid0000030|mdifffitid0000006|mdifffitid0000007|mdifffitid0000009|mdifffitid0000010|mdifffitid0000024|mdifffitid0000025|mdifffitid0000027|mdifffitid0000028|mdifffitid0000029|mdifffitid0000045|mdifffitid0000046|mimgtblid0000017|mprojectid0000004|mprojectid0000020|mprojectid0000041|mprojectid0000042|mviewerid0000019|mviewerid0000038,0.100000,92.184000,0.201106,0.241327,110.620800,0.000000,0.000000,true,10.558000,21,2.341000,"{""bora011"":5,""diablo03"":1,""h4d-standard-192-7"":52}","{""bora011"":0.000638,""diablo03"":0.000209,""h3-standard-88-2"":0,""h4d-standard-192-7"":0.01866}",[]
prism_cc_cost,hybrid_hetero,16,maddid0000056|mbackgroundid0000013|mbackgroundid0000014|mbackgroundid0000033|mbackgroundid0000034|mbackgroundid0000051|mbackgroundid0000053|mbgmodelid0000012|mbgmodelid0000031|mconcatfitid0000011|mconcatfitid0000030|mdifffitid0000006|mdifffitid0000007|mdifffitid0000009|mdifffitid0000010|mdifffitid0000024|mdifffitid0000025|mdifffitid0000027|mdifffitid0000028|mdifffitid0000029|mdifffitid0000045|mdifffitid0000046|mimgtblid0000017|mprojectid0000004|mprojectid0000020|mprojectid0000041|mprojectid0000042|mviewerid0000019|mviewerid0000038,0.100000,102.009000,0.142756,0.241327,110.620800,0.000000,0.000000,true,10.524000,20,285.799000,"{""bora011"":16,""diablo03"":8,""h4d-standard-192-7"":34}","{""bora011"":0.005723,""diablo03"":0.002265,""h3-standard-88-2"":0,""h4d-standard-192-7"":0.016586}","[{""rank"":1,""recommended"":true,""feasible"":true,""budget_used"":0.142756,""budget_violation"":0,""makespan"":102.009,""deadline_violation"":0,""machine_signature"":""be2259c64ac3b050"",""weighted_score"":0.142756,""diversity_score"":2.413793},{""rank"":2,""recommended"":false,""feasible"":true,""budget_used"":0.201106,""budget_violation"":0,""makespan"":92.184,""deadline_violation"":0,""machine_signature"":""19d4c3eebbf49c33"",""weighted_score"":0.201106,""diversity_score"":2.103448},{""rank"":3,""recommended"":false,""feasible"":true,""budget_used"":0.201112,""budget_violation"":0,""makespan"":92.184,""deadline_violation"":0,""machine_signature"":""2f4568e2b6aff796"",""weighted_score"":0.201112,""diversity_score"":2.155172}]"
prism_cc_time,hybrid_hetero,16,maddid0000056|mbackgroundid0000013|mbackgroundid0000014|mbackgroundid0000033|mbackgroundid0000034|mbackgroundid0000051|mbackgroundid0000053|mbgmodelid0000012|mbgmodelid0000031|mconcatfitid0000011|mconcatfitid0000030|mdifffitid0000006|mdifffitid0000007|mdifffitid0000009|mdifffitid0000010|mdifffitid0000024|mdifffitid0000025|mdifffitid0000027|mdifffitid0000028|mdifffitid0000029|mdifffitid0000045|mdifffitid0000046|mimgtblid0000017|mprojectid0000004|mprojectid0000020|mprojectid0000041|mprojectid0000042|mviewerid0000019|mviewerid0000038,0.100000,92.184000,0.201106,0.241327,110.620800,0.000000,0.000000,true,10.558000,21,285.799000,"{""bora011"":5,""diablo03"":1,""h4d-standard-192-7"":52}","{""bora011"":0.000638,""diablo03"":0.000209,""h3-standard-88-2"":0,""h4d-standard-192-7"":0.01866}","[{""rank"":1,""recommended"":true,""feasible"":true,""budget_used"":0.201106,""budget_violation"":0,""makespan"":92.184,""deadline_violation"":0,""machine_signature"":""19d4c3eebbf49c33"",""weighted_score"":0.903685,""diversity_score"":2.103448},{""rank"":2,""recommended"":false,""feasible"":true,""budget_used"":0.201112,""budget_violation"":0,""makespan"":92.184,""deadline_violation"":0,""machine_signature"":""2f4568e2b6aff796"",""weighted_score"":0.903685,""diversity_score"":2.155172},{""rank"":3,""recommended"":false,""feasible"":true,""budget_used"":0.142756,""budget_violation"":0,""makespan"":102.009,""deadline_violation"":0,""machine_signature"":""be2259c64ac3b050"",""weighted_score"":1,""diversity_score"":2.413793}]"
heft_colocation,hybrid_hetero,17,maddid0000018|maddid0000037|maddid0000056|mbackgroundid0000013|mbackgroundid0000015|mbackgroundid0000032|mbackgroundid0000033|mbackgroundid0000034|mbackgroundid0000035|mbackgroundid0000052|mbackgroundid0000053|mbgmodelid0000031|mconcatfitid0000030|mdifffitid0000006|mdifffitid0000007|mdifffitid0000008|mdifffitid0000009|mdifffitid0000024|mdifffitid0000026|mdifffitid0000029|mdifffitid0000043|mdifffitid0000044|mimgtblid0000036|mprojectid0000003|mprojectid0000004|mprojectid0000020|mprojectid0000022|mprojectid0000023|mprojectid0000042,0.100000,92.184000,0.201114,0.241327,110.620800,0.000000,0.000000,true,27.669000,30,1.446000,"{""bora011"":5,""diablo03"":1,""h4d-standard-192-7"":52}","{""bora011"":0.000638,""diablo03"":0.000209,""h3-standard-88-2"":0,""h4d-standard-192-7"":0.019626}",[]
prism_cc_cost,hybrid_hetero,17,maddid0000018|maddid0000037|maddid0000056|mbackgroundid0000013|mbackgroundid0000015|mbackgroundid0000032|mbackgroundid0000033|mbackgroundid0000034|mbackgroundid0000035|mbackgroundid0000052|mbackgroundid0000053|mbgmodelid0000031|mconcatfitid0000030|mdifffitid0000006|mdifffitid0000007|mdifffitid0000008|mdifffitid0000009|mdifffitid0000024|mdifffitid0000026|mdifffitid0000029|mdifffitid0000043|mdifffitid0000044|mimgtblid0000036|mprojectid0000003|mprojectid0000004|mprojectid0000020|mprojectid0000022|mprojectid0000023|mprojectid0000042,0.100000,102.009000,0.141114,0.241327,110.620800,0.000000,0.000000,true,28.569000,30,282.320000,"{""bora011"":17,""diablo03"":11,""h4d-standard-192-7"":30}","{""bora011"":0.006026,""diablo03"":0.003905,""h3-standard-88-2"":0,""h4d-standard-192-7"":0.017376}","[{""rank"":1,""recommended"":true,""feasible"":true,""budget_used"":0.141114,""budget_violation"":0,""makespan"":102.009,""deadline_violation"":0,""machine_signature"":""1413cc04c792413b"",""weighted_score"":0.141114,""diversity_score"":2.482759},{""rank"":2,""recommended"":false,""feasible"":true,""budget_used"":0.201112,""budget_violation"":0,""makespan"":92.184,""deadline_violation"":0,""machine_signature"":""2f2a22b98cfebd4c"",""weighted_score"":0.201112,""diversity_score"":2.12069},{""rank"":3,""recommended"":false,""feasible"":true,""budget_used"":0.201114,""budget_violation"":0,""makespan"":92.184,""deadline_violation"":0,""machine_signature"":""3de9b2fb83bb9767"",""weighted_score"":0.201114,""diversity_score"":2.103448}]"
prism_cc_time,hybrid_hetero,17,maddid0000018|maddid0000037|maddid0000056|mbackgroundid0000013|mbackgroundid0000015|mbackgroundid0000032|mbackgroundid0000033|mbackgroundid0000034|mbackgroundid0000035|mbackgroundid0000052|mbackgroundid0000053|mbgmodelid0000031|mconcatfitid0000030|mdifffitid0000006|mdifffitid0000007|mdifffitid0000008|mdifffitid0000009|mdifffitid0000024|mdifffitid0000026|mdifffitid0000029|mdifffitid0000043|mdifffitid0000044|mimgtblid0000036|mprojectid0000003|mprojectid0000004|mprojectid0000020|mprojectid0000022|mprojectid0000023|mprojectid0000042,0.100000,92.184000,0.201112,0.241327,110.620800,0.000000,0.000000,true,27.647000,29,282.320000,"{""bora011"":5,""diablo03"":2,""h4d-standard-192-7"":51}","{""bora011"":0.000638,""diablo03"":0.000477,""h3-standard-88-2"":0,""h4d-standard-192-7"":0.019612}","[{""rank"":1,""recommended"":true,""feasible"":true,""budget_used"":0.201112,""budget_violation"":0,""makespan"":92.184,""deadline_violation"":0,""machine_signature"":""2f2a22b98cfebd4c"",""weighted_score"":0.903685,""diversity_score"":2.12069},{""rank"":2,""recommended"":false,""feasible"":true,""budget_used"":0.201114,""budget_violation"":0,""makespan"":92.184,""deadline_violation"":0,""machine_signature"":""3de9b2fb83bb9767"",""weighted_score"":0.903685,""diversity_score"":2.103448},{""rank"":3,""recommended"":false,""feasible"":true,""budget_used"":0.141114,""budget_violation"":0,""makespan"":102.009,""deadline_violation"":0,""machine_signature"":""1413cc04c792413b"",""weighted_score"":1,""diversity_score"":2.482759}]"
heft_colocation,hybrid_hetero,18,maddid0000018|maddid0000056|mbackgroundid0000014|mbackgroundid0000015|mbackgroundid0000035|mbackgroundid0000053|mbgmodelid0000012|mbgmodelid0000050|mconcatfitid0000030|mconcatfitid0000049|mdifffitid0000006|mdifffitid0000007|mdifffitid0000008|mdifffitid0000010|mdifffitid0000024|mdifffitid0000026|mdifffitid0000027|mdifffitid0000046|mdifffitid0000048|mprojectid0000001|mprojectid0000002|mprojectid0000020|mprojectid0000021|mprojectid0000039|mprojectid0000041|mprojectid0000042|mviewerid0000038|mviewerid0000057|mviewerid0000058,0.100000,95.834000,0.209069,0.241327,110.620800,0.000000,0.000000,true,34.616000,46,1.648000,"{""bora011"":5,""diablo03"":1,""h4d-standard-192-7"":52}","{""bora011"":0.000613,""diablo03"":0.000201,""h3-standard-88-2"":0,""h4d-standard-192-7"":0.019256}",[]
prism_cc_cost,hybrid_hetero,18,maddid0000018|maddid0000056|mbackgroundid0000014|mbackgroundid0000015|mbackgroundid0000035|mbackgroundid0000053|mbgmodelid0000012|mbgmodelid0000050|mconcatfitid0000030|mconcatfitid0000049|mdifffitid0000006|mdifffitid0000007|mdifffitid0000008|mdifffitid0000010|mdifffitid0000024|mdifffitid0000026|mdifffitid0000027|mdifffitid0000046|mdifffitid0000048|mprojectid0000001|mprojectid0000002|mprojectid0000020|mprojectid0000021|mprojectid0000039|mprojectid0000041|mprojectid0000042|mviewerid0000038|mviewerid0000057|mviewerid0000058,0.100000,103.479000,0.142262,0.241327,110.620800,0.000000,0.000000,true,34.420000,37,291.496000,"{""bora011"":21,""diablo03"":12,""h4d-standard-192-7"":25}","{""bora011"":0.008254,""diablo03"":0.003642,""h3-standard-88-2"":0,""h4d-standard-192-7"":0.017397}","[{""rank"":1,""recommended"":true,""feasible"":true,""budget_used"":0.142262,""budget_violation"":0,""makespan"":103.479,""deadline_violation"":0,""machine_signature"":""4588d60e59588980"",""weighted_score"":0.142262,""diversity_score"":2.568966},{""rank"":2,""recommended"":false,""feasible"":true,""budget_used"":0.209069,""budget_violation"":0,""makespan"":95.834,""deadline_violation"":0,""machine_signature"":""cee13e595593c4e6"",""weighted_score"":0.209069,""diversity_score"":2.103448}]"
prism_cc_time,hybrid_hetero,18,maddid0000018|maddid0000056|mbackgroundid0000014|mbackgroundid0000015|mbackgroundid0000035|mbackgroundid0000053|mbgmodelid0000012|mbgmodelid0000050|mconcatfitid0000030|mconcatfitid0000049|mdifffitid0000006|mdifffitid0000007|mdifffitid0000008|mdifffitid0000010|mdifffitid0000024|mdifffitid0000026|mdifffitid0000027|mdifffitid0000046|mdifffitid0000048|mprojectid0000001|mprojectid0000002|mprojectid0000020|mprojectid0000021|mprojectid0000039|mprojectid0000041|mprojectid0000042|mviewerid0000038|mviewerid0000057|mviewerid0000058,0.100000,95.834000,0.209069,0.241327,110.620800,0.000000,0.000000,true,34.616000,46,291.496000,"{""bora011"":5,""diablo03"":1,""h4d-standard-192-7"":52}","{""bora011"":0.000613,""diablo03"":0.000201,""h3-standard-88-2"":0,""h4d-standard-192-7"":0.019256}","[{""rank"":1,""recommended"":true,""feasible"":true,""budget_used"":0.209069,""budget_violation"":0,""makespan"":95.834,""deadline_violation"":0,""machine_signature"":""cee13e595593c4e6"",""weighted_score"":0.92612,""diversity_score"":2.103448},{""rank"":2,""recommended"":false,""feasible"":true,""budget_used"":0.142262,""budget_violation"":0,""makespan"":103.479,""deadline_violation"":0,""machine_signature"":""4588d60e59588980"",""weighted_score"":1,""diversity_score"":2.568966}]"
heft_colocation,hybrid_hetero,19,maddid0000018|maddid0000037|mbackgroundid0000015|mbackgroundid0000016|mbackgroundid0000033|mbackgroundid0000053|mbgmodelid0000012|mconcatfitid0000030|mconcatfitid0000049|mdifffitid0000005|mdifffitid0000007|mdifffitid0000008|mdifffitid0000010|mdifffitid0000024|mdifffitid0000025|mdifffitid0000026|mdifffitid0000029|mimgtblid0000017|mimgtblid0000036|mprojectid0000001|mprojectid0000002|mprojectid0000003|mprojectid0000020|mprojectid0000021|mprojectid0000022|mprojectid0000039|mprojectid0000041|mviewerid0000057|mviewerid0000058,0.100000,92.184000,0.201114,0.241327,110.620800,0.000000,0.000000,true,41.168000,47,1.768000,"{""bora011"":5,""diablo03"":1,""h4d-standard-192-7"":52}","{""bora011"":0.000638,""diablo03"":0.000209,""h3-standard-88-2"":0,""h4d-standard-192-7"":0.020389}",[]
prism_cc_cost,hybrid_hetero,19,maddid0000018|maddid0000037|mbackgroundid0000015|mbackgroundid0000016|mbackgroundid0000033|mbackgroundid0000053|mbgmodelid0000012|mconcatfitid0000030|mconcatfitid0000049|mdifffitid0000005|mdifffitid0000007|mdifffitid0000008|mdifffitid0000010|mdifffitid0000024|mdifffitid0000025|mdifffitid0000026|mdifffitid0000029|mimgtblid0000017|mimgtblid0000036|mprojectid0000001|mprojectid0000002|mprojectid0000003|mprojectid0000020|mprojectid0000021|mprojectid0000022|mprojectid0000039|mprojectid0000041|mviewerid0000057|mviewerid0000058,0.100000,102.319000,0.141113,0.241327,110.620800,0.000000,0.000000,true,42.157000,51,287.225000,"{""bora011"":18,""diablo03"":10,""h4d-standard-192-7"":30}","{""bora011"":0.007202,""diablo03"":0.003092,""h3-standard-88-2"":0,""h4d-standard-192-7"":0.018014}","[{""rank"":1,""recommended"":true,""feasible"":true,""budget_used"":0.141113,""budget_violation"":0,""makespan"":102.319,""deadline_violation"":0,""machine_signature"":""8be35b552351b653"",""weighted_score"":0.141113,""diversity_score"":2.482759},{""rank"":2,""recommended"":false,""feasible"":true,""budget_used"":0.201114,""budget_violation"":0,""makespan"":92.184,""deadline_violation"":0,""machine_signature"":""a93d7284fdb52902"",""weighted_score"":0.201114,""diversity_score"":2.103448},{""rank"":3,""recommended"":false,""feasible"":true,""budget_used"":0.201114,""budget_violation"":0,""makespan"":92.184,""deadline_violation"":0,""machine_signature"":""8fd838b7b5dd27da"",""weighted_score"":0.201114,""diversity_score"":2.103448}]"
prism_cc_time,hybrid_hetero,19,maddid0000018|maddid0000037|mbackgroundid0000015|mbackgroundid0000016|mbackgroundid0000033|mbackgroundid0000053|mbgmodelid0000012|mconcatfitid0000030|mconcatfitid0000049|mdifffitid0000005|mdifffitid0000007|mdifffitid0000008|mdifffitid0000010|mdifffitid0000024|mdifffitid0000025|mdifffitid0000026|mdifffitid0000029|mimgtblid0000017|mimgtblid0000036|mprojectid0000001|mprojectid0000002|mprojectid0000003|mprojectid0000020|mprojectid0000021|mprojectid0000022|mprojectid0000039|mprojectid0000041|mviewerid0000057|mviewerid0000058,0.100000,92.184000,0.201114,0.241327,110.620800,0.000000,0.000000,true,41.168000,47,287.225000,"{""bora011"":5,""diablo03"":1,""h4d-standard-192-7"":52}","{""bora011"":0.000638,""diablo03"":0.000209,""h3-standard-88-2"":0,""h4d-standard-192-7"":0.020389}","[{""rank"":1,""recommended"":true,""feasible"":true,""budget_used"":0.201114,""budget_violation"":0,""makespan"":92.184,""deadline_violation"":0,""machine_signature"":""a93d7284fdb52902"",""weighted_score"":0.900947,""diversity_score"":2.103448},{""rank"":2,""recommended"":false,""feasible"":true,""budget_used"":0.201114,""budget_violation"":0,""makespan"":92.184,""deadline_violation"":0,""machine_signature"":""8fd838b7b5dd27da"",""weighted_score"":0.900947,""diversity_score"":2.103448},{""rank"":3,""recommended"":false,""feasible"":true,""budget_used"":0.141113,""budget_violation"":0,""makespan"":102.319,""deadline_violation"":0,""machine_signature"":""8be35b552351b653"",""weighted_score"":1,""diversity_score"":2.482759}]"
heft_colocation,hybrid_hetero,20,maddid0000018|mbackgroundid0000015|mbackgroundid0000016|mbackgroundid0000032|mbackgroundid0000033|mbackgroundid0000053|mbackgroundid0000054|mbgmodelid0000031|mbgmodelid0000050|mconcatfitid0000011|mconcatfitid0000030|mconcatfitid0000049|mdifffitid0000005|mdifffitid0000006|mdifffitid0000010|mdifffitid0000025|mdifffitid0000027|mdifffitid0000044|mdifffitid0000046|mdifffitid0000047|mimgtblid0000055|mprojectid0000001|mprojectid0000004|mprojectid0000020|mprojectid0000021|mprojectid0000039|mprojectid0000040|mprojectid0000042|mviewerid0000057,0.100000,99.263000,0.216552,0.241327,110.620800,0.000000,0.000000,true,45.473000,48,1.599000,"{""bora011"":5,""diablo03"":1,""h4d-standard-192-7"":52}","{""bora011"":0.000592,""diablo03"":0.000194,""h3-standard-88-2"":0,""h4d-standard-192-7"":0.019161}",[]
prism_cc_cost,hybrid_hetero,20,maddid0000018|mbackgroundid0000015|mbackgroundid0000016|mbackgroundid0000032|mbackgroundid0000033|mbackgroundid0000053|mbackgroundid0000054|mbgmodelid0000031|mbgmodelid0000050|mconcatfitid0000011|mconcatfitid0000030|mconcatfitid0000049|mdifffitid0000005|mdifffitid0000006|mdifffitid0000010|mdifffitid0000025|mdifffitid0000027|mdifffitid0000044|mdifffitid0000046|mdifffitid0000047|mimgtblid0000055|mprojectid0000001|mprojectid0000004|mprojectid0000020|mprojectid0000021|mprojectid0000039|mprojectid0000040|mprojectid0000042|mviewerid0000057,0.100000,107.223000,0.148518,0.241327,110.620800,0.000000,0.000000,true,45.022000,35,266.049000,"{""bora011"":18,""diablo03"":12,""h4d-standard-192-7"":28}","{""bora011"":0.006139,""diablo03"":0.003438,""h3-standard-88-2"":0,""h4d-standard-192-7"":0.01737}","[{""rank"":1,""recommended"":true,""feasible"":true,""budget_used"":0.148518,""budget_violation"":0,""makespan"":107.223,""deadline_violation"":0,""machine_signature"":""16747101c39e8352"",""weighted_score"":0.148518,""diversity_score"":2.517241},{""rank"":2,""recommended"":false,""feasible"":true,""budget_used"":0.201271,""budget_violation"":0,""makespan"":100.924,""deadline_violation"":0,""machine_signature"":""3e5444310c023955"",""weighted_score"":0.201271,""diversity_score"":2.137931},{""rank"":3,""recommended"":false,""feasible"":true,""budget_used"":0.216552,""budget_violation"":0,""makespan"":99.263,""deadline_violation"":0,""machine_signature"":""b17d20a79bed8d48"",""weighted_score"":0.216552,""diversity_score"":2.103448}]"
prism_cc_time,hybrid_hetero,20,maddid0000018|mbackgroundid0000015|mbackgroundid0000016|mbackgroundid0000032|mbackgroundid0000033|mbackgroundid0000053|mbackgroundid0000054|mbgmodelid0000031|mbgmodelid0000050|mconcatfitid0000011|mconcatfitid0000030|mconcatfitid0000049|mdifffitid0000005|mdifffitid0000006|mdifffitid0000010|mdifffitid0000025|mdifffitid0000027|mdifffitid0000044|mdifffitid0000046|mdifffitid0000047|mimgtblid0000055|mprojectid0000001|mprojectid0000004|mprojectid0000020|mprojectid0000021|mprojectid0000039|mprojectid0000040|mprojectid0000042|mviewerid0000057,0.100000,99.263000,0.216552,0.241327,110.620800,0.000000,0.000000,true,45.473000,48,266.049000,"{""bora011"":5,""diablo03"":1,""h4d-standard-192-7"":52}","{""bora011"":0.000592,""diablo03"":0.000194,""h3-standard-88-2"":0,""h4d-standard-192-7"":0.019161}","[{""rank"":1,""recommended"":true,""feasible"":true,""budget_used"":0.216552,""budget_violation"":0,""makespan"":99.263,""deadline_violation"":0,""machine_signature"":""b17d20a79bed8d48"",""weighted_score"":0.925762,""diversity_score"":2.103448},{""rank"":2,""recommended"":false,""feasible"":true,""budget_used"":0.201271,""budget_violation"":0,""makespan"":100.924,""deadline_violation"":0,""machine_signature"":""3e5444310c023955"",""weighted_score"":0.941253,""diversity_score"":2.137931},{""rank"":3,""recommended"":false,""feasible"":true,""budget_used"":0.148518,""budget_violation"":0,""makespan"":107.223,""deadline_violation"":0,""machine_signature"":""16747101c39e8352"",""weighted_score"":1,""diversity_score"":2.517241}]"
heft_colocation,hybrid_hetero,21,maddid0000018|maddid0000037|maddid0000056|mbackgroundid0000014|mbackgroundid0000015|mbackgroundid0000034|mbackgroundid0000035|mbackgroundid0000053|mbgmodelid0000050|mconcatfitid0000011|mconcatfitid0000049|mdifffitid0000005|mdifffitid0000006|mdifffitid0000008|mdifffitid0000010|mdifffitid0000024|mdifffitid0000025|mdifffitid0000028|mdifffitid0000043|mdifffitid0000045|mdifffitid0000046|mprojectid0000002|mprojectid0000020|mprojectid0000023|mprojectid0000039|mprojectid0000040|mprojectid0000042|mviewerid0000038|mviewerid0000058,0.100000,95.314000,0.207936,0.241327,110.620800,0.000000,0.000000,true,32.150000,39,1.502000,"{""bora011"":5,""diablo03"":1,""h4d-standard-192-7"":52}","{""bora011"":0.000617,""diablo03"":0.000202,""h3-standard-88-2"":0,""h4d-standard-192-7"":0.019227}",[]
prism_cc_cost,hybrid_hetero,21,maddid0000018|maddid0000037|maddid0000056|mbackgroundid0000014|mbackgroundid0000015|mbackgroundid0000034|mbackgroundid0000035|mbackgroundid0000053|mbgmodelid0000050|mconcatfitid0000011|mconcatfitid0000049|mdifffitid0000005|mdifffitid0000006|mdifffitid0000008|mdifffitid0000010|mdifffitid0000024|mdifffitid0000025|mdifffitid0000028|mdifffitid0000043|mdifffitid0000045|mdifffitid0000046|mprojectid0000002|mprojectid0000020|mprojectid0000023|mprojectid0000039|mprojectid0000040|mprojectid0000042|mviewerid0000038|mviewerid0000058,0.100000,103.309000,0.141117,0.241327,110.620800,0.000000,0.000000,true,32.768000,40,285.558000,"{""bora011"":20,""diablo03"":11,""h4d-standard-192-7"":27}","{""bora011"":0.007687,""diablo03"":0.00363,""h3-standard-88-2"":0,""h4d-standard-192-7"":0.017336}","[{""rank"":1,""recommended"":true,""feasible"":true,""budget_used"":0.141117,""budget_violation"":0,""makespan"":103.309,""deadline_violation"":0,""machine_signature"":""3b026fc71e3ed923"",""weighted_score"":0.141117,""diversity_score"":2.534483},{""rank"":2,""recommended"":false,""feasible"":true,""budget_used"":0.207936,""budget_violation"":0,""makespan"":95.314,""deadline_violation"":0,""machine_signature"":""86b80c1836dfd535"",""weighted_score"":0.207936,""diversity_score"":2.103448}]"
prism_cc_time,hybrid_hetero,21,maddid0000018|maddid0000037|maddid0000056|mbackgroundid0000014|mbackgroundid0000015|mbackgroundid0000034|mbackgroundid0000035|mbackgroundid0000053|mbgmodelid0000050|mconcatfitid0000011|mconcatfitid0000049|mdifffitid0000005|mdifffitid0000006|mdifffitid0000008|mdifffitid0000010|mdifffitid0000024|mdifffitid0000025|mdifffitid0000028|mdifffitid0000043|mdifffitid0000045|mdifffitid0000046|mprojectid0000002|mprojectid0000020|mprojectid0000023|mprojectid0000039|mprojectid0000040|mprojectid0000042|mviewerid0000038|mviewerid0000058,0.100000,95.314000,0.207936,0.241327,110.620800,0.000000,0.000000,true,32.150000,39,285.558000,"{""bora011"":5,""diablo03"":1,""h4d-standard-192-7"":52}","{""bora011"":0.000617,""diablo03"":0.000202,""h3-standard-88-2"":0,""h4d-standard-192-7"":0.019227}","[{""rank"":1,""recommended"":true,""feasible"":true,""budget_used"":0.207936,""budget_violation"":0,""makespan"":95.314,""deadline_violation"":0,""machine_signature"":""86b80c1836dfd535"",""weighted_score"":0.922611,""diversity_score"":2.103448},{""rank"":2,""recommended"":false,""feasible"":true,""budget_used"":0.141117,""budget_violation"":0,""makespan"":103.309,""deadline_violation"":0,""machine_signature"":""3b026fc71e3ed923"",""weighted_score"":1,""diversity_score"":2.534483}]"
heft_colocation,hybrid_hetero,22,maddid0000018|maddid0000037|maddid0000056|mbackgroundid0000014|mbackgroundid0000015|mbackgroundid0000032|mbackgroundid0000033|mbackgroundid0000035|mbackgroundid0000051|mbackgroundid0000053|mbgmodelid0000050|mdifffitid0000007|mdifffitid0000008|mdifffitid0000009|mdifffitid0000025|mdifffitid0000043|mdifffitid0000044|mdifffitid0000045|mimgtblid0000055|mprojectid0000002|mprojectid0000021|mprojectid0000022|mprojectid0000023|mprojectid0000039|mprojectid0000041|mprojectid0000042|mviewerid0000019|mviewerid0000038|mviewerid0000057,0.100000,92.184000,0.201108,0.241327,110.620800,0.000000,0.000000,true,37.065000,35,1.603000,"{""bora011"":4,""diablo03"":1,""h4d-standard-192-7"":53}","{""bora011"":0.000127,""diablo03"":0.000209,""h3-standard-88-2"":0,""h4d-standard-192-7"":0.020174}",[]
prism_cc_cost,hybrid_hetero,22,maddid0000018|maddid0000037|maddid0000056|mbackgroundid0000014|mbackgroundid0000015|mbackgroundid0000032|mbackgroundid0000033|mbackgroundid0000035|mbackgroundid0000051|mbackgroundid0000053|mbgmodelid0000050|mdifffitid0000007|mdifffitid0000008|mdifffitid0000009|mdifffitid0000025|mdifffitid0000043|mdifffitid0000044|mdifffitid0000045|mimgtblid0000055|mprojectid0000002|mprojectid0000021|mprojectid0000022|mprojectid0000023|mprojectid0000039|mprojectid0000041|mprojectid0000042|mviewerid0000019|mviewerid0000038|mviewerid0000057,0.100000,102.009000,0.141114,0.241327,110.620800,0.000000,0.000000,true,38.659000,41,301.660000,"{""bora011"":19,""diablo03"":9,""h4d-standard-192-7"":30}","{""bora011"":0.007604,""diablo03"":0.00294,""h3-standard-88-2"":0,""h4d-standard-192-7"":0.017858}","[{""rank"":1,""recommended"":true,""feasible"":true,""budget_used"":0.141114,""budget_violation"":0,""makespan"":102.009,""deadline_violation"":0,""machine_signature"":""9a5107a2b9353877"",""weighted_score"":0.141114,""diversity_score"":2.482759},{""rank"":2,""recommended"":false,""feasible"":true,""budget_used"":0.201108,""budget_violation"":0,""makespan"":92.184,""deadline_violation"":0,""machine_signature"":""a8053bf0678d7afa"",""weighted_score"":0.201108,""diversity_score"":2.086207}]"
prism_cc_time,hybrid_hetero,22,maddid0000018|maddid0000037|maddid0000056|mbackgroundid0000014|mbackgroundid0000015|mbackgroundid0000032|mbackgroundid0000033|mbackgroundid0000035|mbackgroundid0000051|mbackgroundid0000053|mbgmodelid0000050|mdifffitid0000007|mdifffitid0000008|mdifffitid0000009|mdifffitid0000025|mdifffitid0000043|mdifffitid0000044|mdifffitid0000045|mimgtblid0000055|mprojectid0000002|mprojectid0000021|mprojectid0000022|mprojectid0000023|mprojectid0000039|mprojectid0000041|mprojectid0000042|mviewerid0000019|mviewerid0000038|mviewerid0000057,0.100000,92.184000,0.201108,0.241327,110.620800,0.000000,0.000000,true,37.065000,35,301.660000,"{""bora011"":4,""diablo03"":1,""h4d-standard-192-7"":53}","{""bora011"":0.000127,""diablo03"":0.000209,""h3-standard-88-2"":0,""h4d-standard-192-7"":0.020174}","[{""rank"":1,""recommended"":true,""feasible"":true,""budget_used"":0.201108,""budget_violation"":0,""makespan"":92.184,""deadline_violation"":0,""machine_signature"":""a8053bf0678d7afa"",""weighted_score"":0.903685,""diversity_score"":2.086207},{""rank"":2,""recommended"":false,""feasible"":true,""budget_used"":0.141114,""budget_violation"":0,""makespan"":102.009,""deadline_violation"":0,""machine_signature"":""9a5107a2b9353877"",""weighted_score"":1,""diversity_score"":2.482759}]"
heft_colocation,hybrid_hetero,23,maddid0000018|mbackgroundid0000013|mbackgroundid0000014|mbackgroundid0000015|mbackgroundid0000016|mbackgroundid0000032|mbackgroundid0000033|mbackgroundid0000035|mbackgroundid0000054|mconcatfitid0000011|mdifffitid0000007|mdifffitid0000026|mdifffitid0000029|mdifffitid0000043|mdifffitid0000044|mdifffitid0000045|mdifffitid0000047|mimgtblid0000036|mimgtblid0000055|mprojectid0000001|mprojectid0000002|mprojectid0000003|mprojectid0000004|mprojectid0000022|mprojectid0000023|mprojectid0000041|mprojectid0000042|mviewerid0000038|mviewerid0000057,0.100000,92.184000,0.201107,0.241327,110.620800,0.000000,0.000000,true,52.251000,35,1.431000,"{""bora011"":5,""diablo03"":1,""h4d-standard-192-7"":52}","{""bora011"":0.000638,""diablo03"":0.000209,""h3-standard-88-2"":0,""h4d-standard-192-7"":0.021015}",[]
prism_cc_cost,hybrid_hetero,23,maddid0000018|mbackgroundid0000013|mbackgroundid0000014|mbackgroundid0000015|mbackgroundid0000016|mbackgroundid0000032|mbackgroundid0000033|mbackgroundid0000035|mbackgroundid0000054|mconcatfitid0000011|mdifffitid0000007|mdifffitid0000026|mdifffitid0000029|mdifffitid0000043|mdifffitid0000044|mdifffitid0000045|mdifffitid0000047|mimgtblid0000036|mimgtblid0000055|mprojectid0000001|mprojectid0000002|mprojectid0000003|mprojectid0000004|mprojectid0000022|mprojectid0000023|mprojectid0000041|mprojectid0000042|mviewerid0000038|mviewerid0000057,0.100000,102.009000,0.142265,0.241327,110.620800,0.000000,0.000000,true,52.776000,35,253.160000,"{""bora011"":18,""diablo03"":9,""h4d-standard-192-7"":31}","{""bora011"":0.006333,""diablo03"":0.003331,""h3-standard-88-2"":0,""h4d-standard-192-7"":0.018647}","[{""rank"":1,""recommended"":true,""feasible"":true,""budget_used"":0.142265,""budget_violation"":0,""makespan"":102.009,""deadline_violation"":0,""machine_signature"":""5a1a0600ada1d055"",""weighted_score"":0.142265,""diversity_score"":2.465517},{""rank"":2,""recommended"":false,""feasible"":true,""budget_used"":0.201107,""budget_violation"":0,""makespan"":92.184,""deadline_violation"":0,""machine_signature"":""8e7aede5968e2162"",""weighted_score"":0.201107,""diversity_score"":2.103448}]"
prism_cc_time,hybrid_hetero,23,maddid0000018|mbackgroundid0000013|mbackgroundid0000014|mbackgroundid0000015|mbackgroundid0000016|mbackgroundid0000032|mbackgroundid0000033|mbackgroundid0000035|mbackgroundid0000054|mconcatfitid0000011|mdifffitid0000007|mdifffitid0000026|mdifffitid0000029|mdifffitid0000043|mdifffitid0000044|mdifffitid0000045|mdifffitid0000047|mimgtblid0000036|mimgtblid0000055|mprojectid0000001|mprojectid0000002|mprojectid0000003|mprojectid0000004|mprojectid0000022|mprojectid0000023|mprojectid0000041|mprojectid0000042|mviewerid0000038|mviewerid0000057,0.100000,92.184000,0.201107,0.241327,110.620800,0.000000,0.000000,true,52.251000,35,253.160000,"{""bora011"":5,""diablo03"":1,""h4d-standard-192-7"":52}","{""bora011"":0.000638,""diablo03"":0.000209,""h3-standard-88-2"":0,""h4d-standard-192-7"":0.021015}","[{""rank"":1,""recommended"":true,""feasible"":true,""budget_used"":0.201107,""budget_violation"":0,""makespan"":92.184,""deadline_violation"":0,""machine_signature"":""8e7aede5968e2162"",""weighted_score"":0.903685,""diversity_score"":2.103448},{""rank"":2,""recommended"":false,""feasible"":true,""budget_used"":0.142265,""budget_violation"":0,""makespan"":102.009,""deadline_violation"":0,""machine_signature"":""5a1a0600ada1d055"",""weighted_score"":1,""diversity_score"":2.465517}]"
heft_colocation,hybrid_hetero,24,maddid0000037|maddid0000056|mbackgroundid0000032|mbackgroundid0000034|mbackgroundid0000035|mbgmodelid0000012|mbgmodelid0000050|mconcatfitid0000011|mconcatfitid0000049|mdifffitid0000006|mdifffitid0000007|mdifffitid0000008|mdifffitid0000009|mdifffitid0000010|mdifffitid0000024|mdifffitid0000025|mdifffitid0000028|mdifffitid0000045|mdifffitid0000046|mdifffitid0000047|mimgtblid0000017|mprojectid0000003|mprojectid0000004|mprojectid0000021|mprojectid0000022|mprojectid0000039|mprojectid0000041|mviewerid0000019|mviewerid0000038,0.100000,92.184000,0.201107,0.241327,110.620800,0.000000,0.000000,true,23.787000,36,1.712000,"{""bora011"":5,""diablo03"":1,""h4d-standard-192-7"":52}","{""bora011"":0.000638,""diablo03"":0.000209,""h3-standard-88-2"":0,""h4d-standard-192-7"":0.019407}",[]
prism_cc_cost,hybrid_hetero,24,maddid0000037|maddid0000056|mbackgroundid0000032|mbackgroundid0000034|mbackgroundid0000035|mbgmodelid0000012|mbgmodelid0000050|mconcatfitid0000011|mconcatfitid0000049|mdifffitid0000006|mdifffitid0000007|mdifffitid0000008|mdifffitid0000009|mdifffitid0000010|mdifffitid0000024|mdifffitid0000025|mdifffitid0000028|mdifffitid0000045|mdifffitid0000046|mdifffitid0000047|mimgtblid0000017|mprojectid0000003|mprojectid0000004|mprojectid0000021|mprojectid0000022|mprojectid0000039|mprojectid0000041|mviewerid0000019|mviewerid0000038,0.100000,104.982000,0.127927,0.241327,110.620800,0.000000,0.000000,true,20.255000,19,334.803000,"{""bora011"":24,""diablo03"":20,""h4d-standard-192-7"":14}","{""bora011"":0.02525,""diablo03"":0.006491,""h3-standard-88-2"":0,""h4d-standard-192-7"":0.015655}","[{""rank"":1,""recommended"":true,""feasible"":true,""budget_used"":0.127927,""budget_violation"":0,""makespan"":104.982,""deadline_violation"":0,""machine_signature"":""8b8f84f53439814a"",""weighted_score"":0.127927,""diversity_score"":2.586207},{""rank"":2,""recommended"":false,""feasible"":true,""budget_used"":0.201106,""budget_violation"":0,""makespan"":92.184,""deadline_violation"":0,""machine_signature"":""f5374c6e3a97d5c3"",""weighted_score"":0.201106,""diversity_score"":2.12069},{""rank"":3,""recommended"":false,""feasible"":true,""budget_used"":0.201107,""budget_violation"":0,""makespan"":92.184,""deadline_violation"":0,""machine_signature"":""9464de5c7669a66a"",""weighted_score"":0.201107,""diversity_score"":2.103448}]"
prism_cc_time,hybrid_hetero,24,maddid0000037|maddid0000056|mbackgroundid0000032|mbackgroundid0000034|mbackgroundid0000035|mbgmodelid0000012|mbgmodelid0000050|mconcatfitid0000011|mconcatfitid0000049|mdifffitid0000006|mdifffitid0000007|mdifffitid0000008|mdifffitid0000009|mdifffitid0000010|mdifffitid0000024|mdifffitid0000025|mdifffitid0000028|mdifffitid0000045|mdifffitid0000046|mdifffitid0000047|mimgtblid0000017|mprojectid0000003|mprojectid0000004|mprojectid0000021|mprojectid0000022|mprojectid0000039|mprojectid0000041|mviewerid0000019|mviewerid0000038,0.100000,92.184000,0.201106,0.241327,110.620800,0.000000,0.000000,true,23.764000,35,334.803000,"{""bora011"":5,""diablo03"":2,""h4d-standard-192-7"":51}","{""bora011"":0.000638,""diablo03"":0.000477,""h3-standard-88-2"":0,""h4d-standard-192-7"":0.019393}","[{""rank"":1,""recommended"":true,""feasible"":true,""budget_used"":0.201106,""budget_violation"":0,""makespan"":92.184,""deadline_violation"":0,""machine_signature"":""f5374c6e3a97d5c3"",""weighted_score"":0.878093,""diversity_score"":2.12069},{""rank"":2,""recommended"":false,""feasible"":true,""budget_used"":0.201107,""budget_violation"":0,""makespan"":92.184,""deadline_violation"":0,""machine_signature"":""9464de5c7669a66a"",""weighted_score"":0.878093,""diversity_score"":2.103448},{""rank"":3,""recommended"":false,""feasible"":true,""budget_used"":0.127927,""budget_violation"":0,""makespan"":104.982,""deadline_violation"":0,""machine_signature"":""8b8f84f53439814a"",""weighted_score"":1,""diversity_score"":2.586207}]"
heft_colocation,hybrid_hetero,25,maddid0000037|maddid0000056|mbackgroundid0000013|mbackgroundid0000015|mbackgroundid0000054|mbgmodelid0000012|mbgmodelid0000031|mbgmodelid0000050|mconcatfitid0000011|mdifffitid0000006|mdifffitid0000026|mdifffitid0000027|mdifffitid0000028|mdifffitid0000029|mdifffitid0000043|mdifffitid0000046|mdifffitid0000047|mdifffitid0000048|mimgtblid0000017|mimgtblid0000036|mimgtblid0000055|mprojectid0000001|mprojectid0000002|mprojectid0000004|mprojectid0000020|mprojectid0000021|mprojectid0000042|mviewerid0000019|mviewerid0000038,0.100000,92.198000,0.201136,0.241327,110.620800,0.000000,0.000000,true,21.520000,28,2.072000,"{""bora011"":5,""diablo03"":1,""h4d-standard-192-7"":52}","{""bora011"":0.000638,""diablo03"":0.000209,""h3-standard-88-2"":0,""h4d-standard-192-7"":0.019276}",[]
prism_cc_cost,hybrid_hetero,25,maddid0000037|maddid0000056|mbackgroundid0000013|mbackgroundid0000015|mbackgroundid0000054|mbgmodelid0000012|mbgmodelid0000031|mbgmodelid0000050|mconcatfitid0000011|mdifffitid0000006|mdifffitid0000026|mdifffitid0000027|mdifffitid0000028|mdifffitid0000029|mdifffitid0000043|mdifffitid0000046|mdifffitid0000047|mdifffitid0000048|mimgtblid0000017|mimgtblid0000036|mimgtblid0000055|mprojectid0000001|mprojectid0000002|mprojectid0000004|mprojectid0000020|mprojectid0000021|mprojectid0000042|mviewerid0000019|mviewerid0000038,0.100000,102.136000,0.141113,0.241327,110.620800,0.000000,0.000000,true,21.632000,27,305.211000,"{""bora011"":18,""diablo03"":10,""h4d-standard-192-7"":30}","{""bora011"":0.007472,""diablo03"":0.003044,""h3-standard-88-2"":0,""h4d-standard-192-7"":0.017024}","[{""rank"":1,""recommended"":true,""feasible"":true,""budget_used"":0.141113,""budget_violation"":0,""makespan"":102.136,""deadline_violation"":0,""machine_signature"":""09daea4dd72f0d35"",""weighted_score"":0.141113,""diversity_score"":2.482759},{""rank"":2,""recommended"":false,""feasible"":true,""budget_used"":0.201136,""budget_violation"":0,""makespan"":92.198,""deadline_violation"":0,""machine_signature"":""271be739144395c8"",""weighted_score"":0.201136,""diversity_score"":2.12069},{""rank"":3,""recommended"":false,""feasible"":true,""budget_used"":0.201136,""budget_violation"":0,""makespan"":92.198,""deadline_violation"":0,""machine_signature"":""2b750a9e9d3bb0a2"",""weighted_score"":0.201136,""diversity_score"":2.103448}]"
prism_cc_time,hybrid_hetero,25,maddid0000037|maddid0000056|mbackgroundid0000013|mbackgroundid0000015|mbackgroundid0000054|mbgmodelid0000012|mbgmodelid0000031|mbgmodelid0000050|mconcatfitid0000011|mdifffitid0000006|mdifffitid0000026|mdifffitid0000027|mdifffitid0000028|mdifffitid0000029|mdifffitid0000043|mdifffitid0000046|mdifffitid0000047|mdifffitid0000048|mimgtblid0000017|mimgtblid0000036|mimgtblid0000055|mprojectid0000001|mprojectid0000002|mprojectid0000004|mprojectid0000020|mprojectid0000021|mprojectid0000042|mviewerid0000019|mviewerid0000038,0.100000,92.198000,0.201136,0.241327,110.620800,0.000000,0.000000,true,21.492000,27,305.211000,"{""bora011"":6,""diablo03"":1,""h4d-standard-192-7"":51}","{""bora011"":0.001105,""diablo03"":0.000209,""h3-standard-88-2"":0,""h4d-standard-192-7"":0.019259}","[{""rank"":1,""recommended"":true,""feasible"":true,""budget_used"":0.201136,""budget_violation"":0,""makespan"":92.198,""deadline_violation"":0,""machine_signature"":""271be739144395c8"",""weighted_score"":0.902698,""diversity_score"":2.12069},{""rank"":2,""recommended"":false,""feasible"":true,""budget_used"":0.201136,""budget_violation"":0,""makespan"":92.198,""deadline_violation"":0,""machine_signature"":""2b750a9e9d3bb0a2"",""weighted_score"":0.902698,""diversity_score"":2.103448},{""rank"":3,""recommended"":false,""feasible"":true,""budget_used"":0.141113,""budget_violation"":0,""makespan"":102.136,""deadline_violation"":0,""machine_signature"":""09daea4dd72f0d35"",""weighted_score"":1,""diversity_score"":2.482759}]"
heft_colocation,hybrid_hetero,26,maddid0000018|maddid0000037|mbackgroundid0000015|mbackgroundid0000016|mbackgroundid0000032|mbackgroundid0000033|mbackgroundid0000034|mbackgroundid0000051|mbackgroundid0000052|mbackgroundid0000053|mbgmodelid0000012|mconcatfitid0000011|mconcatfitid0000030|mdifffitid0000006|mdifffitid0000007|mdifffitid0000009|mdifffitid0000025|mdifffitid0000026|mdifffitid0000029|mdifffitid0000044|mdifffitid0000045|mdifffitid0000046|mimgtblid0000017|mprojectid0000002|mprojectid0000003|mprojectid0000022|mprojectid0000041|mviewerid0000038|mviewerid0000058,0.100000,92.184000,0.201114,0.241327,110.620800,0.000000,0.000000,true,8.004000,10,1.517000,"{""bora011"":5,""diablo03"":1,""h4d-standard-192-7"":52}","{""bora011"":0.000638,""diablo03"":0.000209,""h3-standard-88-2"":0,""h4d-standard-192-7"":0.018515}",[]
prism_cc_cost,hybrid_hetero,26,maddid0000018|maddid0000037|mbackgroundid0000015|mbackgroundid0000016|mbackgroundid0000032|mbackgroundid0000033|mbackgroundid0000034|mbackgroundid0000051|mbackgroundid0000052|mbackgroundid0000053|mbgmodelid0000012|mconcatfitid0000011|mconcatfitid0000030|mdifffitid0000006|mdifffitid0000007|mdifffitid0000009|mdifffitid0000025|mdifffitid0000026|mdifffitid0000029|mdifffitid0000044|mdifffitid0000045|mdifffitid0000046|mimgtblid0000017|mprojectid0000002|mprojectid0000003|mprojectid0000022|mprojectid0000041|mviewerid0000038|mviewerid0000058,0.100000,104.982000,0.127927,0.241327,110.620800,0.000000,0.000000,true,9.152000,11,294.757000,"{""bora011"":23,""diablo03"":16,""h4d-standard-192-7"":19}","{""bora011"":0.010565,""diablo03"":0.005511,""h3-standard-88-2"":0,""h4d-standard-192-7"":0.015667}","[{""rank"":1,""recommended"":true,""feasible"":true,""budget_used"":0.127927,""budget_violation"":0,""makespan"":104.982,""deadline_violation"":0,""machine_signature"":""3905574c72568855"",""weighted_score"":0.127927,""diversity_score"":2.603448},{""rank"":2,""recommended"":false,""feasible"":true,""budget_used"":0.201108,""budget_violation"":0,""makespan"":92.184,""deadline_violation"":0,""machine_signature"":""883b283817bbdd7b"",""weighted_score"":0.201108,""diversity_score"":2.155172},{""rank"":3,""recommended"":false,""feasible"":true,""budget_used"":0.201114,""budget_violation"":0,""makespan"":92.184,""deadline_violation"":0,""machine_signature"":""6a46708683c520e4"",""weighted_score"":0.201114,""diversity_score"":2.103448}]"
prism_cc_time,hybrid_hetero,26,maddid0000018|maddid0000037|mbackgroundid0000015|mbackgroundid0000016|mbackgroundid0000032|mbackgroundid0000033|mbackgroundid0000034|mbackgroundid0000051|mbackgroundid0000052|mbackgroundid0000053|mbgmodelid0000012|mconcatfitid0000011|mconcatfitid0000030|mdifffitid0000006|mdifffitid0000007|mdifffitid0000009|mdifffitid0000025|mdifffitid0000026|mdifffitid0000029|mdifffitid0000044|mdifffitid0000045|mdifffitid0000046|mimgtblid0000017|mprojectid0000002|mprojectid0000003|mprojectid0000022|mprojectid0000041|mviewerid0000038|mviewerid0000058,0.100000,92.184000,0.201108,0.241327,110.620800,0.000000,0.000000,true,7.980000,8,294.757000,"{""bora011"":5,""diablo03"":4,""h4d-standard-192-7"":49}","{""bora011"":0.000638,""diablo03"":0.001194,""h3-standard-88-2"":0,""h4d-standard-192-7"":0.018466}","[{""rank"":1,""recommended"":true,""feasible"":true,""budget_used"":0.201108,""budget_violation"":0,""makespan"":92.184,""deadline_violation"":0,""machine_signature"":""883b283817bbdd7b"",""weighted_score"":0.878093,""diversity_score"":2.155172},{""rank"":2,""recommended"":false,""feasible"":true,""budget_used"":0.201114,""budget_violation"":0,""makespan"":92.184,""deadline_violation"":0,""machine_signature"":""6a46708683c520e4"",""weighted_score"":0.878093,""diversity_score"":2.103448},{""rank"":3,""recommended"":false,""feasible"":true,""budget_used"":0.127927,""budget_violation"":0,""makespan"":104.982,""deadline_violation"":0,""machine_signature"":""3905574c72568855"",""weighted_score"":1,""diversity_score"":2.603448}]"
heft_colocation,hybrid_hetero,27,maddid0000037|mbackgroundid0000013|mbackgroundid0000033|mbackgroundid0000034|mbackgroundid0000035|mbackgroundid0000052|mbgmodelid0000012|mbgmodelid0000050|mdifffitid0000005|mdifffitid0000006|mdifffitid0000007|mdifffitid0000009|mdifffitid0000010|mdifffitid0000024|mdifffitid0000026|mdifffitid0000027|mdifffitid0000028|mdifffitid0000048|mimgtblid0000017|mimgtblid0000036|mprojectid0000002|mprojectid0000003|mprojectid0000020|mprojectid0000021|mprojectid0000039|mprojectid0000041|mviewerid0000038|mviewerid0000057|mviewerid0000058,0.100000,92.184000,0.201108,0.241327,110.620800,0.000000,0.000000,true,18.157000,28,1.631000,"{""bora011"":5,""diablo03"":1,""h4d-standard-192-7"":52}","{""bora011"":0.000638,""diablo03"":0.000209,""h3-standard-88-2"":0,""h4d-standard-192-7"":0.019089}",[]
prism_cc_cost,hybrid_hetero,27,maddid0000037|mbackgroundid0000013|mbackgroundid0000033|mbackgroundid0000034|mbackgroundid0000035|mbackgroundid0000052|mbgmodelid0000012|mbgmodelid0000050|mdifffitid0000005|mdifffitid0000006|mdifffitid0000007|mdifffitid0000009|mdifffitid0000010|mdifffitid0000024|mdifffitid0000026|mdifffitid0000027|mdifffitid0000028|mdifffitid0000048|mimgtblid0000017|mimgtblid0000036|mprojectid0000002|mprojectid0000003|mprojectid0000020|mprojectid0000021|mprojectid0000039|mprojectid0000041|mviewerid0000038|mviewerid0000057|mviewerid0000058,0.100000,105.544000,0.127928,0.241327,110.620800,0.000000,0.000000,true,15.022000,19,315.614000,"{""bora011"":25,""diablo03"":18,""h4d-standard-192-7"":15}","{""bora011"":0.024748,""diablo03"":0.006769,""h3-standard-88-2"":0,""h4d-standard-192-7"":0.015299}","[{""rank"":1,""recommended"":true,""feasible"":true,""budget_used"":0.127928,""budget_violation"":0,""makespan"":105.544,""deadline_violation"":0,""machine_signature"":""52936370a460de01"",""weighted_score"":0.127928,""diversity_score"":2.568966},{""rank"":2,""recommended"":false,""feasible"":true,""budget_used"":0.201108,""budget_violation"":0,""makespan"":92.184,""deadline_violation"":0,""machine_signature"":""5dab27b35072911e"",""weighted_score"":0.201108,""diversity_score"":2.103448}]"
prism_cc_time,hybrid_hetero,27,maddid0000037|mbackgroundid0000013|mbackgroundid0000033|mbackgroundid0000034|mbackgroundid0000035|mbackgroundid0000052|mbgmodelid0000012|mbgmodelid0000050|mdifffitid0000005|mdifffitid0000006|mdifffitid0000007|mdifffitid0000009|mdifffitid0000010|mdifffitid0000024|mdifffitid0000026|mdifffitid0000027|mdifffitid0000028|mdifffitid0000048|mimgtblid0000017|mimgtblid0000036|mprojectid0000002|mprojectid0000003|mprojectid0000020|mprojectid0000021|mprojectid0000039|mprojectid0000041|mviewerid0000038|mviewerid0000057|mviewerid0000058,0.100000,92.184000,0.201108,0.241327,110.620800,0.000000,0.000000,true,18.157000,28,315.614000,"{""bora011"":5,""diablo03"":1,""h4d-standard-192-7"":52}","{""bora011"":0.000638,""diablo03"":0.000209,""h3-standard-88-2"":0,""h4d-standard-192-7"":0.019089}","[{""rank"":1,""recommended"":true,""feasible"":true,""budget_used"":0.201108,""budget_violation"":0,""makespan"":92.184,""deadline_violation"":0,""machine_signature"":""5dab27b35072911e"",""weighted_score"":0.873418,""diversity_score"":2.103448},{""rank"":2,""recommended"":false,""feasible"":true,""budget_used"":0.127928,""budget_violation"":0,""makespan"":105.544,""deadline_violation"":0,""machine_signature"":""52936370a460de01"",""weighted_score"":1,""diversity_score"":2.568966}]"
heft_colocation,hybrid_hetero,28,maddid0000037|maddid0000056|mbackgroundid0000013|mbackgroundid0000014|mbackgroundid0000015|mbackgroundid0000016|mbackgroundid0000032|mbackgroundid0000035|mbackgroundid0000053|mbackgroundid0000054|mbgmodelid0000012|mbgmodelid0000050|mconcatfitid0000030|mdifffitid0000005|mdifffitid0000009|mdifffitid0000010|mdifffitid0000024|mdifffitid0000028|mdifffitid0000044|mdifffitid0000046|mimgtblid0000036|mprojectid0000001|mprojectid0000002|mprojectid0000004|mprojectid0000040|mprojectid0000041|mprojectid0000042|mviewerid0000019|mviewerid0000057,0.100000,95.314000,0.207935,0.241327,110.620800,0.000000,0.000000,true,31.777000,35,1.810000,"{""bora011"":5,""diablo03"":1,""h4d-standard-192-7"":52}","{""bora011"":0.000617,""diablo03"":0.000202,""h3-standard-88-2"":0,""h4d-standard-192-7"":0.019206}",[]
prism_cc_cost,hybrid_hetero,28,maddid0000037|maddid0000056|mbackgroundid0000013|mbackgroundid0000014|mbackgroundid0000015|mbackgroundid0000016|mbackgroundid0000032|mbackgroundid0000035|mbackgroundid0000053|mbackgroundid0000054|mbgmodelid0000012|mbgmodelid0000050|mconcatfitid0000030|mdifffitid0000005|mdifffitid0000009|mdifffitid0000010|mdifffitid0000024|mdifffitid0000028|mdifffitid0000044|mdifffitid0000046|mimgtblid0000036|mprojectid0000001|mprojectid0000002|mprojectid0000004|mprojectid0000040|mprojectid0000041|mprojectid0000042|mviewerid0000019|mviewerid0000057,0.100000,103.309000,0.142262,0.241327,110.620800,0.000000,0.000000,true,31.674000,27,268.261000,"{""bora011"":18,""diablo03"":15,""h4d-standard-192-7"":25}","{""bora011"":0.006102,""diablo03"":0.005193,""h3-standard-88-2"":0,""h4d-standard-192-7"":0.017281}","[{""rank"":1,""recommended"":true,""feasible"":true,""budget_used"":0.142262,""budget_violation"":0,""makespan"":103.309,""deadline_violation"":0,""machine_signature"":""d9d7c11ffaf4e836"",""weighted_score"":0.142262,""diversity_score"":2.568966},{""rank"":2,""recommended"":false,""feasible"":true,""budget_used"":0.207935,""budget_violation"":0,""makespan"":95.314,""deadline_violation"":0,""machine_signature"":""c18d16b187c8efee"",""weighted_score"":0.207935,""diversity_score"":2.103448}]"
prism_cc_time,hybrid_hetero,28,maddid0000037|maddid0000056|mbackgroundid0000013|mbackgroundid0000014|mbackgroundid0000015|mbackgroundid0000016|mbackgroundid0000032|mbackgroundid0000035|mbackgroundid0000053|mbackgroundid0000054|mbgmodelid0000012|mbgmodelid0000050|mconcatfitid0000030|mdifffitid0000005|mdifffitid0000009|mdifffitid0000010|mdifffitid0000024|mdifffitid0000028|mdifffitid0000044|mdifffitid0000046|mimgtblid0000036|mprojectid0000001|mprojectid0000002|mprojectid0000004|mprojectid0000040|mprojectid0000041|mprojectid0000042|mviewerid0000019|mviewerid0000057,0.100000,95.314000,0.207935,0.241327,110.620800,0.000000,0.000000,true,31.777000,35,268.261000,"{""bora011"":5,""diablo03"":1,""h4d-standard-192-7"":52}","{""bora011"":0.000617,""diablo03"":0.000202,""h3-standard-88-2"":0,""h4d-standard-192-7"":0.019206}","[{""rank"":1,""recommended"":true,""feasible"":true,""budget_used"":0.207935,""budget_violation"":0,""makespan"":95.314,""deadline_violation"":0,""machine_signature"":""c18d16b187c8efee"",""weighted_score"":0.922611,""diversity_score"":2.103448},{""rank"":2,""recommended"":false,""feasible"":true,""budget_used"":0.142262,""budget_violation"":0,""makespan"":103.309,""deadline_violation"":0,""machine_signature"":""d9d7c11ffaf4e836"",""weighted_score"":1,""diversity_score"":2.568966}]"
heft_colocation,hybrid_hetero,29,maddid0000037|maddid0000056|mbackgroundid0000013|mbackgroundid0000016|mbackgroundid0000033|mbgmodelid0000050|mconcatfitid0000011|mconcatfitid0000049|mdifffitid0000006|mdifffitid0000007|mdifffitid0000008|mdifffitid0000009|mdifffitid0000010|mdifffitid0000024|mdifffitid0000025|mdifffitid0000027|mdifffitid0000028|mdifffitid0000029|mdifffitid0000044|mdifffitid0000047|mimgtblid0000017|mprojectid0000001|mprojectid0000003|mprojectid0000020|mprojectid0000039|mprojectid0000040|mprojectid0000042|mviewerid0000019|mviewerid0000038,0.100000,99.228000,0.216478,0.241327,110.620800,0.000000,0.000000,true,37.692000,58,2.076000,"{""bora011"":5,""diablo03"":1,""h4d-standard-192-7"":52}","{""bora011"":0.000592,""diablo03"":0.000194,""h3-standard-88-2"":0,""h4d-standard-192-7"":0.018759}",[]
prism_cc_cost,hybrid_hetero,29,maddid0000037|maddid0000056|mbackgroundid0000013|mbackgroundid0000016|mbackgroundid0000033|mbgmodelid0000050|mconcatfitid0000011|mconcatfitid0000049|mdifffitid0000006|mdifffitid0000007|mdifffitid0000008|mdifffitid0000009|mdifffitid0000010|mdifffitid0000024|mdifffitid0000025|mdifffitid0000027|mdifffitid0000028|mdifffitid0000029|mdifffitid0000044|mdifffitid0000047|mimgtblid0000017|mprojectid0000001|mprojectid0000003|mprojectid0000020|mprojectid0000039|mprojectid0000040|mprojectid0000042|mviewerid0000019|mviewerid0000038,0.100000,107.223000,0.148522,0.241327,110.620800,0.000000,0.000000,true,37.805000,59,268.235000,"{""bora011"":19,""diablo03"":9,""h4d-standard-192-7"":30}","{""bora011"":0.006785,""diablo03"":0.002822,""h3-standard-88-2"":0,""h4d-standard-192-7"":0.017018}","[{""rank"":1,""recommended"":true,""feasible"":true,""budget_used"":0.148522,""budget_violation"":0,""makespan"":107.223,""deadline_violation"":0,""machine_signature"":""3545cb9364bc1d5b"",""weighted_score"":0.148522,""diversity_score"":2.482759},{""rank"":2,""recommended"":false,""feasible"":true,""budget_used"":0.216478,""budget_violation"":0,""makespan"":99.228,""deadline_violation"":0,""machine_signature"":""431c33feeb159e24"",""weighted_score"":0.216478,""diversity_score"":2.103448}]"
prism_cc_time,hybrid_hetero,29,maddid0000037|maddid0000056|mbackgroundid0000013|mbackgroundid0000016|mbackgroundid0000033|mbgmodelid0000050|mconcatfitid0000011|mconcatfitid0000049|mdifffitid0000006|mdifffitid0000007|mdifffitid0000008|mdifffitid0000009|mdifffitid0000010|mdifffitid0000024|mdifffitid0000025|mdifffitid0000027|mdifffitid0000028|mdifffitid0000029|mdifffitid0000044|mdifffitid0000047|mimgtblid0000017|mprojectid0000001|mprojectid0000003|mprojectid0000020|mprojectid0000039|mprojectid0000040|mprojectid0000042|mviewerid0000019|mviewerid0000038,0.100000,99.228000,0.216478,0.241327,110.620800,0.000000,0.000000,true,37.692000,58,268.235000,"{""bora011"":5,""diablo03"":1,""h4d-standard-192-7"":52}","{""bora011"":0.000592,""diablo03"":0.000194,""h3-standard-88-2"":0,""h4d-standard-192-7"":0.018759}","[{""rank"":1,""recommended"":true,""feasible"":true,""budget_used"":0.216478,""budget_violation"":0,""makespan"":99.228,""deadline_violation"":0,""machine_signature"":""431c33feeb159e24"",""weighted_score"":0.925436,""diversity_score"":2.103448},{""rank"":2,""recommended"":false,""feasible"":true,""budget_used"":0.148522,""budget_violation"":0,""makespan"":107.223,""deadline_violation"":0,""machine_signature"":""3545cb9364bc1d5b"",""weighted_score"":1,""diversity_score"":2.482759}]"
heft_colocation,hybrid_hetero,30,mbackgroundid0000014|mbackgroundid0000032|mbackgroundid0000033|mbackgroundid0000034|mbackgroundid0000052|mbgmodelid0000031|mconcatfitid0000011|mconcatfitid0000030|mdifffitid0000005|mdifffitid0000006|mdifffitid0000007|mdifffitid0000010|mdifffitid0000026|mdifffitid0000028|mdifffitid0000029|mdifffitid0000043|mdifffitid0000044|mdifffitid0000045|mdifffitid0000046|mdifffitid0000048|mprojectid0000001|mprojectid0000002|mprojectid0000020|mprojectid0000039|mprojectid0000040|mprojectid0000041|mprojectid0000042|mviewerid0000038|mviewerid0000058,0.100000,99.228000,0.216473,0.241327,110.620800,0.000000,0.000000,true,46.251000,65,1.427000,"{""bora011"":5,""diablo03"":1,""h4d-standard-192-7"":52}","{""bora011"":0.000592,""diablo03"":0.000194,""h3-standard-88-2"":0,""h4d-standard-192-7"":0.019208}",[]
prism_cc_cost,hybrid_hetero,30,mbackgroundid0000014|mbackgroundid0000032|mbackgroundid0000033|mbackgroundid0000034|mbackgroundid0000052|mbgmodelid0000031|mconcatfitid0000011|mconcatfitid0000030|mdifffitid0000005|mdifffitid0000006|mdifffitid0000007|mdifffitid0000010|mdifffitid0000026|mdifffitid0000028|mdifffitid0000029|mdifffitid0000043|mdifffitid0000044|mdifffitid0000045|mdifffitid0000046|mdifffitid0000048|mprojectid0000001|mprojectid0000002|mprojectid0000020|mprojectid0000039|mprojectid0000040|mprojectid0000041|mprojectid0000042|mviewerid0000038|mviewerid0000058,0.100000,107.223000,0.148609,0.241327,110.620800,0.000000,0.000000,true,45.758000,51,223.483000,"{""bora011"":19,""diablo03"":11,""h4d-standard-192-7"":28}","{""bora011"":0.006833,""diablo03"":0.003053,""h3-standard-88-2"":0,""h4d-standard-192-7"":0.017401}","[{""rank"":1,""recommended"":true,""feasible"":true,""budget_used"":0.148609,""budget_violation"":0,""makespan"":107.223,""deadline_violation"":0,""machine_signature"":""ddb643e6b82eb9bb"",""weighted_score"":0.148609,""diversity_score"":2.517241},{""rank"":2,""recommended"":false,""feasible"":true,""budget_used"":0.201274,""budget_violation"":0,""makespan"":100.889,""deadline_violation"":0,""machine_signature"":""5e046b1e9aa2430b"",""weighted_score"":0.201274,""diversity_score"":2.137931},{""rank"":3,""recommended"":false,""feasible"":true,""budget_used"":0.216473,""budget_violation"":0,""makespan"":99.228,""deadline_violation"":0,""machine_signature"":""0a603c2f36b118a8"",""weighted_score"":0.216473,""diversity_score"":2.103448}]"
prism_cc_time,hybrid_hetero,30,mbackgroundid0000014|mbackgroundid0000032|mbackgroundid0000033|mbackgroundid0000034|mbackgroundid0000052|mbgmodelid0000031|mconcatfitid0000011|mconcatfitid0000030|mdifffitid0000005|mdifffitid0000006|mdifffitid0000007|mdifffitid0000010|mdifffitid0000026|mdifffitid0000028|mdifffitid0000029|mdifffitid0000043|mdifffitid0000044|mdifffitid0000045|mdifffitid0000046|mdifffitid0000048|mprojectid0000001|mprojectid0000002|mprojectid0000020|mprojectid0000039|mprojectid0000040|mprojectid0000041|mprojectid0000042|mviewerid0000038|mviewerid0000058,0.100000,99.228000,0.216473,0.241327,110.620800,0.000000,0.000000,true,46.251000,65,223.483000,"{""bora011"":5,""diablo03"":1,""h4d-standard-192-7"":52}","{""bora011"":0.000592,""diablo03"":0.000194,""h3-standard-88-2"":0,""h4d-standard-192-7"":0.019208}","[{""rank"":1,""recommended"":true,""feasible"":true,""budget_used"":0.216473,""budget_violation"":0,""makespan"":99.228,""deadline_violation"":0,""machine_signature"":""0a603c2f36b118a8"",""weighted_score"":0.925436,""diversity_score"":2.103448},{""rank"":2,""recommended"":false,""feasible"":true,""budget_used"":0.201274,""budget_violation"":0,""makespan"":100.889,""deadline_violation"":0,""machine_signature"":""5e046b1e9aa2430b"",""weighted_score"":0.940927,""diversity_score"":2.137931},{""rank"":3,""recommended"":false,""feasible"":true,""budget_used"":0.148609,""budget_violation"":0,""makespan"":107.223,""deadline_violation"":0,""machine_signature"":""ddb643e6b82eb9bb"",""weighted_score"":1,""diversity_score"":2.517241}]"
