algorithm,scenario_id,interference_seed,interference_activity_ids,interference_rate,makespan,budget_used,budget_limit,deadline_limit,budget_violation,deadline_violation,feasible,interference_time,interference_pairs,algorithm_milliseconds,machine_distribution,machine_utilization,recommendations_json
heft_colocation,cloud_hetero,1,maddid0000018|maddid0000037|maddid0000056|mbackgroundid0000015|mbackgroundid0000035|mbgmodelid0000012|mbgmodelid0000031|mconcatfitid0000011|mconcatfitid0000030|mdifffitid0000005|mdifffitid0000007|mdifffitid0000010|mdifffitid0000025|mdifffitid0000026|mdifffitid0000028|mdifffitid0000029|mdifffitid0000044|mimgtblid0000017|mimgtblid0000036|mimgtblid0000055|mprojectid0000003|mprojectid0000020|mprojectid0000022|mprojectid0000023|mprojectid0000040|mprojectid0000041|mviewerid0000038|mviewerid0000057|mviewerid0000058,0.200000,95.263000,0.508121,0.641828,78.742107,0.000000,16.521000,false,20.948000,11,2.622000,"{""h4d-highmem-192-1"":45,""h4d-standard-192-1"":13}","{""h3-standard-88-1"":0,""h3-standard-88-2"":0,""h4d-highmem-192-1"":0.011826,""h4d-standard-192-1"":0.006829}",[]
prism_cc_cost,cloud_hetero,1,maddid0000018|maddid0000037|maddid0000056|mbackgroundid0000015|mbackgroundid0000035|mbgmodelid0000012|mbgmodelid0000031|mconcatfitid0000011|mconcatfitid0000030|mdifffitid0000005|mdifffitid0000007|mdifffitid0000010|mdifffitid0000025|mdifffitid0000026|mdifffitid0000028|mdifffitid0000029|mdifffitid0000044|mimgtblid0000017|mimgtblid0000036|mimgtblid0000055|mprojectid0000003|mprojectid0000020|mprojectid0000022|mprojectid0000023|mprojectid0000040|mprojectid0000041|mviewerid0000038|mviewerid0000057|mviewerid0000058,0.200000,95.263000,0.508121,0.641828,78.742107,0.000000,16.521000,false,20.948000,11,307.965000,"{""h4d-highmem-192-1"":45,""h4d-standard-192-1"":13}","{""h3-standard-88-1"":0,""h3-standard-88-2"":0,""h4d-highmem-192-1"":0.011826,""h4d-standard-192-1"":0.006829}","[{""rank"":1,""recommended"":true,""feasible"":false,""budget_used"":0.206349,""budget_violation"":0,""makespan"":94.586,""deadline_violation"":15.844,""machine_signature"":""7c23ded23c31a234"",""weighted_score"":0.206349,""diversity_score"":0},{""rank"":2,""recommended"":false,""feasible"":false,""budget_used"":0.508121,""budget_violation"":0,""makespan"":95.263,""deadline_violation"":16.521,""machine_signature"":""1d0c5eb76f2bf40f"",""weighted_score"":0.508121,""diversity_score"":1.224138}]"
prism_cc_time,cloud_hetero,1,maddid0000018|maddid0000037|maddid0000056|mbackgroundid0000015|mbackgroundid0000035|mbgmodelid0000012|mbgmodelid0000031|mconcatfitid0000011|mconcatfitid0000030|mdifffitid0000005|mdifffitid0000007|mdifffitid0000010|mdifffitid0000025|mdifffitid0000026|mdifffitid0000028|mdifffitid0000029|mdifffitid0000044|mimgtblid0000017|mimgtblid0000036|mimgtblid0000055|mprojectid0000003|mprojectid0000020|mprojectid0000022|mprojectid0000023|mprojectid0000040|mprojectid0000041|mviewerid0000038|mviewerid0000057|mviewerid0000058,0.200000,94.586000,0.206349,0.641828,78.742107,0.000000,15.844000,false,54.138000,22,307.965000,"{""h4d-standard-192-1"":58}","{""h3-standard-88-1"":0,""h3-standard-88-2"":0,""h4d-highmem-192-1"":0,""h4d-standard-192-1"":0.020616}","[{""rank"":1,""recommended"":true,""feasible"":false,""budget_used"":0.206349,""budget_violation"":0,""makespan"":94.586,""deadline_violation"":15.844,""machine_signature"":""7c23ded23c31a234"",""weighted_score"":0.992893,""diversity_score"":0},{""rank"":2,""recommended"":false,""feasible"":false,""budget_used"":0.508121,""budget_violation"":0,""makespan"":95.263,""deadline_violation"":16.521,""machine_signature"":""1d0c5eb76f2bf40f"",""weighted_score"":1,""diversity_score"":1.224138}]"
heft_colocation,cloud_homo,1,maddid0000018|maddid0000037|maddid0000056|mbackgroundid0000015|mbackgroundid0000035|mbgmodelid0000012|mbgmodelid0000031|mconcatfitid0000011|mconcatfitid0000030|mdifffitid0000005|mdifffitid0000007|mdifffitid0000010|mdifffitid0000025|mdifffitid0000026|mdifffitid0000028|mdifffitid0000029|mdifffitid0000044|mimgtblid0000017|mimgtblid0000036|mimgtblid0000055|mprojectid0000003|mprojectid0000020|mprojectid0000022|mprojectid0000023|mprojectid0000040|mprojectid0000041|mviewerid0000038|mviewerid0000057|mviewerid0000058,0.200000,99.816000,0.851270,1.059152,79.706000,0.000000,20.110000,false,5.617000,3,2.843000,"{""h4d-standard-192-1"":27,""h4d-standard-192-2"":4,""h4d-standard-192-3"":8,""h4d-standard-192-4"":19}","{""h4d-standard-192-1"":0.004954,""h4d-standard-192-2"":0.002121,""h4d-standard-192-3"":0.003736,""h4d-standard-192-4"":0.006193}",[]
prism_cc_cost,cloud_homo,1,maddid0000018|maddid0000037|maddid0000056|mbackgroundid0000015|mbackgroundid0000035|mbgmodelid0000012|mbgmodelid0000031|mconcatfitid0000011|mconcatfitid0000030|mdifffitid0000005|mdifffitid0000007|mdifffitid0000010|mdifffitid0000025|mdifffitid0000026|mdifffitid0000028|mdifffitid0000029|mdifffitid0000044|mimgtblid0000017|mimgtblid0000036|mimgtblid0000055|mprojectid0000003|mprojectid0000020|mprojectid0000022|mprojectid0000023|mprojectid0000040|mprojectid0000041|mviewerid0000038|mviewerid0000057|mviewerid0000058,0.200000,99.816000,0.851270,1.059152,79.706000,0.000000,20.110000,false,5.617000,3,362.706000,"{""h4d-standard-192-1"":27,""h4d-standard-192-2"":4,""h4d-standard-192-3"":8,""h4d-standard-192-4"":19}","{""h4d-standard-192-1"":0.004954,""h4d-standard-192-2"":0.002121,""h4d-standard-192-3"":0.003736,""h4d-standard-192-4"":0.006193}","[{""rank"":1,""recommended"":true,""feasible"":false,""budget_used"":0.202874,""budget_violation"":0,""makespan"":92.991,""deadline_violation"":13.285,""machine_signature"":""0997303dfb029158"",""weighted_score"":0.202874,""diversity_score"":0},{""rank"":2,""recommended"":false,""feasible"":false,""budget_used"":0.85127,""budget_violation"":0,""makespan"":99.816,""deadline_violation"":20.11,""machine_signature"":""ff17a462d9716f7f"",""weighted_score"":0.85127,""diversity_score"":3.534483}]"
prism_cc_time,cloud_homo,1,maddid0000018|maddid0000037|maddid0000056|mbackgroundid0000015|mbackgroundid0000035|mbgmodelid0000012|mbgmodelid0000031|mconcatfitid0000011|mconcatfitid0000030|mdifffitid0000005|mdifffitid0000007|mdifffitid0000010|mdifffitid0000025|mdifffitid0000026|mdifffitid0000028|mdifffitid0000029|mdifffitid0000044|mimgtblid0000017|mimgtblid0000036|mimgtblid0000055|mprojectid0000003|mprojectid0000020|mprojectid0000022|mprojectid0000023|mprojectid0000040|mprojectid0000041|mviewerid0000038|mviewerid0000057|mviewerid0000058,0.200000,92.991000,0.202874,1.059152,79.706000,0.000000,13.285000,false,54.554000,28,362.706000,"{""h4d-standard-192-1"":58}","{""h4d-standard-192-1"":0.020993,""h4d-standard-192-2"":0,""h4d-standard-192-3"":0,""h4d-standard-192-4"":0}","[{""rank"":1,""recommended"":true,""feasible"":false,""budget_used"":0.202874,""budget_violation"":0,""makespan"":92.991,""deadline_violation"":13.285,""machine_signature"":""0997303dfb029158"",""weighted_score"":0.931624,""diversity_score"":0},{""rank"":2,""recommended"":false,""feasible"":false,""budget_used"":0.85127,""budget_violation"":0,""makespan"":99.816,""deadline_violation"":20.11,""machine_signature"":""ff17a462d9716f7f"",""weighted_score"":1,""diversity_score"":3.534483}]"
heft_colocation,cluster_hetero,1,maddid0000018|maddid0000037|maddid0000056|mbackgroundid0000015|mbackgroundid0000035|mbgmodelid0000012|mbgmodelid0000031|mconcatfitid0000011|mconcatfitid0000030|mdifffitid0000005|mdifffitid0000007|mdifffitid0000010|mdifffitid0000025|mdifffitid0000026|mdifffitid0000028|mdifffitid0000029|mdifffitid0000044|mimgtblid0000017|mimgtblid0000036|mimgtblid0000055|mprojectid0000003|mprojectid0000020|mprojectid0000022|mprojectid0000023|mprojectid0000040|mprojectid0000041|mviewerid0000038|mviewerid0000057|mviewerid0000058,0.200000,287.957000,0.000000,0.000000,235.839680,0.000000,52.117000,false,56.676000,12,1.065000,"{""bora005"":36,""bora006"":18,""diablo01"":2,""diablo02"":2}","{""bora005"":0.113467,""bora006"":0.048113,""diablo01"":0.005197,""diablo02"":0.00534}",[]
prism_cc_cost,cluster_hetero,1,maddid0000018|maddid0000037|maddid0000056|mbackgroundid0000015|mbackgroundid0000035|mbgmodelid0000012|mbgmodelid0000031|mconcatfitid0000011|mconcatfitid0000030|mdifffitid0000005|mdifffitid0000007|mdifffitid0000010|mdifffitid0000025|mdifffitid0000026|mdifffitid0000028|mdifffitid0000029|mdifffitid0000044|mimgtblid0000017|mimgtblid0000036|mimgtblid0000055|mprojectid0000003|mprojectid0000020|mprojectid0000022|mprojectid0000023|mprojectid0000040|mprojectid0000041|mviewerid0000038|mviewerid0000057|mviewerid0000058,0.200000,287.957000,0.000000,0.000000,235.839680,0.000000,52.117000,false,56.676000,12,231.936000,"{""bora005"":36,""bora006"":18,""diablo01"":2,""diablo02"":2}","{""bora005"":0.113467,""bora006"":0.048113,""diablo01"":0.005197,""diablo02"":0.00534}","[{""rank"":1,""recommended"":true,""feasible"":false,""budget_used"":0,""budget_violation"":0,""makespan"":287.957,""deadline_violation"":52.117,""machine_signature"":""d61e476d40739f78"",""weighted_score"":0,""diversity_score"":3.37931}]"
prism_cc_time,cluster_hetero,1,maddid0000018|maddid0000037|maddid0000056|mbackgroundid0000015|mbackgroundid0000035|mbgmodelid0000012|mbgmodelid0000031|mconcatfitid0000011|mconcatfitid0000030|mdifffitid0000005|mdifffitid0000007|mdifffitid0000010|mdifffitid0000025|mdifffitid0000026|mdifffitid0000028|mdifffitid0000029|mdifffitid0000044|mimgtblid0000017|mimgtblid0000036|mimgtblid0000055|mprojectid0000003|mprojectid0000020|mprojectid0000022|mprojectid0000023|mprojectid0000040|mprojectid0000041|mviewerid0000038|mviewerid0000057|mviewerid0000058,0.200000,287.957000,0.000000,0.000000,235.839680,0.000000,52.117000,false,56.676000,12,231.936000,"{""bora005"":36,""bora006"":18,""diablo01"":2,""diablo02"":2}","{""bora005"":0.113467,""bora006"":0.048113,""diablo01"":0.005197,""diablo02"":0.00534}","[{""rank"":1,""recommended"":true,""feasible"":false,""budget_used"":0,""budget_violation"":0,""makespan"":287.957,""deadline_violation"":52.117,""machine_signature"":""d61e476d40739f78"",""weighted_score"":1,""diversity_score"":3.37931}]"
heft_colocation,cluster_homo,1,maddid0000018|maddid0000037|maddid0000056|mbackgroundid0000015|mbackgroundid0000035|mbgmodelid0000012|mbgmodelid0000031|mconcatfitid0000011|mconcatfitid0000030|mdifffitid0000005|mdifffitid0000007|mdifffitid0000010|mdifffitid0000025|mdifffitid0000026|mdifffitid0000028|mdifffitid0000029|mdifffitid0000044|mimgtblid0000017|mimgtblid0000036|mimgtblid0000055|mprojectid0000003|mprojectid0000020|mprojectid0000022|mprojectid0000023|mprojectid0000040|mprojectid0000041|mviewerid0000038|mviewerid0000057|mviewerid0000058,0.200000,287.957000,0.000000,0.000000,230.365600,0.000000,57.591000,false,31.091000,3,0.965000,"{""bora001"":17,""bora002"":4,""bora003"":10,""bora004"":27}","{""bora001"":0.044096,""bora002"":0.021715,""bora003"":0.047095,""bora004"":0.061212}",[]
prism_cc_cost,cluster_homo,1,maddid0000018|maddid0000037|maddid0000056|mbackgroundid0000015|mbackgroundid0000035|mbgmodelid0000012|mbgmodelid0000031|mconcatfitid0000011|mconcatfitid0000030|mdifffitid0000005|mdifffitid0000007|mdifffitid0000010|mdifffitid0000025|mdifffitid0000026|mdifffitid0000028|mdifffitid0000029|mdifffitid0000044|mimgtblid0000017|mimgtblid0000036|mimgtblid0000055|mprojectid0000003|mprojectid0000020|mprojectid0000022|mprojectid0000023|mprojectid0000040|mprojectid0000041|mviewerid0000038|mviewerid0000057|mviewerid0000058,0.200000,287.957000,0.000000,0.000000,230.365600,0.000000,57.591000,false,31.091000,3,222.028000,"{""bora001"":17,""bora002"":4,""bora003"":10,""bora004"":27}","{""bora001"":0.044096,""bora002"":0.021715,""bora003"":0.047095,""bora004"":0.061212}","[{""rank"":1,""recommended"":true,""feasible"":false,""budget_used"":0,""budget_violation"":0,""makespan"":287.957,""deadline_violation"":57.591,""machine_signature"":""e73d7ecd726b119f"",""weighted_score"":0,""diversity_score"":3.534483}]"
prism_cc_time,cluster_homo,1,maddid0000018|maddid0000037|maddid0000056|mbackgroundid0000015|mbackgroundid0000035|mbgmodelid0000012|mbgmodelid0000031|mconcatfitid0000011|mconcatfitid0000030|mdifffitid0000005|mdifffitid0000007|mdifffitid0000010|mdifffitid0000025|mdifffitid0000026|mdifffitid0000028|mdifffitid0000029|mdifffitid0000044|mimgtblid0000017|mimgtblid0000036|mimgtblid0000055|mprojectid0000003|mprojectid0000020|mprojectid0000022|mprojectid0000023|mprojectid0000040|mprojectid0000041|mviewerid0000038|mviewerid0000057|mviewerid0000058,0.200000,287.957000,0.000000,0.000000,230.365600,0.000000,57.591000,false,31.091000,3,222.028000,"{""bora001"":17,""bora002"":4,""bora003"":10,""bora004"":27}","{""bora001"":0.044096,""bora002"":0.021715,""bora003"":0.047095,""bora004"":0.061212}","[{""rank"":1,""recommended"":true,""feasible"":false,""budget_used"":0,""budget_violation"":0,""makespan"":287.957,""deadline_violation"":57.591,""machine_signature"":""e73d7ecd726b119f"",""weighted_score"":1,""diversity_score"":3.534483}]"
heft_colocation,hybrid_hetero,1,maddid0000018|maddid0000037|maddid0000056|mbackgroundid0000015|mbackgroundid0000035|mbgmodelid0000012|mbgmodelid0000031|mconcatfitid0000011|mconcatfitid0000030|mdifffitid0000005|mdifffitid0000007|mdifffitid0000010|mdifffitid0000025|mdifffitid0000026|mdifffitid0000028|mdifffitid0000029|mdifffitid0000044|mimgtblid0000017|mimgtblid0000036|mimgtblid0000055|mprojectid0000003|mprojectid0000020|mprojectid0000022|mprojectid0000023|mprojectid0000040|mprojectid0000041|mviewerid0000038|mviewerid0000057|mviewerid0000058,0.200000,92.864000,0.295770,0.348827,79.406640,0.000000,13.457000,false,40.672000,18,2.338000,"{""h3-standard-88-2"":2,""h4d-standard-192-7"":56}","{""bora011"":0,""diablo03"":0,""h3-standard-88-2"":0.003328,""h4d-standard-192-7"":0.019466}",[]
prism_cc_cost,hybrid_hetero,1,maddid0000018|maddid0000037|maddid0000056|mbackgroundid0000015|mbackgroundid0000035|mbgmodelid0000012|mbgmodelid0000031|mconcatfitid0000011|mconcatfitid0000030|mdifffitid0000005|mdifffitid0000007|mdifffitid0000010|mdifffitid0000025|mdifffitid0000026|mdifffitid0000028|mdifffitid0000029|mdifffitid0000044|mimgtblid0000017|mimgtblid0000036|mimgtblid0000055|mprojectid0000003|mprojectid0000020|mprojectid0000022|mprojectid0000023|mprojectid0000040|mprojectid0000041|mviewerid0000038|mviewerid0000057|mviewerid0000058,0.200000,92.864000,0.295770,0.348827,79.406640,0.000000,13.457000,false,40.672000,18,300.859000,"{""h3-standard-88-2"":2,""h4d-standard-192-7"":56}","{""bora011"":0,""diablo03"":0,""h3-standard-88-2"":0.003328,""h4d-standard-192-7"":0.019466}","[{""rank"":1,""recommended"":true,""feasible"":false,""budget_used"":0.29577,""budget_violation"":0,""makespan"":92.864,""deadline_violation"":13.457,""machine_signature"":""36a83f79a4cc0aac"",""weighted_score"":0.29577,""diversity_score"":1.034483}]"
prism_cc_time,hybrid_hetero,1,maddid0000018|maddid0000037|maddid0000056|mbackgroundid0000015|mbackgroundid0000035|mbgmodelid0000012|mbgmodelid0000031|mconcatfitid0000011|mconcatfitid0000030|mdifffitid0000005|mdifffitid0000007|mdifffitid0000010|mdifffitid0000025|mdifffitid0000026|mdifffitid0000028|mdifffitid0000029|mdifffitid0000044|mimgtblid0000017|mimgtblid0000036|mimgtblid0000055|mprojectid0000003|mprojectid0000020|mprojectid0000022|mprojectid0000023|mprojectid0000040|mprojectid0000041|mviewerid0000038|mviewerid0000057|mviewerid0000058,0.200000,92.864000,0.295770,0.348827,79.406640,0.000000,13.457000,false,40.672000,18,300.859000,"{""h3-standard-88-2"":2,""h4d-standard-192-7"":56}","{""bora011"":0,""diablo03"":0,""h3-standard-88-2"":0.003328,""h4d-standard-192-7"":0.019466}","[{""rank"":1,""recommended"":true,""feasible"":false,""budget_used"":0.29577,""budget_violation"":0,""makespan"":92.864,""deadline_violation"":13.457,""machine_signature"":""36a83f79a4cc0aac"",""weighted_score"":1,""diversity_score"":1.034483}]"
heft_colocation,hybrid_homo,1,maddid0000018|maddid0000037|maddid0000056|mbackgroundid0000015|mbackgroundid0000035|mbgmodelid0000012|mbgmodelid0000031|mconcatfitid0000011|mconcatfitid0000030|mdifffitid0000005|mdifffitid0000007|mdifffitid0000010|mdifffitid0000025|mdifffitid0000026|mdifffitid0000028|mdifffitid0000029|mdifffitid0000044|mimgtblid0000017|mimgtblid0000036|mimgtblid0000055|mprojectid0000003|mprojectid0000020|mprojectid0000022|mprojectid0000023|mprojectid0000040|mprojectid0000041|mviewerid0000038|mviewerid0000057|mviewerid0000058,0.200000,95.263000,0.481943,0.607531,78.742107,0.000000,16.521000,false,20.948000,11,2.081000,"{""h4d-standard-192-5"":13,""h4d-standard-192-6"":45}","{""bora009"":0,""bora010"":0,""h4d-standard-192-5"":0.006829,""h4d-standard-192-6"":0.011826}",[]
prism_cc_cost,hybrid_homo,1,maddid0000018|maddid0000037|maddid0000056|mbackgroundid0000015|mbackgroundid0000035|mbgmodelid0000012|mbgmodelid0000031|mconcatfitid0000011|mconcatfitid0000030|mdifffitid0000005|mdifffitid0000007|mdifffitid0000010|mdifffitid0000025|mdifffitid0000026|mdifffitid0000028|mdifffitid0000029|mdifffitid0000044|mimgtblid0000017|mimgtblid0000036|mimgtblid0000055|mprojectid0000003|mprojectid0000020|mprojectid0000022|mprojectid0000023|mprojectid0000040|mprojectid0000041|mviewerid0000038|mviewerid0000057|mviewerid0000058,0.200000,95.263000,0.481943,0.607531,78.742107,0.000000,16.521000,false,20.948000,11,350.325000,"{""h4d-standard-192-5"":13,""h4d-standard-192-6"":45}","{""bora009"":0,""bora010"":0,""h4d-standard-192-5"":0.006829,""h4d-standard-192-6"":0.011826}","[{""rank"":1,""recommended"":true,""feasible"":false,""budget_used"":0.481943,""budget_violation"":0,""makespan"":95.263,""deadline_violation"":16.521,""machine_signature"":""d09193e1d37a74fe"",""weighted_score"":0.481943,""diversity_score"":1.224138}]"
prism_cc_time,hybrid_homo,1,maddid0000018|maddid0000037|maddid0000056|mbackgroundid0000015|mbackgroundid0000035|mbgmodelid0000012|mbgmodelid0000031|mconcatfitid0000011|mconcatfitid0000030|mdifffitid0000005|mdifffitid0000007|mdifffitid0000010|mdifffitid0000025|mdifffitid0000026|mdifffitid0000028|mdifffitid0000029|mdifffitid0000044|mimgtblid0000017|mimgtblid0000036|mimgtblid0000055|mprojectid0000003|mprojectid0000020|mprojectid0000022|mprojectid0000023|mprojectid0000040|mprojectid0000041|mviewerid0000038|mviewerid0000057|mviewerid0000058,0.200000,95.263000,0.481943,0.607531,78.742107,0.000000,16.521000,false,20.948000,11,350.325000,"{""h4d-standard-192-5"":13,""h4d-standard-192-6"":45}","{""bora009"":0,""bora010"":0,""h4d-standard-192-5"":0.006829,""h4d-standard-192-6"":0.011826}","[{""rank"":1,""recommended"":true,""feasible"":false,""budget_used"":0.481943,""budget_violation"":0,""makespan"":95.263,""deadline_violation"":16.521,""machine_signature"":""d09193e1d37a74fe"",""weighted_score"":1,""diversity_score"":1.224138}]"
heft_colocation,hybrid_raspberry_500mbps,1,maddid0000018|maddid0000037|maddid0000056|mbackgroundid0000015|mbackgroundid0000035|mbgmodelid0000012|mbgmodelid0000031|mconcatfitid0000011|mconcatfitid0000030|mdifffitid0000005|mdifffitid0000007|mdifffitid0000010|mdifffitid0000025|mdifffitid0000026|mdifffitid0000028|mdifffitid0000029|mdifffitid0000044|mimgtblid0000017|mimgtblid0000036|mimgtblid0000055|mprojectid0000003|mprojectid0000020|mprojectid0000022|mprojectid0000023|mprojectid0000040|mprojectid0000041|mviewerid0000038|mviewerid0000057|mviewerid0000058,0.200000,135.525000,0.441991,0.533583,119.533547,0.000000,15.991000,false,59.767000,14,5.320000,"{""cloud-node-02"":53,""hpc-node-02"":5}","{""cloud-node-01"":0,""cloud-node-02"":0.070542,""hpc-node-01"":0,""hpc-node-02"":0.028093,""rpi-edge-01"":0,""rpi-edge-02"":0,""rpi-edge-03"":0,""rpi-edge-04"":0,""rpi-edge-05"":0,""rpi-edge-06"":0,""rpi-edge-07"":0,""rpi-edge-08"":0,""rpi-edge-09"":0,""rpi-edge-10"":0}",[]
prism_cc_cost,hybrid_raspberry_500mbps,1,maddid0000018|maddid0000037|maddid0000056|mbackgroundid0000015|mbackgroundid0000035|mbgmodelid0000012|mbgmodelid0000031|mconcatfitid0000011|mconcatfitid0000030|mdifffitid0000005|mdifffitid0000007|mdifffitid0000010|mdifffitid0000025|mdifffitid0000026|mdifffitid0000028|mdifffitid0000029|mdifffitid0000044|mimgtblid0000017|mimgtblid0000036|mimgtblid0000055|mprojectid0000003|mprojectid0000020|mprojectid0000022|mprojectid0000023|mprojectid0000040|mprojectid0000041|mviewerid0000038|mviewerid0000057|mviewerid0000058,0.200000,135.525000,0.441991,0.533583,119.533547,0.000000,15.991000,false,59.767000,14,428.732000,"{""cloud-node-02"":53,""hpc-node-02"":5}","{""cloud-node-01"":0,""cloud-node-02"":0.070542,""hpc-node-01"":0,""hpc-node-02"":0.028093,""rpi-edge-01"":0,""rpi-edge-02"":0,""rpi-edge-03"":0,""rpi-edge-04"":0,""rpi-edge-05"":0,""rpi-edge-06"":0,""rpi-edge-07"":0,""rpi-edge-08"":0,""rpi-edge-09"":0,""rpi-edge-10"":0}","[{""rank"":1,""recommended"":true,""feasible"":false,""budget_used"":0.441991,""budget_violation"":0,""makespan"":135.525,""deadline_violation"":15.991,""machine_signature"":""f4e8e9be2ac762dc"",""weighted_score"":0.441991,""diversity_score"":1.086207}]"
prism_cc_time,hybrid_raspberry_500mbps,1,maddid0000018|maddid0000037|maddid0000056|mbackgroundid0000015|mbackgroundid0000035|mbgmodelid0000012|mbgmodelid0000031|mconcatfitid0000011|mconcatfitid0000030|mdifffitid0000005|mdifffitid0000007|mdifffitid0000010|mdifffitid0000025|mdifffitid0000026|mdifffitid0000028|mdifffitid0000029|mdifffitid0000044|mimgtblid0000017|mimgtblid0000036|mimgtblid0000055|mprojectid0000003|mprojectid0000020|mprojectid0000022|mprojectid0000023|mprojectid0000040|mprojectid0000041|mviewerid0000038|mviewerid0000057|mviewerid0000058,0.200000,135.525000,0.441991,0.533583,119.533547,0.000000,15.991000,false,59.767000,14,428.732000,"{""cloud-node-02"":53,""hpc-node-02"":5}","{""cloud-node-01"":0,""cloud-node-02"":0.070542,""hpc-node-01"":0,""hpc-node-02"":0.028093,""rpi-edge-01"":0,""rpi-edge-02"":0,""rpi-edge-03"":0,""rpi-edge-04"":0,""rpi-edge-05"":0,""rpi-edge-06"":0,""rpi-edge-07"":0,""rpi-edge-08"":0,""rpi-edge-09"":0,""rpi-edge-10"":0}","[{""rank"":1,""recommended"":true,""feasible"":false,""budget_used"":0.441991,""budget_violation"":0,""makespan"":135.525,""deadline_violation"":15.991,""machine_signature"":""f4e8e9be2ac762dc"",""weighted_score"":1,""diversity_score"":1.086207}]"
heft_colocation,cloud_hetero,2,maddid0000037|mbackgroundid0000013|mbackgroundid0000014|mbackgroundid0000032|mbackgroundid0000033|mbackgroundid0000051|mbackgroundid0000052|mbackgroundid0000053|mbackgroundid0000054|mconcatfitid0000049|mdifffitid0000008|mdifffitid0000009|mdifffitid0000010|mdifffitid0000025|mdifffitid0000027|mdifffitid0000029|mdifffitid0000045|mdifffitid0000046|mdifffitid0000048|mimgtblid0000055|mprojectid0000001|mprojectid0000002|mprojectid0000020|mprojectid0000021|mprojectid0000022|mprojectid0000040|mviewerid0000038|mviewerid0000057|mviewerid0000058,0.200000,95.157000,0.505876,0.641828,78.742107,0.000000,16.415000,false,16.933000,18,1.964000,"{""h4d-highmem-192-1"":44,""h4d-standard-192-1"":14}","{""h3-standard-88-1"":0,""h3-standard-88-2"":0,""h4d-highmem-192-1"":0.011758,""h4d-standard-192-1"":0.006698}",[]
prism_cc_cost,cloud_hetero,2,maddid0000037|mbackgroundid0000013|mbackgroundid0000014|mbackgroundid0000032|mbackgroundid0000033|mbackgroundid0000051|mbackgroundid0000052|mbackgroundid0000053|mbackgroundid0000054|mconcatfitid0000049|mdifffitid0000008|mdifffitid0000009|mdifffitid0000010|mdifffitid0000025|mdifffitid0000027|mdifffitid0000029|mdifffitid0000045|mdifffitid0000046|mdifffitid0000048|mimgtblid0000055|mprojectid0000001|mprojectid0000002|mprojectid0000020|mprojectid0000021|mprojectid0000022|mprojectid0000040|mviewerid0000038|mviewerid0000057|mviewerid0000058,0.200000,95.157000,0.505876,0.641828,78.742107,0.000000,16.415000,false,16.933000,18,303.599000,"{""h4d-highmem-192-1"":44,""h4d-standard-192-1"":14}","{""h3-standard-88-1"":0,""h3-standard-88-2"":0,""h4d-highmem-192-1"":0.011758,""h4d-standard-192-1"":0.006698}","[{""rank"":1,""recommended"":true,""feasible"":false,""budget_used"":0.505876,""budget_violation"":0,""makespan"":95.157,""deadline_violation"":16.415,""machine_signature"":""eb335f1d0fe8701d"",""weighted_score"":0.505876,""diversity_score"":1.241379}]"
prism_cc_time,cloud_hetero,2,maddid0000037|mbackgroundid0000013|mbackgroundid0000014|mbackgroundid0000032|mbackgroundid0000033|mbackgroundid0000051|mbackgroundid0000052|mbackgroundid0000053|mbackgroundid0000054|mconcatfitid0000049|mdifffitid0000008|mdifffitid0000009|mdifffitid0000010|mdifffitid0000025|mdifffitid0000027|mdifffitid0000029|mdifffitid0000045|mdifffitid0000046|mdifffitid0000048|mimgtblid0000055|mprojectid0000001|mprojectid0000002|mprojectid0000020|mprojectid0000021|mprojectid0000022|mprojectid0000040|mviewerid0000038|mviewerid0000057|mviewerid0000058,0.200000,95.157000,0.505876,0.641828,78.742107,0.000000,16.415000,false,16.933000,18,303.599000,"{""h4d-highmem-192-1"":44,""h4d-standard-192-1"":14}","{""h3-standard-88-1"":0,""h3-standard-88-2"":0,""h4d-highmem-192-1"":0.011758,""h4d-standard-192-1"":0.006698}","[{""rank"":1,""recommended"":true,""feasible"":false,""budget_used"":0.505876,""budget_violation"":0,""makespan"":95.157,""deadline_violation"":16.415,""machine_signature"":""eb335f1d0fe8701d"",""weighted_score"":1,""diversity_score"":1.241379}]"
heft_colocation,cloud_homo,2,maddid0000037|mbackgroundid0000013|mbackgroundid0000014|mbackgroundid0000032|mbackgroundid0000033|mbackgroundid0000051|mbackgroundid0000052|mbackgroundid0000053|mbackgroundid0000054|mconcatfitid0000049|mdifffitid0000008|mdifffitid0000009|mdifffitid0000010|mdifffitid0000025|mdifffitid0000027|mdifffitid0000029|mdifffitid0000045|mdifffitid0000046|mdifffitid0000048|mimgtblid0000055|mprojectid0000001|mprojectid0000002|mprojectid0000020|mprojectid0000021|mprojectid0000022|mprojectid0000040|mviewerid0000038|mviewerid0000057|mviewerid0000058,0.200000,99.816000,0.894086,1.059152,79.706000,0.000000,20.110000,false,4.251000,6,2.845000,"{""h4d-standard-192-1"":15,""h4d-standard-192-2"":16,""h4d-standard-192-3"":8,""h4d-standard-192-4"":19}","{""h4d-standard-192-1"":0.003153,""h4d-standard-192-2"":0.003918,""h4d-standard-192-3"":0.003835,""h4d-standard-192-4"":0.006027}",[]
prism_cc_cost,cloud_homo,2,maddid0000037|mbackgroundid0000013|mbackgroundid0000014|mbackgroundid0000032|mbackgroundid0000033|mbackgroundid0000051|mbackgroundid0000052|mbackgroundid0000053|mbackgroundid0000054|mconcatfitid0000049|mdifffitid0000008|mdifffitid0000009|mdifffitid0000010|mdifffitid0000025|mdifffitid0000027|mdifffitid0000029|mdifffitid0000045|mdifffitid0000046|mdifffitid0000048|mimgtblid0000055|mprojectid0000001|mprojectid0000002|mprojectid0000020|mprojectid0000021|mprojectid0000022|mprojectid0000040|mviewerid0000038|mviewerid0000057|mviewerid0000058,0.200000,99.816000,0.894086,1.059152,79.706000,0.000000,20.110000,false,4.251000,6,329.905000,"{""h4d-standard-192-1"":15,""h4d-standard-192-2"":16,""h4d-standard-192-3"":8,""h4d-standard-192-4"":19}","{""h4d-standard-192-1"":0.003153,""h4d-standard-192-2"":0.003918,""h4d-standard-192-3"":0.003835,""h4d-standard-192-4"":0.006027}","[{""rank"":1,""recommended"":true,""feasible"":false,""budget_used"":0.470413,""budget_violation"":0,""makespan"":96.803,""deadline_violation"":17.097,""machine_signature"":""824a195b12456e85"",""weighted_score"":0.470413,""diversity_score"":1.172414},{""rank"":2,""recommended"":false,""feasible"":false,""budget_used"":0.468246,""budget_violation"":0,""makespan"":98.738,""deadline_violation"":19.032,""machine_signature"":""da82259d29809f03"",""weighted_score"":0.468246,""diversity_score"":1.155172},{""rank"":3,""recommended"":false,""feasible"":false,""budget_used"":0.894086,""budget_violation"":0,""makespan"":99.816,""deadline_violation"":20.11,""machine_signature"":""042908cb14cea46c"",""weighted_score"":0.894086,""diversity_score"":3.672414}]"
prism_cc_time,cloud_homo,2,maddid0000037|mbackgroundid0000013|mbackgroundid0000014|mbackgroundid0000032|mbackgroundid0000033|mbackgroundid0000051|mbackgroundid0000052|mbackgroundid0000053|mbackgroundid0000054|mconcatfitid0000049|mdifffitid0000008|mdifffitid0000009|mdifffitid0000010|mdifffitid0000025|mdifffitid0000027|mdifffitid0000029|mdifffitid0000045|mdifffitid0000046|mdifffitid0000048|mimgtblid0000055|mprojectid0000001|mprojectid0000002|mprojectid0000020|mprojectid0000021|mprojectid0000022|mprojectid0000040|mviewerid0000038|mviewerid0000057|mviewerid0000058,0.200000,96.803000,0.470413,1.059152,79.706000,0.000000,17.097000,false,25.597000,22,329.905000,"{""h4d-standard-192-1"":10,""h4d-standard-192-4"":48}","{""h4d-standard-192-1"":0.002465,""h4d-standard-192-2"":0,""h4d-standard-192-3"":0,""h4d-standard-192-4"":0.016144}","[{""rank"":1,""recommended"":true,""feasible"":false,""budget_used"":0.470413,""budget_violation"":0,""makespan"":96.803,""deadline_violation"":17.097,""machine_signature"":""824a195b12456e85"",""weighted_score"":0.969814,""diversity_score"":1.172414},{""rank"":2,""recommended"":false,""feasible"":false,""budget_used"":0.468246,""budget_violation"":0,""makespan"":98.738,""deadline_violation"":19.032,""machine_signature"":""da82259d29809f03"",""weighted_score"":0.9892,""diversity_score"":1.155172},{""rank"":3,""recommended"":false,""feasible"":false,""budget_used"":0.894086,""budget_violation"":0,""makespan"":99.816,""deadline_violation"":20.11,""machine_signature"":""042908cb14cea46c"",""weighted_score"":1,""diversity_score"":3.672414}]"
heft_colocation,cluster_hetero,2,maddid0000037|mbackgroundid0000013|mbackgroundid0000014|mbackgroundid0000032|mbackgroundid0000033|mbackgroundid0000051|mbackgroundid0000052|mbackgroundid0000053|mbackgroundid0000054|mconcatfitid0000049|mdifffitid0000008|mdifffitid0000009|mdifffitid0000010|mdifffitid0000025|mdifffitid0000027|mdifffitid0000029|mdifffitid0000045|mdifffitid0000046|mdifffitid0000048|mimgtblid0000055|mprojectid0000001|mprojectid0000002|mprojectid0000020|mprojectid0000021|mprojectid0000022|mprojectid0000040|mviewerid0000038|mviewerid0000057|mviewerid0000058,0.200000,287.957000,0.000000,0.000000,235.839680,0.000000,52.117000,false,54.785000,23,0.992000,"{""bora005"":36,""bora006"":19,""diablo01"":2,""diablo02"":1}","{""bora005"":0.097387,""bora006"":0.068132,""diablo01"":0.004194,""diablo02"":0.003449}",[]
prism_cc_cost,cluster_hetero,2,maddid0000037|mbackgroundid0000013|mbackgroundid0000014|mbackgroundid0000032|mbackgroundid0000033|mbackgroundid0000051|mbackgroundid0000052|mbackgroundid0000053|mbackgroundid0000054|mconcatfitid0000049|mdifffitid0000008|mdifffitid0000009|mdifffitid0000010|mdifffitid0000025|mdifffitid0000027|mdifffitid0000029|mdifffitid0000045|mdifffitid0000046|mdifffitid0000048|mimgtblid0000055|mprojectid0000001|mprojectid0000002|mprojectid0000020|mprojectid0000021|mprojectid0000022|mprojectid0000040|mviewerid0000038|mviewerid0000057|mviewerid0000058,0.200000,287.957000,0.000000,0.000000,235.839680,0.000000,52.117000,false,54.785000,23,144.001000,"{""bora005"":36,""bora006"":19,""diablo01"":2,""diablo02"":1}","{""bora005"":0.097387,""bora006"":0.068132,""diablo01"":0.004194,""diablo02"":0.003449}","[{""rank"":1,""recommended"":true,""feasible"":false,""budget_used"":0,""budget_violation"":0,""makespan"":287.957,""deadline_violation"":52.117,""machine_signature"":""636445915855ad4b"",""weighted_score"":0,""diversity_score"":3.37931}]"
prism_cc_time,cluster_hetero,2,maddid0000037|mbackgroundid0000013|mbackgroundid0000014|mbackgroundid0000032|mbackgroundid0000033|mbackgroundid0000051|mbackgroundid0000052|mbackgroundid0000053|mbackgroundid0000054|mconcatfitid0000049|mdifffitid0000008|mdifffitid0000009|mdifffitid0000010|mdifffitid0000025|mdifffitid0000027|mdifffitid0000029|mdifffitid0000045|mdifffitid0000046|mdifffitid0000048|mimgtblid0000055|mprojectid0000001|mprojectid0000002|mprojectid0000020|mprojectid0000021|mprojectid0000022|mprojectid0000040|mviewerid0000038|mviewerid0000057|mviewerid0000058,0.200000,287.957000,0.000000,0.000000,235.839680,0.000000,52.117000,false,54.785000,23,144.001000,"{""bora005"":36,""bora006"":19,""diablo01"":2,""diablo02"":1}","{""bora005"":0.097387,""bora006"":0.068132,""diablo01"":0.004194,""diablo02"":0.003449}","[{""rank"":1,""recommended"":true,""feasible"":false,""budget_used"":0,""budget_violation"":0,""makespan"":287.957,""deadline_violation"":52.117,""machine_signature"":""636445915855ad4b"",""weighted_score"":1,""diversity_score"":3.37931}]"
heft_colocation,cluster_homo,2,maddid0000037|mbackgroundid0000013|mbackgroundid0000014|mbackgroundid0000032|mbackgroundid0000033|mbackgroundid0000051|mbackgroundid0000052|mbackgroundid0000053|mbackgroundid0000054|mconcatfitid0000049|mdifffitid0000008|mdifffitid0000009|mdifffitid0000010|mdifffitid0000025|mdifffitid0000027|mdifffitid0000029|mdifffitid0000045|mdifffitid0000046|mdifffitid0000048|mimgtblid0000055|mprojectid0000001|mprojectid0000002|mprojectid0000020|mprojectid0000021|mprojectid0000022|mprojectid0000040|mviewerid0000038|mviewerid0000057|mviewerid0000058,0.200000,287.957000,0.000000,0.000000,230.365600,0.000000,57.591000,false,25.956000,13,0.810000,"{""bora001"":17,""bora002"":17,""bora003"":7,""bora004"":17}","{""bora001"":0.032597,""bora002"":0.040556,""bora003"":0.038959,""bora004"":0.061512}",[]
prism_cc_cost,cluster_homo,2,maddid0000037|mbackgroundid0000013|mbackgroundid0000014|mbackgroundid0000032|mbackgroundid0000033|mbackgroundid0000051|mbackgroundid0000052|mbackgroundid0000053|mbackgroundid0000054|mconcatfitid0000049|mdifffitid0000008|mdifffitid0000009|mdifffitid0000010|mdifffitid0000025|mdifffitid0000027|mdifffitid0000029|mdifffitid0000045|mdifffitid0000046|mdifffitid0000048|mimgtblid0000055|mprojectid0000001|mprojectid0000002|mprojectid0000020|mprojectid0000021|mprojectid0000022|mprojectid0000040|mviewerid0000038|mviewerid0000057|mviewerid0000058,0.200000,287.957000,0.000000,0.000000,230.365600,0.000000,57.591000,false,25.956000,13,140.984000,"{""bora001"":17,""bora002"":17,""bora003"":7,""bora004"":17}","{""bora001"":0.032597,""bora002"":0.040556,""bora003"":0.038959,""bora004"":0.061512}","[{""rank"":1,""recommended"":true,""feasible"":false,""budget_used"":0,""budget_violation"":0,""makespan"":287.957,""deadline_violation"":57.591,""machine_signature"":""89e1ff51bf2de333"",""weighted_score"":0,""diversity_score"":3.706897}]"
prism_cc_time,cluster_homo,2,maddid0000037|mbackgroundid0000013|mbackgroundid0000014|mbackgroundid0000032|mbackgroundid0000033|mbackgroundid0000051|mbackgroundid0000052|mbackgroundid0000053|mbackgroundid0000054|mconcatfitid0000049|mdifffitid0000008|mdifffitid0000009|mdifffitid0000010|mdifffitid0000025|mdifffitid0000027|mdifffitid0000029|mdifffitid0000045|mdifffitid0000046|mdifffitid0000048|mimgtblid0000055|mprojectid0000001|mprojectid0000002|mprojectid0000020|mprojectid0000021|mprojectid0000022|mprojectid0000040|mviewerid0000038|mviewerid0000057|mviewerid0000058,0.200000,287.957000,0.000000,0.000000,230.365600,0.000000,57.591000,false,25.956000,13,140.984000,"{""bora001"":17,""bora002"":17,""bora003"":7,""bora004"":17}","{""bora001"":0.032597,""bora002"":0.040556,""bora003"":0.038959,""bora004"":0.061512}","[{""rank"":1,""recommended"":true,""feasible"":false,""budget_used"":0,""budget_violation"":0,""makespan"":287.957,""deadline_violation"":57.591,""machine_signature"":""89e1ff51bf2de333"",""weighted_score"":1,""diversity_score"":3.706897}]"
heft_colocation,hybrid_hetero,2,maddid0000037|mbackgroundid0000013|mbackgroundid0000014|mbackgroundid0000032|mbackgroundid0000033|mbackgroundid0000051|mbackgroundid0000052|mbackgroundid0000053|mbackgroundid0000054|mconcatfitid0000049|mdifffitid0000008|mdifffitid0000009|mdifffitid0000010|mdifffitid0000025|mdifffitid0000027|mdifffitid0000029|mdifffitid0000045|mdifffitid0000046|mdifffitid0000048|mimgtblid0000055|mprojectid0000001|mprojectid0000002|mprojectid0000020|mprojectid0000021|mprojectid0000022|mprojectid0000040|mviewerid0000038|mviewerid0000057|mviewerid0000058,0.200000,95.890000,0.272481,0.348827,79.406640,0.000000,16.483000,false,37.179000,30,1.564000,"{""h3-standard-88-2"":1,""h4d-standard-192-7"":57}","{""bora011"":0,""diablo03"":0,""h3-standard-88-2"":0.002139,""h4d-standard-192-7"":0.018915}",[]
prism_cc_cost,hybrid_hetero,2,maddid0000037|mbackgroundid0000013|mbackgroundid0000014|mbackgroundid0000032|mbackgroundid0000033|mbackgroundid0000051|mbackgroundid0000052|mbackgroundid0000053|mbackgroundid0000054|mconcatfitid0000049|mdifffitid0000008|mdifffitid0000009|mdifffitid0000010|mdifffitid0000025|mdifffitid0000027|mdifffitid0000029|mdifffitid0000045|mdifffitid0000046|mdifffitid0000048|mimgtblid0000055|mprojectid0000001|mprojectid0000002|mprojectid0000020|mprojectid0000021|mprojectid0000022|mprojectid0000040|mviewerid0000038|mviewerid0000057|mviewerid0000058,0.200000,95.890000,0.272481,0.348827,79.406640,0.000000,16.483000,false,37.179000,30,212.029000,"{""h3-standard-88-2"":1,""h4d-standard-192-7"":57}","{""bora011"":0,""diablo03"":0,""h3-standard-88-2"":0.002139,""h4d-standard-192-7"":0.018915}","[{""rank"":1,""recommended"":true,""feasible"":false,""budget_used"":0.272481,""budget_violation"":0,""makespan"":95.89,""deadline_violation"":16.483,""machine_signature"":""5a58caadd473382d"",""weighted_score"":0.272481,""diversity_score"":1.017241}]"
prism_cc_time,hybrid_hetero,2,maddid0000037|mbackgroundid0000013|mbackgroundid0000014|mbackgroundid0000032|mbackgroundid0000033|mbackgroundid0000051|mbackgroundid0000052|mbackgroundid0000053|mbackgroundid0000054|mconcatfitid0000049|mdifffitid0000008|mdifffitid0000009|mdifffitid0000010|mdifffitid0000025|mdifffitid0000027|mdifffitid0000029|mdifffitid0000045|mdifffitid0000046|mdifffitid0000048|mimgtblid0000055|mprojectid0000001|mprojectid0000002|mprojectid0000020|mprojectid0000021|mprojectid0000022|mprojectid0000040|mviewerid0000038|mviewerid0000057|mviewerid0000058,0.200000,95.890000,0.272481,0.348827,79.406640,0.000000,16.483000,false,37.179000,30,212.029000,"{""h3-standard-88-2"":1,""h4d-standard-192-7"":57}","{""bora011"":0,""diablo03"":0,""h3-standard-88-2"":0.002139,""h4d-standard-192-7"":0.018915}","[{""rank"":1,""recommended"":true,""feasible"":false,""budget_used"":0.272481,""budget_violation"":0,""makespan"":95.89,""deadline_violation"":16.483,""machine_signature"":""5a58caadd473382d"",""weighted_score"":1,""diversity_score"":1.017241}]"
heft_colocation,hybrid_homo,2,maddid0000037|mbackgroundid0000013|mbackgroundid0000014|mbackgroundid0000032|mbackgroundid0000033|mbackgroundid0000051|mbackgroundid0000052|mbackgroundid0000053|mbackgroundid0000054|mconcatfitid0000049|mdifffitid0000008|mdifffitid0000009|mdifffitid0000010|mdifffitid0000025|mdifffitid0000027|mdifffitid0000029|mdifffitid0000045|mdifffitid0000046|mdifffitid0000048|mimgtblid0000055|mprojectid0000001|mprojectid0000002|mprojectid0000020|mprojectid0000021|mprojectid0000022|mprojectid0000040|mviewerid0000038|mviewerid0000057|mviewerid0000058,0.200000,95.157000,0.481744,0.607531,78.742107,0.000000,16.415000,false,16.933000,18,1.758000,"{""h4d-standard-192-5"":14,""h4d-standard-192-6"":44}","{""bora009"":0,""bora010"":0,""h4d-standard-192-5"":0.006802,""h4d-standard-192-6"":0.011654}",[]
prism_cc_cost,hybrid_homo,2,maddid0000037|mbackgroundid0000013|mbackgroundid0000014|mbackgroundid0000032|mbackgroundid0000033|mbackgroundid0000051|mbackgroundid0000052|mbackgroundid0000053|mbackgroundid0000054|mconcatfitid0000049|mdifffitid0000008|mdifffitid0000009|mdifffitid0000010|mdifffitid0000025|mdifffitid0000027|mdifffitid0000029|mdifffitid0000045|mdifffitid0000046|mdifffitid0000048|mimgtblid0000055|mprojectid0000001|mprojectid0000002|mprojectid0000020|mprojectid0000021|mprojectid0000022|mprojectid0000040|mviewerid0000038|mviewerid0000057|mviewerid0000058,0.200000,95.157000,0.481744,0.607531,78.742107,0.000000,16.415000,false,16.933000,18,285.589000,"{""h4d-standard-192-5"":14,""h4d-standard-192-6"":44}","{""bora009"":0,""bora010"":0,""h4d-standard-192-5"":0.006802,""h4d-standard-192-6"":0.011654}","[{""rank"":1,""recommended"":true,""feasible"":false,""budget_used"":0.481744,""budget_violation"":0,""makespan"":95.157,""deadline_violation"":16.415,""machine_signature"":""df55a6cf2d3550b7"",""weighted_score"":0.481744,""diversity_score"":1.241379}]"
prism_cc_time,hybrid_homo,2,maddid0000037|mbackgroundid0000013|mbackgroundid0000014|mbackgroundid0000032|mbackgroundid0000033|mbackgroundid0000051|mbackgroundid0000052|mbackgroundid0000053|mbackgroundid0000054|mconcatfitid0000049|mdifffitid0000008|mdifffitid0000009|mdifffitid0000010|mdifffitid0000025|mdifffitid0000027|mdifffitid0000029|mdifffitid0000045|mdifffitid0000046|mdifffitid0000048|mimgtblid0000055|mprojectid0000001|mprojectid0000002|mprojectid0000020|mprojectid0000021|mprojectid0000022|mprojectid0000040|mviewerid0000038|mviewerid0000057|mviewerid0000058,0.200000,95.157000,0.481744,0.607531,78.742107,0.000000,16.415000,false,16.933000,18,285.589000,"{""h4d-standard-192-5"":14,""h4d-standard-192-6"":44}","{""bora009"":0,""bora010"":0,""h4d-standard-192-5"":0.006802,""h4d-standard-192-6"":0.011654}","[{""rank"":1,""recommended"":true,""feasible"":false,""budget_used"":0.481744,""budget_violation"":0,""makespan"":95.157,""deadline_violation"":16.415,""machine_signature"":""df55a6cf2d3550b7"",""weighted_score"":1,""diversity_score"":1.241379}]"
heft_colocation,hybrid_raspberry_500mbps,2,maddid0000037|mbackgroundid0000013|mbackgroundid0000014|mbackgroundid0000032|mbackgroundid0000033|mbackgroundid0000051|mbackgroundid0000052|mbackgroundid0000053|mbackgroundid0000054|mconcatfitid0000049|mdifffitid0000008|mdifffitid0000009|mdifffitid0000010|mdifffitid0000025|mdifffitid0000027|mdifffitid0000029|mdifffitid0000045|mdifffitid0000046|mdifffitid0000048|mimgtblid0000055|mprojectid0000001|mprojectid0000002|mprojectid0000020|mprojectid0000021|mprojectid0000022|mprojectid0000040|mviewerid0000038|mviewerid0000057|mviewerid0000058,0.200000,145.271000,0.357810,0.533583,119.533547,0.000000,25.737000,false,60.240000,42,2.474000,"{""cloud-node-02"":55,""hpc-node-02"":3}","{""cloud-node-01"":0,""cloud-node-02"":0.068223,""hpc-node-01"":0,""hpc-node-02"":0.018658,""rpi-edge-01"":0,""rpi-edge-02"":0,""rpi-edge-03"":0,""rpi-edge-04"":0,""rpi-edge-05"":0,""rpi-edge-06"":0,""rpi-edge-07"":0,""rpi-edge-08"":0,""rpi-edge-09"":0,""rpi-edge-10"":0}",[]
prism_cc_cost,hybrid_raspberry_500mbps,2,maddid0000037|mbackgroundid0000013|mbackgroundid0000014|mbackgroundid0000032|mbackgroundid0000033|mbackgroundid0000051|mbackgroundid0000052|mbackgroundid0000053|mbackgroundid0000054|mconcatfitid0000049|mdifffitid0000008|mdifffitid0000009|mdifffitid0000010|mdifffitid0000025|mdifffitid0000027|mdifffitid0000029|mdifffitid0000045|mdifffitid0000046|mdifffitid0000048|mimgtblid0000055|mprojectid0000001|mprojectid0000002|mprojectid0000020|mprojectid0000021|mprojectid0000022|mprojectid0000040|mviewerid0000038|mviewerid0000057|mviewerid0000058,0.200000,145.271000,0.357810,0.533583,119.533547,0.000000,25.737000,false,60.240000,42,416.194000,"{""cloud-node-02"":55,""hpc-node-02"":3}","{""cloud-node-01"":0,""cloud-node-02"":0.068223,""hpc-node-01"":0,""hpc-node-02"":0.018658,""rpi-edge-01"":0,""rpi-edge-02"":0,""rpi-edge-03"":0,""rpi-edge-04"":0,""rpi-edge-05"":0,""rpi-edge-06"":0,""rpi-edge-07"":0,""rpi-edge-08"":0,""rpi-edge-09"":0,""rpi-edge-10"":0}","[{""rank"":1,""recommended"":true,""feasible"":false,""budget_used"":0.35781,""budget_violation"":0,""makespan"":145.271,""deadline_violation"":25.737,""machine_signature"":""dee8b414588fb82b"",""weighted_score"":0.35781,""diversity_score"":1.051724}]"
prism_cc_time,hybrid_raspberry_500mbps,2,maddid0000037|mbackgroundid0000013|mbackgroundid0000014|mbackgroundid0000032|mbackgroundid0000033|mbackgroundid0000051|mbackgroundid0000052|mbackgroundid0000053|mbackgroundid0000054|mconcatfitid0000049|mdifffitid0000008|mdifffitid0000009|mdifffitid0000010|mdifffitid0000025|mdifffitid0000027|mdifffitid0000029|mdifffitid0000045|mdifffitid0000046|mdifffitid0000048|mimgtblid0000055|mprojectid0000001|mprojectid0000002|mprojectid0000020|mprojectid0000021|mprojectid0000022|mprojectid0000040|mviewerid0000038|mviewerid0000057|mviewerid0000058,0.200000,145.271000,0.357810,0.533583,119.533547,0.000000,25.737000,false,60.240000,42,416.194000,"{""cloud-node-02"":55,""hpc-node-02"":3}","{""cloud-node-01"":0,""cloud-node-02"":0.068223,""hpc-node-01"":0,""hpc-node-02"":0.018658,""rpi-edge-01"":0,""rpi-edge-02"":0,""rpi-edge-03"":0,""rpi-edge-04"":0,""rpi-edge-05"":0,""rpi-edge-06"":0,""rpi-edge-07"":0,""rpi-edge-08"":0,""rpi-edge-09"":0,""rpi-edge-10"":0}","[{""rank"":1,""recommended"":true,""feasible"":false,""budget_used"":0.35781,""budget_violation"":0,""makespan"":145.271,""deadline_violation"":25.737,""machine_signature"":""dee8b414588fb82b"",""weighted_score"":1,""diversity_score"":1.051724}]"
heft_colocation,cloud_hetero,3,maddid0000018|maddid0000037|mbackgroundid0000013|mbackgroundid0000014|mbackgroundid0000016|mbackgroundid0000032|mbackgroundid0000033|mbackgroundid0000034|mbackgroundid0000035|mbackgroundid0000052|mbackgroundid0000053|mbackgroundid0000054|mbgmodelid0000050|mconcatfitid0000011|mconcatfitid0000030|mdifffitid0000005|mdifffitid0000010|mdifffitid0000025|mdifffitid0000027|mdifffitid0000029|mdifffitid0000043|mdifffitid0000044|mdifffitid0000048|mimgtblid0000017|mimgtblid0000036|mprojectid0000004|mprojectid0000039|mviewerid0000038|mviewerid0000058,0.200000,95.151000,0.509119,0.641828,78.742107,0.000000,16.409000,false,0.595000,8,2.310000,"{""h4d-highmem-192-1"":43,""h4d-standard-192-1"":15}","{""h3-standard-88-1"":0,""h3-standard-88-2"":0,""h4d-highmem-192-1"":0.010645,""h4d-standard-192-1"":0.006918}",[]
prism_cc_cost,cloud_hetero,3,maddid0000018|maddid0000037|mbackgroundid0000013|mbackgroundid0000014|mbackgroundid0000016|mbackgroundid0000032|mbackgroundid0000033|mbackgroundid0000034|mbackgroundid0000035|mbackgroundid0000052|mbackgroundid0000053|mbackgroundid0000054|mbgmodelid0000050|mconcatfitid0000011|mconcatfitid0000030|mdifffitid0000005|mdifffitid0000010|mdifffitid0000025|mdifffitid0000027|mdifffitid0000029|mdifffitid0000043|mdifffitid0000044|mdifffitid0000048|mimgtblid0000017|mimgtblid0000036|mprojectid0000004|mprojectid0000039|mviewerid0000038|mviewerid0000058,0.200000,95.151000,0.509119,0.641828,78.742107,0.000000,16.409000,false,0.595000,8,226.949000,"{""h4d-highmem-192-1"":43,""h4d-standard-192-1"":15}","{""h3-standard-88-1"":0,""h3-standard-88-2"":0,""h4d-highmem-192-1"":0.010645,""h4d-standard-192-1"":0.006918}","[{""rank"":1,""recommended"":true,""feasible"":false,""budget_used"":0.20668,""budget_violation"":0,""makespan"":94.739,""deadline_violation"":15.997,""machine_signature"":""507735a9b6f5286b"",""weighted_score"":0.20668,""diversity_score"":0},{""rank"":2,""recommended"":false,""feasible"":false,""budget_used"":0.509119,""budget_violation"":0,""makespan"":95.151,""deadline_violation"":16.409,""machine_signature"":""111d9d2c01d94e24"",""weighted_score"":0.509119,""diversity_score"":1.258621}]"
prism_cc_time,cloud_hetero,3,maddid0000018|maddid0000037|mbackgroundid0000013|mbackgroundid0000014|mbackgroundid0000016|mbackgroundid0000032|mbackgroundid0000033|mbackgroundid0000034|mbackgroundid0000035|mbackgroundid0000052|mbackgroundid0000053|mbackgroundid0000054|mbgmodelid0000050|mconcatfitid0000011|mconcatfitid0000030|mdifffitid0000005|mdifffitid0000010|mdifffitid0000025|mdifffitid0000027|mdifffitid0000029|mdifffitid0000043|mdifffitid0000044|mdifffitid0000048|mimgtblid0000017|mimgtblid0000036|mprojectid0000004|mprojectid0000039|mviewerid0000038|mviewerid0000058,0.200000,94.739000,0.206680,0.641828,78.742107,0.000000,15.997000,false,5.815000,20,226.949000,"{""h4d-standard-192-1"":58}","{""h3-standard-88-1"":0,""h3-standard-88-2"":0,""h4d-highmem-192-1"":0,""h4d-standard-192-1"":0.017926}","[{""rank"":1,""recommended"":true,""feasible"":false,""budget_used"":0.20668,""budget_violation"":0,""makespan"":94.739,""deadline_violation"":15.997,""machine_signature"":""507735a9b6f5286b"",""weighted_score"":0.99567,""diversity_score"":0},{""rank"":2,""recommended"":false,""feasible"":false,""budget_used"":0.509119,""budget_violation"":0,""makespan"":95.151,""deadline_violation"":16.409,""machine_signature"":""111d9d2c01d94e24"",""weighted_score"":1,""diversity_score"":1.258621}]"
heft_colocation,cloud_homo,3,maddid0000018|maddid0000037|mbackgroundid0000013|mbackgroundid0000014|mbackgroundid0000016|mbackgroundid0000032|mbackgroundid0000033|mbackgroundid0000034|mbackgroundid0000035|mbackgroundid0000052|mbackgroundid0000053|mbackgroundid0000054|mbgmodelid0000050|mconcatfitid0000011|mconcatfitid0000030|mdifffitid0000005|mdifffitid0000010|mdifffitid0000025|mdifffitid0000027|mdifffitid0000029|mdifffitid0000043|mdifffitid0000044|mdifffitid0000048|mimgtblid0000017|mimgtblid0000036|mprojectid0000004|mprojectid0000039|mviewerid0000038|mviewerid0000058,0.200000,99.816000,0.888792,1.059152,79.706000,0.000000,20.110000,false,0.178000,2,3.784000,"{""h4d-standard-192-1"":17,""h4d-standard-192-2"":16,""h4d-standard-192-3"":8,""h4d-standard-192-4"":17}","{""h4d-standard-192-1"":0.003873,""h4d-standard-192-2"":0.003808,""h4d-standard-192-3"":0.00373,""h4d-standard-192-4"":0.005309}",[]
prism_cc_cost,cloud_homo,3,maddid0000018|maddid0000037|mbackgroundid0000013|mbackgroundid0000014|mbackgroundid0000016|mbackgroundid0000032|mbackgroundid0000033|mbackgroundid0000034|mbackgroundid0000035|mbackgroundid0000052|mbackgroundid0000053|mbackgroundid0000054|mbgmodelid0000050|mconcatfitid0000011|mconcatfitid0000030|mdifffitid0000005|mdifffitid0000010|mdifffitid0000025|mdifffitid0000027|mdifffitid0000029|mdifffitid0000043|mdifffitid0000044|mdifffitid0000048|mimgtblid0000017|mimgtblid0000036|mprojectid0000004|mprojectid0000039|mviewerid0000038|mviewerid0000058,0.200000,99.816000,0.888792,1.059152,79.706000,0.000000,20.110000,false,0.178000,2,257.142000,"{""h4d-standard-192-1"":17,""h4d-standard-192-2"":16,""h4d-standard-192-3"":8,""h4d-standard-192-4"":17}","{""h4d-standard-192-1"":0.003873,""h4d-standard-192-2"":0.003808,""h4d-standard-192-3"":0.00373,""h4d-standard-192-4"":0.005309}","[{""rank"":1,""recommended"":true,""feasible"":false,""budget_used"":0.202624,""budget_violation"":0,""makespan"":92.879,""deadline_violation"":13.173,""machine_signature"":""19a3ad4ae96ed6c6"",""weighted_score"":0.202624,""diversity_score"":0},{""rank"":2,""recommended"":false,""feasible"":false,""budget_used"":0.888792,""budget_violation"":0,""makespan"":99.816,""deadline_violation"":20.11,""machine_signature"":""a7ce3403da692869"",""weighted_score"":0.888792,""diversity_score"":3.706897}]"
prism_cc_time,cloud_homo,3,maddid0000018|maddid0000037|mbackgroundid0000013|mbackgroundid0000014|mbackgroundid0000016|mbackgroundid0000032|mbackgroundid0000033|mbackgroundid0000034|mbackgroundid0000035|mbackgroundid0000052|mbackgroundid0000053|mbackgroundid0000054|mbgmodelid0000050|mconcatfitid0000011|mconcatfitid0000030|mdifffitid0000005|mdifffitid0000010|mdifffitid0000025|mdifffitid0000027|mdifffitid0000029|mdifffitid0000043|mdifffitid0000044|mdifffitid0000048|mimgtblid0000017|mimgtblid0000036|mprojectid0000004|mprojectid0000039|mviewerid0000038|mviewerid0000058,0.200000,92.879000,0.202624,1.059152,79.706000,0.000000,13.173000,false,5.551000,17,257.142000,"{""h4d-standard-192-1"":58}","{""h4d-standard-192-1"":0.01827,""h4d-standard-192-2"":0,""h4d-standard-192-3"":0,""h4d-standard-192-4"":0}","[{""rank"":1,""recommended"":true,""feasible"":false,""budget_used"":0.202624,""budget_violation"":0,""makespan"":92.879,""deadline_violation"":13.173,""machine_signature"":""19a3ad4ae96ed6c6"",""weighted_score"":0.930502,""diversity_score"":0},{""rank"":2,""recommended"":false,""feasible"":false,""budget_used"":0.888792,""budget_violation"":0,""makespan"":99.816,""deadline_violation"":20.11,""machine_signature"":""a7ce3403da692869"",""weighted_score"":1,""diversity_score"":3.706897}]"
heft_colocation,cluster_hetero,3,maddid0000018|maddid0000037|mbackgroundid0000013|mbackgroundid0000014|mbackgroundid0000016|mbackgroundid0000032|mbackgroundid0000033|mbackgroundid0000034|mbackgroundid0000035|mbackgroundid0000052|mbackgroundid0000053|mbackgroundid0000054|mbgmodelid0000050|mconcatfitid0000011|mconcatfitid0000030|mdifffitid0000005|mdifffitid0000010|mdifffitid0000025|mdifffitid0000027|mdifffitid0000029|mdifffitid0000043|mdifffitid0000044|mdifffitid0000048|mimgtblid0000017|mimgtblid0000036|mprojectid0000004|mprojectid0000039|mviewerid0000038|mviewerid0000058,0.200000,287.957000,0.000000,0.000000,235.839680,0.000000,52.117000,false,4.433000,11,1.319000,"{""bora005"":34,""bora006"":23,""diablo01"":1}","{""bora005"":0.088808,""bora006"":0.082399,""diablo01"":0.000239,""diablo02"":0}",[]
prism_cc_cost,cluster_hetero,3,maddid0000018|maddid0000037|mbackgroundid0000013|mbackgroundid0000014|mbackgroundid0000016|mbackgroundid0000032|mbackgroundid0000033|mbackgroundid0000034|mbackgroundid0000035|mbackgroundid0000052|mbackgroundid0000053|mbackgroundid0000054|mbgmodelid0000050|mconcatfitid0000011|mconcatfitid0000030|mdifffitid0000005|mdifffitid0000010|mdifffitid0000025|mdifffitid0000027|mdifffitid0000029|mdifffitid0000043|mdifffitid0000044|mdifffitid0000048|mimgtblid0000017|mimgtblid0000036|mprojectid0000004|mprojectid0000039|mviewerid0000038|mviewerid0000058,0.200000,287.957000,0.000000,0.000000,235.839680,0.000000,52.117000,false,4.433000,11,143.556000,"{""bora005"":34,""bora006"":23,""diablo01"":1}","{""bora005"":0.088808,""bora006"":0.082399,""diablo01"":0.000239,""diablo02"":0}","[{""rank"":1,""recommended"":true,""feasible"":false,""budget_used"":0,""budget_violation"":0,""makespan"":287.957,""deadline_violation"":52.117,""machine_signature"":""5ce742675202c155"",""weighted_score"":0,""diversity_score"":2.413793}]"
prism_cc_time,cluster_hetero,3,maddid0000018|maddid0000037|mbackgroundid0000013|mbackgroundid0000014|mbackgroundid0000016|mbackgroundid0000032|mbackgroundid0000033|mbackgroundid0000034|mbackgroundid0000035|mbackgroundid0000052|mbackgroundid0000053|mbackgroundid0000054|mbgmodelid0000050|mconcatfitid0000011|mconcatfitid0000030|mdifffitid0000005|mdifffitid0000010|mdifffitid0000025|mdifffitid0000027|mdifffitid0000029|mdifffitid0000043|mdifffitid0000044|mdifffitid0000048|mimgtblid0000017|mimgtblid0000036|mprojectid0000004|mprojectid0000039|mviewerid0000038|mviewerid0000058,0.200000,287.957000,0.000000,0.000000,235.839680,0.000000,52.117000,false,4.433000,11,143.556000,"{""bora005"":34,""bora006"":23,""diablo01"":1}","{""bora005"":0.088808,""bora006"":0.082399,""diablo01"":0.000239,""diablo02"":0}","[{""rank"":1,""recommended"":true,""feasible"":false,""budget_used"":0,""budget_violation"":0,""makespan"":287.957,""deadline_violation"":52.117,""machine_signature"":""5ce742675202c155"",""weighted_score"":1,""diversity_score"":2.413793}]"
heft_colocation,cluster_homo,3,maddid0000018|maddid0000037|mbackgroundid0000013|mbackgroundid0000014|mbackgroundid0000016|mbackgroundid0000032|mbackgroundid0000033|mbackgroundid0000034|mbackgroundid0000035|mbackgroundid0000052|mbackgroundid0000053|mbackgroundid0000054|mbgmodelid0000050|mconcatfitid0000011|mconcatfitid0000030|mdifffitid0000005|mdifffitid0000010|mdifffitid0000025|mdifffitid0000027|mdifffitid0000029|mdifffitid0000043|mdifffitid0000044|mdifffitid0000048|mimgtblid0000017|mimgtblid0000036|mprojectid0000004|mprojectid0000039|mviewerid0000038|mviewerid0000058,0.200000,287.957000,0.000000,0.000000,230.365600,0.000000,57.591000,false,3.841000,9,0.787000,"{""bora001"":18,""bora002"":16,""bora003"":8,""bora004"":16}","{""bora001"":0.039756,""bora002"":0.039214,""bora003"":0.038191,""bora004"":0.054328}",[]
prism_cc_cost,cluster_homo,3,maddid0000018|maddid0000037|mbackgroundid0000013|mbackgroundid0000014|mbackgroundid0000016|mbackgroundid0000032|mbackgroundid0000033|mbackgroundid0000034|mbackgroundid0000035|mbackgroundid0000052|mbackgroundid0000053|mbackgroundid0000054|mbgmodelid0000050|mconcatfitid0000011|mconcatfitid0000030|mdifffitid0000005|mdifffitid0000010|mdifffitid0000025|mdifffitid0000027|mdifffitid0000029|mdifffitid0000043|mdifffitid0000044|mdifffitid0000048|mimgtblid0000017|mimgtblid0000036|mprojectid0000004|mprojectid0000039|mviewerid0000038|mviewerid0000058,0.200000,287.957000,0.000000,0.000000,230.365600,0.000000,57.591000,false,3.841000,9,119.323000,"{""bora001"":18,""bora002"":16,""bora003"":8,""bora004"":16}","{""bora001"":0.039756,""bora002"":0.039214,""bora003"":0.038191,""bora004"":0.054328}","[{""rank"":1,""recommended"":true,""feasible"":false,""budget_used"":0,""budget_violation"":0,""makespan"":287.957,""deadline_violation"":57.591,""machine_signature"":""bbd3fba77b12ed1d"",""weighted_score"":0,""diversity_score"":3.689655}]"
prism_cc_time,cluster_homo,3,maddid0000018|maddid0000037|mbackgroundid0000013|mbackgroundid0000014|mbackgroundid0000016|mbackgroundid0000032|mbackgroundid0000033|mbackgroundid0000034|mbackgroundid0000035|mbackgroundid0000052|mbackgroundid0000053|mbackgroundid0000054|mbgmodelid0000050|mconcatfitid0000011|mconcatfitid0000030|mdifffitid0000005|mdifffitid0000010|mdifffitid0000025|mdifffitid0000027|mdifffitid0000029|mdifffitid0000043|mdifffitid0000044|mdifffitid0000048|mimgtblid0000017|mimgtblid0000036|mprojectid0000004|mprojectid0000039|mviewerid0000038|mviewerid0000058,0.200000,287.957000,0.000000,0.000000,230.365600,0.000000,57.591000,false,3.841000,9,119.323000,"{""bora001"":18,""bora002"":16,""bora003"":8,""bora004"":16}","{""bora001"":0.039756,""bora002"":0.039214,""bora003"":0.038191,""bora004"":0.054328}","[{""rank"":1,""recommended"":true,""feasible"":false,""budget_used"":0,""budget_violation"":0,""makespan"":287.957,""deadline_violation"":57.591,""machine_signature"":""bbd3fba77b12ed1d"",""weighted_score"":1,""diversity_score"":3.689655}]"
heft_colocation,hybrid_hetero,3,maddid0000018|maddid0000037|mbackgroundid0000013|mbackgroundid0000014|mbackgroundid0000016|mbackgroundid0000032|mbackgroundid0000033|mbackgroundid0000034|mbackgroundid0000035|mbackgroundid0000052|mbackgroundid0000053|mbackgroundid0000054|mbgmodelid0000050|mconcatfitid0000011|mconcatfitid0000030|mdifffitid0000005|mdifffitid0000010|mdifffitid0000025|mdifffitid0000027|mdifffitid0000029|mdifffitid0000043|mdifffitid0000044|mdifffitid0000048|mimgtblid0000017|mimgtblid0000036|mprojectid0000004|mprojectid0000039|mviewerid0000038|mviewerid0000058,0.200000,92.950000,0.202784,0.348827,79.406640,0.000000,13.543000,false,5.223000,13,1.499000,"{""h4d-standard-192-7"":58}","{""bora011"":0,""diablo03"":0,""h3-standard-88-2"":0,""h4d-standard-192-7"":0.018238}",[]
prism_cc_cost,hybrid_hetero,3,maddid0000018|maddid0000037|mbackgroundid0000013|mbackgroundid0000014|mbackgroundid0000016|mbackgroundid0000032|mbackgroundid0000033|mbackgroundid0000034|mbackgroundid0000035|mbackgroundid0000052|mbackgroundid0000053|mbackgroundid0000054|mbgmodelid0000050|mconcatfitid0000011|mconcatfitid0000030|mdifffitid0000005|mdifffitid0000010|mdifffitid0000025|mdifffitid0000027|mdifffitid0000029|mdifffitid0000043|mdifffitid0000044|mdifffitid0000048|mimgtblid0000017|mimgtblid0000036|mprojectid0000004|mprojectid0000039|mviewerid0000038|mviewerid0000058,0.200000,92.950000,0.202784,0.348827,79.406640,0.000000,13.543000,false,5.223000,13,192.638000,"{""h4d-standard-192-7"":58}","{""bora011"":0,""diablo03"":0,""h3-standard-88-2"":0,""h4d-standard-192-7"":0.018238}","[{""rank"":1,""recommended"":true,""feasible"":false,""budget_used"":0.202784,""budget_violation"":0,""makespan"":92.95,""deadline_violation"":13.543,""machine_signature"":""5a129157150078fa"",""weighted_score"":0.202784,""diversity_score"":0}]"
prism_cc_time,hybrid_hetero,3,maddid0000018|maddid0000037|mbackgroundid0000013|mbackgroundid0000014|mbackgroundid0000016|mbackgroundid0000032|mbackgroundid0000033|mbackgroundid0000034|mbackgroundid0000035|mbackgroundid0000052|mbackgroundid0000053|mbackgroundid0000054|mbgmodelid0000050|mconcatfitid0000011|mconcatfitid0000030|mdifffitid0000005|mdifffitid0000010|mdifffitid0000025|mdifffitid0000027|mdifffitid0000029|mdifffitid0000043|mdifffitid0000044|mdifffitid0000048|mimgtblid0000017|mimgtblid0000036|mprojectid0000004|mprojectid0000039|mviewerid0000038|mviewerid0000058,0.200000,92.950000,0.202784,0.348827,79.406640,0.000000,13.543000,false,5.223000,13,192.638000,"{""h4d-standard-192-7"":58}","{""bora011"":0,""diablo03"":0,""h3-standard-88-2"":0,""h4d-standard-192-7"":0.018238}","[{""rank"":1,""recommended"":true,""feasible"":false,""budget_used"":0.202784,""budget_violation"":0,""makespan"":92.95,""deadline_violation"":13.543,""machine_signature"":""5a129157150078fa"",""weighted_score"":1,""diversity_score"":0}]"
heft_colocation,hybrid_homo,3,maddid0000018|maddid0000037|mbackgroundid0000013|mbackgroundid0000014|mbackgroundid0000016|mbackgroundid0000032|mbackgroundid0000033|mbackgroundid0000034|mbackgroundid0000035|mbackgroundid0000052|mbackgroundid0000053|mbackgroundid0000054|mbgmodelid0000050|mconcatfitid0000011|mconcatfitid0000030|mdifffitid0000005|mdifffitid0000010|mdifffitid0000025|mdifffitid0000027|mdifffitid0000029|mdifffitid0000043|mdifffitid0000044|mdifffitid0000048|mimgtblid0000017|mimgtblid0000036|mprojectid0000004|mprojectid0000039|mviewerid0000038|mviewerid0000058,0.200000,95.151000,0.482974,0.607531,78.742107,0.000000,16.409000,false,0.595000,8,1.753000,"{""h4d-standard-192-5"":15,""h4d-standard-192-6"":43}","{""bora009"":0,""bora010"":0,""h4d-standard-192-5"":0.006918,""h4d-standard-192-6"":0.010645}",[]
prism_cc_cost,hybrid_homo,3,maddid0000018|maddid0000037|mbackgroundid0000013|mbackgroundid0000014|mbackgroundid0000016|mbackgroundid0000032|mbackgroundid0000033|mbackgroundid0000034|mbackgroundid0000035|mbackgroundid0000052|mbackgroundid0000053|mbackgroundid0000054|mbgmodelid0000050|mconcatfitid0000011|mconcatfitid0000030|mdifffitid0000005|mdifffitid0000010|mdifffitid0000025|mdifffitid0000027|mdifffitid0000029|mdifffitid0000043|mdifffitid0000044|mdifffitid0000048|mimgtblid0000017|mimgtblid0000036|mprojectid0000004|mprojectid0000039|mviewerid0000038|mviewerid0000058,0.200000,95.151000,0.482974,0.607531,78.742107,0.000000,16.409000,false,0.595000,8,266.217000,"{""h4d-standard-192-5"":15,""h4d-standard-192-6"":43}","{""bora009"":0,""bora010"":0,""h4d-standard-192-5"":0.006918,""h4d-standard-192-6"":0.010645}","[{""rank"":1,""recommended"":true,""feasible"":false,""budget_used"":0.482974,""budget_violation"":0,""makespan"":95.151,""deadline_violation"":16.409,""machine_signature"":""52b8fa882836bd5a"",""weighted_score"":0.482974,""diversity_score"":1.258621}]"
prism_cc_time,hybrid_homo,3,maddid0000018|maddid0000037|mbackgroundid0000013|mbackgroundid0000014|mbackgroundid0000016|mbackgroundid0000032|mbackgroundid0000033|mbackgroundid0000034|mbackgroundid0000035|mbackgroundid0000052|mbackgroundid0000053|mbackgroundid0000054|mbgmodelid0000050|mconcatfitid0000011|mconcatfitid0000030|mdifffitid0000005|mdifffitid0000010|mdifffitid0000025|mdifffitid0000027|mdifffitid0000029|mdifffitid0000043|mdifffitid0000044|mdifffitid0000048|mimgtblid0000017|mimgtblid0000036|mprojectid0000004|mprojectid0000039|mviewerid0000038|mviewerid0000058,0.200000,95.151000,0.482974,0.607531,78.742107,0.000000,16.409000,false,0.595000,8,266.217000,"{""h4d-standard-192-5"":15,""h4d-standard-192-6"":43}","{""bora009"":0,""bora010"":0,""h4d-standard-192-5"":0.006918,""h4d-standard-192-6"":0.010645}","[{""rank"":1,""recommended"":true,""feasible"":false,""budget_used"":0.482974,""budget_violation"":0,""makespan"":95.151,""deadline_violation"":16.409,""machine_signature"":""52b8fa882836bd5a"",""weighted_score"":1,""diversity_score"":1.258621}]"
heft_colocation,hybrid_raspberry_500mbps,3,maddid0000018|maddid0000037|mbackgroundid0000013|mbackgroundid0000014|mbackgroundid0000016|mbackgroundid0000032|mbackgroundid0000033|mbackgroundid0000034|mbackgroundid0000035|mbackgroundid0000052|mbackgroundid0000053|mbackgroundid0000054|mbgmodelid0000050|mconcatfitid0000011|mconcatfitid0000030|mdifffitid0000005|mdifffitid0000010|mdifffitid0000025|mdifffitid0000027|mdifffitid0000029|mdifffitid0000043|mdifffitid0000044|mdifffitid0000048|mimgtblid0000017|mimgtblid0000036|mprojectid0000004|mprojectid0000039|mviewerid0000038|mviewerid0000058,0.200000,135.525000,0.169412,0.533583,119.533547,0.000000,15.991000,false,11.250000,23,2.440000,"{""cloud-node-02"":58}","{""cloud-node-01"":0,""cloud-node-02"":0.073799,""hpc-node-01"":0,""hpc-node-02"":0,""rpi-edge-01"":0,""rpi-edge-02"":0,""rpi-edge-03"":0,""rpi-edge-04"":0,""rpi-edge-05"":0,""rpi-edge-06"":0,""rpi-edge-07"":0,""rpi-edge-08"":0,""rpi-edge-09"":0,""rpi-edge-10"":0}",[]
prism_cc_cost,hybrid_raspberry_500mbps,3,maddid0000018|maddid0000037|mbackgroundid0000013|mbackgroundid0000014|mbackgroundid0000016|mbackgroundid0000032|mbackgroundid0000033|mbackgroundid0000034|mbackgroundid0000035|mbackgroundid0000052|mbackgroundid0000053|mbackgroundid0000054|mbgmodelid0000050|mconcatfitid0000011|mconcatfitid0000030|mdifffitid0000005|mdifffitid0000010|mdifffitid0000025|mdifffitid0000027|mdifffitid0000029|mdifffitid0000043|mdifffitid0000044|mdifffitid0000048|mimgtblid0000017|mimgtblid0000036|mprojectid0000004|mprojectid0000039|mviewerid0000038|mviewerid0000058,0.200000,135.525000,0.169412,0.533583,119.533547,0.000000,15.991000,false,11.250000,23,388.758000,"{""cloud-node-02"":58}","{""cloud-node-01"":0,""cloud-node-02"":0.073799,""hpc-node-01"":0,""hpc-node-02"":0,""rpi-edge-01"":0,""rpi-edge-02"":0,""rpi-edge-03"":0,""rpi-edge-04"":0,""rpi-edge-05"":0,""rpi-edge-06"":0,""rpi-edge-07"":0,""rpi-edge-08"":0,""rpi-edge-09"":0,""rpi-edge-10"":0}","[{""rank"":1,""recommended"":true,""feasible"":false,""budget_used"":0.169412,""budget_violation"":0,""makespan"":135.525,""deadline_violation"":15.991,""machine_signature"":""1437191e71471fb5"",""weighted_score"":0.169412,""diversity_score"":0}]"
prism_cc_time,hybrid_raspberry_500mbps,3,maddid0000018|maddid0000037|mbackgroundid0000013|mbackgroundid0000014|mbackgroundid0000016|mbackgroundid0000032|mbackgroundid0000033|mbackgroundid0000034|mbackgroundid0000035|mbackgroundid0000052|mbackgroundid0000053|mbackgroundid0000054|mbgmodelid0000050|mconcatfitid0000011|mconcatfitid0000030|mdifffitid0000005|mdifffitid0000010|mdifffitid0000025|mdifffitid0000027|mdifffitid0000029|mdifffitid0000043|mdifffitid0000044|mdifffitid0000048|mimgtblid0000017|mimgtblid0000036|mprojectid0000004|mprojectid0000039|mviewerid0000038|mviewerid0000058,0.200000,135.525000,0.169412,0.533583,119.533547,0.000000,15.991000,false,11.250000,23,388.758000,"{""cloud-node-02"":58}","{""cloud-node-01"":0,""cloud-node-02"":0.073799,""hpc-node-01"":0,""hpc-node-02"":0,""rpi-edge-01"":0,""rpi-edge-02"":0,""rpi-edge-03"":0,""rpi-edge-04"":0,""rpi-edge-05"":0,""rpi-edge-06"":0,""rpi-edge-07"":0,""rpi-edge-08"":0,""rpi-edge-09"":0,""rpi-edge-10"":0}","[{""rank"":1,""recommended"":true,""feasible"":false,""budget_used"":0.169412,""budget_violation"":0,""makespan"":135.525,""deadline_violation"":15.991,""machine_signature"":""1437191e71471fb5"",""weighted_score"":1,""diversity_score"":0}]"
heft_colocation,cloud_hetero,4,maddid0000056|mbackgroundid0000013|mbackgroundid0000016|mbackgroundid0000032|mbackgroundid0000033|mbackgroundid0000034|mbackgroundid0000052|mbackgroundid0000053|mdifffitid0000005|mdifffitid0000006|mdifffitid0000009|mdifffitid0000010|mdifffitid0000027|mdifffitid0000028|mdifffitid0000044|mdifffitid0000045|mdifffitid0000047|mdifffitid0000048|mimgtblid0000036|mimgtblid0000055|mprojectid0000001|mprojectid0000003|mprojectid0000021|mprojectid0000022|mprojectid0000023|mprojectid0000039|mprojectid0000040|mviewerid0000038|mviewerid0000058,0.200000,103.641000,0.556666,0.641828,78.742107,0.000000,24.899000,false,37.967000,23,1.932000,"{""h4d-highmem-192-1"":41,""h4d-standard-192-1"":17}","{""h3-standard-88-1"":0,""h3-standard-88-2"":0,""h4d-highmem-192-1"":0.01007,""h4d-standard-192-1"":0.007933}",[]
prism_cc_cost,cloud_hetero,4,maddid0000056|mbackgroundid0000013|mbackgroundid0000016|mbackgroundid0000032|mbackgroundid0000033|mbackgroundid0000034|mbackgroundid0000052|mbackgroundid0000053|mdifffitid0000005|mdifffitid0000006|mdifffitid0000009|mdifffitid0000010|mdifffitid0000027|mdifffitid0000028|mdifffitid0000044|mdifffitid0000045|mdifffitid0000047|mdifffitid0000048|mimgtblid0000036|mimgtblid0000055|mprojectid0000001|mprojectid0000003|mprojectid0000021|mprojectid0000022|mprojectid0000023|mprojectid0000039|mprojectid0000040|mviewerid0000038|mviewerid0000058,0.200000,103.641000,0.556666,0.641828,78.742107,0.000000,24.899000,false,37.967000,23,286.445000,"{""h4d-highmem-192-1"":41,""h4d-standard-192-1"":17}","{""h3-standard-88-1"":0,""h3-standard-88-2"":0,""h4d-highmem-192-1"":0.01007,""h4d-standard-192-1"":0.007933}","[{""rank"":1,""recommended"":true,""feasible"":false,""budget_used"":0.510441,""budget_violation"":0,""makespan"":101.507,""deadline_violation"":22.765,""machine_signature"":""12e91856296e8f06"",""weighted_score"":0.510441,""diversity_score"":1.258621},{""rank"":2,""recommended"":false,""feasible"":false,""budget_used"":0.556666,""budget_violation"":0,""makespan"":103.641,""deadline_violation"":24.899,""machine_signature"":""6b6b6212484d3cab"",""weighted_score"":0.556666,""diversity_score"":1.293103}]"
prism_cc_time,cloud_hetero,4,maddid0000056|mbackgroundid0000013|mbackgroundid0000016|mbackgroundid0000032|mbackgroundid0000033|mbackgroundid0000034|mbackgroundid0000052|mbackgroundid0000053|mdifffitid0000005|mdifffitid0000006|mdifffitid0000009|mdifffitid0000010|mdifffitid0000027|mdifffitid0000028|mdifffitid0000044|mdifffitid0000045|mdifffitid0000047|mdifffitid0000048|mimgtblid0000036|mimgtblid0000055|mprojectid0000001|mprojectid0000003|mprojectid0000021|mprojectid0000022|mprojectid0000023|mprojectid0000039|mprojectid0000040|mviewerid0000038|mviewerid0000058,0.200000,101.507000,0.510441,0.641828,78.742107,0.000000,22.765000,false,38.298000,26,286.445000,"{""h4d-highmem-192-1"":43,""h4d-standard-192-1"":15}","{""h3-standard-88-1"":0,""h3-standard-88-2"":0,""h4d-highmem-192-1"":0.01037,""h4d-standard-192-1"":0.008028}","[{""rank"":1,""recommended"":true,""feasible"":false,""budget_used"":0.510441,""budget_violation"":0,""makespan"":101.507,""deadline_violation"":22.765,""machine_signature"":""12e91856296e8f06"",""weighted_score"":0.97941,""diversity_score"":1.258621},{""rank"":2,""recommended"":false,""feasible"":false,""budget_used"":0.556666,""budget_violation"":0,""makespan"":103.641,""deadline_violation"":24.899,""machine_signature"":""6b6b6212484d3cab"",""weighted_score"":1,""diversity_score"":1.293103}]"
heft_colocation,cloud_homo,4,maddid0000056|mbackgroundid0000013|mbackgroundid0000016|mbackgroundid0000032|mbackgroundid0000033|mbackgroundid0000034|mbackgroundid0000052|mbackgroundid0000053|mdifffitid0000005|mdifffitid0000006|mdifffitid0000009|mdifffitid0000010|mdifffitid0000027|mdifffitid0000028|mdifffitid0000044|mdifffitid0000045|mdifffitid0000047|mdifffitid0000048|mimgtblid0000036|mimgtblid0000055|mprojectid0000001|mprojectid0000003|mprojectid0000021|mprojectid0000022|mprojectid0000023|mprojectid0000039|mprojectid0000040|mviewerid0000038|mviewerid0000058,0.200000,99.816000,0.888787,1.059152,79.706000,0.000000,20.110000,false,10.725000,7,3.368000,"{""h4d-standard-192-1"":17,""h4d-standard-192-2"":16,""h4d-standard-192-3"":8,""h4d-standard-192-4"":17}","{""h4d-standard-192-1"":0.004019,""h4d-standard-192-2"":0.004107,""h4d-standard-192-3"":0.003835,""h4d-standard-192-4"":0.005309}",[]
prism_cc_cost,cloud_homo,4,maddid0000056|mbackgroundid0000013|mbackgroundid0000016|mbackgroundid0000032|mbackgroundid0000033|mbackgroundid0000034|mbackgroundid0000052|mbackgroundid0000053|mdifffitid0000005|mdifffitid0000006|mdifffitid0000009|mdifffitid0000010|mdifffitid0000027|mdifffitid0000028|mdifffitid0000044|mdifffitid0000045|mdifffitid0000047|mdifffitid0000048|mimgtblid0000036|mimgtblid0000055|mprojectid0000001|mprojectid0000003|mprojectid0000021|mprojectid0000022|mprojectid0000023|mprojectid0000039|mprojectid0000040|mviewerid0000038|mviewerid0000058,0.200000,99.816000,0.888787,1.059152,79.706000,0.000000,20.110000,false,10.725000,7,312.742000,"{""h4d-standard-192-1"":17,""h4d-standard-192-2"":16,""h4d-standard-192-3"":8,""h4d-standard-192-4"":17}","{""h4d-standard-192-1"":0.004019,""h4d-standard-192-2"":0.004107,""h4d-standard-192-3"":0.003835,""h4d-standard-192-4"":0.005309}","[{""rank"":1,""recommended"":true,""feasible"":false,""budget_used"":0.888787,""budget_violation"":0,""makespan"":99.816,""deadline_violation"":20.11,""machine_signature"":""aad3d56e6378fb03"",""weighted_score"":0.888787,""diversity_score"":3.706897}]"
prism_cc_time,cloud_homo,4,maddid0000056|mbackgroundid0000013|mbackgroundid0000016|mbackgroundid0000032|mbackgroundid0000033|mbackgroundid0000034|mbackgroundid0000052|mbackgroundid0000053|mdifffitid0000005|mdifffitid0000006|mdifffitid0000009|mdifffitid0000010|mdifffitid0000027|mdifffitid0000028|mdifffitid0000044|mdifffitid0000045|mdifffitid0000047|mdifffitid0000048|mimgtblid0000036|mimgtblid0000055|mprojectid0000001|mprojectid0000003|mprojectid0000021|mprojectid0000022|mprojectid0000023|mprojectid0000039|mprojectid0000040|mviewerid0000038|mviewerid0000058,0.200000,99.816000,0.888787,1.059152,79.706000,0.000000,20.110000,false,10.725000,7,312.742000,"{""h4d-standard-192-1"":17,""h4d-standard-192-2"":16,""h4d-standard-192-3"":8,""h4d-standard-192-4"":17}","{""h4d-standard-192-1"":0.004019,""h4d-standard-192-2"":0.004107,""h4d-standard-192-3"":0.003835,""h4d-standard-192-4"":0.005309}","[{""rank"":1,""recommended"":true,""feasible"":false,""budget_used"":0.888787,""budget_violation"":0,""makespan"":99.816,""deadline_violation"":20.11,""machine_signature"":""aad3d56e6378fb03"",""weighted_score"":1,""diversity_score"":3.706897}]"
heft_colocation,cluster_hetero,4,maddid0000056|mbackgroundid0000013|mbackgroundid0000016|mbackgroundid0000032|mbackgroundid0000033|mbackgroundid0000034|mbackgroundid0000052|mbackgroundid0000053|mdifffitid0000005|mdifffitid0000006|mdifffitid0000009|mdifffitid0000010|mdifffitid0000027|mdifffitid0000028|mdifffitid0000044|mdifffitid0000045|mdifffitid0000047|mdifffitid0000048|mimgtblid0000036|mimgtblid0000055|mprojectid0000001|mprojectid0000003|mprojectid0000021|mprojectid0000022|mprojectid0000023|mprojectid0000039|mprojectid0000040|mviewerid0000038|mviewerid0000058,0.200000,305.463000,0.000000,0.000000,235.839680,0.000000,69.623000,false,101.824000,15,1.026000,"{""bora005"":23,""bora006"":19,""diablo01"":6,""diablo02"":10}","{""bora005"":0.085778,""bora006"":0.060701,""diablo01"":0.005637,""diablo02"":0.011259}",[]
prism_cc_cost,cluster_hetero,4,maddid0000056|mbackgroundid0000013|mbackgroundid0000016|mbackgroundid0000032|mbackgroundid0000033|mbackgroundid0000034|mbackgroundid0000052|mbackgroundid0000053|mdifffitid0000005|mdifffitid0000006|mdifffitid0000009|mdifffitid0000010|mdifffitid0000027|mdifffitid0000028|mdifffitid0000044|mdifffitid0000045|mdifffitid0000047|mdifffitid0000048|mimgtblid0000036|mimgtblid0000055|mprojectid0000001|mprojectid0000003|mprojectid0000021|mprojectid0000022|mprojectid0000023|mprojectid0000039|mprojectid0000040|mviewerid0000038|mviewerid0000058,0.200000,305.463000,0.000000,0.000000,235.839680,0.000000,69.623000,false,101.824000,15,166.194000,"{""bora005"":23,""bora006"":19,""diablo01"":6,""diablo02"":10}","{""bora005"":0.085778,""bora006"":0.060701,""diablo01"":0.005637,""diablo02"":0.011259}","[{""rank"":1,""recommended"":true,""feasible"":false,""budget_used"":0,""budget_violation"":0,""makespan"":305.463,""deadline_violation"":69.623,""machine_signature"":""5be777f1d948c106"",""weighted_score"":0,""diversity_score"":3.603448}]"
prism_cc_time,cluster_hetero,4,maddid0000056|mbackgroundid0000013|mbackgroundid0000016|mbackgroundid0000032|mbackgroundid0000033|mbackgroundid0000034|mbackgroundid0000052|mbackgroundid0000053|mdifffitid0000005|mdifffitid0000006|mdifffitid0000009|mdifffitid0000010|mdifffitid0000027|mdifffitid0000028|mdifffitid0000044|mdifffitid0000045|mdifffitid0000047|mdifffitid0000048|mimgtblid0000036|mimgtblid0000055|mprojectid0000001|mprojectid0000003|mprojectid0000021|mprojectid0000022|mprojectid0000023|mprojectid0000039|mprojectid0000040|mviewerid0000038|mviewerid0000058,0.200000,305.463000,0.000000,0.000000,235.839680,0.000000,69.623000,false,101.824000,15,166.194000,"{""bora005"":23,""bora006"":19,""diablo01"":6,""diablo02"":10}","{""bora005"":0.085778,""bora006"":0.060701,""diablo01"":0.005637,""diablo02"":0.011259}","[{""rank"":1,""recommended"":true,""feasible"":false,""budget_used"":0,""budget_violation"":0,""makespan"":305.463,""deadline_violation"":69.623,""machine_signature"":""5be777f1d948c106"",""weighted_score"":1,""diversity_score"":3.603448}]"
heft_colocation,cluster_homo,4,maddid0000056|mbackgroundid0000013|mbackgroundid0000016|mbackgroundid0000032|mbackgroundid0000033|mbackgroundid0000034|mbackgroundid0000052|mbackgroundid0000053|mdifffitid0000005|mdifffitid0000006|mdifffitid0000009|mdifffitid0000010|mdifffitid0000027|mdifffitid0000028|mdifffitid0000044|mdifffitid0000045|mdifffitid0000047|mdifffitid0000048|mimgtblid0000036|mimgtblid0000055|mprojectid0000001|mprojectid0000003|mprojectid0000021|mprojectid0000022|mprojectid0000023|mprojectid0000039|mprojectid0000040|mviewerid0000038|mviewerid0000058,0.200000,287.957000,0.000000,0.000000,230.365600,0.000000,57.591000,false,62.234000,14,0.772000,"{""bora001"":18,""bora002"":17,""bora003"":7,""bora004"":16}","{""bora001"":0.041253,""bora002"":0.042545,""bora003"":0.038959,""bora004"":0.054366}",[]
prism_cc_cost,cluster_homo,4,maddid0000056|mbackgroundid0000013|mbackgroundid0000016|mbackgroundid0000032|mbackgroundid0000033|mbackgroundid0000034|mbackgroundid0000052|mbackgroundid0000053|mdifffitid0000005|mdifffitid0000006|mdifffitid0000009|mdifffitid0000010|mdifffitid0000027|mdifffitid0000028|mdifffitid0000044|mdifffitid0000045|mdifffitid0000047|mdifffitid0000048|mimgtblid0000036|mimgtblid0000055|mprojectid0000001|mprojectid0000003|mprojectid0000021|mprojectid0000022|mprojectid0000023|mprojectid0000039|mprojectid0000040|mviewerid0000038|mviewerid0000058,0.200000,287.957000,0.000000,0.000000,230.365600,0.000000,57.591000,false,62.234000,14,147.129000,"{""bora001"":18,""bora002"":17,""bora003"":7,""bora004"":16}","{""bora001"":0.041253,""bora002"":0.042545,""bora003"":0.038959,""bora004"":0.054366}","[{""rank"":1,""recommended"":true,""feasible"":false,""budget_used"":0,""budget_violation"":0,""makespan"":287.957,""deadline_violation"":57.591,""machine_signature"":""2509b985e535d577"",""weighted_score"":0,""diversity_score"":3.689655}]"
prism_cc_time,cluster_homo,4,maddid0000056|mbackgroundid0000013|mbackgroundid0000016|mbackgroundid0000032|mbackgroundid0000033|mbackgroundid0000034|mbackgroundid0000052|mbackgroundid0000053|mdifffitid0000005|mdifffitid0000006|mdifffitid0000009|mdifffitid0000010|mdifffitid0000027|mdifffitid0000028|mdifffitid0000044|mdifffitid0000045|mdifffitid0000047|mdifffitid0000048|mimgtblid0000036|mimgtblid0000055|mprojectid0000001|mprojectid0000003|mprojectid0000021|mprojectid0000022|mprojectid0000023|mprojectid0000039|mprojectid0000040|mviewerid0000038|mviewerid0000058,0.200000,287.957000,0.000000,0.000000,230.365600,0.000000,57.591000,false,62.234000,14,147.129000,"{""bora001"":18,""bora002"":17,""bora003"":7,""bora004"":16}","{""bora001"":0.041253,""bora002"":0.042545,""bora003"":0.038959,""bora004"":0.054366}","[{""rank"":1,""recommended"":true,""feasible"":false,""budget_used"":0,""budget_violation"":0,""makespan"":287.957,""deadline_violation"":57.591,""machine_signature"":""2509b985e535d577"",""weighted_score"":1,""diversity_score"":3.689655}]"
heft_colocation,hybrid_hetero,4,maddid0000056|mbackgroundid0000013|mbackgroundid0000016|mbackgroundid0000032|mbackgroundid0000033|mbackgroundid0000034|mbackgroundid0000052|mbackgroundid0000053|mdifffitid0000005|mdifffitid0000006|mdifffitid0000009|mdifffitid0000010|mdifffitid0000027|mdifffitid0000028|mdifffitid0000044|mdifffitid0000045|mdifffitid0000047|mdifffitid0000048|mimgtblid0000036|mimgtblid0000055|mprojectid0000001|mprojectid0000003|mprojectid0000021|mprojectid0000022|mprojectid0000023|mprojectid0000039|mprojectid0000040|mviewerid0000038|mviewerid0000058,0.200000,103.718000,0.302739,0.348827,79.406640,0.000000,24.311000,false,81.128000,49,1.817000,"{""h3-standard-88-2"":2,""h4d-standard-192-7"":56}","{""bora011"":0,""diablo03"":0,""h3-standard-88-2"":0.002065,""h4d-standard-192-7"":0.019674}",[]
prism_cc_cost,hybrid_hetero,4,maddid0000056|mbackgroundid0000013|mbackgroundid0000016|mbackgroundid0000032|mbackgroundid0000033|mbackgroundid0000034|mbackgroundid0000052|mbackgroundid0000053|mdifffitid0000005|mdifffitid0000006|mdifffitid0000009|mdifffitid0000010|mdifffitid0000027|mdifffitid0000028|mdifffitid0000044|mdifffitid0000045|mdifffitid0000047|mdifffitid0000048|mimgtblid0000036|mimgtblid0000055|mprojectid0000001|mprojectid0000003|mprojectid0000021|mprojectid0000022|mprojectid0000023|mprojectid0000039|mprojectid0000040|mviewerid0000038|mviewerid0000058,0.200000,103.718000,0.302739,0.348827,79.406640,0.000000,24.311000,false,81.128000,49,172.895000,"{""h3-standard-88-2"":2,""h4d-standard-192-7"":56}","{""bora011"":0,""diablo03"":0,""h3-standard-88-2"":0.002065,""h4d-standard-192-7"":0.019674}","[{""rank"":1,""recommended"":true,""feasible"":false,""budget_used"":0.302739,""budget_violation"":0,""makespan"":103.718,""deadline_violation"":24.311,""machine_signature"":""aaf93caa64ca3d47"",""weighted_score"":0.302739,""diversity_score"":1.034483}]"
prism_cc_time,hybrid_hetero,4,maddid0000056|mbackgroundid0000013|mbackgroundid0000016|mbackgroundid0000032|mbackgroundid0000033|mbackgroundid0000034|mbackgroundid0000052|mbackgroundid0000053|mdifffitid0000005|mdifffitid0000006|mdifffitid0000009|mdifffitid0000010|mdifffitid0000027|mdifffitid0000028|mdifffitid0000044|mdifffitid0000045|mdifffitid0000047|mdifffitid0000048|mimgtblid0000036|mimgtblid0000055|mprojectid0000001|mprojectid0000003|mprojectid0000021|mprojectid0000022|mprojectid0000023|mprojectid0000039|mprojectid0000040|mviewerid0000038|mviewerid0000058,0.200000,103.718000,0.302739,0.348827,79.406640,0.000000,24.311000,false,81.128000,49,172.895000,"{""h3-standard-88-2"":2,""h4d-standard-192-7"":56}","{""bora011"":0,""diablo03"":0,""h3-standard-88-2"":0.002065,""h4d-standard-192-7"":0.019674}","[{""rank"":1,""recommended"":true,""feasible"":false,""budget_used"":0.302739,""budget_violation"":0,""makespan"":103.718,""deadline_violation"":24.311,""machine_signature"":""aaf93caa64ca3d47"",""weighted_score"":1,""diversity_score"":1.034483}]"
heft_colocation,hybrid_homo,4,maddid0000056|mbackgroundid0000013|mbackgroundid0000016|mbackgroundid0000032|mbackgroundid0000033|mbackgroundid0000034|mbackgroundid0000052|mbackgroundid0000053|mdifffitid0000005|mdifffitid0000006|mdifffitid0000009|mdifffitid0000010|mdifffitid0000027|mdifffitid0000028|mdifffitid0000044|mdifffitid0000045|mdifffitid0000047|mdifffitid0000048|mimgtblid0000036|mimgtblid0000055|mprojectid0000001|mprojectid0000003|mprojectid0000021|mprojectid0000022|mprojectid0000023|mprojectid0000039|mprojectid0000040|mviewerid0000038|mviewerid0000058,0.200000,103.641000,0.528184,0.607531,78.742107,0.000000,24.899000,false,37.967000,23,2.318000,"{""h4d-standard-192-5"":17,""h4d-standard-192-6"":41}","{""bora009"":0,""bora010"":0,""h4d-standard-192-5"":0.007933,""h4d-standard-192-6"":0.01007}",[]
prism_cc_cost,hybrid_homo,4,maddid0000056|mbackgroundid0000013|mbackgroundid0000016|mbackgroundid0000032|mbackgroundid0000033|mbackgroundid0000034|mbackgroundid0000052|mbackgroundid0000053|mdifffitid0000005|mdifffitid0000006|mdifffitid0000009|mdifffitid0000010|mdifffitid0000027|mdifffitid0000028|mdifffitid0000044|mdifffitid0000045|mdifffitid0000047|mdifffitid0000048|mimgtblid0000036|mimgtblid0000055|mprojectid0000001|mprojectid0000003|mprojectid0000021|mprojectid0000022|mprojectid0000023|mprojectid0000039|mprojectid0000040|mviewerid0000038|mviewerid0000058,0.200000,103.641000,0.528184,0.607531,78.742107,0.000000,24.899000,false,37.967000,23,264.899000,"{""h4d-standard-192-5"":17,""h4d-standard-192-6"":41}","{""bora009"":0,""bora010"":0,""h4d-standard-192-5"":0.007933,""h4d-standard-192-6"":0.01007}","[{""rank"":1,""recommended"":true,""feasible"":false,""budget_used"":0.528184,""budget_violation"":0,""makespan"":103.641,""deadline_violation"":24.899,""machine_signature"":""29e2a4c3a4933e46"",""weighted_score"":0.528184,""diversity_score"":1.293103}]"
prism_cc_time,hybrid_homo,4,maddid0000056|mbackgroundid0000013|mbackgroundid0000016|mbackgroundid0000032|mbackgroundid0000033|mbackgroundid0000034|mbackgroundid0000052|mbackgroundid0000053|mdifffitid0000005|mdifffitid0000006|mdifffitid0000009|mdifffitid0000010|mdifffitid0000027|mdifffitid0000028|mdifffitid0000044|mdifffitid0000045|mdifffitid0000047|mdifffitid0000048|mimgtblid0000036|mimgtblid0000055|mprojectid0000001|mprojectid0000003|mprojectid0000021|mprojectid0000022|mprojectid0000023|mprojectid0000039|mprojectid0000040|mviewerid0000038|mviewerid0000058,0.200000,103.641000,0.528184,0.607531,78.742107,0.000000,24.899000,false,37.967000,23,264.899000,"{""h4d-standard-192-5"":17,""h4d-standard-192-6"":41}","{""bora009"":0,""bora010"":0,""h4d-standard-192-5"":0.007933,""h4d-standard-192-6"":0.01007}","[{""rank"":1,""recommended"":true,""feasible"":false,""budget_used"":0.528184,""budget_violation"":0,""makespan"":103.641,""deadline_violation"":24.899,""machine_signature"":""29e2a4c3a4933e46"",""weighted_score"":1,""diversity_score"":1.293103}]"
heft_colocation,hybrid_raspberry_500mbps,4,maddid0000056|mbackgroundid0000013|mbackgroundid0000016|mbackgroundid0000032|mbackgroundid0000033|mbackgroundid0000034|mbackgroundid0000052|mbackgroundid0000053|mdifffitid0000005|mdifffitid0000006|mdifffitid0000009|mdifffitid0000010|mdifffitid0000027|mdifffitid0000028|mdifffitid0000044|mdifffitid0000045|mdifffitid0000047|mdifffitid0000048|mimgtblid0000036|mimgtblid0000055|mprojectid0000001|mprojectid0000003|mprojectid0000021|mprojectid0000022|mprojectid0000023|mprojectid0000039|mprojectid0000040|mviewerid0000038|mviewerid0000058,0.200000,160.161000,0.539373,0.533583,119.533547,0.005800,40.627000,false,105.751000,35,2.496000,"{""cloud-node-02"":50,""hpc-node-02"":8}","{""cloud-node-01"":0,""cloud-node-02"":0.059179,""hpc-node-01"":0,""hpc-node-02"":0.038815,""rpi-edge-01"":0,""rpi-edge-02"":0,""rpi-edge-03"":0,""rpi-edge-04"":0,""rpi-edge-05"":0,""rpi-edge-06"":0,""rpi-edge-07"":0,""rpi-edge-08"":0,""rpi-edge-09"":0,""rpi-edge-10"":0}",[]
prism_cc_cost,hybrid_raspberry_500mbps,4,maddid0000056|mbackgroundid0000013|mbackgroundid0000016|mbackgroundid0000032|mbackgroundid0000033|mbackgroundid0000034|mbackgroundid0000052|mbackgroundid0000053|mdifffitid0000005|mdifffitid0000006|mdifffitid0000009|mdifffitid0000010|mdifffitid0000027|mdifffitid0000028|mdifffitid0000044|mdifffitid0000045|mdifffitid0000047|mdifffitid0000048|mimgtblid0000036|mimgtblid0000055|mprojectid0000001|mprojectid0000003|mprojectid0000021|mprojectid0000022|mprojectid0000023|mprojectid0000039|mprojectid0000040|mviewerid0000038|mviewerid0000058,0.200000,160.161000,0.539373,0.533583,119.533547,0.005800,40.627000,false,105.751000,35,435.312000,"{""cloud-node-02"":50,""hpc-node-02"":8}","{""cloud-node-01"":0,""cloud-node-02"":0.059179,""hpc-node-01"":0,""hpc-node-02"":0.038815,""rpi-edge-01"":0,""rpi-edge-02"":0,""rpi-edge-03"":0,""rpi-edge-04"":0,""rpi-edge-05"":0,""rpi-edge-06"":0,""rpi-edge-07"":0,""rpi-edge-08"":0,""rpi-edge-09"":0,""rpi-edge-10"":0}","[{""rank"":1,""recommended"":true,""feasible"":false,""budget_used"":0.539373,""budget_violation"":0.0058,""makespan"":160.161,""deadline_violation"":40.627,""machine_signature"":""2c612fdcf1d2883c"",""weighted_score"":0.539373,""diversity_score"":1.137931}]"
prism_cc_time,hybrid_raspberry_500mbps,4,maddid0000056|mbackgroundid0000013|mbackgroundid0000016|mbackgroundid0000032|mbackgroundid0000033|mbackgroundid0000034|mbackgroundid0000052|mbackgroundid0000053|mdifffitid0000005|mdifffitid0000006|mdifffitid0000009|mdifffitid0000010|mdifffitid0000027|mdifffitid0000028|mdifffitid0000044|mdifffitid0000045|mdifffitid0000047|mdifffitid0000048|mimgtblid0000036|mimgtblid0000055|mprojectid0000001|mprojectid0000003|mprojectid0000021|mprojectid0000022|mprojectid0000023|mprojectid0000039|mprojectid0000040|mviewerid0000038|mviewerid0000058,0.200000,160.161000,0.539373,0.533583,119.533547,0.005800,40.627000,false,105.751000,35,435.312000,"{""cloud-node-02"":50,""hpc-node-02"":8}","{""cloud-node-01"":0,""cloud-node-02"":0.059179,""hpc-node-01"":0,""hpc-node-02"":0.038815,""rpi-edge-01"":0,""rpi-edge-02"":0,""rpi-edge-03"":0,""rpi-edge-04"":0,""rpi-edge-05"":0,""rpi-edge-06"":0,""rpi-edge-07"":0,""rpi-edge-08"":0,""rpi-edge-09"":0,""rpi-edge-10"":0}","[{""rank"":1,""recommended"":true,""feasible"":false,""budget_used"":0.539373,""budget_violation"":0.0058,""makespan"":160.161,""deadline_violation"":40.627,""machine_signature"":""2c612fdcf1d2883c"",""weighted_score"":1,""diversity_score"":1.137931}]"
heft_colocation,cloud_hetero,5,maddid0000037|maddid0000056|mbackgroundid0000013|mbackgroundid0000014|mbackgroundid0000016|mbackgroundid0000033|mbackgroundid0000034|mbackgroundid0000035|mbackgroundid0000051|mbgmodelid0000012|mbgmodelid0000050|mconcatfitid0000011|mconcatfitid0000030|mconcatfitid0000049|mdifffitid0000007|mdifffitid0000024|mdifffitid0000028|mdifffitid0000045|mdifffitid0000048|mimgtblid0000017|mimgtblid0000036|mprojectid0000001|mprojectid0000004|mprojectid0000021|mprojectid0000023|mprojectid0000041|mviewerid0000038|mviewerid0000057|mviewerid0000058,0.200000,95.203000,0.509359,0.641828,78.742107,0.000000,16.461000,false,12.106000,11,1.864000,"{""h4d-highmem-192-1"":43,""h4d-standard-192-1"":15}","{""h3-standard-88-1"":0,""h3-standard-88-2"":0,""h4d-highmem-192-1"":0.010829,""h4d-standard-192-1"":0.007354}",[]
prism_cc_cost,cloud_hetero,5,maddid0000037|maddid0000056|mbackgroundid0000013|mbackgroundid0000014|mbackgroundid0000016|mbackgroundid0000033|mbackgroundid0000034|mbackgroundid0000035|mbackgroundid0000051|mbgmodelid0000012|mbgmodelid0000050|mconcatfitid0000011|mconcatfitid0000030|mconcatfitid0000049|mdifffitid0000007|mdifffitid0000024|mdifffitid0000028|mdifffitid0000045|mdifffitid0000048|mimgtblid0000017|mimgtblid0000036|mprojectid0000001|mprojectid0000004|mprojectid0000021|mprojectid0000023|mprojectid0000041|mviewerid0000038|mviewerid0000057|mviewerid0000058,0.200000,95.203000,0.509359,0.641828,78.742107,0.000000,16.461000,false,12.106000,11,247.297000,"{""h4d-highmem-192-1"":43,""h4d-standard-192-1"":15}","{""h3-standard-88-1"":0,""h3-standard-88-2"":0,""h4d-highmem-192-1"":0.010829,""h4d-standard-192-1"":0.007354}","[{""rank"":1,""recommended"":true,""feasible"":false,""budget_used"":0.206394,""budget_violation"":0,""makespan"":94.606,""deadline_violation"":15.864,""machine_signature"":""c656bc216202e11e"",""weighted_score"":0.206394,""diversity_score"":0},{""rank"":2,""recommended"":false,""feasible"":false,""budget_used"":0.509359,""budget_violation"":0,""makespan"":95.203,""deadline_violation"":16.461,""machine_signature"":""f95971b84dc159dd"",""weighted_score"":0.509359,""diversity_score"":1.258621}]"
prism_cc_time,cloud_hetero,5,maddid0000037|maddid0000056|mbackgroundid0000013|mbackgroundid0000014|mbackgroundid0000016|mbackgroundid0000033|mbackgroundid0000034|mbackgroundid0000035|mbackgroundid0000051|mbgmodelid0000012|mbgmodelid0000050|mconcatfitid0000011|mconcatfitid0000030|mconcatfitid0000049|mdifffitid0000007|mdifffitid0000024|mdifffitid0000028|mdifffitid0000045|mdifffitid0000048|mimgtblid0000017|mimgtblid0000036|mprojectid0000001|mprojectid0000004|mprojectid0000021|mprojectid0000023|mprojectid0000041|mviewerid0000038|mviewerid0000057|mviewerid0000058,0.200000,94.606000,0.206394,0.641828,78.742107,0.000000,15.864000,false,34.182000,22,247.297000,"{""h4d-standard-192-1"":58}","{""h3-standard-88-1"":0,""h3-standard-88-2"":0,""h4d-highmem-192-1"":0,""h4d-standard-192-1"":0.019513}","[{""rank"":1,""recommended"":true,""feasible"":false,""budget_used"":0.206394,""budget_violation"":0,""makespan"":94.606,""deadline_violation"":15.864,""machine_signature"":""c656bc216202e11e"",""weighted_score"":0.993729,""diversity_score"":0},{""rank"":2,""recommended"":false,""feasible"":false,""budget_used"":0.509359,""budget_violation"":0,""makespan"":95.203,""deadline_violation"":16.461,""machine_signature"":""f95971b84dc159dd"",""weighted_score"":1,""diversity_score"":1.258621}]"
heft_colocation,cloud_homo,5,maddid0000037|maddid0000056|mbackgroundid0000013|mbackgroundid0000014|mbackgroundid0000016|mbackgroundid0000033|mbackgroundid0000034|mbackgroundid0000035|mbackgroundid0000051|mbgmodelid0000012|mbgmodelid0000050|mconcatfitid0000011|mconcatfitid0000030|mconcatfitid0000049|mdifffitid0000007|mdifffitid0000024|mdifffitid0000028|mdifffitid0000045|mdifffitid0000048|mimgtblid0000017|mimgtblid0000036|mprojectid0000001|mprojectid0000004|mprojectid0000021|mprojectid0000023|mprojectid0000041|mviewerid0000038|mviewerid0000057|mviewerid0000058,0.200000,99.816000,0.888794,1.059152,79.706000,0.000000,20.110000,false,1.925000,2,3.100000,"{""h4d-standard-192-1"":17,""h4d-standard-192-2"":16,""h4d-standard-192-3"":8,""h4d-standard-192-4"":17}","{""h4d-standard-192-1"":0.003877,""h4d-standard-192-2"":0.003804,""h4d-standard-192-3"":0.003826,""h4d-standard-192-4"":0.005304}",[]
prism_cc_cost,cloud_homo,5,maddid0000037|maddid0000056|mbackgroundid0000013|mbackgroundid0000014|mbackgroundid0000016|mbackgroundid0000033|mbackgroundid0000034|mbackgroundid0000035|mbackgroundid0000051|mbgmodelid0000012|mbgmodelid0000050|mconcatfitid0000011|mconcatfitid0000030|mconcatfitid0000049|mdifffitid0000007|mdifffitid0000024|mdifffitid0000028|mdifffitid0000045|mdifffitid0000048|mimgtblid0000017|mimgtblid0000036|mprojectid0000001|mprojectid0000004|mprojectid0000021|mprojectid0000023|mprojectid0000041|mviewerid0000038|mviewerid0000057|mviewerid0000058,0.200000,99.816000,0.888794,1.059152,79.706000,0.000000,20.110000,false,1.925000,2,264.398000,"{""h4d-standard-192-1"":17,""h4d-standard-192-2"":16,""h4d-standard-192-3"":8,""h4d-standard-192-4"":17}","{""h4d-standard-192-1"":0.003877,""h4d-standard-192-2"":0.003804,""h4d-standard-192-3"":0.003826,""h4d-standard-192-4"":0.005304}","[{""rank"":1,""recommended"":true,""feasible"":false,""budget_used"":0.202627,""budget_violation"":0,""makespan"":92.879,""deadline_violation"":13.173,""machine_signature"":""93ed2c882591fe52"",""weighted_score"":0.202627,""diversity_score"":0},{""rank"":2,""recommended"":false,""feasible"":false,""budget_used"":0.888794,""budget_violation"":0,""makespan"":99.816,""deadline_violation"":20.11,""machine_signature"":""badfea23a77203de"",""weighted_score"":0.888794,""diversity_score"":3.706897}]"
prism_cc_time,cloud_homo,5,maddid0000037|maddid0000056|mbackgroundid0000013|mbackgroundid0000014|mbackgroundid0000016|mbackgroundid0000033|mbackgroundid0000034|mbackgroundid0000035|mbackgroundid0000051|mbgmodelid0000012|mbgmodelid0000050|mconcatfitid0000011|mconcatfitid0000030|mconcatfitid0000049|mdifffitid0000007|mdifffitid0000024|mdifffitid0000028|mdifffitid0000045|mdifffitid0000048|mimgtblid0000017|mimgtblid0000036|mprojectid0000001|mprojectid0000004|mprojectid0000021|mprojectid0000023|mprojectid0000041|mviewerid0000038|mviewerid0000057|mviewerid0000058,0.200000,92.879000,0.202627,1.059152,79.706000,0.000000,13.173000,false,34.309000,25,264.398000,"{""h4d-standard-192-1"":58}","{""h4d-standard-192-1"":0.019883,""h4d-standard-192-2"":0,""h4d-standard-192-3"":0,""h4d-standard-192-4"":0}","[{""rank"":1,""recommended"":true,""feasible"":false,""budget_used"":0.202627,""budget_violation"":0,""makespan"":92.879,""deadline_violation"":13.173,""machine_signature"":""93ed2c882591fe52"",""weighted_score"":0.930502,""diversity_score"":0},{""rank"":2,""recommended"":false,""feasible"":false,""budget_used"":0.888794,""budget_violation"":0,""makespan"":99.816,""deadline_violation"":20.11,""machine_signature"":""badfea23a77203de"",""weighted_score"":1,""diversity_score"":3.706897}]"
heft_colocation,cluster_hetero,5,maddid0000037|maddid0000056|mbackgroundid0000013|mbackgroundid0000014|mbackgroundid0000016|mbackgroundid0000033|mbackgroundid0000034|mbackgroundid0000035|mbackgroundid0000051|mbgmodelid0000012|mbgmodelid0000050|mconcatfitid0000011|mconcatfitid0000030|mconcatfitid0000049|mdifffitid0000007|mdifffitid0000024|mdifffitid0000028|mdifffitid0000045|mdifffitid0000048|mimgtblid0000017|mimgtblid0000036|mprojectid0000001|mprojectid0000004|mprojectid0000021|mprojectid0000023|mprojectid0000041|mviewerid0000038|mviewerid0000057|mviewerid0000058,0.200000,287.957000,0.000000,0.000000,235.839680,0.000000,52.117000,false,48.579000,10,0.867000,"{""bora005"":36,""bora006"":20,""diablo01"":2}","{""bora005"":0.097991,""bora006"":0.072562,""diablo01"":0.003687,""diablo02"":0}",[]
prism_cc_cost,cluster_hetero,5,maddid0000037|maddid0000056|mbackgroundid0000013|mbackgroundid0000014|mbackgroundid0000016|mbackgroundid0000033|mbackgroundid0000034|mbackgroundid0000035|mbackgroundid0000051|mbgmodelid0000012|mbgmodelid0000050|mconcatfitid0000011|mconcatfitid0000030|mconcatfitid0000049|mdifffitid0000007|mdifffitid0000024|mdifffitid0000028|mdifffitid0000045|mdifffitid0000048|mimgtblid0000017|mimgtblid0000036|mprojectid0000001|mprojectid0000004|mprojectid0000021|mprojectid0000023|mprojectid0000041|mviewerid0000038|mviewerid0000057|mviewerid0000058,0.200000,287.957000,0.000000,0.000000,235.839680,0.000000,52.117000,false,48.579000,10,162.440000,"{""bora005"":36,""bora006"":20,""diablo01"":2}","{""bora005"":0.097991,""bora006"":0.072562,""diablo01"":0.003687,""diablo02"":0}","[{""rank"":1,""recommended"":true,""feasible"":false,""budget_used"":0,""budget_violation"":0,""makespan"":287.957,""deadline_violation"":52.117,""machine_signature"":""d58c56b92f0896f1"",""weighted_score"":0,""diversity_score"":2.37931}]"
prism_cc_time,cluster_hetero,5,maddid0000037|maddid0000056|mbackgroundid0000013|mbackgroundid0000014|mbackgroundid0000016|mbackgroundid0000033|mbackgroundid0000034|mbackgroundid0000035|mbackgroundid0000051|mbgmodelid0000012|mbgmodelid0000050|mconcatfitid0000011|mconcatfitid0000030|mconcatfitid0000049|mdifffitid0000007|mdifffitid0000024|mdifffitid0000028|mdifffitid0000045|mdifffitid0000048|mimgtblid0000017|mimgtblid0000036|mprojectid0000001|mprojectid0000004|mprojectid0000021|mprojectid0000023|mprojectid0000041|mviewerid0000038|mviewerid0000057|mviewerid0000058,0.200000,287.957000,0.000000,0.000000,235.839680,0.000000,52.117000,false,48.579000,10,162.440000,"{""bora005"":36,""bora006"":20,""diablo01"":2}","{""bora005"":0.097991,""bora006"":0.072562,""diablo01"":0.003687,""diablo02"":0}","[{""rank"":1,""recommended"":true,""feasible"":false,""budget_used"":0,""budget_violation"":0,""makespan"":287.957,""deadline_violation"":52.117,""machine_signature"":""d58c56b92f0896f1"",""weighted_score"":1,""diversity_score"":2.37931}]"
heft_colocation,cluster_homo,5,maddid0000037|maddid0000056|mbackgroundid0000013|mbackgroundid0000014|mbackgroundid0000016|mbackgroundid0000033|mbackgroundid0000034|mbackgroundid0000035|mbackgroundid0000051|mbgmodelid0000012|mbgmodelid0000050|mconcatfitid0000011|mconcatfitid0000030|mconcatfitid0000049|mdifffitid0000007|mdifffitid0000024|mdifffitid0000028|mdifffitid0000045|mdifffitid0000048|mimgtblid0000017|mimgtblid0000036|mprojectid0000001|mprojectid0000004|mprojectid0000021|mprojectid0000023|mprojectid0000041|mviewerid0000038|mviewerid0000057|mviewerid0000058,0.200000,287.957000,0.000000,0.000000,230.365600,0.000000,57.591000,false,11.825000,4,0.867000,"{""bora001"":18,""bora002"":16,""bora003"":8,""bora004"":16}","{""bora001"":0.0398,""bora002"":0.039016,""bora003"":0.039174,""bora004"":0.054271}",[]
prism_cc_cost,cluster_homo,5,maddid0000037|maddid0000056|mbackgroundid0000013|mbackgroundid0000014|mbackgroundid0000016|mbackgroundid0000033|mbackgroundid0000034|mbackgroundid0000035|mbackgroundid0000051|mbgmodelid0000012|mbgmodelid0000050|mconcatfitid0000011|mconcatfitid0000030|mconcatfitid0000049|mdifffitid0000007|mdifffitid0000024|mdifffitid0000028|mdifffitid0000045|mdifffitid0000048|mimgtblid0000017|mimgtblid0000036|mprojectid0000001|mprojectid0000004|mprojectid0000021|mprojectid0000023|mprojectid0000041|mviewerid0000038|mviewerid0000057|mviewerid0000058,0.200000,287.957000,0.000000,0.000000,230.365600,0.000000,57.591000,false,11.825000,4,149.367000,"{""bora001"":18,""bora002"":16,""bora003"":8,""bora004"":16}","{""bora001"":0.0398,""bora002"":0.039016,""bora003"":0.039174,""bora004"":0.054271}","[{""rank"":1,""recommended"":true,""feasible"":false,""budget_used"":0,""budget_violation"":0,""makespan"":287.957,""deadline_violation"":57.591,""machine_signature"":""0ee0b179b11779c6"",""weighted_score"":0,""diversity_score"":3.689655}]"
prism_cc_time,cluster_homo,5,maddid0000037|maddid0000056|mbackgroundid0000013|mbackgroundid0000014|mbackgroundid0000016|mbackgroundid0000033|mbackgroundid0000034|mbackgroundid0000035|mbackgroundid0000051|mbgmodelid0000012|mbgmodelid0000050|mconcatfitid0000011|mconcatfitid0000030|mconcatfitid0000049|mdifffitid0000007|mdifffitid0000024|mdifffitid0000028|mdifffitid0000045|mdifffitid0000048|mimgtblid0000017|mimgtblid0000036|mprojectid0000001|mprojectid0000004|mprojectid0000021|mprojectid0000023|mprojectid0000041|mviewerid0000038|mviewerid0000057|mviewerid0000058,0.200000,287.957000,0.000000,0.000000,230.365600,0.000000,57.591000,false,11.825000,4,149.367000,"{""bora001"":18,""bora002"":16,""bora003"":8,""bora004"":16}","{""bora001"":0.0398,""bora002"":0.039016,""bora003"":0.039174,""bora004"":0.054271}","[{""rank"":1,""recommended"":true,""feasible"":false,""budget_used"":0,""budget_violation"":0,""makespan"":287.957,""deadline_violation"":57.591,""machine_signature"":""0ee0b179b11779c6"",""weighted_score"":1,""diversity_score"":3.689655}]"
heft_colocation,hybrid_hetero,5,maddid0000037|maddid0000056|mbackgroundid0000013|mbackgroundid0000014|mbackgroundid0000016|mbackgroundid0000033|mbackgroundid0000034|mbackgroundid0000035|mbackgroundid0000051|mbgmodelid0000012|mbgmodelid0000050|mconcatfitid0000011|mconcatfitid0000030|mconcatfitid0000049|mdifffitid0000007|mdifffitid0000024|mdifffitid0000028|mdifffitid0000045|mdifffitid0000048|mimgtblid0000017|mimgtblid0000036|mprojectid0000001|mprojectid0000004|mprojectid0000021|mprojectid0000023|mprojectid0000041|mviewerid0000038|mviewerid0000057|mviewerid0000058,0.200000,92.950000,0.202781,0.348827,79.406640,0.000000,13.543000,false,34.197000,20,1.484000,"{""h4d-standard-192-7"":58}","{""bora011"":0,""diablo03"":0,""h3-standard-88-2"":0,""h4d-standard-192-7"":0.019862}",[]
prism_cc_cost,hybrid_hetero,5,maddid0000037|maddid0000056|mbackgroundid0000013|mbackgroundid0000014|mbackgroundid0000016|mbackgroundid0000033|mbackgroundid0000034|mbackgroundid0000035|mbackgroundid0000051|mbgmodelid0000012|mbgmodelid0000050|mconcatfitid0000011|mconcatfitid0000030|mconcatfitid0000049|mdifffitid0000007|mdifffitid0000024|mdifffitid0000028|mdifffitid0000045|mdifffitid0000048|mimgtblid0000017|mimgtblid0000036|mprojectid0000001|mprojectid0000004|mprojectid0000021|mprojectid0000023|mprojectid0000041|mviewerid0000038|mviewerid0000057|mviewerid0000058,0.200000,92.950000,0.202781,0.348827,79.406640,0.000000,13.543000,false,34.197000,20,183.972000,"{""h4d-standard-192-7"":58}","{""bora011"":0,""diablo03"":0,""h3-standard-88-2"":0,""h4d-standard-192-7"":0.019862}","[{""rank"":1,""recommended"":true,""feasible"":false,""budget_used"":0.202781,""budget_violation"":0,""makespan"":92.95,""deadline_violation"":13.543,""machine_signature"":""19ef87e3bdebfd59"",""weighted_score"":0.202781,""diversity_score"":0}]"
prism_cc_time,hybrid_hetero,5,maddid0000037|maddid0000056|mbackgroundid0000013|mbackgroundid0000014|mbackgroundid0000016|mbackgroundid0000033|mbackgroundid0000034|mbackgroundid0000035|mbackgroundid0000051|mbgmodelid0000012|mbgmodelid0000050|mconcatfitid0000011|mconcatfitid0000030|mconcatfitid0000049|mdifffitid0000007|mdifffitid0000024|mdifffitid0000028|mdifffitid0000045|mdifffitid0000048|mimgtblid0000017|mimgtblid0000036|mprojectid0000001|mprojectid0000004|mprojectid0000021|mprojectid0000023|mprojectid0000041|mviewerid0000038|mviewerid0000057|mviewerid0000058,0.200000,92.950000,0.202781,0.348827,79.406640,0.000000,13.543000,false,34.197000,20,183.972000,"{""h4d-standard-192-7"":58}","{""bora011"":0,""diablo03"":0,""h3-standard-88-2"":0,""h4d-standard-192-7"":0.019862}","[{""rank"":1,""recommended"":true,""feasible"":false,""budget_used"":0.202781,""budget_violation"":0,""makespan"":92.95,""deadline_violation"":13.543,""machine_signature"":""19ef87e3bdebfd59"",""weighted_score"":1,""diversity_score"":0}]"
heft_colocation,hybrid_homo,5,maddid0000037|maddid0000056|mbackgroundid0000013|mbackgroundid0000014|mbackgroundid0000016|mbackgroundid0000033|mbackgroundid0000034|mbackgroundid0000035|mbackgroundid0000051|mbgmodelid0000012|mbgmodelid0000050|mconcatfitid0000011|mconcatfitid0000030|mconcatfitid0000049|mdifffitid0000007|mdifffitid0000024|mdifffitid0000028|mdifffitid0000045|mdifffitid0000048|mimgtblid0000017|mimgtblid0000036|mprojectid0000001|mprojectid0000004|mprojectid0000021|mprojectid0000023|mprojectid0000041|mviewerid0000038|mviewerid0000057|mviewerid0000058,0.200000,95.203000,0.483195,0.607531,78.742107,0.000000,16.461000,false,12.106000,11,1.682000,"{""h4d-standard-192-5"":15,""h4d-standard-192-6"":43}","{""bora009"":0,""bora010"":0,""h4d-standard-192-5"":0.007354,""h4d-standard-192-6"":0.010829}",[]
prism_cc_cost,hybrid_homo,5,maddid0000037|maddid0000056|mbackgroundid0000013|mbackgroundid0000014|mbackgroundid0000016|mbackgroundid0000033|mbackgroundid0000034|mbackgroundid0000035|mbackgroundid0000051|mbgmodelid0000012|mbgmodelid0000050|mconcatfitid0000011|mconcatfitid0000030|mconcatfitid0000049|mdifffitid0000007|mdifffitid0000024|mdifffitid0000028|mdifffitid0000045|mdifffitid0000048|mimgtblid0000017|mimgtblid0000036|mprojectid0000001|mprojectid0000004|mprojectid0000021|mprojectid0000023|mprojectid0000041|mviewerid0000038|mviewerid0000057|mviewerid0000058,0.200000,95.203000,0.483195,0.607531,78.742107,0.000000,16.461000,false,12.106000,11,267.223000,"{""h4d-standard-192-5"":15,""h4d-standard-192-6"":43}","{""bora009"":0,""bora010"":0,""h4d-standard-192-5"":0.007354,""h4d-standard-192-6"":0.010829}","[{""rank"":1,""recommended"":true,""feasible"":false,""budget_used"":0.483195,""budget_violation"":0,""makespan"":95.203,""deadline_violation"":16.461,""machine_signature"":""3669da1b16067e54"",""weighted_score"":0.483195,""diversity_score"":1.258621}]"
prism_cc_time,hybrid_homo,5,maddid0000037|maddid0000056|mbackgroundid0000013|mbackgroundid0000014|mbackgroundid0000016|mbackgroundid0000033|mbackgroundid0000034|mbackgroundid0000035|mbackgroundid0000051|mbgmodelid0000012|mbgmodelid0000050|mconcatfitid0000011|mconcatfitid0000030|mconcatfitid0000049|mdifffitid0000007|mdifffitid0000024|mdifffitid0000028|mdifffitid0000045|mdifffitid0000048|mimgtblid0000017|mimgtblid0000036|mprojectid0000001|mprojectid0000004|mprojectid0000021|mprojectid0000023|mprojectid0000041|mviewerid0000038|mviewerid0000057|mviewerid0000058,0.200000,95.203000,0.483195,0.607531,78.742107,0.000000,16.461000,false,12.106000,11,267.223000,"{""h4d-standard-192-5"":15,""h4d-standard-192-6"":43}","{""bora009"":0,""bora010"":0,""h4d-standard-192-5"":0.007354,""h4d-standard-192-6"":0.010829}","[{""rank"":1,""recommended"":true,""feasible"":false,""budget_used"":0.483195,""budget_violation"":0,""makespan"":95.203,""deadline_violation"":16.461,""machine_signature"":""3669da1b16067e54"",""weighted_score"":1,""diversity_score"":1.258621}]"
heft_colocation,hybrid_raspberry_500mbps,5,maddid0000037|maddid0000056|mbackgroundid0000013|mbackgroundid0000014|mbackgroundid0000016|mbackgroundid0000033|mbackgroundid0000034|mbackgroundid0000035|mbackgroundid0000051|mbgmodelid0000012|mbgmodelid0000050|mconcatfitid0000011|mconcatfitid0000030|mconcatfitid0000049|mdifffitid0000007|mdifffitid0000024|mdifffitid0000028|mdifffitid0000045|mdifffitid0000048|mimgtblid0000017|mimgtblid0000036|mprojectid0000001|mprojectid0000004|mprojectid0000021|mprojectid0000023|mprojectid0000041|mviewerid0000038|mviewerid0000057|mviewerid0000058,0.200000,135.525000,0.389570,0.533583,119.533547,0.000000,15.991000,false,35.147000,22,2.385000,"{""cloud-node-02"":54,""hpc-node-02"":4}","{""cloud-node-01"":0,""cloud-node-02"":0.068827,""hpc-node-01"":0,""hpc-node-02"":0.02483,""rpi-edge-01"":0,""rpi-edge-02"":0,""rpi-edge-03"":0,""rpi-edge-04"":0,""rpi-edge-05"":0,""rpi-edge-06"":0,""rpi-edge-07"":0,""rpi-edge-08"":0,""rpi-edge-09"":0,""rpi-edge-10"":0}",[]
prism_cc_cost,hybrid_raspberry_500mbps,5,maddid0000037|maddid0000056|mbackgroundid0000013|mbackgroundid0000014|mbackgroundid0000016|mbackgroundid0000033|mbackgroundid0000034|mbackgroundid0000035|mbackgroundid0000051|mbgmodelid0000012|mbgmodelid0000050|mconcatfitid0000011|mconcatfitid0000030|mconcatfitid0000049|mdifffitid0000007|mdifffitid0000024|mdifffitid0000028|mdifffitid0000045|mdifffitid0000048|mimgtblid0000017|mimgtblid0000036|mprojectid0000001|mprojectid0000004|mprojectid0000021|mprojectid0000023|mprojectid0000041|mviewerid0000038|mviewerid0000057|mviewerid0000058,0.200000,135.525000,0.389570,0.533583,119.533547,0.000000,15.991000,false,35.147000,22,376.657000,"{""cloud-node-02"":54,""hpc-node-02"":4}","{""cloud-node-01"":0,""cloud-node-02"":0.068827,""hpc-node-01"":0,""hpc-node-02"":0.02483,""rpi-edge-01"":0,""rpi-edge-02"":0,""rpi-edge-03"":0,""rpi-edge-04"":0,""rpi-edge-05"":0,""rpi-edge-06"":0,""rpi-edge-07"":0,""rpi-edge-08"":0,""rpi-edge-09"":0,""rpi-edge-10"":0}","[{""rank"":1,""recommended"":true,""feasible"":false,""budget_used"":0.38957,""budget_violation"":0,""makespan"":135.525,""deadline_violation"":15.991,""machine_signature"":""366ca5f80d5f0e33"",""weighted_score"":0.38957,""diversity_score"":1.068966}]"
prism_cc_time,hybrid_raspberry_500mbps,5,maddid0000037|maddid0000056|mbackgroundid0000013|mbackgroundid0000014|mbackgroundid0000016|mbackgroundid0000033|mbackgroundid0000034|mbackgroundid0000035|mbackgroundid0000051|mbgmodelid0000012|mbgmodelid0000050|mconcatfitid0000011|mconcatfitid0000030|mconcatfitid0000049|mdifffitid0000007|mdifffitid0000024|mdifffitid0000028|mdifffitid0000045|mdifffitid0000048|mimgtblid0000017|mimgtblid0000036|mprojectid0000001|mprojectid0000004|mprojectid0000021|mprojectid0000023|mprojectid0000041|mviewerid0000038|mviewerid0000057|mviewerid0000058,0.200000,135.525000,0.389570,0.533583,119.533547,0.000000,15.991000,false,35.147000,22,376.657000,"{""cloud-node-02"":54,""hpc-node-02"":4}","{""cloud-node-01"":0,""cloud-node-02"":0.068827,""hpc-node-01"":0,""hpc-node-02"":0.02483,""rpi-edge-01"":0,""rpi-edge-02"":0,""rpi-edge-03"":0,""rpi-edge-04"":0,""rpi-edge-05"":0,""rpi-edge-06"":0,""rpi-edge-07"":0,""rpi-edge-08"":0,""rpi-edge-09"":0,""rpi-edge-10"":0}","[{""rank"":1,""recommended"":true,""feasible"":false,""budget_used"":0.38957,""budget_violation"":0,""makespan"":135.525,""deadline_violation"":15.991,""machine_signature"":""366ca5f80d5f0e33"",""weighted_score"":1,""diversity_score"":1.068966}]"
heft_colocation,cloud_hetero,6,maddid0000018|maddid0000056|mbackgroundid0000013|mbackgroundid0000016|mbackgroundid0000033|mbackgroundid0000034|mbackgroundid0000035|mbackgroundid0000053|mbgmodelid0000031|mconcatfitid0000030|mdifffitid0000005|mdifffitid0000007|mdifffitid0000008|mdifffitid0000009|mdifffitid0000010|mdifffitid0000024|mdifffitid0000025|mdifffitid0000027|mdifffitid0000028|mdifffitid0000045|mdifffitid0000046|mdifffitid0000048|mprojectid0000002|mprojectid0000004|mprojectid0000039|mprojectid0000040|mprojectid0000041|mviewerid0000019|mviewerid0000057,0.200000,95.151000,0.509227,0.641828,78.742107,0.000000,16.409000,false,13.017000,15,1.813000,"{""h4d-highmem-192-1"":43,""h4d-standard-192-1"":15}","{""h3-standard-88-1"":0,""h3-standard-88-2"":0,""h4d-highmem-192-1"":0.01084,""h4d-standard-192-1"":0.007403}",[]
prism_cc_cost,cloud_hetero,6,maddid0000018|maddid0000056|mbackgroundid0000013|mbackgroundid0000016|mbackgroundid0000033|mbackgroundid0000034|mbackgroundid0000035|mbackgroundid0000053|mbgmodelid0000031|mconcatfitid0000030|mdifffitid0000005|mdifffitid0000007|mdifffitid0000008|mdifffitid0000009|mdifffitid0000010|mdifffitid0000024|mdifffitid0000025|mdifffitid0000027|mdifffitid0000028|mdifffitid0000045|mdifffitid0000046|mdifffitid0000048|mprojectid0000002|mprojectid0000004|mprojectid0000039|mprojectid0000040|mprojectid0000041|mviewerid0000019|mviewerid0000057,0.200000,95.151000,0.509227,0.641828,78.742107,0.000000,16.409000,false,13.017000,15,269.893000,"{""h4d-highmem-192-1"":43,""h4d-standard-192-1"":15}","{""h3-standard-88-1"":0,""h3-standard-88-2"":0,""h4d-highmem-192-1"":0.01084,""h4d-standard-192-1"":0.007403}","[{""rank"":1,""recommended"":true,""feasible"":false,""budget_used"":0.509227,""budget_violation"":0,""makespan"":95.151,""deadline_violation"":16.409,""machine_signature"":""5b6405f98abb7dff"",""weighted_score"":0.509227,""diversity_score"":1.258621}]"
prism_cc_time,cloud_hetero,6,maddid0000018|maddid0000056|mbackgroundid0000013|mbackgroundid0000016|mbackgroundid0000033|mbackgroundid0000034|mbackgroundid0000035|mbackgroundid0000053|mbgmodelid0000031|mconcatfitid0000030|mdifffitid0000005|mdifffitid0000007|mdifffitid0000008|mdifffitid0000009|mdifffitid0000010|mdifffitid0000024|mdifffitid0000025|mdifffitid0000027|mdifffitid0000028|mdifffitid0000045|mdifffitid0000046|mdifffitid0000048|mprojectid0000002|mprojectid0000004|mprojectid0000039|mprojectid0000040|mprojectid0000041|mviewerid0000019|mviewerid0000057,0.200000,95.151000,0.509227,0.641828,78.742107,0.000000,16.409000,false,13.017000,15,269.893000,"{""h4d-highmem-192-1"":43,""h4d-standard-192-1"":15}","{""h3-standard-88-1"":0,""h3-standard-88-2"":0,""h4d-highmem-192-1"":0.01084,""h4d-standard-192-1"":0.007403}","[{""rank"":1,""recommended"":true,""feasible"":false,""budget_used"":0.509227,""budget_violation"":0,""makespan"":95.151,""deadline_violation"":16.409,""machine_signature"":""5b6405f98abb7dff"",""weighted_score"":1,""diversity_score"":1.258621}]"
heft_colocation,cloud_homo,6,maddid0000018|maddid0000056|mbackgroundid0000013|mbackgroundid0000016|mbackgroundid0000033|mbackgroundid0000034|mbackgroundid0000035|mbackgroundid0000053|mbgmodelid0000031|mconcatfitid0000030|mdifffitid0000005|mdifffitid0000007|mdifffitid0000008|mdifffitid0000009|mdifffitid0000010|mdifffitid0000024|mdifffitid0000025|mdifffitid0000027|mdifffitid0000028|mdifffitid0000045|mdifffitid0000046|mdifffitid0000048|mprojectid0000002|mprojectid0000004|mprojectid0000039|mprojectid0000040|mprojectid0000041|mviewerid0000019|mviewerid0000057,0.200000,99.816000,0.871431,1.059152,79.706000,0.000000,20.110000,false,2.475000,6,3.277000,"{""h4d-standard-192-1"":20,""h4d-standard-192-2"":17,""h4d-standard-192-3"":5,""h4d-standard-192-4"":16}","{""h4d-standard-192-1"":0.005028,""h4d-standard-192-2"":0.004921,""h4d-standard-192-3"":0.002588,""h4d-standard-192-4"":0.004304}",[]
prism_cc_cost,cloud_homo,6,maddid0000018|maddid0000056|mbackgroundid0000013|mbackgroundid0000016|mbackgroundid0000033|mbackgroundid0000034|mbackgroundid0000035|mbackgroundid0000053|mbgmodelid0000031|mconcatfitid0000030|mdifffitid0000005|mdifffitid0000007|mdifffitid0000008|mdifffitid0000009|mdifffitid0000010|mdifffitid0000024|mdifffitid0000025|mdifffitid0000027|mdifffitid0000028|mdifffitid0000045|mdifffitid0000046|mdifffitid0000048|mprojectid0000002|mprojectid0000004|mprojectid0000039|mprojectid0000040|mprojectid0000041|mviewerid0000019|mviewerid0000057,0.200000,99.816000,0.871431,1.059152,79.706000,0.000000,20.110000,false,2.475000,6,303.402000,"{""h4d-standard-192-1"":20,""h4d-standard-192-2"":17,""h4d-standard-192-3"":5,""h4d-standard-192-4"":16}","{""h4d-standard-192-1"":0.005028,""h4d-standard-192-2"":0.004921,""h4d-standard-192-3"":0.002588,""h4d-standard-192-4"":0.004304}","[{""rank"":1,""recommended"":true,""feasible"":false,""budget_used"":0.212408,""budget_violation"":0,""makespan"":97.365,""deadline_violation"":17.659,""machine_signature"":""1eda32a979d8988f"",""weighted_score"":0.212408,""diversity_score"":0},{""rank"":2,""recommended"":false,""feasible"":false,""budget_used"":0.871431,""budget_violation"":0,""makespan"":99.816,""deadline_violation"":20.11,""machine_signature"":""e5fa6365cde52816"",""weighted_score"":0.871431,""diversity_score"":3.655172}]"
prism_cc_time,cloud_homo,6,maddid0000018|maddid0000056|mbackgroundid0000013|mbackgroundid0000016|mbackgroundid0000033|mbackgroundid0000034|mbackgroundid0000035|mbackgroundid0000053|mbgmodelid0000031|mconcatfitid0000030|mdifffitid0000005|mdifffitid0000007|mdifffitid0000008|mdifffitid0000009|mdifffitid0000010|mdifffitid0000024|mdifffitid0000025|mdifffitid0000027|mdifffitid0000028|mdifffitid0000045|mdifffitid0000046|mdifffitid0000048|mprojectid0000002|mprojectid0000004|mprojectid0000039|mprojectid0000040|mprojectid0000041|mviewerid0000019|mviewerid0000057,0.200000,97.365000,0.212408,1.059152,79.706000,0.000000,17.659000,false,39.460000,50,303.402000,"{""h4d-standard-192-1"":58}","{""h4d-standard-192-1"":0.019243,""h4d-standard-192-2"":0,""h4d-standard-192-3"":0,""h4d-standard-192-4"":0}","[{""rank"":1,""recommended"":true,""feasible"":false,""budget_used"":0.212408,""budget_violation"":0,""makespan"":97.365,""deadline_violation"":17.659,""machine_signature"":""1eda32a979d8988f"",""weighted_score"":0.975445,""diversity_score"":0},{""rank"":2,""recommended"":false,""feasible"":false,""budget_used"":0.871431,""budget_violation"":0,""makespan"":99.816,""deadline_violation"":20.11,""machine_signature"":""e5fa6365cde52816"",""weighted_score"":1,""diversity_score"":3.655172}]"
heft_colocation,cluster_hetero,6,maddid0000018|maddid0000056|mbackgroundid0000013|mbackgroundid0000016|mbackgroundid0000033|mbackgroundid0000034|mbackgroundid0000035|mbackgroundid0000053|mbgmodelid0000031|mconcatfitid0000030|mdifffitid0000005|mdifffitid0000007|mdifffitid0000008|mdifffitid0000009|mdifffitid0000010|mdifffitid0000024|mdifffitid0000025|mdifffitid0000027|mdifffitid0000028|mdifffitid0000045|mdifffitid0000046|mdifffitid0000048|mprojectid0000002|mprojectid0000004|mprojectid0000039|mprojectid0000040|mprojectid0000041|mviewerid0000019|mviewerid0000057,0.200000,287.957000,0.000000,0.000000,235.839680,0.000000,52.117000,false,52.275000,21,1.023000,"{""bora005"":37,""bora006"":19,""diablo01"":2}","{""bora005"":0.102884,""bora006"":0.067305,""diablo01"":0.004194,""diablo02"":0}",[]
prism_cc_cost,cluster_hetero,6,maddid0000018|maddid0000056|mbackgroundid0000013|mbackgroundid0000016|mbackgroundid0000033|mbackgroundid0000034|mbackgroundid0000035|mbackgroundid0000053|mbgmodelid0000031|mconcatfitid0000030|mdifffitid0000005|mdifffitid0000007|mdifffitid0000008|mdifffitid0000009|mdifffitid0000010|mdifffitid0000024|mdifffitid0000025|mdifffitid0000027|mdifffitid0000028|mdifffitid0000045|mdifffitid0000046|mdifffitid0000048|mprojectid0000002|mprojectid0000004|mprojectid0000039|mprojectid0000040|mprojectid0000041|mviewerid0000019|mviewerid0000057,0.200000,287.957000,0.000000,0.000000,235.839680,0.000000,52.117000,false,52.275000,21,138.955000,"{""bora005"":37,""bora006"":19,""diablo01"":2}","{""bora005"":0.102884,""bora006"":0.067305,""diablo01"":0.004194,""diablo02"":0}","[{""rank"":1,""recommended"":true,""feasible"":false,""budget_used"":0,""budget_violation"":0,""makespan"":287.957,""deadline_violation"":52.117,""machine_signature"":""a1d3ef0824fc63bc"",""weighted_score"":0,""diversity_score"":2.362069}]"
prism_cc_time,cluster_hetero,6,maddid0000018|maddid0000056|mbackgroundid0000013|mbackgroundid0000016|mbackgroundid0000033|mbackgroundid0000034|mbackgroundid0000035|mbackgroundid0000053|mbgmodelid0000031|mconcatfitid0000030|mdifffitid0000005|mdifffitid0000007|mdifffitid0000008|mdifffitid0000009|mdifffitid0000010|mdifffitid0000024|mdifffitid0000025|mdifffitid0000027|mdifffitid0000028|mdifffitid0000045|mdifffitid0000046|mdifffitid0000048|mprojectid0000002|mprojectid0000004|mprojectid0000039|mprojectid0000040|mprojectid0000041|mviewerid0000019|mviewerid0000057,0.200000,287.957000,0.000000,0.000000,235.839680,0.000000,52.117000,false,52.275000,21,138.955000,"{""bora005"":37,""bora006"":19,""diablo01"":2}","{""bora005"":0.102884,""bora006"":0.067305,""diablo01"":0.004194,""diablo02"":0}","[{""rank"":1,""recommended"":true,""feasible"":false,""budget_used"":0,""budget_violation"":0,""makespan"":287.957,""deadline_violation"":52.117,""machine_signature"":""a1d3ef0824fc63bc"",""weighted_score"":1,""diversity_score"":2.362069}]"
heft_colocation,cluster_homo,6,maddid0000018|maddid0000056|mbackgroundid0000013|mbackgroundid0000016|mbackgroundid0000033|mbackgroundid0000034|mbackgroundid0000035|mbackgroundid0000053|mbgmodelid0000031|mconcatfitid0000030|mdifffitid0000005|mdifffitid0000007|mdifffitid0000008|mdifffitid0000009|mdifffitid0000010|mdifffitid0000024|mdifffitid0000025|mdifffitid0000027|mdifffitid0000028|mdifffitid0000045|mdifffitid0000046|mdifffitid0000048|mprojectid0000002|mprojectid0000004|mprojectid0000039|mprojectid0000040|mprojectid0000041|mviewerid0000019|mviewerid0000057,0.200000,287.957000,0.000000,0.000000,230.365600,0.000000,57.591000,false,15.577000,10,0.838000,"{""bora001"":21,""bora002"":17,""bora003"":5,""bora004"":15}","{""bora001"":0.051541,""bora002"":0.050483,""bora003"":0.026572,""bora004"":0.044026}",[]
prism_cc_cost,cluster_homo,6,maddid0000018|maddid0000056|mbackgroundid0000013|mbackgroundid0000016|mbackgroundid0000033|mbackgroundid0000034|mbackgroundid0000035|mbackgroundid0000053|mbgmodelid0000031|mconcatfitid0000030|mdifffitid0000005|mdifffitid0000007|mdifffitid0000008|mdifffitid0000009|mdifffitid0000010|mdifffitid0000024|mdifffitid0000025|mdifffitid0000027|mdifffitid0000028|mdifffitid0000045|mdifffitid0000046|mdifffitid0000048|mprojectid0000002|mprojectid0000004|mprojectid0000039|mprojectid0000040|mprojectid0000041|mviewerid0000019|mviewerid0000057,0.200000,287.957000,0.000000,0.000000,230.365600,0.000000,57.591000,false,15.577000,10,121.242000,"{""bora001"":21,""bora002"":17,""bora003"":5,""bora004"":15}","{""bora001"":0.051541,""bora002"":0.050483,""bora003"":0.026572,""bora004"":0.044026}","[{""rank"":1,""recommended"":true,""feasible"":false,""budget_used"":0,""budget_violation"":0,""makespan"":287.957,""deadline_violation"":57.591,""machine_signature"":""70d0e1ae827ace59"",""weighted_score"":0,""diversity_score"":3.637931}]"
prism_cc_time,cluster_homo,6,maddid0000018|maddid0000056|mbackgroundid0000013|mbackgroundid0000016|mbackgroundid0000033|mbackgroundid0000034|mbackgroundid0000035|mbackgroundid0000053|mbgmodelid0000031|mconcatfitid0000030|mdifffitid0000005|mdifffitid0000007|mdifffitid0000008|mdifffitid0000009|mdifffitid0000010|mdifffitid0000024|mdifffitid0000025|mdifffitid0000027|mdifffitid0000028|mdifffitid0000045|mdifffitid0000046|mdifffitid0000048|mprojectid0000002|mprojectid0000004|mprojectid0000039|mprojectid0000040|mprojectid0000041|mviewerid0000019|mviewerid0000057,0.200000,287.957000,0.000000,0.000000,230.365600,0.000000,57.591000,false,15.577000,10,121.242000,"{""bora001"":21,""bora002"":17,""bora003"":5,""bora004"":15}","{""bora001"":0.051541,""bora002"":0.050483,""bora003"":0.026572,""bora004"":0.044026}","[{""rank"":1,""recommended"":true,""feasible"":false,""budget_used"":0,""budget_violation"":0,""makespan"":287.957,""deadline_violation"":57.591,""machine_signature"":""70d0e1ae827ace59"",""weighted_score"":1,""diversity_score"":3.637931}]"
heft_colocation,hybrid_hetero,6,maddid0000018|maddid0000056|mbackgroundid0000013|mbackgroundid0000016|mbackgroundid0000033|mbackgroundid0000034|mbackgroundid0000035|mbackgroundid0000053|mbgmodelid0000031|mconcatfitid0000030|mdifffitid0000005|mdifffitid0000007|mdifffitid0000008|mdifffitid0000009|mdifffitid0000010|mdifffitid0000024|mdifffitid0000025|mdifffitid0000027|mdifffitid0000028|mdifffitid0000045|mdifffitid0000046|mdifffitid0000048|mprojectid0000002|mprojectid0000004|mprojectid0000039|mprojectid0000040|mprojectid0000041|mviewerid0000019|mviewerid0000057,0.200000,95.890000,0.209198,0.348827,79.406640,0.000000,16.483000,false,39.237000,45,1.597000,"{""h4d-standard-192-7"":58}","{""bora011"":0,""diablo03"":0,""h3-standard-88-2"":0,""h4d-standard-192-7"":0.019526}",[]
prism_cc_cost,hybrid_hetero,6,maddid0000018|maddid0000056|mbackgroundid0000013|mbackgroundid0000016|mbackgroundid0000033|mbackgroundid0000034|mbackgroundid0000035|mbackgroundid0000053|mbgmodelid0000031|mconcatfitid0000030|mdifffitid0000005|mdifffitid0000007|mdifffitid0000008|mdifffitid0000009|mdifffitid0000010|mdifffitid0000024|mdifffitid0000025|mdifffitid0000027|mdifffitid0000028|mdifffitid0000045|mdifffitid0000046|mdifffitid0000048|mprojectid0000002|mprojectid0000004|mprojectid0000039|mprojectid0000040|mprojectid0000041|mviewerid0000019|mviewerid0000057,0.200000,95.890000,0.209198,0.348827,79.406640,0.000000,16.483000,false,39.237000,45,200.597000,"{""h4d-standard-192-7"":58}","{""bora011"":0,""diablo03"":0,""h3-standard-88-2"":0,""h4d-standard-192-7"":0.019526}","[{""rank"":1,""recommended"":true,""feasible"":false,""budget_used"":0.209198,""budget_violation"":0,""makespan"":95.89,""deadline_violation"":16.483,""machine_signature"":""7c2740c41e85f3b1"",""weighted_score"":0.209198,""diversity_score"":0}]"
prism_cc_time,hybrid_hetero,6,maddid0000018|maddid0000056|mbackgroundid0000013|mbackgroundid0000016|mbackgroundid0000033|mbackgroundid0000034|mbackgroundid0000035|mbackgroundid0000053|mbgmodelid0000031|mconcatfitid0000030|mdifffitid0000005|mdifffitid0000007|mdifffitid0000008|mdifffitid0000009|mdifffitid0000010|mdifffitid0000024|mdifffitid0000025|mdifffitid0000027|mdifffitid0000028|mdifffitid0000045|mdifffitid0000046|mdifffitid0000048|mprojectid0000002|mprojectid0000004|mprojectid0000039|mprojectid0000040|mprojectid0000041|mviewerid0000019|mviewerid0000057,0.200000,95.890000,0.209198,0.348827,79.406640,0.000000,16.483000,false,39.237000,45,200.597000,"{""h4d-standard-192-7"":58}","{""bora011"":0,""diablo03"":0,""h3-standard-88-2"":0,""h4d-standard-192-7"":0.019526}","[{""rank"":1,""recommended"":true,""feasible"":false,""budget_used"":0.209198,""budget_violation"":0,""makespan"":95.89,""deadline_violation"":16.483,""machine_signature"":""7c2740c41e85f3b1"",""weighted_score"":1,""diversity_score"":0}]"
heft_colocation,hybrid_homo,6,maddid0000018|maddid0000056|mbackgroundid0000013|mbackgroundid0000016|mbackgroundid0000033|mbackgroundid0000034|mbackgroundid0000035|mbackgroundid0000053|mbgmodelid0000031|mconcatfitid0000030|mdifffitid0000005|mdifffitid0000007|mdifffitid0000008|mdifffitid0000009|mdifffitid0000010|mdifffitid0000024|mdifffitid0000025|mdifffitid0000027|mdifffitid0000028|mdifffitid0000045|mdifffitid0000046|mdifffitid0000048|mprojectid0000002|mprojectid0000004|mprojectid0000039|mprojectid0000040|mprojectid0000041|mviewerid0000019|mviewerid0000057,0.200000,95.151000,0.483080,0.607531,78.742107,0.000000,16.409000,false,13.017000,15,1.647000,"{""h4d-standard-192-5"":15,""h4d-standard-192-6"":43}","{""bora009"":0,""bora010"":0,""h4d-standard-192-5"":0.007403,""h4d-standard-192-6"":0.01084}",[]
prism_cc_cost,hybrid_homo,6,maddid0000018|maddid0000056|mbackgroundid0000013|mbackgroundid0000016|mbackgroundid0000033|mbackgroundid0000034|mbackgroundid0000035|mbackgroundid0000053|mbgmodelid0000031|mconcatfitid0000030|mdifffitid0000005|mdifffitid0000007|mdifffitid0000008|mdifffitid0000009|mdifffitid0000010|mdifffitid0000024|mdifffitid0000025|mdifffitid0000027|mdifffitid0000028|mdifffitid0000045|mdifffitid0000046|mdifffitid0000048|mprojectid0000002|mprojectid0000004|mprojectid0000039|mprojectid0000040|mprojectid0000041|mviewerid0000019|mviewerid0000057,0.200000,95.151000,0.483080,0.607531,78.742107,0.000000,16.409000,false,13.017000,15,286.699000,"{""h4d-standard-192-5"":15,""h4d-standard-192-6"":43}","{""bora009"":0,""bora010"":0,""h4d-standard-192-5"":0.007403,""h4d-standard-192-6"":0.01084}","[{""rank"":1,""recommended"":true,""feasible"":false,""budget_used"":0.48308,""budget_violation"":0,""makespan"":95.151,""deadline_violation"":16.409,""machine_signature"":""1187764befb36680"",""weighted_score"":0.48308,""diversity_score"":1.258621}]"
prism_cc_time,hybrid_homo,6,maddid0000018|maddid0000056|mbackgroundid0000013|mbackgroundid0000016|mbackgroundid0000033|mbackgroundid0000034|mbackgroundid0000035|mbackgroundid0000053|mbgmodelid0000031|mconcatfitid0000030|mdifffitid0000005|mdifffitid0000007|mdifffitid0000008|mdifffitid0000009|mdifffitid0000010|mdifffitid0000024|mdifffitid0000025|mdifffitid0000027|mdifffitid0000028|mdifffitid0000045|mdifffitid0000046|mdifffitid0000048|mprojectid0000002|mprojectid0000004|mprojectid0000039|mprojectid0000040|mprojectid0000041|mviewerid0000019|mviewerid0000057,0.200000,95.151000,0.483080,0.607531,78.742107,0.000000,16.409000,false,13.017000,15,286.699000,"{""h4d-standard-192-5"":15,""h4d-standard-192-6"":43}","{""bora009"":0,""bora010"":0,""h4d-standard-192-5"":0.007403,""h4d-standard-192-6"":0.01084}","[{""rank"":1,""recommended"":true,""feasible"":false,""budget_used"":0.48308,""budget_violation"":0,""makespan"":95.151,""deadline_violation"":16.409,""machine_signature"":""1187764befb36680"",""weighted_score"":1,""diversity_score"":1.258621}]"
heft_colocation,hybrid_raspberry_500mbps,6,maddid0000018|maddid0000056|mbackgroundid0000013|mbackgroundid0000016|mbackgroundid0000033|mbackgroundid0000034|mbackgroundid0000035|mbackgroundid0000053|mbgmodelid0000031|mconcatfitid0000030|mdifffitid0000005|mdifffitid0000007|mdifffitid0000008|mdifffitid0000009|mdifffitid0000010|mdifffitid0000024|mdifffitid0000025|mdifffitid0000027|mdifffitid0000028|mdifffitid0000045|mdifffitid0000046|mdifffitid0000048|mprojectid0000002|mprojectid0000004|mprojectid0000039|mprojectid0000040|mprojectid0000041|mviewerid0000019|mviewerid0000057,0.200000,144.791000,0.368284,0.533583,119.533547,0.000000,25.257000,false,42.904000,39,2.151000,"{""cloud-node-02"":54,""hpc-node-02"":4}","{""cloud-node-01"":0,""cloud-node-02"":0.064859,""hpc-node-01"":0,""hpc-node-02"":0.024425,""rpi-edge-01"":0,""rpi-edge-02"":0,""rpi-edge-03"":0,""rpi-edge-04"":0,""rpi-edge-05"":0,""rpi-edge-06"":0,""rpi-edge-07"":0,""rpi-edge-08"":0,""rpi-edge-09"":0,""rpi-edge-10"":0}",[]
prism_cc_cost,hybrid_raspberry_500mbps,6,maddid0000018|maddid0000056|mbackgroundid0000013|mbackgroundid0000016|mbackgroundid0000033|mbackgroundid0000034|mbackgroundid0000035|mbackgroundid0000053|mbgmodelid0000031|mconcatfitid0000030|mdifffitid0000005|mdifffitid0000007|mdifffitid0000008|mdifffitid0000009|mdifffitid0000010|mdifffitid0000024|mdifffitid0000025|mdifffitid0000027|mdifffitid0000028|mdifffitid0000045|mdifffitid0000046|mdifffitid0000048|mprojectid0000002|mprojectid0000004|mprojectid0000039|mprojectid0000040|mprojectid0000041|mviewerid0000019|mviewerid0000057,0.200000,144.791000,0.368284,0.533583,119.533547,0.000000,25.257000,false,42.904000,39,426.595000,"{""cloud-node-02"":54,""hpc-node-02"":4}","{""cloud-node-01"":0,""cloud-node-02"":0.064859,""hpc-node-01"":0,""hpc-node-02"":0.024425,""rpi-edge-01"":0,""rpi-edge-02"":0,""rpi-edge-03"":0,""rpi-edge-04"":0,""rpi-edge-05"":0,""rpi-edge-06"":0,""rpi-edge-07"":0,""rpi-edge-08"":0,""rpi-edge-09"":0,""rpi-edge-10"":0}","[{""rank"":1,""recommended"":true,""feasible"":false,""budget_used"":0.368284,""budget_violation"":0,""makespan"":144.791,""deadline_violation"":25.257,""machine_signature"":""71e3f715d37c67be"",""weighted_score"":0.368284,""diversity_score"":1.068966}]"
prism_cc_time,hybrid_raspberry_500mbps,6,maddid0000018|maddid0000056|mbackgroundid0000013|mbackgroundid0000016|mbackgroundid0000033|mbackgroundid0000034|mbackgroundid0000035|mbackgroundid0000053|mbgmodelid0000031|mconcatfitid0000030|mdifffitid0000005|mdifffitid0000007|mdifffitid0000008|mdifffitid0000009|mdifffitid0000010|mdifffitid0000024|mdifffitid0000025|mdifffitid0000027|mdifffitid0000028|mdifffitid0000045|mdifffitid0000046|mdifffitid0000048|mprojectid0000002|mprojectid0000004|mprojectid0000039|mprojectid0000040|mprojectid0000041|mviewerid0000019|mviewerid0000057,0.200000,144.791000,0.368284,0.533583,119.533547,0.000000,25.257000,false,42.904000,39,426.595000,"{""cloud-node-02"":54,""hpc-node-02"":4}","{""cloud-node-01"":0,""cloud-node-02"":0.064859,""hpc-node-01"":0,""hpc-node-02"":0.024425,""rpi-edge-01"":0,""rpi-edge-02"":0,""rpi-edge-03"":0,""rpi-edge-04"":0,""rpi-edge-05"":0,""rpi-edge-06"":0,""rpi-edge-07"":0,""rpi-edge-08"":0,""rpi-edge-09"":0,""rpi-edge-10"":0}","[{""rank"":1,""recommended"":true,""feasible"":false,""budget_used"":0.368284,""budget_violation"":0,""makespan"":144.791,""deadline_violation"":25.257,""machine_signature"":""71e3f715d37c67be"",""weighted_score"":1,""diversity_score"":1.068966}]"
heft_colocation,cloud_hetero,7,maddid0000056|mbackgroundid0000013|mbackgroundid0000014|mbackgroundid0000033|mbackgroundid0000034|mbackgroundid0000035|mbackgroundid0000054|mbgmodelid0000012|mbgmodelid0000031|mconcatfitid0000030|mdifffitid0000005|mdifffitid0000008|mdifffitid0000009|mdifffitid0000010|mdifffitid0000027|mdifffitid0000028|mdifffitid0000043|mdifffitid0000046|mimgtblid0000017|mimgtblid0000055|mprojectid0000001|mprojectid0000002|mprojectid0000003|mprojectid0000020|mprojectid0000021|mprojectid0000022|mprojectid0000023|mviewerid0000019|mviewerid0000058,0.200000,95.290000,0.522327,0.641828,78.742107,0.000000,16.548000,false,24.344000,16,1.791000,"{""h4d-highmem-192-1"":42,""h4d-standard-192-1"":16}","{""h3-standard-88-1"":0,""h3-standard-88-2"":0,""h4d-highmem-192-1"":0.010847,""h4d-standard-192-1"":0.007988}",[]
prism_cc_cost,cloud_hetero,7,maddid0000056|mbackgroundid0000013|mbackgroundid0000014|mbackgroundid0000033|mbackgroundid0000034|mbackgroundid0000035|mbackgroundid0000054|mbgmodelid0000012|mbgmodelid0000031|mconcatfitid0000030|mdifffitid0000005|mdifffitid0000008|mdifffitid0000009|mdifffitid0000010|mdifffitid0000027|mdifffitid0000028|mdifffitid0000043|mdifffitid0000046|mimgtblid0000017|mimgtblid0000055|mprojectid0000001|mprojectid0000002|mprojectid0000003|mprojectid0000020|mprojectid0000021|mprojectid0000022|mprojectid0000023|mviewerid0000019|mviewerid0000058,0.200000,95.290000,0.522327,0.641828,78.742107,0.000000,16.548000,false,24.344000,16,218.946000,"{""h4d-highmem-192-1"":42,""h4d-standard-192-1"":16}","{""h3-standard-88-1"":0,""h3-standard-88-2"":0,""h4d-highmem-192-1"":0.010847,""h4d-standard-192-1"":0.007988}","[{""rank"":1,""recommended"":true,""feasible"":false,""budget_used"":0.206018,""budget_violation"":0,""makespan"":94.433,""deadline_violation"":15.691,""machine_signature"":""ad2929b6e42e0a4a"",""weighted_score"":0.206018,""diversity_score"":0},{""rank"":2,""recommended"":false,""feasible"":false,""budget_used"":0.522327,""budget_violation"":0,""makespan"":95.29,""deadline_violation"":16.548,""machine_signature"":""ed9ef44b9b753e37"",""weighted_score"":0.522327,""diversity_score"":1.275862}]"
prism_cc_time,cloud_hetero,7,maddid0000056|mbackgroundid0000013|mbackgroundid0000014|mbackgroundid0000033|mbackgroundid0000034|mbackgroundid0000035|mbackgroundid0000054|mbgmodelid0000012|mbgmodelid0000031|mconcatfitid0000030|mdifffitid0000005|mdifffitid0000008|mdifffitid0000009|mdifffitid0000010|mdifffitid0000027|mdifffitid0000028|mdifffitid0000043|mdifffitid0000046|mimgtblid0000017|mimgtblid0000055|mprojectid0000001|mprojectid0000002|mprojectid0000003|mprojectid0000020|mprojectid0000021|mprojectid0000022|mprojectid0000023|mviewerid0000019|mviewerid0000058,0.200000,94.433000,0.206018,0.641828,78.742107,0.000000,15.691000,false,59.378000,38,218.946000,"{""h4d-standard-192-1"":58}","{""h3-standard-88-1"":0,""h3-standard-88-2"":0,""h4d-highmem-192-1"":0,""h4d-standard-192-1"":0.020939}","[{""rank"":1,""recommended"":true,""feasible"":false,""budget_used"":0.206018,""budget_violation"":0,""makespan"":94.433,""deadline_violation"":15.691,""machine_signature"":""ad2929b6e42e0a4a"",""weighted_score"":0.991006,""diversity_score"":0},{""rank"":2,""recommended"":false,""feasible"":false,""budget_used"":0.522327,""budget_violation"":0,""makespan"":95.29,""deadline_violation"":16.548,""machine_signature"":""ed9ef44b9b753e37"",""weighted_score"":1,""diversity_score"":1.275862}]"
heft_colocation,cloud_homo,7,maddid0000056|mbackgroundid0000013|mbackgroundid0000014|mbackgroundid0000033|mbackgroundid0000034|mbackgroundid0000035|mbackgroundid0000054|mbgmodelid0000012|mbgmodelid0000031|mconcatfitid0000030|mdifffitid0000005|mdifffitid0000008|mdifffitid0000009|mdifffitid0000010|mdifffitid0000027|mdifffitid0000028|mdifffitid0000043|mdifffitid0000046|mimgtblid0000017|mimgtblid0000055|mprojectid0000001|mprojectid0000002|mprojectid0000003|mprojectid0000020|mprojectid0000021|mprojectid0000022|mprojectid0000023|mviewerid0000019|mviewerid0000058,0.200000,99.816000,0.851420,1.059152,79.706000,0.000000,20.110000,false,6.798000,4,3.290000,"{""h4d-standard-192-1"":15,""h4d-standard-192-2"":4,""h4d-standard-192-3"":10,""h4d-standard-192-4"":29}","{""h4d-standard-192-1"":0.003299,""h4d-standard-192-2"":0.002231,""h4d-standard-192-3"":0.004548,""h4d-standard-192-4"":0.006988}",[]
prism_cc_cost,cloud_homo,7,maddid0000056|mbackgroundid0000013|mbackgroundid0000014|mbackgroundid0000033|mbackgroundid0000034|mbackgroundid0000035|mbackgroundid0000054|mbgmodelid0000012|mbgmodelid0000031|mconcatfitid0000030|mdifffitid0000005|mdifffitid0000008|mdifffitid0000009|mdifffitid0000010|mdifffitid0000027|mdifffitid0000028|mdifffitid0000043|mdifffitid0000046|mimgtblid0000017|mimgtblid0000055|mprojectid0000001|mprojectid0000002|mprojectid0000003|mprojectid0000020|mprojectid0000021|mprojectid0000022|mprojectid0000023|mviewerid0000019|mviewerid0000058,0.200000,99.816000,0.851420,1.059152,79.706000,0.000000,20.110000,false,6.798000,4,257.454000,"{""h4d-standard-192-1"":15,""h4d-standard-192-2"":4,""h4d-standard-192-3"":10,""h4d-standard-192-4"":29}","{""h4d-standard-192-1"":0.003299,""h4d-standard-192-2"":0.002231,""h4d-standard-192-3"":0.004548,""h4d-standard-192-4"":0.006988}","[{""rank"":1,""recommended"":true,""feasible"":false,""budget_used"":0.2027,""budget_violation"":0,""makespan"":92.915,""deadline_violation"":13.209,""machine_signature"":""a6b7412f09618618"",""weighted_score"":0.2027,""diversity_score"":0},{""rank"":2,""recommended"":false,""feasible"":false,""budget_used"":0.85142,""budget_violation"":0,""makespan"":99.816,""deadline_violation"":20.11,""machine_signature"":""c1afddb23e5356f4"",""weighted_score"":0.85142,""diversity_score"":3.5}]"
prism_cc_time,cloud_homo,7,maddid0000056|mbackgroundid0000013|mbackgroundid0000014|mbackgroundid0000033|mbackgroundid0000034|mbackgroundid0000035|mbackgroundid0000054|mbgmodelid0000012|mbgmodelid0000031|mconcatfitid0000030|mdifffitid0000005|mdifffitid0000008|mdifffitid0000009|mdifffitid0000010|mdifffitid0000027|mdifffitid0000028|mdifffitid0000043|mdifffitid0000046|mimgtblid0000017|mimgtblid0000055|mprojectid0000001|mprojectid0000002|mprojectid0000003|mprojectid0000020|mprojectid0000021|mprojectid0000022|mprojectid0000023|mviewerid0000019|mviewerid0000058,0.200000,92.915000,0.202700,1.059152,79.706000,0.000000,13.209000,false,59.608000,43,257.454000,"{""h4d-standard-192-1"":58}","{""h4d-standard-192-1"":0.021294,""h4d-standard-192-2"":0,""h4d-standard-192-3"":0,""h4d-standard-192-4"":0}","[{""rank"":1,""recommended"":true,""feasible"":false,""budget_used"":0.2027,""budget_violation"":0,""makespan"":92.915,""deadline_violation"":13.209,""machine_signature"":""a6b7412f09618618"",""weighted_score"":0.930863,""diversity_score"":0},{""rank"":2,""recommended"":false,""feasible"":false,""budget_used"":0.85142,""budget_violation"":0,""makespan"":99.816,""deadline_violation"":20.11,""machine_signature"":""c1afddb23e5356f4"",""weighted_score"":1,""diversity_score"":3.5}]"
heft_colocation,cluster_hetero,7,maddid0000056|mbackgroundid0000013|mbackgroundid0000014|mbackgroundid0000033|mbackgroundid0000034|mbackgroundid0000035|mbackgroundid0000054|mbgmodelid0000012|mbgmodelid0000031|mconcatfitid0000030|mdifffitid0000005|mdifffitid0000008|mdifffitid0000009|mdifffitid0000010|mdifffitid0000027|mdifffitid0000028|mdifffitid0000043|mdifffitid0000046|mimgtblid0000017|mimgtblid0000055|mprojectid0000001|mprojectid0000002|mprojectid0000003|mprojectid0000020|mprojectid0000021|mprojectid0000022|mprojectid0000023|mviewerid0000019|mviewerid0000058,0.200000,287.957000,0.000000,0.000000,235.839680,0.000000,52.117000,false,70.442000,11,1.027000,"{""bora005"":35,""bora006"":19,""diablo01"":3,""diablo02"":1}","{""bora005"":0.096558,""bora006"":0.067982,""diablo01"":0.005436,""diablo02"":0.003955}",[]
prism_cc_cost,cluster_hetero,7,maddid0000056|mbackgroundid0000013|mbackgroundid0000014|mbackgroundid0000033|mbackgroundid0000034|mbackgroundid0000035|mbackgroundid0000054|mbgmodelid0000012|mbgmodelid0000031|mconcatfitid0000030|mdifffitid0000005|mdifffitid0000008|mdifffitid0000009|mdifffitid0000010|mdifffitid0000027|mdifffitid0000028|mdifffitid0000043|mdifffitid0000046|mimgtblid0000017|mimgtblid0000055|mprojectid0000001|mprojectid0000002|mprojectid0000003|mprojectid0000020|mprojectid0000021|mprojectid0000022|mprojectid0000023|mviewerid0000019|mviewerid0000058,0.200000,287.957000,0.000000,0.000000,235.839680,0.000000,52.117000,false,70.442000,11,151.468000,"{""bora005"":35,""bora006"":19,""diablo01"":3,""diablo02"":1}","{""bora005"":0.096558,""bora006"":0.067982,""diablo01"":0.005436,""diablo02"":0.003955}","[{""rank"":1,""recommended"":true,""feasible"":false,""budget_used"":0,""budget_violation"":0,""makespan"":287.957,""deadline_violation"":52.117,""machine_signature"":""060d8326279b45fe"",""weighted_score"":0,""diversity_score"":3.396552}]"
prism_cc_time,cluster_hetero,7,maddid0000056|mbackgroundid0000013|mbackgroundid0000014|mbackgroundid0000033|mbackgroundid0000034|mbackgroundid0000035|mbackgroundid0000054|mbgmodelid0000012|mbgmodelid0000031|mconcatfitid0000030|mdifffitid0000005|mdifffitid0000008|mdifffitid0000009|mdifffitid0000010|mdifffitid0000027|mdifffitid0000028|mdifffitid0000043|mdifffitid0000046|mimgtblid0000017|mimgtblid0000055|mprojectid0000001|mprojectid0000002|mprojectid0000003|mprojectid0000020|mprojectid0000021|mprojectid0000022|mprojectid0000023|mviewerid0000019|mviewerid0000058,0.200000,287.957000,0.000000,0.000000,235.839680,0.000000,52.117000,false,70.442000,11,151.468000,"{""bora005"":35,""bora006"":19,""diablo01"":3,""diablo02"":1}","{""bora005"":0.096558,""bora006"":0.067982,""diablo01"":0.005436,""diablo02"":0.003955}","[{""rank"":1,""recommended"":true,""feasible"":false,""budget_used"":0,""budget_violation"":0,""makespan"":287.957,""deadline_violation"":52.117,""machine_signature"":""060d8326279b45fe"",""weighted_score"":1,""diversity_score"":3.396552}]"
heft_colocation,cluster_homo,7,maddid0000056|mbackgroundid0000013|mbackgroundid0000014|mbackgroundid0000033|mbackgroundid0000034|mbackgroundid0000035|mbackgroundid0000054|mbgmodelid0000012|mbgmodelid0000031|mconcatfitid0000030|mdifffitid0000005|mdifffitid0000008|mdifffitid0000009|mdifffitid0000010|mdifffitid0000027|mdifffitid0000028|mdifffitid0000043|mdifffitid0000046|mimgtblid0000017|mimgtblid0000055|mprojectid0000001|mprojectid0000002|mprojectid0000003|mprojectid0000020|mprojectid0000021|mprojectid0000022|mprojectid0000023|mviewerid0000019|mviewerid0000058,0.200000,287.957000,0.000000,0.000000,230.365600,0.000000,57.591000,false,38.229000,7,0.957000,"{""bora001"":16,""bora002"":4,""bora003"":13,""bora004"":25}","{""bora001"":0.033606,""bora002"":0.022841,""bora003"":0.047411,""bora004"":0.070949}",[]
prism_cc_cost,cluster_homo,7,maddid0000056|mbackgroundid0000013|mbackgroundid0000014|mbackgroundid0000033|mbackgroundid0000034|mbackgroundid0000035|mbackgroundid0000054|mbgmodelid0000012|mbgmodelid0000031|mconcatfitid0000030|mdifffitid0000005|mdifffitid0000008|mdifffitid0000009|mdifffitid0000010|mdifffitid0000027|mdifffitid0000028|mdifffitid0000043|mdifffitid0000046|mimgtblid0000017|mimgtblid0000055|mprojectid0000001|mprojectid0000002|mprojectid0000003|mprojectid0000020|mprojectid0000021|mprojectid0000022|mprojectid0000023|mviewerid0000019|mviewerid0000058,0.200000,287.957000,0.000000,0.000000,230.365600,0.000000,57.591000,false,38.229000,7,137.474000,"{""bora001"":16,""bora002"":4,""bora003"":13,""bora004"":25}","{""bora001"":0.033606,""bora002"":0.022841,""bora003"":0.047411,""bora004"":0.070949}","[{""rank"":1,""recommended"":true,""feasible"":false,""budget_used"":0,""budget_violation"":0,""makespan"":287.957,""deadline_violation"":57.591,""machine_signature"":""fd7136cf98f3914c"",""weighted_score"":0,""diversity_score"":3.568966}]"
prism_cc_time,cluster_homo,7,maddid0000056|mbackgroundid0000013|mbackgroundid0000014|mbackgroundid0000033|mbackgroundid0000034|mbackgroundid0000035|mbackgroundid0000054|mbgmodelid0000012|mbgmodelid0000031|mconcatfitid0000030|mdifffitid0000005|mdifffitid0000008|mdifffitid0000009|mdifffitid0000010|mdifffitid0000027|mdifffitid0000028|mdifffitid0000043|mdifffitid0000046|mimgtblid0000017|mimgtblid0000055|mprojectid0000001|mprojectid0000002|mprojectid0000003|mprojectid0000020|mprojectid0000021|mprojectid0000022|mprojectid0000023|mviewerid0000019|mviewerid0000058,0.200000,287.957000,0.000000,0.000000,230.365600,0.000000,57.591000,false,38.229000,7,137.474000,"{""bora001"":16,""bora002"":4,""bora003"":13,""bora004"":25}","{""bora001"":0.033606,""bora002"":0.022841,""bora003"":0.047411,""bora004"":0.070949}","[{""rank"":1,""recommended"":true,""feasible"":false,""budget_used"":0,""budget_violation"":0,""makespan"":287.957,""deadline_violation"":57.591,""machine_signature"":""fd7136cf98f3914c"",""weighted_score"":1,""diversity_score"":3.568966}]"
heft_colocation,hybrid_hetero,7,maddid0000056|mbackgroundid0000013|mbackgroundid0000014|mbackgroundid0000033|mbackgroundid0000034|mbackgroundid0000035|mbackgroundid0000054|mbgmodelid0000012|mbgmodelid0000031|mconcatfitid0000030|mdifffitid0000005|mdifffitid0000008|mdifffitid0000009|mdifffitid0000010|mdifffitid0000027|mdifffitid0000028|mdifffitid0000043|mdifffitid0000046|mimgtblid0000017|mimgtblid0000055|mprojectid0000001|mprojectid0000002|mprojectid0000003|mprojectid0000020|mprojectid0000021|mprojectid0000022|mprojectid0000023|mviewerid0000019|mviewerid0000058,0.200000,92.891000,0.268030,0.348827,79.406640,0.000000,13.484000,false,46.951000,33,1.453000,"{""h3-standard-88-2"":1,""h4d-standard-192-7"":57}","{""bora011"":0,""diablo03"":0,""h3-standard-88-2"":0.002532,""h4d-standard-192-7"":0.019998}",[]
prism_cc_cost,hybrid_hetero,7,maddid0000056|mbackgroundid0000013|mbackgroundid0000014|mbackgroundid0000033|mbackgroundid0000034|mbackgroundid0000035|mbackgroundid0000054|mbgmodelid0000012|mbgmodelid0000031|mconcatfitid0000030|mdifffitid0000005|mdifffitid0000008|mdifffitid0000009|mdifffitid0000010|mdifffitid0000027|mdifffitid0000028|mdifffitid0000043|mdifffitid0000046|mimgtblid0000017|mimgtblid0000055|mprojectid0000001|mprojectid0000002|mprojectid0000003|mprojectid0000020|mprojectid0000021|mprojectid0000022|mprojectid0000023|mviewerid0000019|mviewerid0000058,0.200000,92.891000,0.268030,0.348827,79.406640,0.000000,13.484000,false,46.951000,33,223.041000,"{""h3-standard-88-2"":1,""h4d-standard-192-7"":57}","{""bora011"":0,""diablo03"":0,""h3-standard-88-2"":0.002532,""h4d-standard-192-7"":0.019998}","[{""rank"":1,""recommended"":true,""feasible"":false,""budget_used"":0.26803,""budget_violation"":0,""makespan"":92.891,""deadline_violation"":13.484,""machine_signature"":""42eaf357e7d7f253"",""weighted_score"":0.26803,""diversity_score"":1.017241}]"
prism_cc_time,hybrid_hetero,7,maddid0000056|mbackgroundid0000013|mbackgroundid0000014|mbackgroundid0000033|mbackgroundid0000034|mbackgroundid0000035|mbackgroundid0000054|mbgmodelid0000012|mbgmodelid0000031|mconcatfitid0000030|mdifffitid0000005|mdifffitid0000008|mdifffitid0000009|mdifffitid0000010|mdifffitid0000027|mdifffitid0000028|mdifffitid0000043|mdifffitid0000046|mimgtblid0000017|mimgtblid0000055|mprojectid0000001|mprojectid0000002|mprojectid0000003|mprojectid0000020|mprojectid0000021|mprojectid0000022|mprojectid0000023|mviewerid0000019|mviewerid0000058,0.200000,92.891000,0.268030,0.348827,79.406640,0.000000,13.484000,false,46.951000,33,223.041000,"{""h3-standard-88-2"":1,""h4d-standard-192-7"":57}","{""bora011"":0,""diablo03"":0,""h3-standard-88-2"":0.002532,""h4d-standard-192-7"":0.019998}","[{""rank"":1,""recommended"":true,""feasible"":false,""budget_used"":0.26803,""budget_violation"":0,""makespan"":92.891,""deadline_violation"":13.484,""machine_signature"":""42eaf357e7d7f253"",""weighted_score"":1,""diversity_score"":1.017241}]"
heft_colocation,hybrid_homo,7,maddid0000056|mbackgroundid0000013|mbackgroundid0000014|mbackgroundid0000033|mbackgroundid0000034|mbackgroundid0000035|mbackgroundid0000054|mbgmodelid0000012|mbgmodelid0000031|mconcatfitid0000030|mdifffitid0000005|mdifffitid0000008|mdifffitid0000009|mdifffitid0000010|mdifffitid0000027|mdifffitid0000028|mdifffitid0000043|mdifffitid0000046|mimgtblid0000017|mimgtblid0000055|mprojectid0000001|mprojectid0000002|mprojectid0000003|mprojectid0000020|mprojectid0000021|mprojectid0000022|mprojectid0000023|mviewerid0000019|mviewerid0000058,0.200000,95.290000,0.495604,0.607531,78.742107,0.000000,16.548000,false,24.073000,16,1.925000,"{""h4d-standard-192-5"":16,""h4d-standard-192-6"":42}","{""bora009"":0,""bora010"":0,""h4d-standard-192-5"":0.00787,""h4d-standard-192-6"":0.01095}",[]
prism_cc_cost,hybrid_homo,7,maddid0000056|mbackgroundid0000013|mbackgroundid0000014|mbackgroundid0000033|mbackgroundid0000034|mbackgroundid0000035|mbackgroundid0000054|mbgmodelid0000012|mbgmodelid0000031|mconcatfitid0000030|mdifffitid0000005|mdifffitid0000008|mdifffitid0000009|mdifffitid0000010|mdifffitid0000027|mdifffitid0000028|mdifffitid0000043|mdifffitid0000046|mimgtblid0000017|mimgtblid0000055|mprojectid0000001|mprojectid0000002|mprojectid0000003|mprojectid0000020|mprojectid0000021|mprojectid0000022|mprojectid0000023|mviewerid0000019|mviewerid0000058,0.200000,95.290000,0.495604,0.607531,78.742107,0.000000,16.548000,false,24.073000,16,267.614000,"{""h4d-standard-192-5"":16,""h4d-standard-192-6"":42}","{""bora009"":0,""bora010"":0,""h4d-standard-192-5"":0.00787,""h4d-standard-192-6"":0.01095}","[{""rank"":1,""recommended"":true,""feasible"":false,""budget_used"":0.495604,""budget_violation"":0,""makespan"":95.29,""deadline_violation"":16.548,""machine_signature"":""41770e18862c0b5c"",""weighted_score"":0.495604,""diversity_score"":1.275862}]"
prism_cc_time,hybrid_homo,7,maddid0000056|mbackgroundid0000013|mbackgroundid0000014|mbackgroundid0000033|mbackgroundid0000034|mbackgroundid0000035|mbackgroundid0000054|mbgmodelid0000012|mbgmodelid0000031|mconcatfitid0000030|mdifffitid0000005|mdifffitid0000008|mdifffitid0000009|mdifffitid0000010|mdifffitid0000027|mdifffitid0000028|mdifffitid0000043|mdifffitid0000046|mimgtblid0000017|mimgtblid0000055|mprojectid0000001|mprojectid0000002|mprojectid0000003|mprojectid0000020|mprojectid0000021|mprojectid0000022|mprojectid0000023|mviewerid0000019|mviewerid0000058,0.200000,95.290000,0.495604,0.607531,78.742107,0.000000,16.548000,false,24.073000,16,267.614000,"{""h4d-standard-192-5"":16,""h4d-standard-192-6"":42}","{""bora009"":0,""bora010"":0,""h4d-standard-192-5"":0.00787,""h4d-standard-192-6"":0.01095}","[{""rank"":1,""recommended"":true,""feasible"":false,""budget_used"":0.495604,""budget_violation"":0,""makespan"":95.29,""deadline_violation"":16.548,""machine_signature"":""41770e18862c0b5c"",""weighted_score"":1,""diversity_score"":1.275862}]"
heft_colocation,hybrid_raspberry_500mbps,7,maddid0000056|mbackgroundid0000013|mbackgroundid0000014|mbackgroundid0000033|mbackgroundid0000034|mbackgroundid0000035|mbackgroundid0000054|mbgmodelid0000012|mbgmodelid0000031|mconcatfitid0000030|mdifffitid0000005|mdifffitid0000008|mdifffitid0000009|mdifffitid0000010|mdifffitid0000027|mdifffitid0000028|mdifffitid0000043|mdifffitid0000046|mimgtblid0000017|mimgtblid0000055|mprojectid0000001|mprojectid0000002|mprojectid0000003|mprojectid0000020|mprojectid0000021|mprojectid0000022|mprojectid0000023|mviewerid0000019|mviewerid0000058,0.200000,135.525000,0.458914,0.533583,119.533547,0.000000,15.991000,false,70.404000,32,4.048000,"{""cloud-node-02"":53,""hpc-node-02"":5}","{""cloud-node-01"":0,""cloud-node-02"":0.06976,""hpc-node-01"":0,""hpc-node-02"":0.03297,""rpi-edge-01"":0,""rpi-edge-02"":0,""rpi-edge-03"":0,""rpi-edge-04"":0,""rpi-edge-05"":0,""rpi-edge-06"":0,""rpi-edge-07"":0,""rpi-edge-08"":0,""rpi-edge-09"":0,""rpi-edge-10"":0}",[]
prism_cc_cost,hybrid_raspberry_500mbps,7,maddid0000056|mbackgroundid0000013|mbackgroundid0000014|mbackgroundid0000033|mbackgroundid0000034|mbackgroundid0000035|mbackgroundid0000054|mbgmodelid0000012|mbgmodelid0000031|mconcatfitid0000030|mdifffitid0000005|mdifffitid0000008|mdifffitid0000009|mdifffitid0000010|mdifffitid0000027|mdifffitid0000028|mdifffitid0000043|mdifffitid0000046|mimgtblid0000017|mimgtblid0000055|mprojectid0000001|mprojectid0000002|mprojectid0000003|mprojectid0000020|mprojectid0000021|mprojectid0000022|mprojectid0000023|mviewerid0000019|mviewerid0000058,0.200000,135.525000,0.458914,0.533583,119.533547,0.000000,15.991000,false,70.404000,32,417.867000,"{""cloud-node-02"":53,""hpc-node-02"":5}","{""cloud-node-01"":0,""cloud-node-02"":0.06976,""hpc-node-01"":0,""hpc-node-02"":0.03297,""rpi-edge-01"":0,""rpi-edge-02"":0,""rpi-edge-03"":0,""rpi-edge-04"":0,""rpi-edge-05"":0,""rpi-edge-06"":0,""rpi-edge-07"":0,""rpi-edge-08"":0,""rpi-edge-09"":0,""rpi-edge-10"":0}","[{""rank"":1,""recommended"":true,""feasible"":false,""budget_used"":0.458914,""budget_violation"":0,""makespan"":135.525,""deadline_violation"":15.991,""machine_signature"":""e7ec1cad1c49f4cd"",""weighted_score"":0.458914,""diversity_score"":1.086207}]"
prism_cc_time,hybrid_raspberry_500mbps,7,maddid0000056|mbackgroundid0000013|mbackgroundid0000014|mbackgroundid0000033|mbackgroundid0000034|mbackgroundid0000035|mbackgroundid0000054|mbgmodelid0000012|mbgmodelid0000031|mconcatfitid0000030|mdifffitid0000005|mdifffitid0000008|mdifffitid0000009|mdifffitid0000010|mdifffitid0000027|mdifffitid0000028|mdifffitid0000043|mdifffitid0000046|mimgtblid0000017|mimgtblid0000055|mprojectid0000001|mprojectid0000002|mprojectid0000003|mprojectid0000020|mprojectid0000021|mprojectid0000022|mprojectid0000023|mviewerid0000019|mviewerid0000058,0.200000,135.525000,0.458914,0.533583,119.533547,0.000000,15.991000,false,70.404000,32,417.867000,"{""cloud-node-02"":53,""hpc-node-02"":5}","{""cloud-node-01"":0,""cloud-node-02"":0.06976,""hpc-node-01"":0,""hpc-node-02"":0.03297,""rpi-edge-01"":0,""rpi-edge-02"":0,""rpi-edge-03"":0,""rpi-edge-04"":0,""rpi-edge-05"":0,""rpi-edge-06"":0,""rpi-edge-07"":0,""rpi-edge-08"":0,""rpi-edge-09"":0,""rpi-edge-10"":0}","[{""rank"":1,""recommended"":true,""feasible"":false,""budget_used"":0.458914,""budget_violation"":0,""makespan"":135.525,""deadline_violation"":15.991,""machine_signature"":""e7ec1cad1c49f4cd"",""weighted_score"":1,""diversity_score"":1.086207}]"
heft_colocation,cloud_hetero,8,maddid0000018|maddid0000037|maddid0000056|mbackgroundid0000014|mbackgroundid0000016|mbackgroundid0000032|mbackgroundid0000033|mbackgroundid0000035|mbackgroundid0000052|mbackgroundid0000053|mbgmodelid0000012|mbgmodelid0000031|mbgmodelid0000050|mdifffitid0000006|mdifffitid0000008|mdifffitid0000024|mdifffitid0000043|mdifffitid0000044|mdifffitid0000045|mimgtblid0000036|mprojectid0000003|mprojectid0000004|mprojectid0000020|mprojectid0000021|mprojectid0000039|mprojectid0000040|mprojectid0000042|mviewerid0000038|mviewerid0000057,0.200000,96.660000,0.512835,0.641828,78.742107,0.000000,17.918000,false,29.191000,17,1.794000,"{""h4d-highmem-192-1"":43,""h4d-standard-192-1"":15}","{""h3-standard-88-1"":0,""h3-standard-88-2"":0,""h4d-highmem-192-1"":0.011198,""h4d-standard-192-1"":0.007632}",[]
prism_cc_cost,cloud_hetero,8,maddid0000018|maddid0000037|maddid0000056|mbackgroundid0000014|mbackgroundid0000016|mbackgroundid0000032|mbackgroundid0000033|mbackgroundid0000035|mbackgroundid0000052|mbackgroundid0000053|mbgmodelid0000012|mbgmodelid0000031|mbgmodelid0000050|mdifffitid0000006|mdifffitid0000008|mdifffitid0000024|mdifffitid0000043|mdifffitid0000044|mdifffitid0000045|mimgtblid0000036|mprojectid0000003|mprojectid0000004|mprojectid0000020|mprojectid0000021|mprojectid0000039|mprojectid0000040|mprojectid0000042|mviewerid0000038|mviewerid0000057,0.200000,96.660000,0.512835,0.641828,78.742107,0.000000,17.918000,false,29.191000,17,297.559000,"{""h4d-highmem-192-1"":43,""h4d-standard-192-1"":15}","{""h3-standard-88-1"":0,""h3-standard-88-2"":0,""h4d-highmem-192-1"":0.011198,""h4d-standard-192-1"":0.007632}","[{""rank"":1,""recommended"":true,""feasible"":false,""budget_used"":0.512835,""budget_violation"":0,""makespan"":96.66,""deadline_violation"":17.918,""machine_signature"":""70bafc814bec6030"",""weighted_score"":0.512835,""diversity_score"":1.258621}]"
prism_cc_time,cloud_hetero,8,maddid0000018|maddid0000037|maddid0000056|mbackgroundid0000014|mbackgroundid0000016|mbackgroundid0000032|mbackgroundid0000033|mbackgroundid0000035|mbackgroundid0000052|mbackgroundid0000053|mbgmodelid0000012|mbgmodelid0000031|mbgmodelid0000050|mdifffitid0000006|mdifffitid0000008|mdifffitid0000024|mdifffitid0000043|mdifffitid0000044|mdifffitid0000045|mimgtblid0000036|mprojectid0000003|mprojectid0000004|mprojectid0000020|mprojectid0000021|mprojectid0000039|mprojectid0000040|mprojectid0000042|mviewerid0000038|mviewerid0000057,0.200000,96.660000,0.512835,0.641828,78.742107,0.000000,17.918000,false,29.191000,17,297.559000,"{""h4d-highmem-192-1"":43,""h4d-standard-192-1"":15}","{""h3-standard-88-1"":0,""h3-standard-88-2"":0,""h4d-highmem-192-1"":0.011198,""h4d-standard-192-1"":0.007632}","[{""rank"":1,""recommended"":true,""feasible"":false,""budget_used"":0.512835,""budget_violation"":0,""makespan"":96.66,""deadline_violation"":17.918,""machine_signature"":""70bafc814bec6030"",""weighted_score"":1,""diversity_score"":1.258621}]"
heft_colocation,cloud_homo,8,maddid0000018|maddid0000037|maddid0000056|mbackgroundid0000014|mbackgroundid0000016|mbackgroundid0000032|mbackgroundid0000033|mbackgroundid0000035|mbackgroundid0000052|mbackgroundid0000053|mbgmodelid0000012|mbgmodelid0000031|mbgmodelid0000050|mdifffitid0000006|mdifffitid0000008|mdifffitid0000024|mdifffitid0000043|mdifffitid0000044|mdifffitid0000045|mimgtblid0000036|mprojectid0000003|mprojectid0000004|mprojectid0000020|mprojectid0000021|mprojectid0000039|mprojectid0000040|mprojectid0000042|mviewerid0000038|mviewerid0000057,0.200000,97.995000,0.860439,1.059152,79.706000,0.000000,18.289000,false,7.466000,7,2.684000,"{""h4d-standard-192-1"":28,""h4d-standard-192-2"":19,""h4d-standard-192-3"":5,""h4d-standard-192-4"":6}","{""h4d-standard-192-1"":0.005599,""h4d-standard-192-2"":0.005037,""h4d-standard-192-3"":0.002734,""h4d-standard-192-4"":0.004048}",[]
prism_cc_cost,cloud_homo,8,maddid0000018|maddid0000037|maddid0000056|mbackgroundid0000014|mbackgroundid0000016|mbackgroundid0000032|mbackgroundid0000033|mbackgroundid0000035|mbackgroundid0000052|mbackgroundid0000053|mbgmodelid0000012|mbgmodelid0000031|mbgmodelid0000050|mdifffitid0000006|mdifffitid0000008|mdifffitid0000024|mdifffitid0000043|mdifffitid0000044|mdifffitid0000045|mimgtblid0000036|mprojectid0000003|mprojectid0000004|mprojectid0000020|mprojectid0000021|mprojectid0000039|mprojectid0000040|mprojectid0000042|mviewerid0000038|mviewerid0000057,0.200000,97.995000,0.860439,1.059152,79.706000,0.000000,18.289000,false,7.466000,7,321.345000,"{""h4d-standard-192-1"":28,""h4d-standard-192-2"":19,""h4d-standard-192-3"":5,""h4d-standard-192-4"":6}","{""h4d-standard-192-1"":0.005599,""h4d-standard-192-2"":0.005037,""h4d-standard-192-3"":0.002734,""h4d-standard-192-4"":0.004048}","[{""rank"":1,""recommended"":true,""feasible"":false,""budget_used"":0.860439,""budget_violation"":0,""makespan"":97.995,""deadline_violation"":18.289,""machine_signature"":""cb515bb32488b8c3"",""weighted_score"":0.860439,""diversity_score"":3.517241}]"
prism_cc_time,cloud_homo,8,maddid0000018|maddid0000037|maddid0000056|mbackgroundid0000014|mbackgroundid0000016|mbackgroundid0000032|mbackgroundid0000033|mbackgroundid0000035|mbackgroundid0000052|mbackgroundid0000053|mbgmodelid0000012|mbgmodelid0000031|mbgmodelid0000050|mdifffitid0000006|mdifffitid0000008|mdifffitid0000024|mdifffitid0000043|mdifffitid0000044|mdifffitid0000045|mimgtblid0000036|mprojectid0000003|mprojectid0000004|mprojectid0000020|mprojectid0000021|mprojectid0000039|mprojectid0000040|mprojectid0000042|mviewerid0000038|mviewerid0000057,0.200000,97.995000,0.860439,1.059152,79.706000,0.000000,18.289000,false,7.466000,7,321.345000,"{""h4d-standard-192-1"":28,""h4d-standard-192-2"":19,""h4d-standard-192-3"":5,""h4d-standard-192-4"":6}","{""h4d-standard-192-1"":0.005599,""h4d-standard-192-2"":0.005037,""h4d-standard-192-3"":0.002734,""h4d-standard-192-4"":0.004048}","[{""rank"":1,""recommended"":true,""feasible"":false,""budget_used"":0.860439,""budget_violation"":0,""makespan"":97.995,""deadline_violation"":18.289,""machine_signature"":""cb515bb32488b8c3"",""weighted_score"":1,""diversity_score"":3.517241}]"
heft_colocation,cluster_hetero,8,maddid0000018|maddid0000037|maddid0000056|mbackgroundid0000014|mbackgroundid0000016|mbackgroundid0000032|mbackgroundid0000033|mbackgroundid0000035|mbackgroundid0000052|mbackgroundid0000053|mbgmodelid0000012|mbgmodelid0000031|mbgmodelid0000050|mdifffitid0000006|mdifffitid0000008|mdifffitid0000024|mdifffitid0000043|mdifffitid0000044|mdifffitid0000045|mimgtblid0000036|mprojectid0000003|mprojectid0000004|mprojectid0000020|mprojectid0000021|mprojectid0000039|mprojectid0000040|mprojectid0000042|mviewerid0000038|mviewerid0000057,0.200000,305.463000,0.000000,0.000000,235.839680,0.000000,69.623000,false,88.327000,9,0.965000,"{""bora005"":19,""bora006"":30,""diablo01"":6,""diablo02"":3}","{""bora005"":0.062747,""bora006"":0.091475,""diablo01"":0.005358,""diablo02"":0.005259}",[]
prism_cc_cost,cluster_hetero,8,maddid0000018|maddid0000037|maddid0000056|mbackgroundid0000014|mbackgroundid0000016|mbackgroundid0000032|mbackgroundid0000033|mbackgroundid0000035|mbackgroundid0000052|mbackgroundid0000053|mbgmodelid0000012|mbgmodelid0000031|mbgmodelid0000050|mdifffitid0000006|mdifffitid0000008|mdifffitid0000024|mdifffitid0000043|mdifffitid0000044|mdifffitid0000045|mimgtblid0000036|mprojectid0000003|mprojectid0000004|mprojectid0000020|mprojectid0000021|mprojectid0000039|mprojectid0000040|mprojectid0000042|mviewerid0000038|mviewerid0000057,0.200000,305.463000,0.000000,0.000000,235.839680,0.000000,69.623000,false,88.327000,9,135.903000,"{""bora005"":19,""bora006"":30,""diablo01"":6,""diablo02"":3}","{""bora005"":0.062747,""bora006"":0.091475,""diablo01"":0.005358,""diablo02"":0.005259}","[{""rank"":1,""recommended"":true,""feasible"":false,""budget_used"":0,""budget_violation"":0,""makespan"":305.463,""deadline_violation"":69.623,""machine_signature"":""4d5fac47b1adf7d0"",""weighted_score"":0,""diversity_score"":3.482759}]"
prism_cc_time,cluster_hetero,8,maddid0000018|maddid0000037|maddid0000056|mbackgroundid0000014|mbackgroundid0000016|mbackgroundid0000032|mbackgroundid0000033|mbackgroundid0000035|mbackgroundid0000052|mbackgroundid0000053|mbgmodelid0000012|mbgmodelid0000031|mbgmodelid0000050|mdifffitid0000006|mdifffitid0000008|mdifffitid0000024|mdifffitid0000043|mdifffitid0000044|mdifffitid0000045|mimgtblid0000036|mprojectid0000003|mprojectid0000004|mprojectid0000020|mprojectid0000021|mprojectid0000039|mprojectid0000040|mprojectid0000042|mviewerid0000038|mviewerid0000057,0.200000,305.463000,0.000000,0.000000,235.839680,0.000000,69.623000,false,88.327000,9,135.903000,"{""bora005"":19,""bora006"":30,""diablo01"":6,""diablo02"":3}","{""bora005"":0.062747,""bora006"":0.091475,""diablo01"":0.005358,""diablo02"":0.005259}","[{""rank"":1,""recommended"":true,""feasible"":false,""budget_used"":0,""budget_violation"":0,""makespan"":305.463,""deadline_violation"":69.623,""machine_signature"":""4d5fac47b1adf7d0"",""weighted_score"":1,""diversity_score"":3.482759}]"
heft_colocation,cluster_homo,8,maddid0000018|maddid0000037|maddid0000056|mbackgroundid0000014|mbackgroundid0000016|mbackgroundid0000032|mbackgroundid0000033|mbackgroundid0000035|mbackgroundid0000052|mbackgroundid0000053|mbgmodelid0000012|mbgmodelid0000031|mbgmodelid0000050|mdifffitid0000006|mdifffitid0000008|mdifffitid0000024|mdifffitid0000043|mdifffitid0000044|mdifffitid0000045|mimgtblid0000036|mprojectid0000003|mprojectid0000004|mprojectid0000020|mprojectid0000021|mprojectid0000039|mprojectid0000040|mprojectid0000042|mviewerid0000038|mviewerid0000057,0.200000,287.957000,0.000000,0.000000,230.365600,0.000000,57.591000,false,42.514000,8,0.896000,"{""bora001"":29,""bora002"":19,""bora003"":6,""bora004"":4}","{""bora001"":0.056772,""bora002"":0.050665,""bora003"":0.030542,""bora004"":0.037242}",[]
prism_cc_cost,cluster_homo,8,maddid0000018|maddid0000037|maddid0000056|mbackgroundid0000014|mbackgroundid0000016|mbackgroundid0000032|mbackgroundid0000033|mbackgroundid0000035|mbackgroundid0000052|mbackgroundid0000053|mbgmodelid0000012|mbgmodelid0000031|mbgmodelid0000050|mdifffitid0000006|mdifffitid0000008|mdifffitid0000024|mdifffitid0000043|mdifffitid0000044|mdifffitid0000045|mimgtblid0000036|mprojectid0000003|mprojectid0000004|mprojectid0000020|mprojectid0000021|mprojectid0000039|mprojectid0000040|mprojectid0000042|mviewerid0000038|mviewerid0000057,0.200000,287.957000,0.000000,0.000000,230.365600,0.000000,57.591000,false,42.514000,8,119.612000,"{""bora001"":29,""bora002"":19,""bora003"":6,""bora004"":4}","{""bora001"":0.056772,""bora002"":0.050665,""bora003"":0.030542,""bora004"":0.037242}","[{""rank"":1,""recommended"":true,""feasible"":false,""budget_used"":0,""budget_violation"":0,""makespan"":287.957,""deadline_violation"":57.591,""machine_signature"":""1d8a317a492f5068"",""weighted_score"":0,""diversity_score"":3.5}]"
prism_cc_time,cluster_homo,8,maddid0000018|maddid0000037|maddid0000056|mbackgroundid0000014|mbackgroundid0000016|mbackgroundid0000032|mbackgroundid0000033|mbackgroundid0000035|mbackgroundid0000052|mbackgroundid0000053|mbgmodelid0000012|mbgmodelid0000031|mbgmodelid0000050|mdifffitid0000006|mdifffitid0000008|mdifffitid0000024|mdifffitid0000043|mdifffitid0000044|mdifffitid0000045|mimgtblid0000036|mprojectid0000003|mprojectid0000004|mprojectid0000020|mprojectid0000021|mprojectid0000039|mprojectid0000040|mprojectid0000042|mviewerid0000038|mviewerid0000057,0.200000,287.957000,0.000000,0.000000,230.365600,0.000000,57.591000,false,42.514000,8,119.612000,"{""bora001"":29,""bora002"":19,""bora003"":6,""bora004"":4}","{""bora001"":0.056772,""bora002"":0.050665,""bora003"":0.030542,""bora004"":0.037242}","[{""rank"":1,""recommended"":true,""feasible"":false,""budget_used"":0,""budget_violation"":0,""makespan"":287.957,""deadline_violation"":57.591,""machine_signature"":""1d8a317a492f5068"",""weighted_score"":1,""diversity_score"":3.5}]"
heft_colocation,hybrid_hetero,8,maddid0000018|maddid0000037|maddid0000056|mbackgroundid0000014|mbackgroundid0000016|mbackgroundid0000032|mbackgroundid0000033|mbackgroundid0000035|mbackgroundid0000052|mbackgroundid0000053|mbgmodelid0000012|mbgmodelid0000031|mbgmodelid0000050|mdifffitid0000006|mdifffitid0000008|mdifffitid0000024|mdifffitid0000043|mdifffitid0000044|mdifffitid0000045|mimgtblid0000036|mprojectid0000003|mprojectid0000004|mprojectid0000020|mprojectid0000021|mprojectid0000039|mprojectid0000040|mprojectid0000042|mviewerid0000038|mviewerid0000057,0.200000,104.534000,0.389350,0.348827,79.406640,0.040500,25.127000,false,57.420000,26,2.462000,"{""h3-standard-88-2"":12,""h4d-standard-192-7"":46}","{""bora011"":0,""diablo03"":0,""h3-standard-88-2"":0.0037,""h4d-standard-192-7"":0.017952}",[]
prism_cc_cost,hybrid_hetero,8,maddid0000018|maddid0000037|maddid0000056|mbackgroundid0000014|mbackgroundid0000016|mbackgroundid0000032|mbackgroundid0000033|mbackgroundid0000035|mbackgroundid0000052|mbackgroundid0000053|mbgmodelid0000012|mbgmodelid0000031|mbgmodelid0000050|mdifffitid0000006|mdifffitid0000008|mdifffitid0000024|mdifffitid0000043|mdifffitid0000044|mdifffitid0000045|mimgtblid0000036|mprojectid0000003|mprojectid0000004|mprojectid0000020|mprojectid0000021|mprojectid0000039|mprojectid0000040|mprojectid0000042|mviewerid0000038|mviewerid0000057,0.200000,104.534000,0.389350,0.348827,79.406640,0.040500,25.127000,false,57.420000,26,175.594000,"{""h3-standard-88-2"":12,""h4d-standard-192-7"":46}","{""bora011"":0,""diablo03"":0,""h3-standard-88-2"":0.0037,""h4d-standard-192-7"":0.017952}","[{""rank"":1,""recommended"":true,""feasible"":false,""budget_used"":0.313617,""budget_violation"":0,""makespan"":106.862,""deadline_violation"":27.455,""machine_signature"":""84f602a3ce08a3aa"",""weighted_score"":0.313617,""diversity_score"":2.137931},{""rank"":2,""recommended"":false,""feasible"":false,""budget_used"":0.386424,""budget_violation"":0.0376,""makespan"":104.534,""deadline_violation"":25.127,""machine_signature"":""a7b7f82ff577edbd"",""weighted_score"":0.386424,""diversity_score"":1.189655},{""rank"":3,""recommended"":false,""feasible"":false,""budget_used"":0.38935,""budget_violation"":0.0405,""makespan"":104.534,""deadline_violation"":25.127,""machine_signature"":""914b74be484e1bf5"",""weighted_score"":0.38935,""diversity_score"":1.206897}]"
prism_cc_time,hybrid_hetero,8,maddid0000018|maddid0000037|maddid0000056|mbackgroundid0000014|mbackgroundid0000016|mbackgroundid0000032|mbackgroundid0000033|mbackgroundid0000035|mbackgroundid0000052|mbackgroundid0000053|mbgmodelid0000012|mbgmodelid0000031|mbgmodelid0000050|mdifffitid0000006|mdifffitid0000008|mdifffitid0000024|mdifffitid0000043|mdifffitid0000044|mdifffitid0000045|mimgtblid0000036|mprojectid0000003|mprojectid0000004|mprojectid0000020|mprojectid0000021|mprojectid0000039|mprojectid0000040|mprojectid0000042|mviewerid0000038|mviewerid0000057,0.200000,104.534000,0.389350,0.348827,79.406640,0.040500,25.127000,false,57.420000,26,175.594000,"{""h3-standard-88-2"":12,""h4d-standard-192-7"":46}","{""bora011"":0,""diablo03"":0,""h3-standard-88-2"":0.0037,""h4d-standard-192-7"":0.017952}","[{""rank"":1,""recommended"":true,""feasible"":false,""budget_used"":0.386424,""budget_violation"":0.0376,""makespan"":104.534,""deadline_violation"":25.127,""machine_signature"":""a7b7f82ff577edbd"",""weighted_score"":0.978215,""diversity_score"":1.189655},{""rank"":2,""recommended"":false,""feasible"":false,""budget_used"":0.38935,""budget_violation"":0.0405,""makespan"":104.534,""deadline_violation"":25.127,""machine_signature"":""914b74be484e1bf5"",""weighted_score"":0.978215,""diversity_score"":1.206897},{""rank"":3,""recommended"":false,""feasible"":false,""budget_used"":0.313617,""budget_violation"":0,""makespan"":106.862,""deadline_violation"":27.455,""machine_signature"":""84f602a3ce08a3aa"",""weighted_score"":1,""diversity_score"":2.137931}]"
heft_colocation,hybrid_homo,8,maddid0000018|maddid0000037|maddid0000056|mbackgroundid0000014|mbackgroundid0000016|mbackgroundid0000032|mbackgroundid0000033|mbackgroundid0000035|mbackgroundid0000052|mbackgroundid0000053|mbgmodelid0000012|mbgmodelid0000031|mbgmodelid0000050|mdifffitid0000006|mdifffitid0000008|mdifffitid0000024|mdifffitid0000043|mdifffitid0000044|mdifffitid0000045|mimgtblid0000036|mprojectid0000003|mprojectid0000004|mprojectid0000020|mprojectid0000021|mprojectid0000039|mprojectid0000040|mprojectid0000042|mviewerid0000038|mviewerid0000057,0.200000,96.660000,0.486264,0.607531,78.742107,0.000000,17.918000,false,29.191000,17,1.889000,"{""h4d-standard-192-5"":15,""h4d-standard-192-6"":43}","{""bora009"":0,""bora010"":0,""h4d-standard-192-5"":0.007632,""h4d-standard-192-6"":0.011198}",[]
prism_cc_cost,hybrid_homo,8,maddid0000018|maddid0000037|maddid0000056|mbackgroundid0000014|mbackgroundid0000016|mbackgroundid0000032|mbackgroundid0000033|mbackgroundid0000035|mbackgroundid0000052|mbackgroundid0000053|mbgmodelid0000012|mbgmodelid0000031|mbgmodelid0000050|mdifffitid0000006|mdifffitid0000008|mdifffitid0000024|mdifffitid0000043|mdifffitid0000044|mdifffitid0000045|mimgtblid0000036|mprojectid0000003|mprojectid0000004|mprojectid0000020|mprojectid0000021|mprojectid0000039|mprojectid0000040|mprojectid0000042|mviewerid0000038|mviewerid0000057,0.200000,96.660000,0.486264,0.607531,78.742107,0.000000,17.918000,false,29.191000,17,285.360000,"{""h4d-standard-192-5"":15,""h4d-standard-192-6"":43}","{""bora009"":0,""bora010"":0,""h4d-standard-192-5"":0.007632,""h4d-standard-192-6"":0.011198}","[{""rank"":1,""recommended"":true,""feasible"":false,""budget_used"":0.486264,""budget_violation"":0,""makespan"":96.66,""deadline_violation"":17.918,""machine_signature"":""e2ce33fe33ac7ba2"",""weighted_score"":0.486264,""diversity_score"":1.258621}]"
prism_cc_time,hybrid_homo,8,maddid0000018|maddid0000037|maddid0000056|mbackgroundid0000014|mbackgroundid0000016|mbackgroundid0000032|mbackgroundid0000033|mbackgroundid0000035|mbackgroundid0000052|mbackgroundid0000053|mbgmodelid0000012|mbgmodelid0000031|mbgmodelid0000050|mdifffitid0000006|mdifffitid0000008|mdifffitid0000024|mdifffitid0000043|mdifffitid0000044|mdifffitid0000045|mimgtblid0000036|mprojectid0000003|mprojectid0000004|mprojectid0000020|mprojectid0000021|mprojectid0000039|mprojectid0000040|mprojectid0000042|mviewerid0000038|mviewerid0000057,0.200000,96.660000,0.486264,0.607531,78.742107,0.000000,17.918000,false,29.191000,17,285.360000,"{""h4d-standard-192-5"":15,""h4d-standard-192-6"":43}","{""bora009"":0,""bora010"":0,""h4d-standard-192-5"":0.007632,""h4d-standard-192-6"":0.011198}","[{""rank"":1,""recommended"":true,""feasible"":false,""budget_used"":0.486264,""budget_violation"":0,""makespan"":96.66,""deadline_violation"":17.918,""machine_signature"":""e2ce33fe33ac7ba2"",""weighted_score"":1,""diversity_score"":1.258621}]"
heft_colocation,hybrid_raspberry_500mbps,8,maddid0000018|maddid0000037|maddid0000056|mbackgroundid0000014|mbackgroundid0000016|mbackgroundid0000032|mbackgroundid0000033|mbackgroundid0000035|mbackgroundid0000052|mbackgroundid0000053|mbgmodelid0000012|mbgmodelid0000031|mbgmodelid0000050|mdifffitid0000006|mdifffitid0000008|mdifffitid0000024|mdifffitid0000043|mdifffitid0000044|mdifffitid0000045|mimgtblid0000036|mprojectid0000003|mprojectid0000004|mprojectid0000020|mprojectid0000021|mprojectid0000039|mprojectid0000040|mprojectid0000042|mviewerid0000038|mviewerid0000057,0.200000,160.161000,0.482674,0.533583,119.533547,0.000000,40.627000,false,87.361000,41,2.246000,"{""cloud-node-02"":52,""hpc-node-02"":6}","{""cloud-node-01"":0,""cloud-node-02"":0.059111,""hpc-node-01"":0,""hpc-node-02"":0.033092,""rpi-edge-01"":0,""rpi-edge-02"":0,""rpi-edge-03"":0,""rpi-edge-04"":0,""rpi-edge-05"":0,""rpi-edge-06"":0,""rpi-edge-07"":0,""rpi-edge-08"":0,""rpi-edge-09"":0,""rpi-edge-10"":0}",[]
prism_cc_cost,hybrid_raspberry_500mbps,8,maddid0000018|maddid0000037|maddid0000056|mbackgroundid0000014|mbackgroundid0000016|mbackgroundid0000032|mbackgroundid0000033|mbackgroundid0000035|mbackgroundid0000052|mbackgroundid0000053|mbgmodelid0000012|mbgmodelid0000031|mbgmodelid0000050|mdifffitid0000006|mdifffitid0000008|mdifffitid0000024|mdifffitid0000043|mdifffitid0000044|mdifffitid0000045|mimgtblid0000036|mprojectid0000003|mprojectid0000004|mprojectid0000020|mprojectid0000021|mprojectid0000039|mprojectid0000040|mprojectid0000042|mviewerid0000038|mviewerid0000057,0.200000,160.161000,0.482674,0.533583,119.533547,0.000000,40.627000,false,87.361000,41,365.137000,"{""cloud-node-02"":52,""hpc-node-02"":6}","{""cloud-node-01"":0,""cloud-node-02"":0.059111,""hpc-node-01"":0,""hpc-node-02"":0.033092,""rpi-edge-01"":0,""rpi-edge-02"":0,""rpi-edge-03"":0,""rpi-edge-04"":0,""rpi-edge-05"":0,""rpi-edge-06"":0,""rpi-edge-07"":0,""rpi-edge-08"":0,""rpi-edge-09"":0,""rpi-edge-10"":0}","[{""rank"":1,""recommended"":true,""feasible"":false,""budget_used"":0.482674,""budget_violation"":0,""makespan"":160.161,""deadline_violation"":40.627,""machine_signature"":""be37d1a4706e0fb0"",""weighted_score"":0.482674,""diversity_score"":1.103448}]"
prism_cc_time,hybrid_raspberry_500mbps,8,maddid0000018|maddid0000037|maddid0000056|mbackgroundid0000014|mbackgroundid0000016|mbackgroundid0000032|mbackgroundid0000033|mbackgroundid0000035|mbackgroundid0000052|mbackgroundid0000053|mbgmodelid0000012|mbgmodelid0000031|mbgmodelid0000050|mdifffitid0000006|mdifffitid0000008|mdifffitid0000024|mdifffitid0000043|mdifffitid0000044|mdifffitid0000045|mimgtblid0000036|mprojectid0000003|mprojectid0000004|mprojectid0000020|mprojectid0000021|mprojectid0000039|mprojectid0000040|mprojectid0000042|mviewerid0000038|mviewerid0000057,0.200000,160.161000,0.482674,0.533583,119.533547,0.000000,40.627000,false,87.361000,41,365.137000,"{""cloud-node-02"":52,""hpc-node-02"":6}","{""cloud-node-01"":0,""cloud-node-02"":0.059111,""hpc-node-01"":0,""hpc-node-02"":0.033092,""rpi-edge-01"":0,""rpi-edge-02"":0,""rpi-edge-03"":0,""rpi-edge-04"":0,""rpi-edge-05"":0,""rpi-edge-06"":0,""rpi-edge-07"":0,""rpi-edge-08"":0,""rpi-edge-09"":0,""rpi-edge-10"":0}","[{""rank"":1,""recommended"":true,""feasible"":false,""budget_used"":0.482674,""budget_violation"":0,""makespan"":160.161,""deadline_violation"":40.627,""machine_signature"":""be37d1a4706e0fb0"",""weighted_score"":1,""diversity_score"":1.103448}]"
heft_colocation,cloud_hetero,9,maddid0000037|mbackgroundid0000013|mbackgroundid0000016|mbackgroundid0000032|mbackgroundid0000033|mbackgroundid0000052|mbackgroundid0000053|mbackgroundid0000054|mbgmodelid0000012|mbgmodelid0000031|mconcatfitid0000011|mconcatfitid0000030|mdifffitid0000005|mdifffitid0000008|mdifffitid0000009|mdifffitid0000010|mdifffitid0000028|mdifffitid0000029|mdifffitid0000046|mimgtblid0000055|mprojectid0000003|mprojectid0000004|mprojectid0000020|mprojectid0000022|mprojectid0000023|mprojectid0000040|mprojectid0000042|mviewerid0000038|mviewerid0000057,0.200000,97.192000,0.526713,0.641828,78.742107,0.000000,18.450000,false,33.986000,16,1.792000,"{""h4d-highmem-192-1"":43,""h4d-standard-192-1"":15}","{""h3-standard-88-1"":0,""h3-standard-88-2"":0,""h4d-highmem-192-1"":0.011001,""h4d-standard-192-1"":0.007983}",[]
prism_cc_cost,cloud_hetero,9,maddid0000037|mbackgroundid0000013|mbackgroundid0000016|mbackgroundid0000032|mbackgroundid0000033|mbackgroundid0000052|mbackgroundid0000053|mbackgroundid0000054|mbgmodelid0000012|mbgmodelid0000031|mconcatfitid0000011|mconcatfitid0000030|mdifffitid0000005|mdifffitid0000008|mdifffitid0000009|mdifffitid0000010|mdifffitid0000028|mdifffitid0000029|mdifffitid0000046|mimgtblid0000055|mprojectid0000003|mprojectid0000004|mprojectid0000020|mprojectid0000022|mprojectid0000023|mprojectid0000040|mprojectid0000042|mviewerid0000038|mviewerid0000057,0.200000,97.192000,0.526713,0.641828,78.742107,0.000000,18.450000,false,33.986000,16,293.461000,"{""h4d-highmem-192-1"":43,""h4d-standard-192-1"":15}","{""h3-standard-88-1"":0,""h3-standard-88-2"":0,""h4d-highmem-192-1"":0.011001,""h4d-standard-192-1"":0.007983}","[{""rank"":1,""recommended"":true,""feasible"":false,""budget_used"":0.526713,""budget_violation"":0,""makespan"":97.192,""deadline_violation"":18.45,""machine_signature"":""a313ee586cbfa67e"",""weighted_score"":0.526713,""diversity_score"":1.258621}]"
prism_cc_time,cloud_hetero,9,maddid0000037|mbackgroundid0000013|mbackgroundid0000016|mbackgroundid0000032|mbackgroundid0000033|mbackgroundid0000052|mbackgroundid0000053|mbackgroundid0000054|mbgmodelid0000012|mbgmodelid0000031|mconcatfitid0000011|mconcatfitid0000030|mdifffitid0000005|mdifffitid0000008|mdifffitid0000009|mdifffitid0000010|mdifffitid0000028|mdifffitid0000029|mdifffitid0000046|mimgtblid0000055|mprojectid0000003|mprojectid0000004|mprojectid0000020|mprojectid0000022|mprojectid0000023|mprojectid0000040|mprojectid0000042|mviewerid0000038|mviewerid0000057,0.200000,97.192000,0.526713,0.641828,78.742107,0.000000,18.450000,false,33.986000,16,293.461000,"{""h4d-highmem-192-1"":43,""h4d-standard-192-1"":15}","{""h3-standard-88-1"":0,""h3-standard-88-2"":0,""h4d-highmem-192-1"":0.011001,""h4d-standard-192-1"":0.007983}","[{""rank"":1,""recommended"":true,""feasible"":false,""budget_used"":0.526713,""budget_violation"":0,""makespan"":97.192,""deadline_violation"":18.45,""machine_signature"":""a313ee586cbfa67e"",""weighted_score"":1,""diversity_score"":1.258621}]"
heft_colocation,cloud_homo,9,maddid0000037|mbackgroundid0000013|mbackgroundid0000016|mbackgroundid0000032|mbackgroundid0000033|mbackgroundid0000052|mbackgroundid0000053|mbackgroundid0000054|mbgmodelid0000012|mbgmodelid0000031|mconcatfitid0000011|mconcatfitid0000030|mdifffitid0000005|mdifffitid0000008|mdifffitid0000009|mdifffitid0000010|mdifffitid0000028|mdifffitid0000029|mdifffitid0000046|mimgtblid0000055|mprojectid0000003|mprojectid0000004|mprojectid0000020|mprojectid0000022|mprojectid0000023|mprojectid0000040|mprojectid0000042|mviewerid0000038|mviewerid0000057,0.200000,99.816000,0.851269,1.059152,79.706000,0.000000,20.110000,false,9.915000,6,3.172000,"{""h4d-standard-192-1"":27,""h4d-standard-192-2"":4,""h4d-standard-192-3"":8,""h4d-standard-192-4"":19}","{""h4d-standard-192-1"":0.004954,""h4d-standard-192-2"":0.002121,""h4d-standard-192-3"":0.003958,""h4d-standard-192-4"":0.006196}",[]
prism_cc_cost,cloud_homo,9,maddid0000037|mbackgroundid0000013|mbackgroundid0000016|mbackgroundid0000032|mbackgroundid0000033|mbackgroundid0000052|mbackgroundid0000053|mbackgroundid0000054|mbgmodelid0000012|mbgmodelid0000031|mconcatfitid0000011|mconcatfitid0000030|mdifffitid0000005|mdifffitid0000008|mdifffitid0000009|mdifffitid0000010|mdifffitid0000028|mdifffitid0000029|mdifffitid0000046|mimgtblid0000055|mprojectid0000003|mprojectid0000004|mprojectid0000020|mprojectid0000022|mprojectid0000023|mprojectid0000040|mprojectid0000042|mviewerid0000038|mviewerid0000057,0.200000,99.816000,0.851269,1.059152,79.706000,0.000000,20.110000,false,9.915000,6,365.773000,"{""h4d-standard-192-1"":27,""h4d-standard-192-2"":4,""h4d-standard-192-3"":8,""h4d-standard-192-4"":19}","{""h4d-standard-192-1"":0.004954,""h4d-standard-192-2"":0.002121,""h4d-standard-192-3"":0.003958,""h4d-standard-192-4"":0.006196}","[{""rank"":1,""recommended"":true,""feasible"":false,""budget_used"":0.851269,""budget_violation"":0,""makespan"":99.816,""deadline_violation"":20.11,""machine_signature"":""fe45cae79bb15003"",""weighted_score"":0.851269,""diversity_score"":3.534483}]"
prism_cc_time,cloud_homo,9,maddid0000037|mbackgroundid0000013|mbackgroundid0000016|mbackgroundid0000032|mbackgroundid0000033|mbackgroundid0000052|mbackgroundid0000053|mbackgroundid0000054|mbgmodelid0000012|mbgmodelid0000031|mconcatfitid0000011|mconcatfitid0000030|mdifffitid0000005|mdifffitid0000008|mdifffitid0000009|mdifffitid0000010|mdifffitid0000028|mdifffitid0000029|mdifffitid0000046|mimgtblid0000055|mprojectid0000003|mprojectid0000004|mprojectid0000020|mprojectid0000022|mprojectid0000023|mprojectid0000040|mprojectid0000042|mviewerid0000038|mviewerid0000057,0.200000,99.816000,0.851269,1.059152,79.706000,0.000000,20.110000,false,9.915000,6,365.773000,"{""h4d-standard-192-1"":27,""h4d-standard-192-2"":4,""h4d-standard-192-3"":8,""h4d-standard-192-4"":19}","{""h4d-standard-192-1"":0.004954,""h4d-standard-192-2"":0.002121,""h4d-standard-192-3"":0.003958,""h4d-standard-192-4"":0.006196}","[{""rank"":1,""recommended"":true,""feasible"":false,""budget_used"":0.851269,""budget_violation"":0,""makespan"":99.816,""deadline_violation"":20.11,""machine_signature"":""fe45cae79bb15003"",""weighted_score"":1,""diversity_score"":3.534483}]"
heft_colocation,cluster_hetero,9,maddid0000037|mbackgroundid0000013|mbackgroundid0000016|mbackgroundid0000032|mbackgroundid0000033|mbackgroundid0000052|mbackgroundid0000053|mbackgroundid0000054|mbgmodelid0000012|mbgmodelid0000031|mconcatfitid0000011|mconcatfitid0000030|mdifffitid0000005|mdifffitid0000008|mdifffitid0000009|mdifffitid0000010|mdifffitid0000028|mdifffitid0000029|mdifffitid0000046|mimgtblid0000055|mprojectid0000003|mprojectid0000004|mprojectid0000020|mprojectid0000022|mprojectid0000023|mprojectid0000040|mprojectid0000042|mviewerid0000038|mviewerid0000057,0.200000,287.957000,0.000000,0.000000,235.839680,0.000000,52.117000,false,96.527000,14,1.363000,"{""bora005"":36,""bora006"":16,""diablo01"":4,""diablo02"":2}","{""bora005"":0.102999,""bora006"":0.057762,""diablo01"":0.008466,""diablo02"":0.00534}",[]
prism_cc_cost,cluster_hetero,9,maddid0000037|mbackgroundid0000013|mbackgroundid0000016|mbackgroundid0000032|mbackgroundid0000033|mbackgroundid0000052|mbackgroundid0000053|mbackgroundid0000054|mbgmodelid0000012|mbgmodelid0000031|mconcatfitid0000011|mconcatfitid0000030|mdifffitid0000005|mdifffitid0000008|mdifffitid0000009|mdifffitid0000010|mdifffitid0000028|mdifffitid0000029|mdifffitid0000046|mimgtblid0000055|mprojectid0000003|mprojectid0000004|mprojectid0000020|mprojectid0000022|mprojectid0000023|mprojectid0000040|mprojectid0000042|mviewerid0000038|mviewerid0000057,0.200000,287.957000,0.000000,0.000000,235.839680,0.000000,52.117000,false,96.527000,14,137.604000,"{""bora005"":36,""bora006"":16,""diablo01"":4,""diablo02"":2}","{""bora005"":0.102999,""bora006"":0.057762,""diablo01"":0.008466,""diablo02"":0.00534}","[{""rank"":1,""recommended"":true,""feasible"":false,""budget_used"":0,""budget_violation"":0,""makespan"":287.957,""deadline_violation"":52.117,""machine_signature"":""a2251ffaa51fe1ea"",""weighted_score"":0,""diversity_score"":3.37931}]"
prism_cc_time,cluster_hetero,9,maddid0000037|mbackgroundid0000013|mbackgroundid0000016|mbackgroundid0000032|mbackgroundid0000033|mbackgroundid0000052|mbackgroundid0000053|mbackgroundid0000054|mbgmodelid0000012|mbgmodelid0000031|mconcatfitid0000011|mconcatfitid0000030|mdifffitid0000005|mdifffitid0000008|mdifffitid0000009|mdifffitid0000010|mdifffitid0000028|mdifffitid0000029|mdifffitid0000046|mimgtblid0000055|mprojectid0000003|mprojectid0000004|mprojectid0000020|mprojectid0000022|mprojectid0000023|mprojectid0000040|mprojectid0000042|mviewerid0000038|mviewerid0000057,0.200000,287.957000,0.000000,0.000000,235.839680,0.000000,52.117000,false,96.527000,14,137.604000,"{""bora005"":36,""bora006"":16,""diablo01"":4,""diablo02"":2}","{""bora005"":0.102999,""bora006"":0.057762,""diablo01"":0.008466,""diablo02"":0.00534}","[{""rank"":1,""recommended"":true,""feasible"":false,""budget_used"":0,""budget_violation"":0,""makespan"":287.957,""deadline_violation"":52.117,""machine_signature"":""a2251ffaa51fe1ea"",""weighted_score"":1,""diversity_score"":3.37931}]"
heft_colocation,cluster_homo,9,maddid0000037|mbackgroundid0000013|mbackgroundid0000016|mbackgroundid0000032|mbackgroundid0000033|mbackgroundid0000052|mbackgroundid0000053|mbackgroundid0000054|mbgmodelid0000012|mbgmodelid0000031|mconcatfitid0000011|mconcatfitid0000030|mdifffitid0000005|mdifffitid0000008|mdifffitid0000009|mdifffitid0000010|mdifffitid0000028|mdifffitid0000029|mdifffitid0000046|mimgtblid0000055|mprojectid0000003|mprojectid0000004|mprojectid0000020|mprojectid0000022|mprojectid0000023|mprojectid0000040|mprojectid0000042|mviewerid0000038|mviewerid0000057,0.200000,287.957000,0.000000,0.000000,230.365600,0.000000,57.591000,false,56.055000,10,0.768000,"{""bora001"":20,""bora002"":13,""bora003"":7,""bora004"":18}","{""bora001"":0.049767,""bora002"":0.023426,""bora003"":0.040219,""bora004"":0.063115}",[]
prism_cc_cost,cluster_homo,9,maddid0000037|mbackgroundid0000013|mbackgroundid0000016|mbackgroundid0000032|mbackgroundid0000033|mbackgroundid0000052|mbackgroundid0000053|mbackgroundid0000054|mbgmodelid0000012|mbgmodelid0000031|mconcatfitid0000011|mconcatfitid0000030|mdifffitid0000005|mdifffitid0000008|mdifffitid0000009|mdifffitid0000010|mdifffitid0000028|mdifffitid0000029|mdifffitid0000046|mimgtblid0000055|mprojectid0000003|mprojectid0000004|mprojectid0000020|mprojectid0000022|mprojectid0000023|mprojectid0000040|mprojectid0000042|mviewerid0000038|mviewerid0000057,0.200000,287.957000,0.000000,0.000000,230.365600,0.000000,57.591000,false,56.055000,10,138.323000,"{""bora001"":20,""bora002"":13,""bora003"":7,""bora004"":18}","{""bora001"":0.049767,""bora002"":0.023426,""bora003"":0.040219,""bora004"":0.063115}","[{""rank"":1,""recommended"":true,""feasible"":false,""budget_used"":0,""budget_violation"":0,""makespan"":287.957,""deadline_violation"":57.591,""machine_signature"":""ed58959714b56de5"",""weighted_score"":0,""diversity_score"":3.655172}]"
prism_cc_time,cluster_homo,9,maddid0000037|mbackgroundid0000013|mbackgroundid0000016|mbackgroundid0000032|mbackgroundid0000033|mbackgroundid0000052|mbackgroundid0000053|mbackgroundid0000054|mbgmodelid0000012|mbgmodelid0000031|mconcatfitid0000011|mconcatfitid0000030|mdifffitid0000005|mdifffitid0000008|mdifffitid0000009|mdifffitid0000010|mdifffitid0000028|mdifffitid0000029|mdifffitid0000046|mimgtblid0000055|mprojectid0000003|mprojectid0000004|mprojectid0000020|mprojectid0000022|mprojectid0000023|mprojectid0000040|mprojectid0000042|mviewerid0000038|mviewerid0000057,0.200000,287.957000,0.000000,0.000000,230.365600,0.000000,57.591000,false,56.055000,10,138.323000,"{""bora001"":20,""bora002"":13,""bora003"":7,""bora004"":18}","{""bora001"":0.049767,""bora002"":0.023426,""bora003"":0.040219,""bora004"":0.063115}","[{""rank"":1,""recommended"":true,""feasible"":false,""budget_used"":0,""budget_violation"":0,""makespan"":287.957,""deadline_violation"":57.591,""machine_signature"":""ed58959714b56de5"",""weighted_score"":1,""diversity_score"":3.655172}]"
heft_colocation,hybrid_hetero,9,maddid0000037|mbackgroundid0000013|mbackgroundid0000016|mbackgroundid0000032|mbackgroundid0000033|mbackgroundid0000052|mbackgroundid0000053|mbackgroundid0000054|mbgmodelid0000012|mbgmodelid0000031|mconcatfitid0000011|mconcatfitid0000030|mdifffitid0000005|mdifffitid0000008|mdifffitid0000009|mdifffitid0000010|mdifffitid0000028|mdifffitid0000029|mdifffitid0000046|mimgtblid0000055|mprojectid0000003|mprojectid0000004|mprojectid0000020|mprojectid0000022|mprojectid0000023|mprojectid0000040|mprojectid0000042|mviewerid0000038|mviewerid0000057,0.200000,96.698000,0.304128,0.348827,79.406640,0.000000,17.291000,false,68.306000,30,1.509000,"{""h3-standard-88-2"":2,""h4d-standard-192-7"":56}","{""bora011"":0,""diablo03"":0,""h3-standard-88-2"":0.003196,""h4d-standard-192-7"":0.020183}",[]
prism_cc_cost,hybrid_hetero,9,maddid0000037|mbackgroundid0000013|mbackgroundid0000016|mbackgroundid0000032|mbackgroundid0000033|mbackgroundid0000052|mbackgroundid0000053|mbackgroundid0000054|mbgmodelid0000012|mbgmodelid0000031|mconcatfitid0000011|mconcatfitid0000030|mdifffitid0000005|mdifffitid0000008|mdifffitid0000009|mdifffitid0000010|mdifffitid0000028|mdifffitid0000029|mdifffitid0000046|mimgtblid0000055|mprojectid0000003|mprojectid0000004|mprojectid0000020|mprojectid0000022|mprojectid0000023|mprojectid0000040|mprojectid0000042|mviewerid0000038|mviewerid0000057,0.200000,96.698000,0.304128,0.348827,79.406640,0.000000,17.291000,false,68.306000,30,206.677000,"{""h3-standard-88-2"":2,""h4d-standard-192-7"":56}","{""bora011"":0,""diablo03"":0,""h3-standard-88-2"":0.003196,""h4d-standard-192-7"":0.020183}","[{""rank"":1,""recommended"":true,""feasible"":false,""budget_used"":0.304128,""budget_violation"":0,""makespan"":96.698,""deadline_violation"":17.291,""machine_signature"":""b4ff7b600bbc7ec3"",""weighted_score"":0.304128,""diversity_score"":1.034483}]"
prism_cc_time,hybrid_hetero,9,maddid0000037|mbackgroundid0000013|mbackgroundid0000016|mbackgroundid0000032|mbackgroundid0000033|mbackgroundid0000052|mbackgroundid0000053|mbackgroundid0000054|mbgmodelid0000012|mbgmodelid0000031|mconcatfitid0000011|mconcatfitid0000030|mdifffitid0000005|mdifffitid0000008|mdifffitid0000009|mdifffitid0000010|mdifffitid0000028|mdifffitid0000029|mdifffitid0000046|mimgtblid0000055|mprojectid0000003|mprojectid0000004|mprojectid0000020|mprojectid0000022|mprojectid0000023|mprojectid0000040|mprojectid0000042|mviewerid0000038|mviewerid0000057,0.200000,96.698000,0.304128,0.348827,79.406640,0.000000,17.291000,false,68.306000,30,206.677000,"{""h3-standard-88-2"":2,""h4d-standard-192-7"":56}","{""bora011"":0,""diablo03"":0,""h3-standard-88-2"":0.003196,""h4d-standard-192-7"":0.020183}","[{""rank"":1,""recommended"":true,""feasible"":false,""budget_used"":0.304128,""budget_violation"":0,""makespan"":96.698,""deadline_violation"":17.291,""machine_signature"":""b4ff7b600bbc7ec3"",""weighted_score"":1,""diversity_score"":1.034483}]"
heft_colocation,hybrid_homo,9,maddid0000037|mbackgroundid0000013|mbackgroundid0000016|mbackgroundid0000032|mbackgroundid0000033|mbackgroundid0000052|mbackgroundid0000053|mbackgroundid0000054|mbgmodelid0000012|mbgmodelid0000031|mconcatfitid0000011|mconcatfitid0000030|mdifffitid0000005|mdifffitid0000008|mdifffitid0000009|mdifffitid0000010|mdifffitid0000028|mdifffitid0000029|mdifffitid0000046|mimgtblid0000055|mprojectid0000003|mprojectid0000004|mprojectid0000020|mprojectid0000022|mprojectid0000023|mprojectid0000040|mprojectid0000042|mviewerid0000038|mviewerid0000057,0.200000,97.192000,0.500013,0.607531,78.742107,0.000000,18.450000,false,33.986000,16,2.587000,"{""h4d-standard-192-5"":15,""h4d-standard-192-6"":43}","{""bora009"":0,""bora010"":0,""h4d-standard-192-5"":0.007983,""h4d-standard-192-6"":0.011001}",[]
prism_cc_cost,hybrid_homo,9,maddid0000037|mbackgroundid0000013|mbackgroundid0000016|mbackgroundid0000032|mbackgroundid0000033|mbackgroundid0000052|mbackgroundid0000053|mbackgroundid0000054|mbgmodelid0000012|mbgmodelid0000031|mconcatfitid0000011|mconcatfitid0000030|mdifffitid0000005|mdifffitid0000008|mdifffitid0000009|mdifffitid0000010|mdifffitid0000028|mdifffitid0000029|mdifffitid0000046|mimgtblid0000055|mprojectid0000003|mprojectid0000004|mprojectid0000020|mprojectid0000022|mprojectid0000023|mprojectid0000040|mprojectid0000042|mviewerid0000038|mviewerid0000057,0.200000,97.192000,0.500013,0.607531,78.742107,0.000000,18.450000,false,33.986000,16,289.792000,"{""h4d-standard-192-5"":15,""h4d-standard-192-6"":43}","{""bora009"":0,""bora010"":0,""h4d-standard-192-5"":0.007983,""h4d-standard-192-6"":0.011001}","[{""rank"":1,""recommended"":true,""feasible"":false,""budget_used"":0.500013,""budget_violation"":0,""makespan"":97.192,""deadline_violation"":18.45,""machine_signature"":""19cd7ae67030bfae"",""weighted_score"":0.500013,""diversity_score"":1.258621}]"
prism_cc_time,hybrid_homo,9,maddid0000037|mbackgroundid0000013|mbackgroundid0000016|mbackgroundid0000032|mbackgroundid0000033|mbackgroundid0000052|mbackgroundid0000053|mbackgroundid0000054|mbgmodelid0000012|mbgmodelid0000031|mconcatfitid0000011|mconcatfitid0000030|mdifffitid0000005|mdifffitid0000008|mdifffitid0000009|mdifffitid0000010|mdifffitid0000028|mdifffitid0000029|mdifffitid0000046|mimgtblid0000055|mprojectid0000003|mprojectid0000004|mprojectid0000020|mprojectid0000022|mprojectid0000023|mprojectid0000040|mprojectid0000042|mviewerid0000038|mviewerid0000057,0.200000,97.192000,0.500013,0.607531,78.742107,0.000000,18.450000,false,33.986000,16,289.792000,"{""h4d-standard-192-5"":15,""h4d-standard-192-6"":43}","{""bora009"":0,""bora010"":0,""h4d-standard-192-5"":0.007983,""h4d-standard-192-6"":0.011001}","[{""rank"":1,""recommended"":true,""feasible"":false,""budget_used"":0.500013,""budget_violation"":0,""makespan"":97.192,""deadline_violation"":18.45,""machine_signature"":""19cd7ae67030bfae"",""weighted_score"":1,""diversity_score"":1.258621}]"
heft_colocation,hybrid_raspberry_500mbps,9,maddid0000037|mbackgroundid0000013|mbackgroundid0000016|mbackgroundid0000032|mbackgroundid0000033|mbackgroundid0000052|mbackgroundid0000053|mbackgroundid0000054|mbgmodelid0000012|mbgmodelid0000031|mconcatfitid0000011|mconcatfitid0000030|mdifffitid0000005|mdifffitid0000008|mdifffitid0000009|mdifffitid0000010|mdifffitid0000028|mdifffitid0000029|mdifffitid0000046|mimgtblid0000055|mprojectid0000003|mprojectid0000004|mprojectid0000020|mprojectid0000022|mprojectid0000023|mprojectid0000040|mprojectid0000042|mviewerid0000038|mviewerid0000057,0.200000,156.534000,0.612717,0.533583,119.533547,0.079100,37.000000,false,95.128000,24,2.379000,"{""cloud-node-02"":43,""hpc-node-02"":15}","{""cloud-node-01"":0,""cloud-node-02"":0.062188,""hpc-node-01"":0,""hpc-node-02"":0.032354,""rpi-edge-01"":0,""rpi-edge-02"":0,""rpi-edge-03"":0,""rpi-edge-04"":0,""rpi-edge-05"":0,""rpi-edge-06"":0,""rpi-edge-07"":0,""rpi-edge-08"":0,""rpi-edge-09"":0,""rpi-edge-10"":0}",[]
prism_cc_cost,hybrid_raspberry_500mbps,9,maddid0000037|mbackgroundid0000013|mbackgroundid0000016|mbackgroundid0000032|mbackgroundid0000033|mbackgroundid0000052|mbackgroundid0000053|mbackgroundid0000054|mbgmodelid0000012|mbgmodelid0000031|mconcatfitid0000011|mconcatfitid0000030|mdifffitid0000005|mdifffitid0000008|mdifffitid0000009|mdifffitid0000010|mdifffitid0000028|mdifffitid0000029|mdifffitid0000046|mimgtblid0000055|mprojectid0000003|mprojectid0000004|mprojectid0000020|mprojectid0000022|mprojectid0000023|mprojectid0000040|mprojectid0000042|mviewerid0000038|mviewerid0000057,0.200000,156.534000,0.612717,0.533583,119.533547,0.079100,37.000000,false,95.128000,24,486.878000,"{""cloud-node-02"":43,""hpc-node-02"":15}","{""cloud-node-01"":0,""cloud-node-02"":0.062188,""hpc-node-01"":0,""hpc-node-02"":0.032354,""rpi-edge-01"":0,""rpi-edge-02"":0,""rpi-edge-03"":0,""rpi-edge-04"":0,""rpi-edge-05"":0,""rpi-edge-06"":0,""rpi-edge-07"":0,""rpi-edge-08"":0,""rpi-edge-09"":0,""rpi-edge-10"":0}","[{""rank"":1,""recommended"":true,""feasible"":false,""budget_used"":0.612717,""budget_violation"":0.0791,""makespan"":156.534,""deadline_violation"":37,""machine_signature"":""12b801174b4353c6"",""weighted_score"":0.612717,""diversity_score"":1.258621}]"
prism_cc_time,hybrid_raspberry_500mbps,9,maddid0000037|mbackgroundid0000013|mbackgroundid0000016|mbackgroundid0000032|mbackgroundid0000033|mbackgroundid0000052|mbackgroundid0000053|mbackgroundid0000054|mbgmodelid0000012|mbgmodelid0000031|mconcatfitid0000011|mconcatfitid0000030|mdifffitid0000005|mdifffitid0000008|mdifffitid0000009|mdifffitid0000010|mdifffitid0000028|mdifffitid0000029|mdifffitid0000046|mimgtblid0000055|mprojectid0000003|mprojectid0000004|mprojectid0000020|mprojectid0000022|mprojectid0000023|mprojectid0000040|mprojectid0000042|mviewerid0000038|mviewerid0000057,0.200000,156.534000,0.612717,0.533583,119.533547,0.079100,37.000000,false,95.128000,24,486.878000,"{""cloud-node-02"":43,""hpc-node-02"":15}","{""cloud-node-01"":0,""cloud-node-02"":0.062188,""hpc-node-01"":0,""hpc-node-02"":0.032354,""rpi-edge-01"":0,""rpi-edge-02"":0,""rpi-edge-03"":0,""rpi-edge-04"":0,""rpi-edge-05"":0,""rpi-edge-06"":0,""rpi-edge-07"":0,""rpi-edge-08"":0,""rpi-edge-09"":0,""rpi-edge-10"":0}","[{""rank"":1,""recommended"":true,""feasible"":false,""budget_used"":0.612717,""budget_violation"":0.0791,""makespan"":156.534,""deadline_violation"":37,""machine_signature"":""12b801174b4353c6"",""weighted_score"":1,""diversity_score"":1.258621}]"
heft_colocation,cloud_hetero,10,maddid0000018|maddid0000056|mbackgroundid0000013|mbackgroundid0000015|mbackgroundid0000016|mbackgroundid0000034|mbackgroundid0000052|mbackgroundid0000053|mbackgroundid0000054|mbgmodelid0000012|mbgmodelid0000031|mconcatfitid0000011|mconcatfitid0000049|mdifffitid0000006|mdifffitid0000026|mdifffitid0000027|mdifffitid0000044|mdifffitid0000045|mdifffitid0000046|mimgtblid0000017|mprojectid0000001|mprojectid0000003|mprojectid0000020|mprojectid0000021|mprojectid0000039|mprojectid0000041|mprojectid0000042|mviewerid0000019|mviewerid0000038,0.200000,103.641000,0.545890,0.641828,78.742107,0.000000,24.899000,false,29.233000,15,1.780000,"{""h4d-highmem-192-1"":40,""h4d-standard-192-1"":18}","{""h3-standard-88-1"":0,""h3-standard-88-2"":0,""h4d-highmem-192-1"":0.007514,""h4d-standard-192-1"":0.010049}",[]
prism_cc_cost,cloud_hetero,10,maddid0000018|maddid0000056|mbackgroundid0000013|mbackgroundid0000015|mbackgroundid0000016|mbackgroundid0000034|mbackgroundid0000052|mbackgroundid0000053|mbackgroundid0000054|mbgmodelid0000012|mbgmodelid0000031|mconcatfitid0000011|mconcatfitid0000049|mdifffitid0000006|mdifffitid0000026|mdifffitid0000027|mdifffitid0000044|mdifffitid0000045|mdifffitid0000046|mimgtblid0000017|mprojectid0000001|mprojectid0000003|mprojectid0000020|mprojectid0000021|mprojectid0000039|mprojectid0000041|mprojectid0000042|mviewerid0000019|mviewerid0000038,0.200000,103.641000,0.545890,0.641828,78.742107,0.000000,24.899000,false,29.233000,15,311.251000,"{""h4d-highmem-192-1"":40,""h4d-standard-192-1"":18}","{""h3-standard-88-1"":0,""h3-standard-88-2"":0,""h4d-highmem-192-1"":0.007514,""h4d-standard-192-1"":0.010049}","[{""rank"":1,""recommended"":true,""feasible"":false,""budget_used"":0.54589,""budget_violation"":0,""makespan"":103.641,""deadline_violation"":24.899,""machine_signature"":""074a236b5620c3ef"",""weighted_score"":0.54589,""diversity_score"":1.310345}]"
prism_cc_time,cloud_hetero,10,maddid0000018|maddid0000056|mbackgroundid0000013|mbackgroundid0000015|mbackgroundid0000016|mbackgroundid0000034|mbackgroundid0000052|mbackgroundid0000053|mbackgroundid0000054|mbgmodelid0000012|mbgmodelid0000031|mconcatfitid0000011|mconcatfitid0000049|mdifffitid0000006|mdifffitid0000026|mdifffitid0000027|mdifffitid0000044|mdifffitid0000045|mdifffitid0000046|mimgtblid0000017|mprojectid0000001|mprojectid0000003|mprojectid0000020|mprojectid0000021|mprojectid0000039|mprojectid0000041|mprojectid0000042|mviewerid0000019|mviewerid0000038,0.200000,103.641000,0.545890,0.641828,78.742107,0.000000,24.899000,false,29.233000,15,311.251000,"{""h4d-highmem-192-1"":40,""h4d-standard-192-1"":18}","{""h3-standard-88-1"":0,""h3-standard-88-2"":0,""h4d-highmem-192-1"":0.007514,""h4d-standard-192-1"":0.010049}","[{""rank"":1,""recommended"":true,""feasible"":false,""budget_used"":0.54589,""budget_violation"":0,""makespan"":103.641,""deadline_violation"":24.899,""machine_signature"":""074a236b5620c3ef"",""weighted_score"":1,""diversity_score"":1.310345}]"
heft_colocation,cloud_homo,10,maddid0000018|maddid0000056|mbackgroundid0000013|mbackgroundid0000015|mbackgroundid0000016|mbackgroundid0000034|mbackgroundid0000052|mbackgroundid0000053|mbackgroundid0000054|mbgmodelid0000012|mbgmodelid0000031|mconcatfitid0000011|mconcatfitid0000049|mdifffitid0000006|mdifffitid0000026|mdifffitid0000027|mdifffitid0000044|mdifffitid0000045|mdifffitid0000046|mimgtblid0000017|mprojectid0000001|mprojectid0000003|mprojectid0000020|mprojectid0000021|mprojectid0000039|mprojectid0000041|mprojectid0000042|mviewerid0000019|mviewerid0000038,0.200000,99.696000,0.910011,1.059152,79.706000,0.000000,19.990000,false,7.414000,4,3.035000,"{""h4d-standard-192-1"":16,""h4d-standard-192-2"":16,""h4d-standard-192-3"":21,""h4d-standard-192-4"":5}","{""h4d-standard-192-1"":0.003114,""h4d-standard-192-2"":0.00477,""h4d-standard-192-3"":0.006259,""h4d-standard-192-4"":0.002975}",[]
prism_cc_cost,cloud_homo,10,maddid0000018|maddid0000056|mbackgroundid0000013|mbackgroundid0000015|mbackgroundid0000016|mbackgroundid0000034|mbackgroundid0000052|mbackgroundid0000053|mbackgroundid0000054|mbgmodelid0000012|mbgmodelid0000031|mconcatfitid0000011|mconcatfitid0000049|mdifffitid0000006|mdifffitid0000026|mdifffitid0000027|mdifffitid0000044|mdifffitid0000045|mdifffitid0000046|mimgtblid0000017|mprojectid0000001|mprojectid0000003|mprojectid0000020|mprojectid0000021|mprojectid0000039|mprojectid0000041|mprojectid0000042|mviewerid0000019|mviewerid0000038,0.200000,99.696000,0.910011,1.059152,79.706000,0.000000,19.990000,false,7.414000,4,317.450000,"{""h4d-standard-192-1"":16,""h4d-standard-192-2"":16,""h4d-standard-192-3"":21,""h4d-standard-192-4"":5}","{""h4d-standard-192-1"":0.003114,""h4d-standard-192-2"":0.00477,""h4d-standard-192-3"":0.006259,""h4d-standard-192-4"":0.002975}","[{""rank"":1,""recommended"":true,""feasible"":false,""budget_used"":0.910011,""budget_violation"":0,""makespan"":99.696,""deadline_violation"":19.99,""machine_signature"":""5690c00671400dc8"",""weighted_score"":0.910011,""diversity_score"":3.637931}]"
prism_cc_time,cloud_homo,10,maddid0000018|maddid0000056|mbackgroundid0000013|mbackgroundid0000015|mbackgroundid0000016|mbackgroundid0000034|mbackgroundid0000052|mbackgroundid0000053|mbackgroundid0000054|mbgmodelid0000012|mbgmodelid0000031|mconcatfitid0000011|mconcatfitid0000049|mdifffitid0000006|mdifffitid0000026|mdifffitid0000027|mdifffitid0000044|mdifffitid0000045|mdifffitid0000046|mimgtblid0000017|mprojectid0000001|mprojectid0000003|mprojectid0000020|mprojectid0000021|mprojectid0000039|mprojectid0000041|mprojectid0000042|mviewerid0000019|mviewerid0000038,0.200000,99.696000,0.910011,1.059152,79.706000,0.000000,19.990000,false,7.414000,4,317.450000,"{""h4d-standard-192-1"":16,""h4d-standard-192-2"":16,""h4d-standard-192-3"":21,""h4d-standard-192-4"":5}","{""h4d-standard-192-1"":0.003114,""h4d-standard-192-2"":0.00477,""h4d-standard-192-3"":0.006259,""h4d-standard-192-4"":0.002975}","[{""rank"":1,""recommended"":true,""feasible"":false,""budget_used"":0.910011,""budget_violation"":0,""makespan"":99.696,""deadline_violation"":19.99,""machine_signature"":""5690c00671400dc8"",""weighted_score"":1,""diversity_score"":3.637931}]"
heft_colocation,cluster_hetero,10,maddid0000018|maddid0000056|mbackgroundid0000013|mbackgroundid0000015|mbackgroundid0000016|mbackgroundid0000034|mbackgroundid0000052|mbackgroundid0000053|mbackgroundid0000054|mbgmodelid0000012|mbgmodelid0000031|mconcatfitid0000011|mconcatfitid0000049|mdifffitid0000006|mdifffitid0000026|mdifffitid0000027|mdifffitid0000044|mdifffitid0000045|mdifffitid0000046|mimgtblid0000017|mprojectid0000001|mprojectid0000003|mprojectid0000020|mprojectid0000021|mprojectid0000039|mprojectid0000041|mprojectid0000042|mviewerid0000019|mviewerid0000038,0.200000,307.991000,0.000000,0.000000,235.839680,0.000000,72.151000,false,91.005000,18,1.336000,"{""bora005"":31,""bora006"":23,""diablo01"":2,""diablo02"":2}","{""bora005"":0.066163,""bora006"":0.088002,""diablo01"":0.004859,""diablo02"":0.004993}",[]
prism_cc_cost,cluster_hetero,10,maddid0000018|maddid0000056|mbackgroundid0000013|mbackgroundid0000015|mbackgroundid0000016|mbackgroundid0000034|mbackgroundid0000052|mbackgroundid0000053|mbackgroundid0000054|mbgmodelid0000012|mbgmodelid0000031|mconcatfitid0000011|mconcatfitid0000049|mdifffitid0000006|mdifffitid0000026|mdifffitid0000027|mdifffitid0000044|mdifffitid0000045|mdifffitid0000046|mimgtblid0000017|mprojectid0000001|mprojectid0000003|mprojectid0000020|mprojectid0000021|mprojectid0000039|mprojectid0000041|mprojectid0000042|mviewerid0000019|mviewerid0000038,0.200000,307.991000,0.000000,0.000000,235.839680,0.000000,72.151000,false,91.005000,18,134.315000,"{""bora005"":31,""bora006"":23,""diablo01"":2,""diablo02"":2}","{""bora005"":0.066163,""bora006"":0.088002,""diablo01"":0.004859,""diablo02"":0.004993}","[{""rank"":1,""recommended"":true,""feasible"":false,""budget_used"":0,""budget_violation"":0,""makespan"":307.991,""deadline_violation"":72.151,""machine_signature"":""fb0c39b8df48b47e"",""weighted_score"":0,""diversity_score"":3.465517}]"
prism_cc_time,cluster_hetero,10,maddid0000018|maddid0000056|mbackgroundid0000013|mbackgroundid0000015|mbackgroundid0000016|mbackgroundid0000034|mbackgroundid0000052|mbackgroundid0000053|mbackgroundid0000054|mbgmodelid0000012|mbgmodelid0000031|mconcatfitid0000011|mconcatfitid0000049|mdifffitid0000006|mdifffitid0000026|mdifffitid0000027|mdifffitid0000044|mdifffitid0000045|mdifffitid0000046|mimgtblid0000017|mprojectid0000001|mprojectid0000003|mprojectid0000020|mprojectid0000021|mprojectid0000039|mprojectid0000041|mprojectid0000042|mviewerid0000019|mviewerid0000038,0.200000,307.991000,0.000000,0.000000,235.839680,0.000000,72.151000,false,91.005000,18,134.315000,"{""bora005"":31,""bora006"":23,""diablo01"":2,""diablo02"":2}","{""bora005"":0.066163,""bora006"":0.088002,""diablo01"":0.004859,""diablo02"":0.004993}","[{""rank"":1,""recommended"":true,""feasible"":false,""budget_used"":0,""budget_violation"":0,""makespan"":307.991,""deadline_violation"":72.151,""machine_signature"":""fb0c39b8df48b47e"",""weighted_score"":1,""diversity_score"":3.465517}]"
heft_colocation,cluster_homo,10,maddid0000018|maddid0000056|mbackgroundid0000013|mbackgroundid0000015|mbackgroundid0000016|mbackgroundid0000034|mbackgroundid0000052|mbackgroundid0000053|mbackgroundid0000054|mbgmodelid0000012|mbgmodelid0000031|mconcatfitid0000011|mconcatfitid0000049|mdifffitid0000006|mdifffitid0000026|mdifffitid0000027|mdifffitid0000044|mdifffitid0000045|mdifffitid0000046|mimgtblid0000017|mprojectid0000001|mprojectid0000003|mprojectid0000020|mprojectid0000021|mprojectid0000039|mprojectid0000041|mprojectid0000042|mviewerid0000019|mviewerid0000038,0.200000,287.957000,0.000000,0.000000,230.365600,0.000000,57.591000,false,41.894000,7,0.831000,"{""bora001"":16,""bora002"":17,""bora003"":22,""bora004"":3}","{""bora001"":0.033895,""bora002"":0.049198,""bora003"":0.065071,""bora004"":0.026997}",[]
prism_cc_cost,cluster_homo,10,maddid0000018|maddid0000056|mbackgroundid0000013|mbackgroundid0000015|mbackgroundid0000016|mbackgroundid0000034|mbackgroundid0000052|mbackgroundid0000053|mbackgroundid0000054|mbgmodelid0000012|mbgmodelid0000031|mconcatfitid0000011|mconcatfitid0000049|mdifffitid0000006|mdifffitid0000026|mdifffitid0000027|mdifffitid0000044|mdifffitid0000045|mdifffitid0000046|mimgtblid0000017|mprojectid0000001|mprojectid0000003|mprojectid0000020|mprojectid0000021|mprojectid0000039|mprojectid0000041|mprojectid0000042|mviewerid0000019|mviewerid0000038,0.200000,287.957000,0.000000,0.000000,230.365600,0.000000,57.591000,false,41.894000,7,136.222000,"{""bora001"":16,""bora002"":17,""bora003"":22,""bora004"":3}","{""bora001"":0.033895,""bora002"":0.049198,""bora003"":0.065071,""bora004"":0.026997}","[{""rank"":1,""recommended"":true,""feasible"":false,""budget_used"":0,""budget_violation"":0,""makespan"":287.957,""deadline_violation"":57.591,""machine_signature"":""2a2231275e900ee3"",""weighted_score"":0,""diversity_score"":3.62069}]"
prism_cc_time,cluster_homo,10,maddid0000018|maddid0000056|mbackgroundid0000013|mbackgroundid0000015|mbackgroundid0000016|mbackgroundid0000034|mbackgroundid0000052|mbackgroundid0000053|mbackgroundid0000054|mbgmodelid0000012|mbgmodelid0000031|mconcatfitid0000011|mconcatfitid0000049|mdifffitid0000006|mdifffitid0000026|mdifffitid0000027|mdifffitid0000044|mdifffitid0000045|mdifffitid0000046|mimgtblid0000017|mprojectid0000001|mprojectid0000003|mprojectid0000020|mprojectid0000021|mprojectid0000039|mprojectid0000041|mprojectid0000042|mviewerid0000019|mviewerid0000038,0.200000,287.957000,0.000000,0.000000,230.365600,0.000000,57.591000,false,41.894000,7,136.222000,"{""bora001"":16,""bora002"":17,""bora003"":22,""bora004"":3}","{""bora001"":0.033895,""bora002"":0.049198,""bora003"":0.065071,""bora004"":0.026997}","[{""rank"":1,""recommended"":true,""feasible"":false,""budget_used"":0,""budget_violation"":0,""makespan"":287.957,""deadline_violation"":57.591,""machine_signature"":""2a2231275e900ee3"",""weighted_score"":1,""diversity_score"":3.62069}]"
heft_colocation,hybrid_hetero,10,maddid0000018|maddid0000056|mbackgroundid0000013|mbackgroundid0000015|mbackgroundid0000016|mbackgroundid0000034|mbackgroundid0000052|mbackgroundid0000053|mbackgroundid0000054|mbgmodelid0000012|mbgmodelid0000031|mconcatfitid0000011|mconcatfitid0000049|mdifffitid0000006|mdifffitid0000026|mdifffitid0000027|mdifffitid0000044|mdifffitid0000045|mdifffitid0000046|mimgtblid0000017|mprojectid0000001|mprojectid0000003|mprojectid0000020|mprojectid0000021|mprojectid0000039|mprojectid0000041|mprojectid0000042|mviewerid0000019|mviewerid0000038,0.200000,104.534000,0.373034,0.348827,79.406640,0.024200,25.127000,false,56.626000,22,1.506000,"{""h3-standard-88-2"":13,""h4d-standard-192-7"":45}","{""bora011"":0,""diablo03"":0,""h3-standard-88-2"":0.003827,""h4d-standard-192-7"":0.017885}",[]
prism_cc_cost,hybrid_hetero,10,maddid0000018|maddid0000056|mbackgroundid0000013|mbackgroundid0000015|mbackgroundid0000016|mbackgroundid0000034|mbackgroundid0000052|mbackgroundid0000053|mbackgroundid0000054|mbgmodelid0000012|mbgmodelid0000031|mconcatfitid0000011|mconcatfitid0000049|mdifffitid0000006|mdifffitid0000026|mdifffitid0000027|mdifffitid0000044|mdifffitid0000045|mdifffitid0000046|mimgtblid0000017|mprojectid0000001|mprojectid0000003|mprojectid0000020|mprojectid0000021|mprojectid0000039|mprojectid0000041|mprojectid0000042|mviewerid0000019|mviewerid0000038,0.200000,104.534000,0.373034,0.348827,79.406640,0.024200,25.127000,false,56.626000,22,192.325000,"{""h3-standard-88-2"":13,""h4d-standard-192-7"":45}","{""bora011"":0,""diablo03"":0,""h3-standard-88-2"":0.003827,""h4d-standard-192-7"":0.017885}","[{""rank"":1,""recommended"":true,""feasible"":false,""budget_used"":0.356586,""budget_violation"":0.0078,""makespan"":104.534,""deadline_violation"":25.127,""machine_signature"":""1359c8821bee686a"",""weighted_score"":0.356586,""diversity_score"":2.224138},{""rank"":2,""recommended"":false,""feasible"":false,""budget_used"":0.373034,""budget_violation"":0.0242,""makespan"":104.534,""deadline_violation"":25.127,""machine_signature"":""6ba39ea9d426fe56"",""weighted_score"":0.373034,""diversity_score"":1.224138}]"
prism_cc_time,hybrid_hetero,10,maddid0000018|maddid0000056|mbackgroundid0000013|mbackgroundid0000015|mbackgroundid0000016|mbackgroundid0000034|mbackgroundid0000052|mbackgroundid0000053|mbackgroundid0000054|mbgmodelid0000012|mbgmodelid0000031|mconcatfitid0000011|mconcatfitid0000049|mdifffitid0000006|mdifffitid0000026|mdifffitid0000027|mdifffitid0000044|mdifffitid0000045|mdifffitid0000046|mimgtblid0000017|mprojectid0000001|mprojectid0000003|mprojectid0000020|mprojectid0000021|mprojectid0000039|mprojectid0000041|mprojectid0000042|mviewerid0000019|mviewerid0000038,0.200000,104.534000,0.373034,0.348827,79.406640,0.024200,25.127000,false,56.626000,22,192.325000,"{""h3-standard-88-2"":13,""h4d-standard-192-7"":45}","{""bora011"":0,""diablo03"":0,""h3-standard-88-2"":0.003827,""h4d-standard-192-7"":0.017885}","[{""rank"":1,""recommended"":true,""feasible"":false,""budget_used"":0.356586,""budget_violation"":0.0078,""makespan"":104.534,""deadline_violation"":25.127,""machine_signature"":""1359c8821bee686a"",""weighted_score"":1,""diversity_score"":2.224138},{""rank"":2,""recommended"":false,""feasible"":false,""budget_used"":0.373034,""budget_violation"":0.0242,""makespan"":104.534,""deadline_violation"":25.127,""machine_signature"":""6ba39ea9d426fe56"",""weighted_score"":1,""diversity_score"":1.224138}]"
heft_colocation,hybrid_homo,10,maddid0000018|maddid0000056|mbackgroundid0000013|mbackgroundid0000015|mbackgroundid0000016|mbackgroundid0000034|mbackgroundid0000052|mbackgroundid0000053|mbackgroundid0000054|mbgmodelid0000012|mbgmodelid0000031|mconcatfitid0000011|mconcatfitid0000049|mdifffitid0000006|mdifffitid0000026|mdifffitid0000027|mdifffitid0000044|mdifffitid0000045|mdifffitid0000046|mimgtblid0000017|mprojectid0000001|mprojectid0000003|mprojectid0000020|mprojectid0000021|mprojectid0000039|mprojectid0000041|mprojectid0000042|mviewerid0000019|mviewerid0000038,0.200000,103.641000,0.517408,0.607531,78.742107,0.000000,24.899000,false,29.233000,15,1.749000,"{""h4d-standard-192-5"":18,""h4d-standard-192-6"":40}","{""bora009"":0,""bora010"":0,""h4d-standard-192-5"":0.010049,""h4d-standard-192-6"":0.007514}",[]
prism_cc_cost,hybrid_homo,10,maddid0000018|maddid0000056|mbackgroundid0000013|mbackgroundid0000015|mbackgroundid0000016|mbackgroundid0000034|mbackgroundid0000052|mbackgroundid0000053|mbackgroundid0000054|mbgmodelid0000012|mbgmodelid0000031|mconcatfitid0000011|mconcatfitid0000049|mdifffitid0000006|mdifffitid0000026|mdifffitid0000027|mdifffitid0000044|mdifffitid0000045|mdifffitid0000046|mimgtblid0000017|mprojectid0000001|mprojectid0000003|mprojectid0000020|mprojectid0000021|mprojectid0000039|mprojectid0000041|mprojectid0000042|mviewerid0000019|mviewerid0000038,0.200000,103.641000,0.517408,0.607531,78.742107,0.000000,24.899000,false,29.233000,15,274.090000,"{""h4d-standard-192-5"":18,""h4d-standard-192-6"":40}","{""bora009"":0,""bora010"":0,""h4d-standard-192-5"":0.010049,""h4d-standard-192-6"":0.007514}","[{""rank"":1,""recommended"":true,""feasible"":false,""budget_used"":0.517408,""budget_violation"":0,""makespan"":103.641,""deadline_violation"":24.899,""machine_signature"":""b3bc5b758772eb76"",""weighted_score"":0.517408,""diversity_score"":1.310345}]"
prism_cc_time,hybrid_homo,10,maddid0000018|maddid0000056|mbackgroundid0000013|mbackgroundid0000015|mbackgroundid0000016|mbackgroundid0000034|mbackgroundid0000052|mbackgroundid0000053|mbackgroundid0000054|mbgmodelid0000012|mbgmodelid0000031|mconcatfitid0000011|mconcatfitid0000049|mdifffitid0000006|mdifffitid0000026|mdifffitid0000027|mdifffitid0000044|mdifffitid0000045|mdifffitid0000046|mimgtblid0000017|mprojectid0000001|mprojectid0000003|mprojectid0000020|mprojectid0000021|mprojectid0000039|mprojectid0000041|mprojectid0000042|mviewerid0000019|mviewerid0000038,0.200000,103.641000,0.517408,0.607531,78.742107,0.000000,24.899000,false,29.233000,15,274.090000,"{""h4d-standard-192-5"":18,""h4d-standard-192-6"":40}","{""bora009"":0,""bora010"":0,""h4d-standard-192-5"":0.010049,""h4d-standard-192-6"":0.007514}","[{""rank"":1,""recommended"":true,""feasible"":false,""budget_used"":0.517408,""budget_violation"":0,""makespan"":103.641,""deadline_violation"":24.899,""machine_signature"":""b3bc5b758772eb76"",""weighted_score"":1,""diversity_score"":1.310345}]"
heft_colocation,hybrid_raspberry_500mbps,10,maddid0000018|maddid0000056|mbackgroundid0000013|mbackgroundid0000015|mbackgroundid0000016|mbackgroundid0000034|mbackgroundid0000052|mbackgroundid0000053|mbackgroundid0000054|mbgmodelid0000012|mbgmodelid0000031|mconcatfitid0000011|mconcatfitid0000049|mdifffitid0000006|mdifffitid0000026|mdifffitid0000027|mdifffitid0000044|mdifffitid0000045|mdifffitid0000046|mimgtblid0000017|mprojectid0000001|mprojectid0000003|mprojectid0000020|mprojectid0000021|mprojectid0000039|mprojectid0000041|mprojectid0000042|mviewerid0000019|mviewerid0000038,0.200000,159.838000,0.517339,0.533583,119.533547,0.000000,40.304000,false,86.060000,31,2.170000,"{""cloud-node-02"":53,""hpc-node-02"":5}","{""cloud-node-01"":0,""cloud-node-02"":0.059558,""hpc-node-01"":0,""hpc-node-02"":0.031663,""rpi-edge-01"":0,""rpi-edge-02"":0,""rpi-edge-03"":0,""rpi-edge-04"":0,""rpi-edge-05"":0,""rpi-edge-06"":0,""rpi-edge-07"":0,""rpi-edge-08"":0,""rpi-edge-09"":0,""rpi-edge-10"":0}",[]
prism_cc_cost,hybrid_raspberry_500mbps,10,maddid0000018|maddid0000056|mbackgroundid0000013|mbackgroundid0000015|mbackgroundid0000016|mbackgroundid0000034|mbackgroundid0000052|mbackgroundid0000053|mbackgroundid0000054|mbgmodelid0000012|mbgmodelid0000031|mconcatfitid0000011|mconcatfitid0000049|mdifffitid0000006|mdifffitid0000026|mdifffitid0000027|mdifffitid0000044|mdifffitid0000045|mdifffitid0000046|mimgtblid0000017|mprojectid0000001|mprojectid0000003|mprojectid0000020|mprojectid0000021|mprojectid0000039|mprojectid0000041|mprojectid0000042|mviewerid0000019|mviewerid0000038,0.200000,159.838000,0.517339,0.533583,119.533547,0.000000,40.304000,false,86.060000,31,444.281000,"{""cloud-node-02"":53,""hpc-node-02"":5}","{""cloud-node-01"":0,""cloud-node-02"":0.059558,""hpc-node-01"":0,""hpc-node-02"":0.031663,""rpi-edge-01"":0,""rpi-edge-02"":0,""rpi-edge-03"":0,""rpi-edge-04"":0,""rpi-edge-05"":0,""rpi-edge-06"":0,""rpi-edge-07"":0,""rpi-edge-08"":0,""rpi-edge-09"":0,""rpi-edge-10"":0}","[{""rank"":1,""recommended"":true,""feasible"":false,""budget_used"":0.517339,""budget_violation"":0,""makespan"":159.838,""deadline_violation"":40.304,""machine_signature"":""e99c3dcf64e6421a"",""weighted_score"":0.517339,""diversity_score"":1.086207}]"
prism_cc_time,hybrid_raspberry_500mbps,10,maddid0000018|maddid0000056|mbackgroundid0000013|mbackgroundid0000015|mbackgroundid0000016|mbackgroundid0000034|mbackgroundid0000052|mbackgroundid0000053|mbackgroundid0000054|mbgmodelid0000012|mbgmodelid0000031|mconcatfitid0000011|mconcatfitid0000049|mdifffitid0000006|mdifffitid0000026|mdifffitid0000027|mdifffitid0000044|mdifffitid0000045|mdifffitid0000046|mimgtblid0000017|mprojectid0000001|mprojectid0000003|mprojectid0000020|mprojectid0000021|mprojectid0000039|mprojectid0000041|mprojectid0000042|mviewerid0000019|mviewerid0000038,0.200000,159.838000,0.517339,0.533583,119.533547,0.000000,40.304000,false,86.060000,31,444.281000,"{""cloud-node-02"":53,""hpc-node-02"":5}","{""cloud-node-01"":0,""cloud-node-02"":0.059558,""hpc-node-01"":0,""hpc-node-02"":0.031663,""rpi-edge-01"":0,""rpi-edge-02"":0,""rpi-edge-03"":0,""rpi-edge-04"":0,""rpi-edge-05"":0,""rpi-edge-06"":0,""rpi-edge-07"":0,""rpi-edge-08"":0,""rpi-edge-09"":0,""rpi-edge-10"":0}","[{""rank"":1,""recommended"":true,""feasible"":false,""budget_used"":0.517339,""budget_violation"":0,""makespan"":159.838,""deadline_violation"":40.304,""machine_signature"":""e99c3dcf64e6421a"",""weighted_score"":1,""diversity_score"":1.086207}]"
heft_colocation,cloud_hetero,11,maddid0000018|maddid0000037|mbackgroundid0000014|mbackgroundid0000032|mbackgroundid0000034|mbackgroundid0000053|mbackgroundid0000054|mbgmodelid0000031|mconcatfitid0000030|mconcatfitid0000049|mdifffitid0000005|mdifffitid0000006|mdifffitid0000009|mdifffitid0000010|mdifffitid0000026|mdifffitid0000029|mdifffitid0000045|mdifffitid0000047|mdifffitid0000048|mimgtblid0000017|mprojectid0000001|mprojectid0000002|mprojectid0000003|mprojectid0000021|mprojectid0000039|mprojectid0000041|mprojectid0000042|mviewerid0000019|mviewerid0000038,0.200000,103.641000,0.545884,0.641828,78.742107,0.000000,24.899000,false,28.729000,19,1.918000,"{""h4d-highmem-192-1"":40,""h4d-standard-192-1"":18}","{""h3-standard-88-1"":0,""h3-standard-88-2"":0,""h4d-highmem-192-1"":0.007531,""h4d-standard-192-1"":0.010007}",[]
prism_cc_cost,cloud_hetero,11,maddid0000018|maddid0000037|mbackgroundid0000014|mbackgroundid0000032|mbackgroundid0000034|mbackgroundid0000053|mbackgroundid0000054|mbgmodelid0000031|mconcatfitid0000030|mconcatfitid0000049|mdifffitid0000005|mdifffitid0000006|mdifffitid0000009|mdifffitid0000010|mdifffitid0000026|mdifffitid0000029|mdifffitid0000045|mdifffitid0000047|mdifffitid0000048|mimgtblid0000017|mprojectid0000001|mprojectid0000002|mprojectid0000003|mprojectid0000021|mprojectid0000039|mprojectid0000041|mprojectid0000042|mviewerid0000019|mviewerid0000038,0.200000,103.641000,0.545884,0.641828,78.742107,0.000000,24.899000,false,28.729000,19,284.794000,"{""h4d-highmem-192-1"":40,""h4d-standard-192-1"":18}","{""h3-standard-88-1"":0,""h3-standard-88-2"":0,""h4d-highmem-192-1"":0.007531,""h4d-standard-192-1"":0.010007}","[{""rank"":1,""recommended"":true,""feasible"":false,""budget_used"":0.545884,""budget_violation"":0,""makespan"":103.641,""deadline_violation"":24.899,""machine_signature"":""99305bcaf8f5a9cf"",""weighted_score"":0.545884,""diversity_score"":1.310345}]"
prism_cc_time,cloud_hetero,11,maddid0000018|maddid0000037|mbackgroundid0000014|mbackgroundid0000032|mbackgroundid0000034|mbackgroundid0000053|mbackgroundid0000054|mbgmodelid0000031|mconcatfitid0000030|mconcatfitid0000049|mdifffitid0000005|mdifffitid0000006|mdifffitid0000009|mdifffitid0000010|mdifffitid0000026|mdifffitid0000029|mdifffitid0000045|mdifffitid0000047|mdifffitid0000048|mimgtblid0000017|mprojectid0000001|mprojectid0000002|mprojectid0000003|mprojectid0000021|mprojectid0000039|mprojectid0000041|mprojectid0000042|mviewerid0000019|mviewerid0000038,0.200000,103.641000,0.545884,0.641828,78.742107,0.000000,24.899000,false,28.729000,19,284.794000,"{""h4d-highmem-192-1"":40,""h4d-standard-192-1"":18}","{""h3-standard-88-1"":0,""h3-standard-88-2"":0,""h4d-highmem-192-1"":0.007531,""h4d-standard-192-1"":0.010007}","[{""rank"":1,""recommended"":true,""feasible"":false,""budget_used"":0.545884,""budget_violation"":0,""makespan"":103.641,""deadline_violation"":24.899,""machine_signature"":""99305bcaf8f5a9cf"",""weighted_score"":1,""diversity_score"":1.310345}]"
heft_colocation,cloud_homo,11,maddid0000018|maddid0000037|mbackgroundid0000014|mbackgroundid0000032|mbackgroundid0000034|mbackgroundid0000053|mbackgroundid0000054|mbgmodelid0000031|mconcatfitid0000030|mconcatfitid0000049|mdifffitid0000005|mdifffitid0000006|mdifffitid0000009|mdifffitid0000010|mdifffitid0000026|mdifffitid0000029|mdifffitid0000045|mdifffitid0000047|mdifffitid0000048|mimgtblid0000017|mprojectid0000001|mprojectid0000002|mprojectid0000003|mprojectid0000021|mprojectid0000039|mprojectid0000041|mprojectid0000042|mviewerid0000019|mviewerid0000038,0.200000,99.696000,0.910010,1.059152,79.706000,0.000000,19.990000,false,7.012000,6,2.986000,"{""h4d-standard-192-1"":18,""h4d-standard-192-2"":16,""h4d-standard-192-3"":21,""h4d-standard-192-4"":3}","{""h4d-standard-192-1"":0.003863,""h4d-standard-192-2"":0.004881,""h4d-standard-192-3"":0.006269,""h4d-standard-192-4"":0.002085}",[]
prism_cc_cost,cloud_homo,11,maddid0000018|maddid0000037|mbackgroundid0000014|mbackgroundid0000032|mbackgroundid0000034|mbackgroundid0000053|mbackgroundid0000054|mbgmodelid0000031|mconcatfitid0000030|mconcatfitid0000049|mdifffitid0000005|mdifffitid0000006|mdifffitid0000009|mdifffitid0000010|mdifffitid0000026|mdifffitid0000029|mdifffitid0000045|mdifffitid0000047|mdifffitid0000048|mimgtblid0000017|mprojectid0000001|mprojectid0000002|mprojectid0000003|mprojectid0000021|mprojectid0000039|mprojectid0000041|mprojectid0000042|mviewerid0000019|mviewerid0000038,0.200000,99.696000,0.910010,1.059152,79.706000,0.000000,19.990000,false,7.012000,6,307.602000,"{""h4d-standard-192-1"":18,""h4d-standard-192-2"":16,""h4d-standard-192-3"":21,""h4d-standard-192-4"":3}","{""h4d-standard-192-1"":0.003863,""h4d-standard-192-2"":0.004881,""h4d-standard-192-3"":0.006269,""h4d-standard-192-4"":0.002085}","[{""rank"":1,""recommended"":true,""feasible"":false,""budget_used"":0.91001,""budget_violation"":0,""makespan"":99.696,""deadline_violation"":19.99,""machine_signature"":""b6f6ecba0a661acd"",""weighted_score"":0.91001,""diversity_score"":3.637931}]"
prism_cc_time,cloud_homo,11,maddid0000018|maddid0000037|mbackgroundid0000014|mbackgroundid0000032|mbackgroundid0000034|mbackgroundid0000053|mbackgroundid0000054|mbgmodelid0000031|mconcatfitid0000030|mconcatfitid0000049|mdifffitid0000005|mdifffitid0000006|mdifffitid0000009|mdifffitid0000010|mdifffitid0000026|mdifffitid0000029|mdifffitid0000045|mdifffitid0000047|mdifffitid0000048|mimgtblid0000017|mprojectid0000001|mprojectid0000002|mprojectid0000003|mprojectid0000021|mprojectid0000039|mprojectid0000041|mprojectid0000042|mviewerid0000019|mviewerid0000038,0.200000,99.696000,0.910010,1.059152,79.706000,0.000000,19.990000,false,7.012000,6,307.602000,"{""h4d-standard-192-1"":18,""h4d-standard-192-2"":16,""h4d-standard-192-3"":21,""h4d-standard-192-4"":3}","{""h4d-standard-192-1"":0.003863,""h4d-standard-192-2"":0.004881,""h4d-standard-192-3"":0.006269,""h4d-standard-192-4"":0.002085}","[{""rank"":1,""recommended"":true,""feasible"":false,""budget_used"":0.91001,""budget_violation"":0,""makespan"":99.696,""deadline_violation"":19.99,""machine_signature"":""b6f6ecba0a661acd"",""weighted_score"":1,""diversity_score"":3.637931}]"
heft_colocation,cluster_hetero,11,maddid0000018|maddid0000037|mbackgroundid0000014|mbackgroundid0000032|mbackgroundid0000034|mbackgroundid0000053|mbackgroundid0000054|mbgmodelid0000031|mconcatfitid0000030|mconcatfitid0000049|mdifffitid0000005|mdifffitid0000006|mdifffitid0000009|mdifffitid0000010|mdifffitid0000026|mdifffitid0000029|mdifffitid0000045|mdifffitid0000047|mdifffitid0000048|mimgtblid0000017|mprojectid0000001|mprojectid0000002|mprojectid0000003|mprojectid0000021|mprojectid0000039|mprojectid0000041|mprojectid0000042|mviewerid0000019|mviewerid0000038,0.200000,308.700000,0.000000,0.000000,235.839680,0.000000,72.860000,false,95.771000,27,1.008000,"{""bora005"":33,""bora006"":22,""diablo01"":1,""diablo02"":2}","{""bora005"":0.073258,""bora006"":0.082632,""diablo01"":0.003689,""diablo02"":0.004981}",[]
prism_cc_cost,cluster_hetero,11,maddid0000018|maddid0000037|mbackgroundid0000014|mbackgroundid0000032|mbackgroundid0000034|mbackgroundid0000053|mbackgroundid0000054|mbgmodelid0000031|mconcatfitid0000030|mconcatfitid0000049|mdifffitid0000005|mdifffitid0000006|mdifffitid0000009|mdifffitid0000010|mdifffitid0000026|mdifffitid0000029|mdifffitid0000045|mdifffitid0000047|mdifffitid0000048|mimgtblid0000017|mprojectid0000001|mprojectid0000002|mprojectid0000003|mprojectid0000021|mprojectid0000039|mprojectid0000041|mprojectid0000042|mviewerid0000019|mviewerid0000038,0.200000,308.700000,0.000000,0.000000,235.839680,0.000000,72.860000,false,95.771000,27,149.307000,"{""bora005"":33,""bora006"":22,""diablo01"":1,""diablo02"":2}","{""bora005"":0.073258,""bora006"":0.082632,""diablo01"":0.003689,""diablo02"":0.004981}","[{""rank"":1,""recommended"":true,""feasible"":false,""budget_used"":0,""budget_violation"":0,""makespan"":308.7,""deadline_violation"":72.86,""machine_signature"":""6d0f3efae0e5c873"",""weighted_score"":0,""diversity_score"":3.431034}]"
prism_cc_time,cluster_hetero,11,maddid0000018|maddid0000037|mbackgroundid0000014|mbackgroundid0000032|mbackgroundid0000034|mbackgroundid0000053|mbackgroundid0000054|mbgmodelid0000031|mconcatfitid0000030|mconcatfitid0000049|mdifffitid0000005|mdifffitid0000006|mdifffitid0000009|mdifffitid0000010|mdifffitid0000026|mdifffitid0000029|mdifffitid0000045|mdifffitid0000047|mdifffitid0000048|mimgtblid0000017|mprojectid0000001|mprojectid0000002|mprojectid0000003|mprojectid0000021|mprojectid0000039|mprojectid0000041|mprojectid0000042|mviewerid0000019|mviewerid0000038,0.200000,308.700000,0.000000,0.000000,235.839680,0.000000,72.860000,false,95.771000,27,149.307000,"{""bora005"":33,""bora006"":22,""diablo01"":1,""diablo02"":2}","{""bora005"":0.073258,""bora006"":0.082632,""diablo01"":0.003689,""diablo02"":0.004981}","[{""rank"":1,""recommended"":true,""feasible"":false,""budget_used"":0,""budget_violation"":0,""makespan"":308.7,""deadline_violation"":72.86,""machine_signature"":""6d0f3efae0e5c873"",""weighted_score"":1,""diversity_score"":3.431034}]"
heft_colocation,cluster_homo,11,maddid0000018|maddid0000037|mbackgroundid0000014|mbackgroundid0000032|mbackgroundid0000034|mbackgroundid0000053|mbackgroundid0000054|mbgmodelid0000031|mconcatfitid0000030|mconcatfitid0000049|mdifffitid0000005|mdifffitid0000006|mdifffitid0000009|mdifffitid0000010|mdifffitid0000026|mdifffitid0000029|mdifffitid0000045|mdifffitid0000047|mdifffitid0000048|mimgtblid0000017|mprojectid0000001|mprojectid0000002|mprojectid0000003|mprojectid0000021|mprojectid0000039|mprojectid0000041|mprojectid0000042|mviewerid0000019|mviewerid0000038,0.200000,287.957000,0.000000,0.000000,230.365600,0.000000,57.591000,false,40.654000,10,0.776000,"{""bora001"":18,""bora002"":17,""bora003"":11,""bora004"":12}","{""bora001"":0.041296,""bora002"":0.050388,""bora003"":0.060834,""bora004"":0.022523}",[]
prism_cc_cost,cluster_homo,11,maddid0000018|maddid0000037|mbackgroundid0000014|mbackgroundid0000032|mbackgroundid0000034|mbackgroundid0000053|mbackgroundid0000054|mbgmodelid0000031|mconcatfitid0000030|mconcatfitid0000049|mdifffitid0000005|mdifffitid0000006|mdifffitid0000009|mdifffitid0000010|mdifffitid0000026|mdifffitid0000029|mdifffitid0000045|mdifffitid0000047|mdifffitid0000048|mimgtblid0000017|mprojectid0000001|mprojectid0000002|mprojectid0000003|mprojectid0000021|mprojectid0000039|mprojectid0000041|mprojectid0000042|mviewerid0000019|mviewerid0000038,0.200000,287.957000,0.000000,0.000000,230.365600,0.000000,57.591000,false,40.654000,10,141.686000,"{""bora001"":18,""bora002"":17,""bora003"":11,""bora004"":12}","{""bora001"":0.041296,""bora002"":0.050388,""bora003"":0.060834,""bora004"":0.022523}","[{""rank"":1,""recommended"":true,""feasible"":false,""budget_used"":0,""budget_violation"":0,""makespan"":287.957,""deadline_violation"":57.591,""machine_signature"":""ad4d8135e31fa861"",""weighted_score"":0,""diversity_score"":3.689655}]"
prism_cc_time,cluster_homo,11,maddid0000018|maddid0000037|mbackgroundid0000014|mbackgroundid0000032|mbackgroundid0000034|mbackgroundid0000053|mbackgroundid0000054|mbgmodelid0000031|mconcatfitid0000030|mconcatfitid0000049|mdifffitid0000005|mdifffitid0000006|mdifffitid0000009|mdifffitid0000010|mdifffitid0000026|mdifffitid0000029|mdifffitid0000045|mdifffitid0000047|mdifffitid0000048|mimgtblid0000017|mprojectid0000001|mprojectid0000002|mprojectid0000003|mprojectid0000021|mprojectid0000039|mprojectid0000041|mprojectid0000042|mviewerid0000019|mviewerid0000038,0.200000,287.957000,0.000000,0.000000,230.365600,0.000000,57.591000,false,40.654000,10,141.686000,"{""bora001"":18,""bora002"":17,""bora003"":11,""bora004"":12}","{""bora001"":0.041296,""bora002"":0.050388,""bora003"":0.060834,""bora004"":0.022523}","[{""rank"":1,""recommended"":true,""feasible"":false,""budget_used"":0,""budget_violation"":0,""makespan"":287.957,""deadline_violation"":57.591,""machine_signature"":""ad4d8135e31fa861"",""weighted_score"":1,""diversity_score"":3.689655}]"
heft_colocation,hybrid_hetero,11,maddid0000018|maddid0000037|mbackgroundid0000014|mbackgroundid0000032|mbackgroundid0000034|mbackgroundid0000053|mbackgroundid0000054|mbgmodelid0000031|mconcatfitid0000030|mconcatfitid0000049|mdifffitid0000005|mdifffitid0000006|mdifffitid0000009|mdifffitid0000010|mdifffitid0000026|mdifffitid0000029|mdifffitid0000045|mdifffitid0000047|mdifffitid0000048|mimgtblid0000017|mprojectid0000001|mprojectid0000002|mprojectid0000003|mprojectid0000021|mprojectid0000039|mprojectid0000041|mprojectid0000042|mviewerid0000019|mviewerid0000038,0.200000,104.534000,0.293430,0.348827,79.406640,0.000000,25.127000,false,58.336000,44,4.286000,"{""h3-standard-88-2"":1,""h4d-standard-192-7"":57}","{""bora011"":0,""diablo03"":0,""h3-standard-88-2"":0.00225,""h4d-standard-192-7"":0.018338}",[]
prism_cc_cost,hybrid_hetero,11,maddid0000018|maddid0000037|mbackgroundid0000014|mbackgroundid0000032|mbackgroundid0000034|mbackgroundid0000053|mbackgroundid0000054|mbgmodelid0000031|mconcatfitid0000030|mconcatfitid0000049|mdifffitid0000005|mdifffitid0000006|mdifffitid0000009|mdifffitid0000010|mdifffitid0000026|mdifffitid0000029|mdifffitid0000045|mdifffitid0000047|mdifffitid0000048|mimgtblid0000017|mprojectid0000001|mprojectid0000002|mprojectid0000003|mprojectid0000021|mprojectid0000039|mprojectid0000041|mprojectid0000042|mviewerid0000019|mviewerid0000038,0.200000,104.534000,0.293430,0.348827,79.406640,0.000000,25.127000,false,58.336000,44,190.668000,"{""h3-standard-88-2"":1,""h4d-standard-192-7"":57}","{""bora011"":0,""diablo03"":0,""h3-standard-88-2"":0.00225,""h4d-standard-192-7"":0.018338}","[{""rank"":1,""recommended"":true,""feasible"":false,""budget_used"":0.29343,""budget_violation"":0,""makespan"":104.534,""deadline_violation"":25.127,""machine_signature"":""f8616257deaaf5bb"",""weighted_score"":0.29343,""diversity_score"":1.017241}]"
prism_cc_time,hybrid_hetero,11,maddid0000018|maddid0000037|mbackgroundid0000014|mbackgroundid0000032|mbackgroundid0000034|mbackgroundid0000053|mbackgroundid0000054|mbgmodelid0000031|mconcatfitid0000030|mconcatfitid0000049|mdifffitid0000005|mdifffitid0000006|mdifffitid0000009|mdifffitid0000010|mdifffitid0000026|mdifffitid0000029|mdifffitid0000045|mdifffitid0000047|mdifffitid0000048|mimgtblid0000017|mprojectid0000001|mprojectid0000002|mprojectid0000003|mprojectid0000021|mprojectid0000039|mprojectid0000041|mprojectid0000042|mviewerid0000019|mviewerid0000038,0.200000,104.534000,0.293430,0.348827,79.406640,0.000000,25.127000,false,58.336000,44,190.668000,"{""h3-standard-88-2"":1,""h4d-standard-192-7"":57}","{""bora011"":0,""diablo03"":0,""h3-standard-88-2"":0.00225,""h4d-standard-192-7"":0.018338}","[{""rank"":1,""recommended"":true,""feasible"":false,""budget_used"":0.29343,""budget_violation"":0,""makespan"":104.534,""deadline_violation"":25.127,""machine_signature"":""f8616257deaaf5bb"",""weighted_score"":1,""diversity_score"":1.017241}]"
heft_colocation,hybrid_homo,11,maddid0000018|maddid0000037|mbackgroundid0000014|mbackgroundid0000032|mbackgroundid0000034|mbackgroundid0000053|mbackgroundid0000054|mbgmodelid0000031|mconcatfitid0000030|mconcatfitid0000049|mdifffitid0000005|mdifffitid0000006|mdifffitid0000009|mdifffitid0000010|mdifffitid0000026|mdifffitid0000029|mdifffitid0000045|mdifffitid0000047|mdifffitid0000048|mimgtblid0000017|mprojectid0000001|mprojectid0000002|mprojectid0000003|mprojectid0000021|mprojectid0000039|mprojectid0000041|mprojectid0000042|mviewerid0000019|mviewerid0000038,0.200000,103.641000,0.517413,0.607531,78.742107,0.000000,24.899000,false,28.458000,19,2.102000,"{""h4d-standard-192-5"":18,""h4d-standard-192-6"":40}","{""bora009"":0,""bora010"":0,""h4d-standard-192-5"":0.009993,""h4d-standard-192-6"":0.007531}",[]
prism_cc_cost,hybrid_homo,11,maddid0000018|maddid0000037|mbackgroundid0000014|mbackgroundid0000032|mbackgroundid0000034|mbackgroundid0000053|mbackgroundid0000054|mbgmodelid0000031|mconcatfitid0000030|mconcatfitid0000049|mdifffitid0000005|mdifffitid0000006|mdifffitid0000009|mdifffitid0000010|mdifffitid0000026|mdifffitid0000029|mdifffitid0000045|mdifffitid0000047|mdifffitid0000048|mimgtblid0000017|mprojectid0000001|mprojectid0000002|mprojectid0000003|mprojectid0000021|mprojectid0000039|mprojectid0000041|mprojectid0000042|mviewerid0000019|mviewerid0000038,0.200000,103.641000,0.517413,0.607531,78.742107,0.000000,24.899000,false,28.458000,19,264.520000,"{""h4d-standard-192-5"":18,""h4d-standard-192-6"":40}","{""bora009"":0,""bora010"":0,""h4d-standard-192-5"":0.009993,""h4d-standard-192-6"":0.007531}","[{""rank"":1,""recommended"":true,""feasible"":false,""budget_used"":0.517413,""budget_violation"":0,""makespan"":103.641,""deadline_violation"":24.899,""machine_signature"":""4a90c69e6a2941f5"",""weighted_score"":0.517413,""diversity_score"":1.310345}]"
prism_cc_time,hybrid_homo,11,maddid0000018|maddid0000037|mbackgroundid0000014|mbackgroundid0000032|mbackgroundid0000034|mbackgroundid0000053|mbackgroundid0000054|mbgmodelid0000031|mconcatfitid0000030|mconcatfitid0000049|mdifffitid0000005|mdifffitid0000006|mdifffitid0000009|mdifffitid0000010|mdifffitid0000026|mdifffitid0000029|mdifffitid0000045|mdifffitid0000047|mdifffitid0000048|mimgtblid0000017|mprojectid0000001|mprojectid0000002|mprojectid0000003|mprojectid0000021|mprojectid0000039|mprojectid0000041|mprojectid0000042|mviewerid0000019|mviewerid0000038,0.200000,103.641000,0.517413,0.607531,78.742107,0.000000,24.899000,false,28.458000,19,264.520000,"{""h4d-standard-192-5"":18,""h4d-standard-192-6"":40}","{""bora009"":0,""bora010"":0,""h4d-standard-192-5"":0.009993,""h4d-standard-192-6"":0.007531}","[{""rank"":1,""recommended"":true,""feasible"":false,""budget_used"":0.517413,""budget_violation"":0,""makespan"":103.641,""deadline_violation"":24.899,""machine_signature"":""4a90c69e6a2941f5"",""weighted_score"":1,""diversity_score"":1.310345}]"
heft_colocation,hybrid_raspberry_500mbps,11,maddid0000018|maddid0000037|mbackgroundid0000014|mbackgroundid0000032|mbackgroundid0000034|mbackgroundid0000053|mbackgroundid0000054|mbgmodelid0000031|mconcatfitid0000030|mconcatfitid0000049|mdifffitid0000005|mdifffitid0000006|mdifffitid0000009|mdifffitid0000010|mdifffitid0000026|mdifffitid0000029|mdifffitid0000045|mdifffitid0000047|mdifffitid0000048|mimgtblid0000017|mprojectid0000001|mprojectid0000002|mprojectid0000003|mprojectid0000021|mprojectid0000039|mprojectid0000041|mprojectid0000042|mviewerid0000019|mviewerid0000038,0.200000,159.838000,0.555466,0.533583,119.533547,0.021900,40.304000,false,84.180000,40,5.005000,"{""cloud-node-02"":51,""hpc-node-02"":7}","{""cloud-node-01"":0,""cloud-node-02"":0.059179,""hpc-node-01"":0,""hpc-node-02"":0.032315,""rpi-edge-01"":0,""rpi-edge-02"":0,""rpi-edge-03"":0,""rpi-edge-04"":0,""rpi-edge-05"":0,""rpi-edge-06"":0,""rpi-edge-07"":0,""rpi-edge-08"":0,""rpi-edge-09"":0,""rpi-edge-10"":0}",[]
prism_cc_cost,hybrid_raspberry_500mbps,11,maddid0000018|maddid0000037|mbackgroundid0000014|mbackgroundid0000032|mbackgroundid0000034|mbackgroundid0000053|mbackgroundid0000054|mbgmodelid0000031|mconcatfitid0000030|mconcatfitid0000049|mdifffitid0000005|mdifffitid0000006|mdifffitid0000009|mdifffitid0000010|mdifffitid0000026|mdifffitid0000029|mdifffitid0000045|mdifffitid0000047|mdifffitid0000048|mimgtblid0000017|mprojectid0000001|mprojectid0000002|mprojectid0000003|mprojectid0000021|mprojectid0000039|mprojectid0000041|mprojectid0000042|mviewerid0000019|mviewerid0000038,0.200000,159.838000,0.555466,0.533583,119.533547,0.021900,40.304000,false,84.180000,40,429.480000,"{""cloud-node-02"":51,""hpc-node-02"":7}","{""cloud-node-01"":0,""cloud-node-02"":0.059179,""hpc-node-01"":0,""hpc-node-02"":0.032315,""rpi-edge-01"":0,""rpi-edge-02"":0,""rpi-edge-03"":0,""rpi-edge-04"":0,""rpi-edge-05"":0,""rpi-edge-06"":0,""rpi-edge-07"":0,""rpi-edge-08"":0,""rpi-edge-09"":0,""rpi-edge-10"":0}","[{""rank"":1,""recommended"":true,""feasible"":false,""budget_used"":0.555466,""budget_violation"":0.0219,""makespan"":159.838,""deadline_violation"":40.304,""machine_signature"":""65470fd529dd3f0e"",""weighted_score"":0.555466,""diversity_score"":1.12069}]"
prism_cc_time,hybrid_raspberry_500mbps,11,maddid0000018|maddid0000037|mbackgroundid0000014|mbackgroundid0000032|mbackgroundid0000034|mbackgroundid0000053|mbackgroundid0000054|mbgmodelid0000031|mconcatfitid0000030|mconcatfitid0000049|mdifffitid0000005|mdifffitid0000006|mdifffitid0000009|mdifffitid0000010|mdifffitid0000026|mdifffitid0000029|mdifffitid0000045|mdifffitid0000047|mdifffitid0000048|mimgtblid0000017|mprojectid0000001|mprojectid0000002|mprojectid0000003|mprojectid0000021|mprojectid0000039|mprojectid0000041|mprojectid0000042|mviewerid0000019|mviewerid0000038,0.200000,159.838000,0.555466,0.533583,119.533547,0.021900,40.304000,false,84.180000,40,429.480000,"{""cloud-node-02"":51,""hpc-node-02"":7}","{""cloud-node-01"":0,""cloud-node-02"":0.059179,""hpc-node-01"":0,""hpc-node-02"":0.032315,""rpi-edge-01"":0,""rpi-edge-02"":0,""rpi-edge-03"":0,""rpi-edge-04"":0,""rpi-edge-05"":0,""rpi-edge-06"":0,""rpi-edge-07"":0,""rpi-edge-08"":0,""rpi-edge-09"":0,""rpi-edge-10"":0}","[{""rank"":1,""recommended"":true,""feasible"":false,""budget_used"":0.555466,""budget_violation"":0.0219,""makespan"":159.838,""deadline_violation"":40.304,""machine_signature"":""65470fd529dd3f0e"",""weighted_score"":1,""diversity_score"":1.12069}]"
heft_colocation,cloud_hetero,12,mbackgroundid0000013|mbackgroundid0000014|mbackgroundid0000032|mbackgroundid0000033|mbgmodelid0000050|mconcatfitid0000011|mdifffitid0000005|mdifffitid0000006|mdifffitid0000007|mdifffitid0000008|mdifffitid0000009|mdifffitid0000010|mdifffitid0000026|mdifffitid0000027|mdifffitid0000043|mdifffitid0000044|mdifffitid0000045|mdifffitid0000048|mimgtblid0000017|mimgtblid0000036|mimgtblid0000055|mprojectid0000001|mprojectid0000004|mprojectid0000020|mprojectid0000021|mprojectid0000022|mviewerid0000019|mviewerid0000038|mviewerid0000058,0.200000,95.290000,0.498650,0.641828,78.742107,0.000000,16.548000,false,11.041000,10,1.802000,"{""h4d-highmem-192-1"":33,""h4d-standard-192-1"":25}","{""h3-standard-88-1"":0,""h3-standard-88-2"":0,""h4d-highmem-192-1"":0.009754,""h4d-standard-192-1"":0.008354}",[]
prism_cc_cost,cloud_hetero,12,mbackgroundid0000013|mbackgroundid0000014|mbackgroundid0000032|mbackgroundid0000033|mbgmodelid0000050|mconcatfitid0000011|mdifffitid0000005|mdifffitid0000006|mdifffitid0000007|mdifffitid0000008|mdifffitid0000009|mdifffitid0000010|mdifffitid0000026|mdifffitid0000027|mdifffitid0000043|mdifffitid0000044|mdifffitid0000045|mdifffitid0000048|mimgtblid0000017|mimgtblid0000036|mimgtblid0000055|mprojectid0000001|mprojectid0000004|mprojectid0000020|mprojectid0000021|mprojectid0000022|mviewerid0000019|mviewerid0000038|mviewerid0000058,0.200000,95.290000,0.498650,0.641828,78.742107,0.000000,16.548000,false,11.041000,10,225.743000,"{""h4d-highmem-192-1"":33,""h4d-standard-192-1"":25}","{""h3-standard-88-1"":0,""h3-standard-88-2"":0,""h4d-highmem-192-1"":0.009754,""h4d-standard-192-1"":0.008354}","[{""rank"":1,""recommended"":true,""feasible"":false,""budget_used"":0.206353,""budget_violation"":0,""makespan"":94.586,""deadline_violation"":15.844,""machine_signature"":""39c38abf4a15a6b5"",""weighted_score"":0.206353,""diversity_score"":0},{""rank"":2,""recommended"":false,""feasible"":false,""budget_used"":0.49865,""budget_violation"":0,""makespan"":95.29,""deadline_violation"":16.548,""machine_signature"":""34f13602bf3e3b0b"",""weighted_score"":0.49865,""diversity_score"":1.431034}]"
prism_cc_time,cloud_hetero,12,mbackgroundid0000013|mbackgroundid0000014|mbackgroundid0000032|mbackgroundid0000033|mbgmodelid0000050|mconcatfitid0000011|mdifffitid0000005|mdifffitid0000006|mdifffitid0000007|mdifffitid0000008|mdifffitid0000009|mdifffitid0000010|mdifffitid0000026|mdifffitid0000027|mdifffitid0000043|mdifffitid0000044|mdifffitid0000045|mdifffitid0000048|mimgtblid0000017|mimgtblid0000036|mimgtblid0000055|mprojectid0000001|mprojectid0000004|mprojectid0000020|mprojectid0000021|mprojectid0000022|mviewerid0000019|mviewerid0000038|mviewerid0000058,0.200000,94.586000,0.206353,0.641828,78.742107,0.000000,15.844000,false,30.919000,29,225.743000,"{""h4d-standard-192-1"":58}","{""h3-standard-88-1"":0,""h3-standard-88-2"":0,""h4d-highmem-192-1"":0,""h4d-standard-192-1"":0.019338}","[{""rank"":1,""recommended"":true,""feasible"":false,""budget_used"":0.206353,""budget_violation"":0,""makespan"":94.586,""deadline_violation"":15.844,""machine_signature"":""39c38abf4a15a6b5"",""weighted_score"":0.992612,""diversity_score"":0},{""rank"":2,""recommended"":false,""feasible"":false,""budget_used"":0.49865,""budget_violation"":0,""makespan"":95.29,""deadline_violation"":16.548,""machine_signature"":""34f13602bf3e3b0b"",""weighted_score"":1,""diversity_score"":1.431034}]"
heft_colocation,cloud_homo,12,mbackgroundid0000013|mbackgroundid0000014|mbackgroundid0000032|mbackgroundid0000033|mbgmodelid0000050|mconcatfitid0000011|mdifffitid0000005|mdifffitid0000006|mdifffitid0000007|mdifffitid0000008|mdifffitid0000009|mdifffitid0000010|mdifffitid0000026|mdifffitid0000027|mdifffitid0000043|mdifffitid0000044|mdifffitid0000045|mdifffitid0000048|mimgtblid0000017|mimgtblid0000036|mimgtblid0000055|mprojectid0000001|mprojectid0000004|mprojectid0000020|mprojectid0000021|mprojectid0000022|mviewerid0000019|mviewerid0000038|mviewerid0000058,0.200000,99.816000,0.894442,1.059152,79.706000,0.000000,20.110000,false,2.067000,4,3.568000,"{""h4d-standard-192-1"":15,""h4d-standard-192-2"":16,""h4d-standard-192-3"":8,""h4d-standard-192-4"":19}","{""h4d-standard-192-1"":0.003157,""h4d-standard-192-2"":0.003804,""h4d-standard-192-3"":0.003826,""h4d-standard-192-4"":0.006032}",[]
prism_cc_cost,cloud_homo,12,mbackgroundid0000013|mbackgroundid0000014|mbackgroundid0000032|mbackgroundid0000033|mbgmodelid0000050|mconcatfitid0000011|mdifffitid0000005|mdifffitid0000006|mdifffitid0000007|mdifffitid0000008|mdifffitid0000009|mdifffitid0000010|mdifffitid0000026|mdifffitid0000027|mdifffitid0000043|mdifffitid0000044|mdifffitid0000045|mdifffitid0000048|mimgtblid0000017|mimgtblid0000036|mimgtblid0000055|mprojectid0000001|mprojectid0000004|mprojectid0000020|mprojectid0000021|mprojectid0000022|mviewerid0000019|mviewerid0000038|mviewerid0000058,0.200000,99.816000,0.894442,1.059152,79.706000,0.000000,20.110000,false,2.067000,4,263.828000,"{""h4d-standard-192-1"":15,""h4d-standard-192-2"":16,""h4d-standard-192-3"":8,""h4d-standard-192-4"":19}","{""h4d-standard-192-1"":0.003157,""h4d-standard-192-2"":0.003804,""h4d-standard-192-3"":0.003826,""h4d-standard-192-4"":0.006032}","[{""rank"":1,""recommended"":true,""feasible"":false,""budget_used"":0.203026,""budget_violation"":0,""makespan"":93.068,""deadline_violation"":13.362,""machine_signature"":""6dcb9e7c7d2a04ed"",""weighted_score"":0.203026,""diversity_score"":0},{""rank"":2,""recommended"":false,""feasible"":false,""budget_used"":0.894442,""budget_violation"":0,""makespan"":99.816,""deadline_violation"":20.11,""machine_signature"":""c4fff26f22d909f4"",""weighted_score"":0.894442,""diversity_score"":3.672414}]"
prism_cc_time,cloud_homo,12,mbackgroundid0000013|mbackgroundid0000014|mbackgroundid0000032|mbackgroundid0000033|mbgmodelid0000050|mconcatfitid0000011|mdifffitid0000005|mdifffitid0000006|mdifffitid0000007|mdifffitid0000008|mdifffitid0000009|mdifffitid0000010|mdifffitid0000026|mdifffitid0000027|mdifffitid0000043|mdifffitid0000044|mdifffitid0000045|mdifffitid0000048|mimgtblid0000017|mimgtblid0000036|mimgtblid0000055|mprojectid0000001|mprojectid0000004|mprojectid0000020|mprojectid0000021|mprojectid0000022|mviewerid0000019|mviewerid0000038|mviewerid0000058,0.200000,93.068000,0.203026,1.059152,79.706000,0.000000,13.362000,false,30.817000,28,263.828000,"{""h4d-standard-192-1"":58}","{""h4d-standard-192-1"":0.019647,""h4d-standard-192-2"":0,""h4d-standard-192-3"":0,""h4d-standard-192-4"":0}","[{""rank"":1,""recommended"":true,""feasible"":false,""budget_used"":0.203026,""budget_violation"":0,""makespan"":93.068,""deadline_violation"":13.362,""machine_signature"":""6dcb9e7c7d2a04ed"",""weighted_score"":0.932396,""diversity_score"":0},{""rank"":2,""recommended"":false,""feasible"":false,""budget_used"":0.894442,""budget_violation"":0,""makespan"":99.816,""deadline_violation"":20.11,""machine_signature"":""c4fff26f22d909f4"",""weighted_score"":1,""diversity_score"":3.672414}]"
heft_colocation,cluster_hetero,12,mbackgroundid0000013|mbackgroundid0000014|mbackgroundid0000032|mbackgroundid0000033|mbgmodelid0000050|mconcatfitid0000011|mdifffitid0000005|mdifffitid0000006|mdifffitid0000007|mdifffitid0000008|mdifffitid0000009|mdifffitid0000010|mdifffitid0000026|mdifffitid0000027|mdifffitid0000043|mdifffitid0000044|mdifffitid0000045|mdifffitid0000048|mimgtblid0000017|mimgtblid0000036|mimgtblid0000055|mprojectid0000001|mprojectid0000004|mprojectid0000020|mprojectid0000021|mprojectid0000022|mviewerid0000019|mviewerid0000038|mviewerid0000058,0.200000,287.957000,0.000000,0.000000,235.839680,0.000000,52.117000,false,45.025000,18,0.942000,"{""bora005"":34,""bora006"":23,""diablo01"":1}","{""bora005"":0.090898,""bora006"":0.079653,""diablo01"":0.003449,""diablo02"":0}",[]
prism_cc_cost,cluster_hetero,12,mbackgroundid0000013|mbackgroundid0000014|mbackgroundid0000032|mbackgroundid0000033|mbgmodelid0000050|mconcatfitid0000011|mdifffitid0000005|mdifffitid0000006|mdifffitid0000007|mdifffitid0000008|mdifffitid0000009|mdifffitid0000010|mdifffitid0000026|mdifffitid0000027|mdifffitid0000043|mdifffitid0000044|mdifffitid0000045|mdifffitid0000048|mimgtblid0000017|mimgtblid0000036|mimgtblid0000055|mprojectid0000001|mprojectid0000004|mprojectid0000020|mprojectid0000021|mprojectid0000022|mviewerid0000019|mviewerid0000038|mviewerid0000058,0.200000,287.957000,0.000000,0.000000,235.839680,0.000000,52.117000,false,45.025000,18,135.995000,"{""bora005"":34,""bora006"":23,""diablo01"":1}","{""bora005"":0.090898,""bora006"":0.079653,""diablo01"":0.003449,""diablo02"":0}","[{""rank"":1,""recommended"":true,""feasible"":false,""budget_used"":0,""budget_violation"":0,""makespan"":287.957,""deadline_violation"":52.117,""machine_signature"":""1f50f2aab3d250a7"",""weighted_score"":0,""diversity_score"":2.413793}]"
prism_cc_time,cluster_hetero,12,mbackgroundid0000013|mbackgroundid0000014|mbackgroundid0000032|mbackgroundid0000033|mbgmodelid0000050|mconcatfitid0000011|mdifffitid0000005|mdifffitid0000006|mdifffitid0000007|mdifffitid0000008|mdifffitid0000009|mdifffitid0000010|mdifffitid0000026|mdifffitid0000027|mdifffitid0000043|mdifffitid0000044|mdifffitid0000045|mdifffitid0000048|mimgtblid0000017|mimgtblid0000036|mimgtblid0000055|mprojectid0000001|mprojectid0000004|mprojectid0000020|mprojectid0000021|mprojectid0000022|mviewerid0000019|mviewerid0000038|mviewerid0000058,0.200000,287.957000,0.000000,0.000000,235.839680,0.000000,52.117000,false,45.025000,18,135.995000,"{""bora005"":34,""bora006"":23,""diablo01"":1}","{""bora005"":0.090898,""bora006"":0.079653,""diablo01"":0.003449,""diablo02"":0}","[{""rank"":1,""recommended"":true,""feasible"":false,""budget_used"":0,""budget_violation"":0,""makespan"":287.957,""deadline_violation"":52.117,""machine_signature"":""1f50f2aab3d250a7"",""weighted_score"":1,""diversity_score"":2.413793}]"
heft_colocation,cluster_homo,12,mbackgroundid0000013|mbackgroundid0000014|mbackgroundid0000032|mbackgroundid0000033|mbgmodelid0000050|mconcatfitid0000011|mdifffitid0000005|mdifffitid0000006|mdifffitid0000007|mdifffitid0000008|mdifffitid0000009|mdifffitid0000010|mdifffitid0000026|mdifffitid0000027|mdifffitid0000043|mdifffitid0000044|mdifffitid0000045|mdifffitid0000048|mimgtblid0000017|mimgtblid0000036|mimgtblid0000055|mprojectid0000001|mprojectid0000004|mprojectid0000020|mprojectid0000021|mprojectid0000022|mviewerid0000019|mviewerid0000038|mviewerid0000058,0.200000,287.957000,0.000000,0.000000,230.365600,0.000000,57.591000,false,13.601000,9,0.789000,"{""bora001"":16,""bora002"":16,""bora003"":8,""bora004"":18}","{""bora001"":0.032507,""bora002"":0.038953,""bora003"":0.039204,""bora004"":0.061768}",[]
prism_cc_cost,cluster_homo,12,mbackgroundid0000013|mbackgroundid0000014|mbackgroundid0000032|mbackgroundid0000033|mbgmodelid0000050|mconcatfitid0000011|mdifffitid0000005|mdifffitid0000006|mdifffitid0000007|mdifffitid0000008|mdifffitid0000009|mdifffitid0000010|mdifffitid0000026|mdifffitid0000027|mdifffitid0000043|mdifffitid0000044|mdifffitid0000045|mdifffitid0000048|mimgtblid0000017|mimgtblid0000036|mimgtblid0000055|mprojectid0000001|mprojectid0000004|mprojectid0000020|mprojectid0000021|mprojectid0000022|mviewerid0000019|mviewerid0000038|mviewerid0000058,0.200000,287.957000,0.000000,0.000000,230.365600,0.000000,57.591000,false,13.601000,9,155.610000,"{""bora001"":16,""bora002"":16,""bora003"":8,""bora004"":18}","{""bora001"":0.032507,""bora002"":0.038953,""bora003"":0.039204,""bora004"":0.061768}","[{""rank"":1,""recommended"":true,""feasible"":false,""budget_used"":0,""budget_violation"":0,""makespan"":287.957,""deadline_violation"":57.591,""machine_signature"":""2e4822fcc8af67b8"",""weighted_score"":0,""diversity_score"":3.689655}]"
prism_cc_time,cluster_homo,12,mbackgroundid0000013|mbackgroundid0000014|mbackgroundid0000032|mbackgroundid0000033|mbgmodelid0000050|mconcatfitid0000011|mdifffitid0000005|mdifffitid0000006|mdifffitid0000007|mdifffitid0000008|mdifffitid0000009|mdifffitid0000010|mdifffitid0000026|mdifffitid0000027|mdifffitid0000043|mdifffitid0000044|mdifffitid0000045|mdifffitid0000048|mimgtblid0000017|mimgtblid0000036|mimgtblid0000055|mprojectid0000001|mprojectid0000004|mprojectid0000020|mprojectid0000021|mprojectid0000022|mviewerid0000019|mviewerid0000038|mviewerid0000058,0.200000,287.957000,0.000000,0.000000,230.365600,0.000000,57.591000,false,13.601000,9,155.610000,"{""bora001"":16,""bora002"":16,""bora003"":8,""bora004"":18}","{""bora001"":0.032507,""bora002"":0.038953,""bora003"":0.039204,""bora004"":0.061768}","[{""rank"":1,""recommended"":true,""feasible"":false,""budget_used"":0,""budget_violation"":0,""makespan"":287.957,""deadline_violation"":57.591,""machine_signature"":""2e4822fcc8af67b8"",""weighted_score"":1,""diversity_score"":3.689655}]"
heft_colocation,hybrid_hetero,12,mbackgroundid0000013|mbackgroundid0000014|mbackgroundid0000032|mbackgroundid0000033|mbgmodelid0000050|mconcatfitid0000011|mdifffitid0000005|mdifffitid0000006|mdifffitid0000007|mdifffitid0000008|mdifffitid0000009|mdifffitid0000010|mdifffitid0000026|mdifffitid0000027|mdifffitid0000043|mdifffitid0000044|mdifffitid0000045|mdifffitid0000048|mimgtblid0000017|mimgtblid0000036|mimgtblid0000055|mprojectid0000001|mprojectid0000004|mprojectid0000020|mprojectid0000021|mprojectid0000022|mviewerid0000019|mviewerid0000038|mviewerid0000058,0.200000,93.130000,0.203167,0.348827,79.406640,0.000000,13.723000,false,31.159000,32,1.787000,"{""h4d-standard-192-7"":58}","{""bora011"":0,""diablo03"":0,""h3-standard-88-2"":0,""h4d-standard-192-7"":0.019653}",[]
prism_cc_cost,hybrid_hetero,12,mbackgroundid0000013|mbackgroundid0000014|mbackgroundid0000032|mbackgroundid0000033|mbgmodelid0000050|mconcatfitid0000011|mdifffitid0000005|mdifffitid0000006|mdifffitid0000007|mdifffitid0000008|mdifffitid0000009|mdifffitid0000010|mdifffitid0000026|mdifffitid0000027|mdifffitid0000043|mdifffitid0000044|mdifffitid0000045|mdifffitid0000048|mimgtblid0000017|mimgtblid0000036|mimgtblid0000055|mprojectid0000001|mprojectid0000004|mprojectid0000020|mprojectid0000021|mprojectid0000022|mviewerid0000019|mviewerid0000038|mviewerid0000058,0.200000,93.130000,0.203167,0.348827,79.406640,0.000000,13.723000,false,31.159000,32,200.876000,"{""h4d-standard-192-7"":58}","{""bora011"":0,""diablo03"":0,""h3-standard-88-2"":0,""h4d-standard-192-7"":0.019653}","[{""rank"":1,""recommended"":true,""feasible"":false,""budget_used"":0.203167,""budget_violation"":0,""makespan"":93.13,""deadline_violation"":13.723,""machine_signature"":""e5ba153f3587abbc"",""weighted_score"":0.203167,""diversity_score"":0}]"
prism_cc_time,hybrid_hetero,12,mbackgroundid0000013|mbackgroundid0000014|mbackgroundid0000032|mbackgroundid0000033|mbgmodelid0000050|mconcatfitid0000011|mdifffitid0000005|mdifffitid0000006|mdifffitid0000007|mdifffitid0000008|mdifffitid0000009|mdifffitid0000010|mdifffitid0000026|mdifffitid0000027|mdifffitid0000043|mdifffitid0000044|mdifffitid0000045|mdifffitid0000048|mimgtblid0000017|mimgtblid0000036|mimgtblid0000055|mprojectid0000001|mprojectid0000004|mprojectid0000020|mprojectid0000021|mprojectid0000022|mviewerid0000019|mviewerid0000038|mviewerid0000058,0.200000,93.130000,0.203167,0.348827,79.406640,0.000000,13.723000,false,31.159000,32,200.876000,"{""h4d-standard-192-7"":58}","{""bora011"":0,""diablo03"":0,""h3-standard-88-2"":0,""h4d-standard-192-7"":0.019653}","[{""rank"":1,""recommended"":true,""feasible"":false,""budget_used"":0.203167,""budget_violation"":0,""makespan"":93.13,""deadline_violation"":13.723,""machine_signature"":""e5ba153f3587abbc"",""weighted_score"":1,""diversity_score"":0}]"
heft_colocation,hybrid_homo,12,mbackgroundid0000013|mbackgroundid0000014|mbackgroundid0000032|mbackgroundid0000033|mbgmodelid0000050|mconcatfitid0000011|mdifffitid0000005|mdifffitid0000006|mdifffitid0000007|mdifffitid0000008|mdifffitid0000009|mdifffitid0000010|mdifffitid0000026|mdifffitid0000027|mdifffitid0000043|mdifffitid0000044|mdifffitid0000045|mdifffitid0000048|mimgtblid0000017|mimgtblid0000036|mimgtblid0000055|mprojectid0000001|mprojectid0000004|mprojectid0000020|mprojectid0000021|mprojectid0000022|mviewerid0000019|mviewerid0000038|mviewerid0000058,0.200000,95.290000,0.472467,0.607531,78.742107,0.000000,16.548000,false,11.041000,10,1.849000,"{""h4d-standard-192-5"":25,""h4d-standard-192-6"":33}","{""bora009"":0,""bora010"":0,""h4d-standard-192-5"":0.008354,""h4d-standard-192-6"":0.009754}",[]
prism_cc_cost,hybrid_homo,12,mbackgroundid0000013|mbackgroundid0000014|mbackgroundid0000032|mbackgroundid0000033|mbgmodelid0000050|mconcatfitid0000011|mdifffitid0000005|mdifffitid0000006|mdifffitid0000007|mdifffitid0000008|mdifffitid0000009|mdifffitid0000010|mdifffitid0000026|mdifffitid0000027|mdifffitid0000043|mdifffitid0000044|mdifffitid0000045|mdifffitid0000048|mimgtblid0000017|mimgtblid0000036|mimgtblid0000055|mprojectid0000001|mprojectid0000004|mprojectid0000020|mprojectid0000021|mprojectid0000022|mviewerid0000019|mviewerid0000038|mviewerid0000058,0.200000,95.290000,0.472467,0.607531,78.742107,0.000000,16.548000,false,11.041000,10,273.717000,"{""h4d-standard-192-5"":25,""h4d-standard-192-6"":33}","{""bora009"":0,""bora010"":0,""h4d-standard-192-5"":0.008354,""h4d-standard-192-6"":0.009754}","[{""rank"":1,""recommended"":true,""feasible"":false,""budget_used"":0.472467,""budget_violation"":0,""makespan"":95.29,""deadline_violation"":16.548,""machine_signature"":""bfa405b86da6fc53"",""weighted_score"":0.472467,""diversity_score"":1.431034}]"
prism_cc_time,hybrid_homo,12,mbackgroundid0000013|mbackgroundid0000014|mbackgroundid0000032|mbackgroundid0000033|mbgmodelid0000050|mconcatfitid0000011|mdifffitid0000005|mdifffitid0000006|mdifffitid0000007|mdifffitid0000008|mdifffitid0000009|mdifffitid0000010|mdifffitid0000026|mdifffitid0000027|mdifffitid0000043|mdifffitid0000044|mdifffitid0000045|mdifffitid0000048|mimgtblid0000017|mimgtblid0000036|mimgtblid0000055|mprojectid0000001|mprojectid0000004|mprojectid0000020|mprojectid0000021|mprojectid0000022|mviewerid0000019|mviewerid0000038|mviewerid0000058,0.200000,95.290000,0.472467,0.607531,78.742107,0.000000,16.548000,false,11.041000,10,273.717000,"{""h4d-standard-192-5"":25,""h4d-standard-192-6"":33}","{""bora009"":0,""bora010"":0,""h4d-standard-192-5"":0.008354,""h4d-standard-192-6"":0.009754}","[{""rank"":1,""recommended"":true,""feasible"":false,""budget_used"":0.472467,""budget_violation"":0,""makespan"":95.29,""deadline_violation"":16.548,""machine_signature"":""bfa405b86da6fc53"",""weighted_score"":1,""diversity_score"":1.431034}]"
heft_colocation,hybrid_raspberry_500mbps,12,mbackgroundid0000013|mbackgroundid0000014|mbackgroundid0000032|mbackgroundid0000033|mbgmodelid0000050|mconcatfitid0000011|mdifffitid0000005|mdifffitid0000006|mdifffitid0000007|mdifffitid0000008|mdifffitid0000009|mdifffitid0000010|mdifffitid0000026|mdifffitid0000027|mdifffitid0000043|mdifffitid0000044|mdifffitid0000045|mdifffitid0000048|mimgtblid0000017|mimgtblid0000036|mimgtblid0000055|mprojectid0000001|mprojectid0000004|mprojectid0000020|mprojectid0000021|mprojectid0000022|mviewerid0000019|mviewerid0000038|mviewerid0000058,0.200000,135.525000,0.389566,0.533583,119.533547,0.000000,15.991000,false,31.890000,29,2.411000,"{""cloud-node-02"":54,""hpc-node-02"":4}","{""cloud-node-01"":0,""cloud-node-02"":0.068431,""hpc-node-01"":0,""hpc-node-02"":0.024872,""rpi-edge-01"":0,""rpi-edge-02"":0,""rpi-edge-03"":0,""rpi-edge-04"":0,""rpi-edge-05"":0,""rpi-edge-06"":0,""rpi-edge-07"":0,""rpi-edge-08"":0,""rpi-edge-09"":0,""rpi-edge-10"":0}",[]
prism_cc_cost,hybrid_raspberry_500mbps,12,mbackgroundid0000013|mbackgroundid0000014|mbackgroundid0000032|mbackgroundid0000033|mbgmodelid0000050|mconcatfitid0000011|mdifffitid0000005|mdifffitid0000006|mdifffitid0000007|mdifffitid0000008|mdifffitid0000009|mdifffitid0000010|mdifffitid0000026|mdifffitid0000027|mdifffitid0000043|mdifffitid0000044|mdifffitid0000045|mdifffitid0000048|mimgtblid0000017|mimgtblid0000036|mimgtblid0000055|mprojectid0000001|mprojectid0000004|mprojectid0000020|mprojectid0000021|mprojectid0000022|mviewerid0000019|mviewerid0000038|mviewerid0000058,0.200000,135.525000,0.389566,0.533583,119.533547,0.000000,15.991000,false,31.890000,29,400.766000,"{""cloud-node-02"":54,""hpc-node-02"":4}","{""cloud-node-01"":0,""cloud-node-02"":0.068431,""hpc-node-01"":0,""hpc-node-02"":0.024872,""rpi-edge-01"":0,""rpi-edge-02"":0,""rpi-edge-03"":0,""rpi-edge-04"":0,""rpi-edge-05"":0,""rpi-edge-06"":0,""rpi-edge-07"":0,""rpi-edge-08"":0,""rpi-edge-09"":0,""rpi-edge-10"":0}","[{""rank"":1,""recommended"":true,""feasible"":false,""budget_used"":0.389566,""budget_violation"":0,""makespan"":135.525,""deadline_violation"":15.991,""machine_signature"":""b8b057f4dd7464f4"",""weighted_score"":0.389566,""diversity_score"":1.068966}]"
prism_cc_time,hybrid_raspberry_500mbps,12,mbackgroundid0000013|mbackgroundid0000014|mbackgroundid0000032|mbackgroundid0000033|mbgmodelid0000050|mconcatfitid0000011|mdifffitid0000005|mdifffitid0000006|mdifffitid0000007|mdifffitid0000008|mdifffitid0000009|mdifffitid0000010|mdifffitid0000026|mdifffitid0000027|mdifffitid0000043|mdifffitid0000044|mdifffitid0000045|mdifffitid0000048|mimgtblid0000017|mimgtblid0000036|mimgtblid0000055|mprojectid0000001|mprojectid0000004|mprojectid0000020|mprojectid0000021|mprojectid0000022|mviewerid0000019|mviewerid0000038|mviewerid0000058,0.200000,135.525000,0.389566,0.533583,119.533547,0.000000,15.991000,false,31.890000,29,400.766000,"{""cloud-node-02"":54,""hpc-node-02"":4}","{""cloud-node-01"":0,""cloud-node-02"":0.068431,""hpc-node-01"":0,""hpc-node-02"":0.024872,""rpi-edge-01"":0,""rpi-edge-02"":0,""rpi-edge-03"":0,""rpi-edge-04"":0,""rpi-edge-05"":0,""rpi-edge-06"":0,""rpi-edge-07"":0,""rpi-edge-08"":0,""rpi-edge-09"":0,""rpi-edge-10"":0}","[{""rank"":1,""recommended"":true,""feasible"":false,""budget_used"":0.389566,""budget_violation"":0,""makespan"":135.525,""deadline_violation"":15.991,""machine_signature"":""b8b057f4dd7464f4"",""weighted_score"":1,""diversity_score"":1.068966}]"
heft_colocation,cloud_hetero,13,maddid0000037|mbackgroundid0000013|mbackgroundid0000016|mbackgroundid0000034|mbackgroundid0000052|mbgmodelid0000012|mbgmodelid0000031|mconcatfitid0000030|mdifffitid0000005|mdifffitid0000006|mdifffitid0000007|mdifffitid0000008|mdifffitid0000009|mdifffitid0000010|mdifffitid0000025|mdifffitid0000026|mdifffitid0000027|mdifffitid0000028|mdifffitid0000029|mdifffitid0000043|mdifffitid0000044|mdifffitid0000045|mimgtblid0000017|mprojectid0000002|mprojectid0000004|mprojectid0000039|mprojectid0000040|mprojectid0000041|mviewerid0000057,0.200000,95.151000,0.509400,0.641828,78.742107,0.000000,16.409000,false,12.996000,15,1.797000,"{""h4d-highmem-192-1"":43,""h4d-standard-192-1"":15}","{""h3-standard-88-1"":0,""h3-standard-88-2"":0,""h4d-highmem-192-1"":0.010844,""h4d-standard-192-1"":0.007398}",[]
prism_cc_cost,cloud_hetero,13,maddid0000037|mbackgroundid0000013|mbackgroundid0000016|mbackgroundid0000034|mbackgroundid0000052|mbgmodelid0000012|mbgmodelid0000031|mconcatfitid0000030|mdifffitid0000005|mdifffitid0000006|mdifffitid0000007|mdifffitid0000008|mdifffitid0000009|mdifffitid0000010|mdifffitid0000025|mdifffitid0000026|mdifffitid0000027|mdifffitid0000028|mdifffitid0000029|mdifffitid0000043|mdifffitid0000044|mdifffitid0000045|mimgtblid0000017|mprojectid0000002|mprojectid0000004|mprojectid0000039|mprojectid0000040|mprojectid0000041|mviewerid0000057,0.200000,95.151000,0.509400,0.641828,78.742107,0.000000,16.409000,false,12.996000,15,274.118000,"{""h4d-highmem-192-1"":43,""h4d-standard-192-1"":15}","{""h3-standard-88-1"":0,""h3-standard-88-2"":0,""h4d-highmem-192-1"":0.010844,""h4d-standard-192-1"":0.007398}","[{""rank"":1,""recommended"":true,""feasible"":false,""budget_used"":0.5094,""budget_violation"":0,""makespan"":95.151,""deadline_violation"":16.409,""machine_signature"":""21aee48d2fe4c8e3"",""weighted_score"":0.5094,""diversity_score"":1.258621}]"
prism_cc_time,cloud_hetero,13,maddid0000037|mbackgroundid0000013|mbackgroundid0000016|mbackgroundid0000034|mbackgroundid0000052|mbgmodelid0000012|mbgmodelid0000031|mconcatfitid0000030|mdifffitid0000005|mdifffitid0000006|mdifffitid0000007|mdifffitid0000008|mdifffitid0000009|mdifffitid0000010|mdifffitid0000025|mdifffitid0000026|mdifffitid0000027|mdifffitid0000028|mdifffitid0000029|mdifffitid0000043|mdifffitid0000044|mdifffitid0000045|mimgtblid0000017|mprojectid0000002|mprojectid0000004|mprojectid0000039|mprojectid0000040|mprojectid0000041|mviewerid0000057,0.200000,95.151000,0.509400,0.641828,78.742107,0.000000,16.409000,false,12.996000,15,274.118000,"{""h4d-highmem-192-1"":43,""h4d-standard-192-1"":15}","{""h3-standard-88-1"":0,""h3-standard-88-2"":0,""h4d-highmem-192-1"":0.010844,""h4d-standard-192-1"":0.007398}","[{""rank"":1,""recommended"":true,""feasible"":false,""budget_used"":0.5094,""budget_violation"":0,""makespan"":95.151,""deadline_violation"":16.409,""machine_signature"":""21aee48d2fe4c8e3"",""weighted_score"":1,""diversity_score"":1.258621}]"
heft_colocation,cloud_homo,13,maddid0000037|mbackgroundid0000013|mbackgroundid0000016|mbackgroundid0000034|mbackgroundid0000052|mbgmodelid0000012|mbgmodelid0000031|mconcatfitid0000030|mdifffitid0000005|mdifffitid0000006|mdifffitid0000007|mdifffitid0000008|mdifffitid0000009|mdifffitid0000010|mdifffitid0000025|mdifffitid0000026|mdifffitid0000027|mdifffitid0000028|mdifffitid0000029|mdifffitid0000043|mdifffitid0000044|mdifffitid0000045|mimgtblid0000017|mprojectid0000002|mprojectid0000004|mprojectid0000039|mprojectid0000040|mprojectid0000041|mviewerid0000057,0.200000,99.816000,0.871436,1.059152,79.706000,0.000000,20.110000,false,2.459000,6,3.635000,"{""h4d-standard-192-1"":20,""h4d-standard-192-2"":17,""h4d-standard-192-3"":5,""h4d-standard-192-4"":16}","{""h4d-standard-192-1"":0.005023,""h4d-standard-192-2"":0.004924,""h4d-standard-192-3"":0.002588,""h4d-standard-192-4"":0.004304}",[]
prism_cc_cost,cloud_homo,13,maddid0000037|mbackgroundid0000013|mbackgroundid0000016|mbackgroundid0000034|mbackgroundid0000052|mbgmodelid0000012|mbgmodelid0000031|mconcatfitid0000030|mdifffitid0000005|mdifffitid0000006|mdifffitid0000007|mdifffitid0000008|mdifffitid0000009|mdifffitid0000010|mdifffitid0000025|mdifffitid0000026|mdifffitid0000027|mdifffitid0000028|mdifffitid0000029|mdifffitid0000043|mdifffitid0000044|mdifffitid0000045|mimgtblid0000017|mprojectid0000002|mprojectid0000004|mprojectid0000039|mprojectid0000040|mprojectid0000041|mviewerid0000057,0.200000,99.816000,0.871436,1.059152,79.706000,0.000000,20.110000,false,2.459000,6,303.263000,"{""h4d-standard-192-1"":20,""h4d-standard-192-2"":17,""h4d-standard-192-3"":5,""h4d-standard-192-4"":16}","{""h4d-standard-192-1"":0.005023,""h4d-standard-192-2"":0.004924,""h4d-standard-192-3"":0.002588,""h4d-standard-192-4"":0.004304}","[{""rank"":1,""recommended"":true,""feasible"":false,""budget_used"":0.212412,""budget_violation"":0,""makespan"":97.365,""deadline_violation"":17.659,""machine_signature"":""c5a9c6aa94e17628"",""weighted_score"":0.212412,""diversity_score"":0},{""rank"":2,""recommended"":false,""feasible"":false,""budget_used"":0.871436,""budget_violation"":0,""makespan"":99.816,""deadline_violation"":20.11,""machine_signature"":""ff484304b3addc68"",""weighted_score"":0.871436,""diversity_score"":3.655172}]"
prism_cc_time,cloud_homo,13,maddid0000037|mbackgroundid0000013|mbackgroundid0000016|mbackgroundid0000034|mbackgroundid0000052|mbgmodelid0000012|mbgmodelid0000031|mconcatfitid0000030|mdifffitid0000005|mdifffitid0000006|mdifffitid0000007|mdifffitid0000008|mdifffitid0000009|mdifffitid0000010|mdifffitid0000025|mdifffitid0000026|mdifffitid0000027|mdifffitid0000028|mdifffitid0000029|mdifffitid0000043|mdifffitid0000044|mdifffitid0000045|mimgtblid0000017|mprojectid0000002|mprojectid0000004|mprojectid0000039|mprojectid0000040|mprojectid0000041|mviewerid0000057,0.200000,97.365000,0.212412,1.059152,79.706000,0.000000,17.659000,false,39.573000,55,303.263000,"{""h4d-standard-192-1"":58}","{""h4d-standard-192-1"":0.019249,""h4d-standard-192-2"":0,""h4d-standard-192-3"":0,""h4d-standard-192-4"":0}","[{""rank"":1,""recommended"":true,""feasible"":false,""budget_used"":0.212412,""budget_violation"":0,""makespan"":97.365,""deadline_violation"":17.659,""machine_signature"":""c5a9c6aa94e17628"",""weighted_score"":0.975445,""diversity_score"":0},{""rank"":2,""recommended"":false,""feasible"":false,""budget_used"":0.871436,""budget_violation"":0,""makespan"":99.816,""deadline_violation"":20.11,""machine_signature"":""ff484304b3addc68"",""weighted_score"":1,""diversity_score"":3.655172}]"
heft_colocation,cluster_hetero,13,maddid0000037|mbackgroundid0000013|mbackgroundid0000016|mbackgroundid0000034|mbackgroundid0000052|mbgmodelid0000012|mbgmodelid0000031|mconcatfitid0000030|mdifffitid0000005|mdifffitid0000006|mdifffitid0000007|mdifffitid0000008|mdifffitid0000009|mdifffitid0000010|mdifffitid0000025|mdifffitid0000026|mdifffitid0000027|mdifffitid0000028|mdifffitid0000029|mdifffitid0000043|mdifffitid0000044|mdifffitid0000045|mimgtblid0000017|mprojectid0000002|mprojectid0000004|mprojectid0000039|mprojectid0000040|mprojectid0000041|mviewerid0000057,0.200000,287.957000,0.000000,0.000000,235.839680,0.000000,52.117000,false,52.782000,23,0.985000,"{""bora005"":37,""bora006"":20,""diablo01"":1}","{""bora005"":0.102854,""bora006"":0.067724,""diablo01"":0.003955,""diablo02"":0}",[]
prism_cc_cost,cluster_hetero,13,maddid0000037|mbackgroundid0000013|mbackgroundid0000016|mbackgroundid0000034|mbackgroundid0000052|mbgmodelid0000012|mbgmodelid0000031|mconcatfitid0000030|mdifffitid0000005|mdifffitid0000006|mdifffitid0000007|mdifffitid0000008|mdifffitid0000009|mdifffitid0000010|mdifffitid0000025|mdifffitid0000026|mdifffitid0000027|mdifffitid0000028|mdifffitid0000029|mdifffitid0000043|mdifffitid0000044|mdifffitid0000045|mimgtblid0000017|mprojectid0000002|mprojectid0000004|mprojectid0000039|mprojectid0000040|mprojectid0000041|mviewerid0000057,0.200000,287.957000,0.000000,0.000000,235.839680,0.000000,52.117000,false,52.782000,23,147.660000,"{""bora005"":37,""bora006"":20,""diablo01"":1}","{""bora005"":0.102854,""bora006"":0.067724,""diablo01"":0.003955,""diablo02"":0}","[{""rank"":1,""recommended"":true,""feasible"":false,""budget_used"":0,""budget_violation"":0,""makespan"":287.957,""deadline_violation"":52.117,""machine_signature"":""6551d5868b84aba8"",""weighted_score"":0,""diversity_score"":2.362069}]"
prism_cc_time,cluster_hetero,13,maddid0000037|mbackgroundid0000013|mbackgroundid0000016|mbackgroundid0000034|mbackgroundid0000052|mbgmodelid0000012|mbgmodelid0000031|mconcatfitid0000030|mdifffitid0000005|mdifffitid0000006|mdifffitid0000007|mdifffitid0000008|mdifffitid0000009|mdifffitid0000010|mdifffitid0000025|mdifffitid0000026|mdifffitid0000027|mdifffitid0000028|mdifffitid0000029|mdifffitid0000043|mdifffitid0000044|mdifffitid0000045|mimgtblid0000017|mprojectid0000002|mprojectid0000004|mprojectid0000039|mprojectid0000040|mprojectid0000041|mviewerid0000057,0.200000,287.957000,0.000000,0.000000,235.839680,0.000000,52.117000,false,52.782000,23,147.660000,"{""bora005"":37,""bora006"":20,""diablo01"":1}","{""bora005"":0.102854,""bora006"":0.067724,""diablo01"":0.003955,""diablo02"":0}","[{""rank"":1,""recommended"":true,""feasible"":false,""budget_used"":0,""budget_violation"":0,""makespan"":287.957,""deadline_violation"":52.117,""machine_signature"":""6551d5868b84aba8"",""weighted_score"":1,""diversity_score"":2.362069}]"
heft_colocation,cluster_homo,13,maddid0000037|mbackgroundid0000013|mbackgroundid0000016|mbackgroundid0000034|mbackgroundid0000052|mbgmodelid0000012|mbgmodelid0000031|mconcatfitid0000030|mdifffitid0000005|mdifffitid0000006|mdifffitid0000007|mdifffitid0000008|mdifffitid0000009|mdifffitid0000010|mdifffitid0000025|mdifffitid0000026|mdifffitid0000027|mdifffitid0000028|mdifffitid0000029|mdifffitid0000043|mdifffitid0000044|mdifffitid0000045|mimgtblid0000017|mprojectid0000002|mprojectid0000004|mprojectid0000039|mprojectid0000040|mprojectid0000041|mviewerid0000057,0.200000,287.957000,0.000000,0.000000,230.365600,0.000000,57.591000,false,15.464000,11,0.852000,"{""bora001"":21,""bora002"":17,""bora003"":5,""bora004"":15}","{""bora001"":0.051563,""bora002"":0.050526,""bora003"":0.026504,""bora004"":0.044017}",[]
prism_cc_cost,cluster_homo,13,maddid0000037|mbackgroundid0000013|mbackgroundid0000016|mbackgroundid0000034|mbackgroundid0000052|mbgmodelid0000012|mbgmodelid0000031|mconcatfitid0000030|mdifffitid0000005|mdifffitid0000006|mdifffitid0000007|mdifffitid0000008|mdifffitid0000009|mdifffitid0000010|mdifffitid0000025|mdifffitid0000026|mdifffitid0000027|mdifffitid0000028|mdifffitid0000029|mdifffitid0000043|mdifffitid0000044|mdifffitid0000045|mimgtblid0000017|mprojectid0000002|mprojectid0000004|mprojectid0000039|mprojectid0000040|mprojectid0000041|mviewerid0000057,0.200000,287.957000,0.000000,0.000000,230.365600,0.000000,57.591000,false,15.464000,11,122.828000,"{""bora001"":21,""bora002"":17,""bora003"":5,""bora004"":15}","{""bora001"":0.051563,""bora002"":0.050526,""bora003"":0.026504,""bora004"":0.044017}","[{""rank"":1,""recommended"":true,""feasible"":false,""budget_used"":0,""budget_violation"":0,""makespan"":287.957,""deadline_violation"":57.591,""machine_signature"":""2eb8692f8a4f8fef"",""weighted_score"":0,""diversity_score"":3.637931}]"
prism_cc_time,cluster_homo,13,maddid0000037|mbackgroundid0000013|mbackgroundid0000016|mbackgroundid0000034|mbackgroundid0000052|mbgmodelid0000012|mbgmodelid0000031|mconcatfitid0000030|mdifffitid0000005|mdifffitid0000006|mdifffitid0000007|mdifffitid0000008|mdifffitid0000009|mdifffitid0000010|mdifffitid0000025|mdifffitid0000026|mdifffitid0000027|mdifffitid0000028|mdifffitid0000029|mdifffitid0000043|mdifffitid0000044|mdifffitid0000045|mimgtblid0000017|mprojectid0000002|mprojectid0000004|mprojectid0000039|mprojectid0000040|mprojectid0000041|mviewerid0000057,0.200000,287.957000,0.000000,0.000000,230.365600,0.000000,57.591000,false,15.464000,11,122.828000,"{""bora001"":21,""bora002"":17,""bora003"":5,""bora004"":15}","{""bora001"":0.051563,""bora002"":0.050526,""bora003"":0.026504,""bora004"":0.044017}","[{""rank"":1,""recommended"":true,""feasible"":false,""budget_used"":0,""budget_violation"":0,""makespan"":287.957,""deadline_violation"":57.591,""machine_signature"":""2eb8692f8a4f8fef"",""weighted_score"":1,""diversity_score"":3.637931}]"
heft_colocation,hybrid_hetero,13,maddid0000037|mbackgroundid0000013|mbackgroundid0000016|mbackgroundid0000034|mbackgroundid0000052|mbgmodelid0000012|mbgmodelid0000031|mconcatfitid0000030|mdifffitid0000005|mdifffitid0000006|mdifffitid0000007|mdifffitid0000008|mdifffitid0000009|mdifffitid0000010|mdifffitid0000025|mdifffitid0000026|mdifffitid0000027|mdifffitid0000028|mdifffitid0000029|mdifffitid0000043|mdifffitid0000044|mdifffitid0000045|mimgtblid0000017|mprojectid0000002|mprojectid0000004|mprojectid0000039|mprojectid0000040|mprojectid0000041|mviewerid0000057,0.200000,95.890000,0.209193,0.348827,79.406640,0.000000,16.483000,false,39.533000,51,1.661000,"{""h4d-standard-192-7"":58}","{""bora011"":0,""diablo03"":0,""h3-standard-88-2"":0,""h4d-standard-192-7"":0.019543}",[]
prism_cc_cost,hybrid_hetero,13,maddid0000037|mbackgroundid0000013|mbackgroundid0000016|mbackgroundid0000034|mbackgroundid0000052|mbgmodelid0000012|mbgmodelid0000031|mconcatfitid0000030|mdifffitid0000005|mdifffitid0000006|mdifffitid0000007|mdifffitid0000008|mdifffitid0000009|mdifffitid0000010|mdifffitid0000025|mdifffitid0000026|mdifffitid0000027|mdifffitid0000028|mdifffitid0000029|mdifffitid0000043|mdifffitid0000044|mdifffitid0000045|mimgtblid0000017|mprojectid0000002|mprojectid0000004|mprojectid0000039|mprojectid0000040|mprojectid0000041|mviewerid0000057,0.200000,95.890000,0.209193,0.348827,79.406640,0.000000,16.483000,false,39.533000,51,184.685000,"{""h4d-standard-192-7"":58}","{""bora011"":0,""diablo03"":0,""h3-standard-88-2"":0,""h4d-standard-192-7"":0.019543}","[{""rank"":1,""recommended"":true,""feasible"":false,""budget_used"":0.209193,""budget_violation"":0,""makespan"":95.89,""deadline_violation"":16.483,""machine_signature"":""583900b1f66b377b"",""weighted_score"":0.209193,""diversity_score"":0}]"
prism_cc_time,hybrid_hetero,13,maddid0000037|mbackgroundid0000013|mbackgroundid0000016|mbackgroundid0000034|mbackgroundid0000052|mbgmodelid0000012|mbgmodelid0000031|mconcatfitid0000030|mdifffitid0000005|mdifffitid0000006|mdifffitid0000007|mdifffitid0000008|mdifffitid0000009|mdifffitid0000010|mdifffitid0000025|mdifffitid0000026|mdifffitid0000027|mdifffitid0000028|mdifffitid0000029|mdifffitid0000043|mdifffitid0000044|mdifffitid0000045|mimgtblid0000017|mprojectid0000002|mprojectid0000004|mprojectid0000039|mprojectid0000040|mprojectid0000041|mviewerid0000057,0.200000,95.890000,0.209193,0.348827,79.406640,0.000000,16.483000,false,39.533000,51,184.685000,"{""h4d-standard-192-7"":58}","{""bora011"":0,""diablo03"":0,""h3-standard-88-2"":0,""h4d-standard-192-7"":0.019543}","[{""rank"":1,""recommended"":true,""feasible"":false,""budget_used"":0.209193,""budget_violation"":0,""makespan"":95.89,""deadline_violation"":16.483,""machine_signature"":""583900b1f66b377b"",""weighted_score"":1,""diversity_score"":0}]"
heft_colocation,hybrid_homo,13,maddid0000037|mbackgroundid0000013|mbackgroundid0000016|mbackgroundid0000034|mbackgroundid0000052|mbgmodelid0000012|mbgmodelid0000031|mconcatfitid0000030|mdifffitid0000005|mdifffitid0000006|mdifffitid0000007|mdifffitid0000008|mdifffitid0000009|mdifffitid0000010|mdifffitid0000025|mdifffitid0000026|mdifffitid0000027|mdifffitid0000028|mdifffitid0000029|mdifffitid0000043|mdifffitid0000044|mdifffitid0000045|mimgtblid0000017|mprojectid0000002|mprojectid0000004|mprojectid0000039|mprojectid0000040|mprojectid0000041|mviewerid0000057,0.200000,95.151000,0.483257,0.607531,78.742107,0.000000,16.409000,false,12.996000,15,1.764000,"{""h4d-standard-192-5"":15,""h4d-standard-192-6"":43}","{""bora009"":0,""bora010"":0,""h4d-standard-192-5"":0.007398,""h4d-standard-192-6"":0.010844}",[]
prism_cc_cost,hybrid_homo,13,maddid0000037|mbackgroundid0000013|mbackgroundid0000016|mbackgroundid0000034|mbackgroundid0000052|mbgmodelid0000012|mbgmodelid0000031|mconcatfitid0000030|mdifffitid0000005|mdifffitid0000006|mdifffitid0000007|mdifffitid0000008|mdifffitid0000009|mdifffitid0000010|mdifffitid0000025|mdifffitid0000026|mdifffitid0000027|mdifffitid0000028|mdifffitid0000029|mdifffitid0000043|mdifffitid0000044|mdifffitid0000045|mimgtblid0000017|mprojectid0000002|mprojectid0000004|mprojectid0000039|mprojectid0000040|mprojectid0000041|mviewerid0000057,0.200000,95.151000,0.483257,0.607531,78.742107,0.000000,16.409000,false,12.996000,15,254.813000,"{""h4d-standard-192-5"":15,""h4d-standard-192-6"":43}","{""bora009"":0,""bora010"":0,""h4d-standard-192-5"":0.007398,""h4d-standard-192-6"":0.010844}","[{""rank"":1,""recommended"":true,""feasible"":false,""budget_used"":0.483257,""budget_violation"":0,""makespan"":95.151,""deadline_violation"":16.409,""machine_signature"":""acb687fcd15a6a73"",""weighted_score"":0.483257,""diversity_score"":1.258621}]"
prism_cc_time,hybrid_homo,13,maddid0000037|mbackgroundid0000013|mbackgroundid0000016|mbackgroundid0000034|mbackgroundid0000052|mbgmodelid0000012|mbgmodelid0000031|mconcatfitid0000030|mdifffitid0000005|mdifffitid0000006|mdifffitid0000007|mdifffitid0000008|mdifffitid0000009|mdifffitid0000010|mdifffitid0000025|mdifffitid0000026|mdifffitid0000027|mdifffitid0000028|mdifffitid0000029|mdifffitid0000043|mdifffitid0000044|mdifffitid0000045|mimgtblid0000017|mprojectid0000002|mprojectid0000004|mprojectid0000039|mprojectid0000040|mprojectid0000041|mviewerid0000057,0.200000,95.151000,0.483257,0.607531,78.742107,0.000000,16.409000,false,12.996000,15,254.813000,"{""h4d-standard-192-5"":15,""h4d-standard-192-6"":43}","{""bora009"":0,""bora010"":0,""h4d-standard-192-5"":0.007398,""h4d-standard-192-6"":0.010844}","[{""rank"":1,""recommended"":true,""feasible"":false,""budget_used"":0.483257,""budget_violation"":0,""makespan"":95.151,""deadline_violation"":16.409,""machine_signature"":""acb687fcd15a6a73"",""weighted_score"":1,""diversity_score"":1.258621}]"
heft_colocation,hybrid_raspberry_500mbps,13,maddid0000037|mbackgroundid0000013|mbackgroundid0000016|mbackgroundid0000034|mbackgroundid0000052|mbgmodelid0000012|mbgmodelid0000031|mconcatfitid0000030|mdifffitid0000005|mdifffitid0000006|mdifffitid0000007|mdifffitid0000008|mdifffitid0000009|mdifffitid0000010|mdifffitid0000025|mdifffitid0000026|mdifffitid0000027|mdifffitid0000028|mdifffitid0000029|mdifffitid0000043|mdifffitid0000044|mdifffitid0000045|mimgtblid0000017|mprojectid0000002|mprojectid0000004|mprojectid0000039|mprojectid0000040|mprojectid0000041|mviewerid0000057,0.200000,144.791000,0.368280,0.533583,119.533547,0.000000,25.257000,false,43.314000,44,2.283000,"{""cloud-node-02"":54,""hpc-node-02"":4}","{""cloud-node-01"":0,""cloud-node-02"":0.064903,""hpc-node-01"":0,""hpc-node-02"":0.024425,""rpi-edge-01"":0,""rpi-edge-02"":0,""rpi-edge-03"":0,""rpi-edge-04"":0,""rpi-edge-05"":0,""rpi-edge-06"":0,""rpi-edge-07"":0,""rpi-edge-08"":0,""rpi-edge-09"":0,""rpi-edge-10"":0}",[]
prism_cc_cost,hybrid_raspberry_500mbps,13,maddid0000037|mbackgroundid0000013|mbackgroundid0000016|mbackgroundid0000034|mbackgroundid0000052|mbgmodelid0000012|mbgmodelid0000031|mconcatfitid0000030|mdifffitid0000005|mdifffitid0000006|mdifffitid0000007|mdifffitid0000008|mdifffitid0000009|mdifffitid0000010|mdifffitid0000025|mdifffitid0000026|mdifffitid0000027|mdifffitid0000028|mdifffitid0000029|mdifffitid0000043|mdifffitid0000044|mdifffitid0000045|mimgtblid0000017|mprojectid0000002|mprojectid0000004|mprojectid0000039|mprojectid0000040|mprojectid0000041|mviewerid0000057,0.200000,144.791000,0.368280,0.533583,119.533547,0.000000,25.257000,false,43.314000,44,448.882000,"{""cloud-node-02"":54,""hpc-node-02"":4}","{""cloud-node-01"":0,""cloud-node-02"":0.064903,""hpc-node-01"":0,""hpc-node-02"":0.024425,""rpi-edge-01"":0,""rpi-edge-02"":0,""rpi-edge-03"":0,""rpi-edge-04"":0,""rpi-edge-05"":0,""rpi-edge-06"":0,""rpi-edge-07"":0,""rpi-edge-08"":0,""rpi-edge-09"":0,""rpi-edge-10"":0}","[{""rank"":1,""recommended"":true,""feasible"":false,""budget_used"":0.36828,""budget_violation"":0,""makespan"":144.791,""deadline_violation"":25.257,""machine_signature"":""2f7ea1e64e948524"",""weighted_score"":0.36828,""diversity_score"":1.068966}]"
prism_cc_time,hybrid_raspberry_500mbps,13,maddid0000037|mbackgroundid0000013|mbackgroundid0000016|mbackgroundid0000034|mbackgroundid0000052|mbgmodelid0000012|mbgmodelid0000031|mconcatfitid0000030|mdifffitid0000005|mdifffitid0000006|mdifffitid0000007|mdifffitid0000008|mdifffitid0000009|mdifffitid0000010|mdifffitid0000025|mdifffitid0000026|mdifffitid0000027|mdifffitid0000028|mdifffitid0000029|mdifffitid0000043|mdifffitid0000044|mdifffitid0000045|mimgtblid0000017|mprojectid0000002|mprojectid0000004|mprojectid0000039|mprojectid0000040|mprojectid0000041|mviewerid0000057,0.200000,144.791000,0.368280,0.533583,119.533547,0.000000,25.257000,false,43.314000,44,448.882000,"{""cloud-node-02"":54,""hpc-node-02"":4}","{""cloud-node-01"":0,""cloud-node-02"":0.064903,""hpc-node-01"":0,""hpc-node-02"":0.024425,""rpi-edge-01"":0,""rpi-edge-02"":0,""rpi-edge-03"":0,""rpi-edge-04"":0,""rpi-edge-05"":0,""rpi-edge-06"":0,""rpi-edge-07"":0,""rpi-edge-08"":0,""rpi-edge-09"":0,""rpi-edge-10"":0}","[{""rank"":1,""recommended"":true,""feasible"":false,""budget_used"":0.36828,""budget_violation"":0,""makespan"":144.791,""deadline_violation"":25.257,""machine_signature"":""2f7ea1e64e948524"",""weighted_score"":1,""diversity_score"":1.068966}]"
heft_colocation,cloud_hetero,14,maddid0000018|maddid0000056|mbackgroundid0000013|mbackgroundid0000033|mbackgroundid0000052|mbackgroundid0000053|mbgmodelid0000031|mconcatfitid0000030|mconcatfitid0000049|mdifffitid0000005|mdifffitid0000007|mdifffitid0000008|mdifffitid0000010|mdifffitid0000025|mdifffitid0000044|mdifffitid0000045|mdifffitid0000046|mdifffitid0000047|mdifffitid0000048|mimgtblid0000017|mimgtblid0000055|mprojectid0000001|mprojectid0000003|mprojectid0000020|mprojectid0000021|mprojectid0000023|mprojectid0000039|mprojectid0000041|mviewerid0000058,0.200000,99.277000,0.552859,0.641828,78.742107,0.000000,20.535000,false,26.620000,14,1.737000,"{""h4d-highmem-192-1"":23,""h4d-standard-192-1"":35}","{""h3-standard-88-1"":0,""h3-standard-88-2"":0,""h4d-highmem-192-1"":0.008169,""h4d-standard-192-1"":0.010029}",[]
prism_cc_cost,cloud_hetero,14,maddid0000018|maddid0000056|mbackgroundid0000013|mbackgroundid0000033|mbackgroundid0000052|mbackgroundid0000053|mbgmodelid0000031|mconcatfitid0000030|mconcatfitid0000049|mdifffitid0000005|mdifffitid0000007|mdifffitid0000008|mdifffitid0000010|mdifffitid0000025|mdifffitid0000044|mdifffitid0000045|mdifffitid0000046|mdifffitid0000047|mdifffitid0000048|mimgtblid0000017|mimgtblid0000055|mprojectid0000001|mprojectid0000003|mprojectid0000020|mprojectid0000021|mprojectid0000023|mprojectid0000039|mprojectid0000041|mviewerid0000058,0.200000,99.277000,0.552859,0.641828,78.742107,0.000000,20.535000,false,26.620000,14,283.766000,"{""h4d-highmem-192-1"":23,""h4d-standard-192-1"":35}","{""h3-standard-88-1"":0,""h3-standard-88-2"":0,""h4d-highmem-192-1"":0.008169,""h4d-standard-192-1"":0.010029}","[{""rank"":1,""recommended"":true,""feasible"":false,""budget_used"":0.508448,""budget_violation"":0,""makespan"":98.928,""deadline_violation"":20.186,""machine_signature"":""6eac7421486c47fb"",""weighted_score"":0.508448,""diversity_score"":1.224138},{""rank"":2,""recommended"":false,""feasible"":false,""budget_used"":0.552859,""budget_violation"":0,""makespan"":99.277,""deadline_violation"":20.535,""machine_signature"":""81c41c497db47a61"",""weighted_score"":0.552859,""diversity_score"":1.396552}]"
prism_cc_time,cloud_hetero,14,maddid0000018|maddid0000056|mbackgroundid0000013|mbackgroundid0000033|mbackgroundid0000052|mbackgroundid0000053|mbgmodelid0000031|mconcatfitid0000030|mconcatfitid0000049|mdifffitid0000005|mdifffitid0000007|mdifffitid0000008|mdifffitid0000010|mdifffitid0000025|mdifffitid0000044|mdifffitid0000045|mdifffitid0000046|mdifffitid0000047|mdifffitid0000048|mimgtblid0000017|mimgtblid0000055|mprojectid0000001|mprojectid0000003|mprojectid0000020|mprojectid0000021|mprojectid0000023|mprojectid0000039|mprojectid0000041|mviewerid0000058,0.200000,98.928000,0.508448,0.641828,78.742107,0.000000,20.186000,false,42.476000,23,283.766000,"{""h4d-highmem-192-1"":13,""h4d-standard-192-1"":45}","{""h3-standard-88-1"":0,""h3-standard-88-2"":0,""h4d-highmem-192-1"":0.002417,""h4d-standard-192-1"":0.01668}","[{""rank"":1,""recommended"":true,""feasible"":false,""budget_used"":0.508448,""budget_violation"":0,""makespan"":98.928,""deadline_violation"":20.186,""machine_signature"":""6eac7421486c47fb"",""weighted_score"":0.996485,""diversity_score"":1.224138},{""rank"":2,""recommended"":false,""feasible"":false,""budget_used"":0.552859,""budget_violation"":0,""makespan"":99.277,""deadline_violation"":20.535,""machine_signature"":""81c41c497db47a61"",""weighted_score"":1,""diversity_score"":1.396552}]"
heft_colocation,cloud_homo,14,maddid0000018|maddid0000056|mbackgroundid0000013|mbackgroundid0000033|mbackgroundid0000052|mbackgroundid0000053|mbgmodelid0000031|mconcatfitid0000030|mconcatfitid0000049|mdifffitid0000005|mdifffitid0000007|mdifffitid0000008|mdifffitid0000010|mdifffitid0000025|mdifffitid0000044|mdifffitid0000045|mdifffitid0000046|mdifffitid0000047|mdifffitid0000048|mimgtblid0000017|mimgtblid0000055|mprojectid0000001|mprojectid0000003|mprojectid0000020|mprojectid0000021|mprojectid0000023|mprojectid0000039|mprojectid0000041|mviewerid0000058,0.200000,99.816000,0.924927,1.059152,79.706000,0.000000,20.110000,false,7.511000,6,3.522000,"{""h4d-standard-192-1"":15,""h4d-standard-192-2"":16,""h4d-standard-192-3"":9,""h4d-standard-192-4"":18}","{""h4d-standard-192-1"":0.003271,""h4d-standard-192-2"":0.003806,""h4d-standard-192-3"":0.004826,""h4d-standard-192-4"":0.0052}",[]
prism_cc_cost,cloud_homo,14,maddid0000018|maddid0000056|mbackgroundid0000013|mbackgroundid0000033|mbackgroundid0000052|mbackgroundid0000053|mbgmodelid0000031|mconcatfitid0000030|mconcatfitid0000049|mdifffitid0000005|mdifffitid0000007|mdifffitid0000008|mdifffitid0000010|mdifffitid0000025|mdifffitid0000044|mdifffitid0000045|mdifffitid0000046|mdifffitid0000047|mdifffitid0000048|mimgtblid0000017|mimgtblid0000055|mprojectid0000001|mprojectid0000003|mprojectid0000020|mprojectid0000021|mprojectid0000023|mprojectid0000039|mprojectid0000041|mviewerid0000058,0.200000,99.816000,0.924927,1.059152,79.706000,0.000000,20.110000,false,7.511000,6,309.143000,"{""h4d-standard-192-1"":15,""h4d-standard-192-2"":16,""h4d-standard-192-3"":9,""h4d-standard-192-4"":18}","{""h4d-standard-192-1"":0.003271,""h4d-standard-192-2"":0.003806,""h4d-standard-192-3"":0.004826,""h4d-standard-192-4"":0.0052}","[{""rank"":1,""recommended"":true,""feasible"":false,""budget_used"":0.470419,""budget_violation"":0,""makespan"":96.803,""deadline_violation"":17.097,""machine_signature"":""add0f836072d7520"",""weighted_score"":0.470419,""diversity_score"":1.172414},{""rank"":2,""recommended"":false,""feasible"":false,""budget_used"":0.468246,""budget_violation"":0,""makespan"":98.738,""deadline_violation"":19.032,""machine_signature"":""286605b7d96bbda2"",""weighted_score"":0.468246,""diversity_score"":1.155172},{""rank"":3,""recommended"":false,""feasible"":false,""budget_used"":0.924927,""budget_violation"":0,""makespan"":99.816,""deadline_violation"":20.11,""machine_signature"":""b9a2599a3c1fd98e"",""weighted_score"":0.924927,""diversity_score"":3.689655}]"
prism_cc_time,cloud_homo,14,maddid0000018|maddid0000056|mbackgroundid0000013|mbackgroundid0000033|mbackgroundid0000052|mbackgroundid0000053|mbgmodelid0000031|mconcatfitid0000030|mconcatfitid0000049|mdifffitid0000005|mdifffitid0000007|mdifffitid0000008|mdifffitid0000010|mdifffitid0000025|mdifffitid0000044|mdifffitid0000045|mdifffitid0000046|mdifffitid0000047|mdifffitid0000048|mimgtblid0000017|mimgtblid0000055|mprojectid0000001|mprojectid0000003|mprojectid0000020|mprojectid0000021|mprojectid0000023|mprojectid0000039|mprojectid0000041|mviewerid0000058,0.200000,96.803000,0.470419,1.059152,79.706000,0.000000,17.097000,false,43.025000,30,309.143000,"{""h4d-standard-192-1"":10,""h4d-standard-192-4"":48}","{""h4d-standard-192-1"":0.002465,""h4d-standard-192-2"":0,""h4d-standard-192-3"":0,""h4d-standard-192-4"":0.017081}","[{""rank"":1,""recommended"":true,""feasible"":false,""budget_used"":0.470419,""budget_violation"":0,""makespan"":96.803,""deadline_violation"":17.097,""machine_signature"":""add0f836072d7520"",""weighted_score"":0.969814,""diversity_score"":1.172414},{""rank"":2,""recommended"":false,""feasible"":false,""budget_used"":0.468246,""budget_violation"":0,""makespan"":98.738,""deadline_violation"":19.032,""machine_signature"":""286605b7d96bbda2"",""weighted_score"":0.9892,""diversity_score"":1.155172},{""rank"":3,""recommended"":false,""feasible"":false,""budget_used"":0.924927,""budget_violation"":0,""makespan"":99.816,""deadline_violation"":20.11,""machine_signature"":""b9a2599a3c1fd98e"",""weighted_score"":1,""diversity_score"":3.689655}]"
heft_colocation,cluster_hetero,14,maddid0000018|maddid0000056|mbackgroundid0000013|mbackgroundid0000033|mbackgroundid0000052|mbackgroundid0000053|mbgmodelid0000031|mconcatfitid0000030|mconcatfitid0000049|mdifffitid0000005|mdifffitid0000007|mdifffitid0000008|mdifffitid0000010|mdifffitid0000025|mdifffitid0000044|mdifffitid0000045|mdifffitid0000046|mdifffitid0000047|mdifffitid0000048|mimgtblid0000017|mimgtblid0000055|mprojectid0000001|mprojectid0000003|mprojectid0000020|mprojectid0000021|mprojectid0000023|mprojectid0000039|mprojectid0000041|mviewerid0000058,0.200000,287.957000,0.000000,0.000000,235.839680,0.000000,52.117000,false,78.735000,15,1.077000,"{""bora005"":31,""bora006"":21,""diablo01"":3,""diablo02"":3}","{""bora005"":0.078571,""bora006"":0.084579,""diablo01"":0.005436,""diablo02"":0.005493}",[]
prism_cc_cost,cluster_hetero,14,maddid0000018|maddid0000056|mbackgroundid0000013|mbackgroundid0000033|mbackgroundid0000052|mbackgroundid0000053|mbgmodelid0000031|mconcatfitid0000030|mconcatfitid0000049|mdifffitid0000005|mdifffitid0000007|mdifffitid0000008|mdifffitid0000010|mdifffitid0000025|mdifffitid0000044|mdifffitid0000045|mdifffitid0000046|mdifffitid0000047|mdifffitid0000048|mimgtblid0000017|mimgtblid0000055|mprojectid0000001|mprojectid0000003|mprojectid0000020|mprojectid0000021|mprojectid0000023|mprojectid0000039|mprojectid0000041|mviewerid0000058,0.200000,287.957000,0.000000,0.000000,235.839680,0.000000,52.117000,false,78.735000,15,156.879000,"{""bora005"":31,""bora006"":21,""diablo01"":3,""diablo02"":3}","{""bora005"":0.078571,""bora006"":0.084579,""diablo01"":0.005436,""diablo02"":0.005493}","[{""rank"":1,""recommended"":true,""feasible"":false,""budget_used"":0,""budget_violation"":0,""makespan"":287.957,""deadline_violation"":52.117,""machine_signature"":""6262fbdf7a9a61d6"",""weighted_score"":0,""diversity_score"":3.465517}]"
prism_cc_time,cluster_hetero,14,maddid0000018|maddid0000056|mbackgroundid0000013|mbackgroundid0000033|mbackgroundid0000052|mbackgroundid0000053|mbgmodelid0000031|mconcatfitid0000030|mconcatfitid0000049|mdifffitid0000005|mdifffitid0000007|mdifffitid0000008|mdifffitid0000010|mdifffitid0000025|mdifffitid0000044|mdifffitid0000045|mdifffitid0000046|mdifffitid0000047|mdifffitid0000048|mimgtblid0000017|mimgtblid0000055|mprojectid0000001|mprojectid0000003|mprojectid0000020|mprojectid0000021|mprojectid0000023|mprojectid0000039|mprojectid0000041|mviewerid0000058,0.200000,287.957000,0.000000,0.000000,235.839680,0.000000,52.117000,false,78.735000,15,156.879000,"{""bora005"":31,""bora006"":21,""diablo01"":3,""diablo02"":3}","{""bora005"":0.078571,""bora006"":0.084579,""diablo01"":0.005436,""diablo02"":0.005493}","[{""rank"":1,""recommended"":true,""feasible"":false,""budget_used"":0,""budget_violation"":0,""makespan"":287.957,""deadline_violation"":52.117,""machine_signature"":""6262fbdf7a9a61d6"",""weighted_score"":1,""diversity_score"":3.465517}]"
heft_colocation,cluster_homo,14,maddid0000018|maddid0000056|mbackgroundid0000013|mbackgroundid0000033|mbackgroundid0000052|mbackgroundid0000053|mbgmodelid0000031|mconcatfitid0000030|mconcatfitid0000049|mdifffitid0000005|mdifffitid0000007|mdifffitid0000008|mdifffitid0000010|mdifffitid0000025|mdifffitid0000044|mdifffitid0000045|mdifffitid0000046|mdifffitid0000047|mdifffitid0000048|mimgtblid0000017|mimgtblid0000055|mprojectid0000001|mprojectid0000003|mprojectid0000020|mprojectid0000021|mprojectid0000023|mprojectid0000039|mprojectid0000041|mviewerid0000058,0.200000,287.957000,0.000000,0.000000,230.365600,0.000000,57.591000,false,42.374000,8,0.805000,"{""bora001"":16,""bora002"":16,""bora003"":10,""bora004"":16}","{""bora001"":0.033876,""bora002"":0.038953,""bora003"":0.052363,""bora004"":0.050015}",[]
prism_cc_cost,cluster_homo,14,maddid0000018|maddid0000056|mbackgroundid0000013|mbackgroundid0000033|mbackgroundid0000052|mbackgroundid0000053|mbgmodelid0000031|mconcatfitid0000030|mconcatfitid0000049|mdifffitid0000005|mdifffitid0000007|mdifffitid0000008|mdifffitid0000010|mdifffitid0000025|mdifffitid0000044|mdifffitid0000045|mdifffitid0000046|mdifffitid0000047|mdifffitid0000048|mimgtblid0000017|mimgtblid0000055|mprojectid0000001|mprojectid0000003|mprojectid0000020|mprojectid0000021|mprojectid0000023|mprojectid0000039|mprojectid0000041|mviewerid0000058,0.200000,287.957000,0.000000,0.000000,230.365600,0.000000,57.591000,false,42.374000,8,131.959000,"{""bora001"":16,""bora002"":16,""bora003"":10,""bora004"":16}","{""bora001"":0.033876,""bora002"":0.038953,""bora003"":0.052363,""bora004"":0.050015}","[{""rank"":1,""recommended"":true,""feasible"":false,""budget_used"":0,""budget_violation"":0,""makespan"":287.957,""deadline_violation"":57.591,""machine_signature"":""d3ff1e09e96a8a22"",""weighted_score"":0,""diversity_score"":3.724138}]"
prism_cc_time,cluster_homo,14,maddid0000018|maddid0000056|mbackgroundid0000013|mbackgroundid0000033|mbackgroundid0000052|mbackgroundid0000053|mbgmodelid0000031|mconcatfitid0000030|mconcatfitid0000049|mdifffitid0000005|mdifffitid0000007|mdifffitid0000008|mdifffitid0000010|mdifffitid0000025|mdifffitid0000044|mdifffitid0000045|mdifffitid0000046|mdifffitid0000047|mdifffitid0000048|mimgtblid0000017|mimgtblid0000055|mprojectid0000001|mprojectid0000003|mprojectid0000020|mprojectid0000021|mprojectid0000023|mprojectid0000039|mprojectid0000041|mviewerid0000058,0.200000,287.957000,0.000000,0.000000,230.365600,0.000000,57.591000,false,42.374000,8,131.959000,"{""bora001"":16,""bora002"":16,""bora003"":10,""bora004"":16}","{""bora001"":0.033876,""bora002"":0.038953,""bora003"":0.052363,""bora004"":0.050015}","[{""rank"":1,""recommended"":true,""feasible"":false,""budget_used"":0,""budget_violation"":0,""makespan"":287.957,""deadline_violation"":57.591,""machine_signature"":""d3ff1e09e96a8a22"",""weighted_score"":1,""diversity_score"":3.724138}]"
heft_colocation,hybrid_hetero,14,maddid0000018|maddid0000056|mbackgroundid0000013|mbackgroundid0000033|mbackgroundid0000052|mbackgroundid0000053|mbgmodelid0000031|mconcatfitid0000030|mconcatfitid0000049|mdifffitid0000005|mdifffitid0000007|mdifffitid0000008|mdifffitid0000010|mdifffitid0000025|mdifffitid0000044|mdifffitid0000045|mdifffitid0000046|mdifffitid0000047|mdifffitid0000048|mimgtblid0000017|mimgtblid0000055|mprojectid0000001|mprojectid0000003|mprojectid0000020|mprojectid0000021|mprojectid0000023|mprojectid0000039|mprojectid0000041|mviewerid0000058,0.200000,101.354000,0.323844,0.348827,79.406640,0.000000,21.947000,false,53.501000,35,1.535000,"{""h3-standard-88-2"":3,""h4d-standard-192-7"":55}","{""bora011"":0,""diablo03"":0,""h3-standard-88-2"":0.003162,""h4d-standard-192-7"":0.018469}",[]
prism_cc_cost,hybrid_hetero,14,maddid0000018|maddid0000056|mbackgroundid0000013|mbackgroundid0000033|mbackgroundid0000052|mbackgroundid0000053|mbgmodelid0000031|mconcatfitid0000030|mconcatfitid0000049|mdifffitid0000005|mdifffitid0000007|mdifffitid0000008|mdifffitid0000010|mdifffitid0000025|mdifffitid0000044|mdifffitid0000045|mdifffitid0000046|mdifffitid0000047|mdifffitid0000048|mimgtblid0000017|mimgtblid0000055|mprojectid0000001|mprojectid0000003|mprojectid0000020|mprojectid0000021|mprojectid0000023|mprojectid0000039|mprojectid0000041|mviewerid0000058,0.200000,101.354000,0.323844,0.348827,79.406640,0.000000,21.947000,false,53.501000,35,195.992000,"{""h3-standard-88-2"":3,""h4d-standard-192-7"":55}","{""bora011"":0,""diablo03"":0,""h3-standard-88-2"":0.003162,""h4d-standard-192-7"":0.018469}","[{""rank"":1,""recommended"":true,""feasible"":false,""budget_used"":0.323844,""budget_violation"":0,""makespan"":101.354,""deadline_violation"":21.947,""machine_signature"":""7b59de39f07948a8"",""weighted_score"":0.323844,""diversity_score"":1.051724}]"
prism_cc_time,hybrid_hetero,14,maddid0000018|maddid0000056|mbackgroundid0000013|mbackgroundid0000033|mbackgroundid0000052|mbackgroundid0000053|mbgmodelid0000031|mconcatfitid0000030|mconcatfitid0000049|mdifffitid0000005|mdifffitid0000007|mdifffitid0000008|mdifffitid0000010|mdifffitid0000025|mdifffitid0000044|mdifffitid0000045|mdifffitid0000046|mdifffitid0000047|mdifffitid0000048|mimgtblid0000017|mimgtblid0000055|mprojectid0000001|mprojectid0000003|mprojectid0000020|mprojectid0000021|mprojectid0000023|mprojectid0000039|mprojectid0000041|mviewerid0000058,0.200000,101.354000,0.323844,0.348827,79.406640,0.000000,21.947000,false,53.501000,35,195.992000,"{""h3-standard-88-2"":3,""h4d-standard-192-7"":55}","{""bora011"":0,""diablo03"":0,""h3-standard-88-2"":0.003162,""h4d-standard-192-7"":0.018469}","[{""rank"":1,""recommended"":true,""feasible"":false,""budget_used"":0.323844,""budget_violation"":0,""makespan"":101.354,""deadline_violation"":21.947,""machine_signature"":""7b59de39f07948a8"",""weighted_score"":1,""diversity_score"":1.051724}]"
heft_colocation,hybrid_homo,14,maddid0000018|maddid0000056|mbackgroundid0000013|mbackgroundid0000033|mbackgroundid0000052|mbackgroundid0000053|mbgmodelid0000031|mconcatfitid0000030|mconcatfitid0000049|mdifffitid0000005|mdifffitid0000007|mdifffitid0000008|mdifffitid0000010|mdifffitid0000025|mdifffitid0000044|mdifffitid0000045|mdifffitid0000046|mdifffitid0000047|mdifffitid0000048|mimgtblid0000017|mimgtblid0000055|mprojectid0000001|mprojectid0000003|mprojectid0000020|mprojectid0000021|mprojectid0000023|mprojectid0000039|mprojectid0000041|mviewerid0000058,0.200000,99.277000,0.525583,0.607531,78.742107,0.000000,20.535000,false,26.620000,14,1.670000,"{""h4d-standard-192-5"":35,""h4d-standard-192-6"":23}","{""bora009"":0,""bora010"":0,""h4d-standard-192-5"":0.010029,""h4d-standard-192-6"":0.008169}",[]
prism_cc_cost,hybrid_homo,14,maddid0000018|maddid0000056|mbackgroundid0000013|mbackgroundid0000033|mbackgroundid0000052|mbackgroundid0000053|mbgmodelid0000031|mconcatfitid0000030|mconcatfitid0000049|mdifffitid0000005|mdifffitid0000007|mdifffitid0000008|mdifffitid0000010|mdifffitid0000025|mdifffitid0000044|mdifffitid0000045|mdifffitid0000046|mdifffitid0000047|mdifffitid0000048|mimgtblid0000017|mimgtblid0000055|mprojectid0000001|mprojectid0000003|mprojectid0000020|mprojectid0000021|mprojectid0000023|mprojectid0000039|mprojectid0000041|mviewerid0000058,0.200000,99.277000,0.525583,0.607531,78.742107,0.000000,20.535000,false,26.620000,14,261.559000,"{""h4d-standard-192-5"":35,""h4d-standard-192-6"":23}","{""bora009"":0,""bora010"":0,""h4d-standard-192-5"":0.010029,""h4d-standard-192-6"":0.008169}","[{""rank"":1,""recommended"":true,""feasible"":false,""budget_used"":0.525583,""budget_violation"":0,""makespan"":99.277,""deadline_violation"":20.535,""machine_signature"":""81e3a62754f618d3"",""weighted_score"":0.525583,""diversity_score"":1.396552}]"
prism_cc_time,hybrid_homo,14,maddid0000018|maddid0000056|mbackgroundid0000013|mbackgroundid0000033|mbackgroundid0000052|mbackgroundid0000053|mbgmodelid0000031|mconcatfitid0000030|mconcatfitid0000049|mdifffitid0000005|mdifffitid0000007|mdifffitid0000008|mdifffitid0000010|mdifffitid0000025|mdifffitid0000044|mdifffitid0000045|mdifffitid0000046|mdifffitid0000047|mdifffitid0000048|mimgtblid0000017|mimgtblid0000055|mprojectid0000001|mprojectid0000003|mprojectid0000020|mprojectid0000021|mprojectid0000023|mprojectid0000039|mprojectid0000041|mviewerid0000058,0.200000,99.277000,0.525583,0.607531,78.742107,0.000000,20.535000,false,26.620000,14,261.559000,"{""h4d-standard-192-5"":35,""h4d-standard-192-6"":23}","{""bora009"":0,""bora010"":0,""h4d-standard-192-5"":0.010029,""h4d-standard-192-6"":0.008169}","[{""rank"":1,""recommended"":true,""feasible"":false,""budget_used"":0.525583,""budget_violation"":0,""makespan"":99.277,""deadline_violation"":20.535,""machine_signature"":""81e3a62754f618d3"",""weighted_score"":1,""diversity_score"":1.396552}]"
heft_colocation,hybrid_raspberry_500mbps,14,maddid0000018|maddid0000056|mbackgroundid0000013|mbackgroundid0000033|mbackgroundid0000052|mbackgroundid0000053|mbgmodelid0000031|mconcatfitid0000030|mconcatfitid0000049|mdifffitid0000005|mdifffitid0000007|mdifffitid0000008|mdifffitid0000010|mdifffitid0000025|mdifffitid0000044|mdifffitid0000045|mdifffitid0000046|mdifffitid0000047|mdifffitid0000048|mimgtblid0000017|mimgtblid0000055|mprojectid0000001|mprojectid0000003|mprojectid0000020|mprojectid0000021|mprojectid0000023|mprojectid0000039|mprojectid0000041|mviewerid0000058,0.200000,144.438000,0.470783,0.533583,119.533547,0.000000,24.904000,false,78.010000,28,2.255000,"{""cloud-node-02"":53,""hpc-node-02"":5}","{""cloud-node-01"":0,""cloud-node-02"":0.064978,""hpc-node-01"":0,""hpc-node-02"":0.035216,""rpi-edge-01"":0,""rpi-edge-02"":0,""rpi-edge-03"":0,""rpi-edge-04"":0,""rpi-edge-05"":0,""rpi-edge-06"":0,""rpi-edge-07"":0,""rpi-edge-08"":0,""rpi-edge-09"":0,""rpi-edge-10"":0}",[]
prism_cc_cost,hybrid_raspberry_500mbps,14,maddid0000018|maddid0000056|mbackgroundid0000013|mbackgroundid0000033|mbackgroundid0000052|mbackgroundid0000053|mbgmodelid0000031|mconcatfitid0000030|mconcatfitid0000049|mdifffitid0000005|mdifffitid0000007|mdifffitid0000008|mdifffitid0000010|mdifffitid0000025|mdifffitid0000044|mdifffitid0000045|mdifffitid0000046|mdifffitid0000047|mdifffitid0000048|mimgtblid0000017|mimgtblid0000055|mprojectid0000001|mprojectid0000003|mprojectid0000020|mprojectid0000021|mprojectid0000023|mprojectid0000039|mprojectid0000041|mviewerid0000058,0.200000,144.438000,0.470783,0.533583,119.533547,0.000000,24.904000,false,78.010000,28,384.419000,"{""cloud-node-02"":53,""hpc-node-02"":5}","{""cloud-node-01"":0,""cloud-node-02"":0.064978,""hpc-node-01"":0,""hpc-node-02"":0.035216,""rpi-edge-01"":0,""rpi-edge-02"":0,""rpi-edge-03"":0,""rpi-edge-04"":0,""rpi-edge-05"":0,""rpi-edge-06"":0,""rpi-edge-07"":0,""rpi-edge-08"":0,""rpi-edge-09"":0,""rpi-edge-10"":0}","[{""rank"":1,""recommended"":true,""feasible"":false,""budget_used"":0.470783,""budget_violation"":0,""makespan"":144.438,""deadline_violation"":24.904,""machine_signature"":""038a77eda80f8dc9"",""weighted_score"":0.470783,""diversity_score"":1.086207}]"
prism_cc_time,hybrid_raspberry_500mbps,14,maddid0000018|maddid0000056|mbackgroundid0000013|mbackgroundid0000033|mbackgroundid0000052|mbackgroundid0000053|mbgmodelid0000031|mconcatfitid0000030|mconcatfitid0000049|mdifffitid0000005|mdifffitid0000007|mdifffitid0000008|mdifffitid0000010|mdifffitid0000025|mdifffitid0000044|mdifffitid0000045|mdifffitid0000046|mdifffitid0000047|mdifffitid0000048|mimgtblid0000017|mimgtblid0000055|mprojectid0000001|mprojectid0000003|mprojectid0000020|mprojectid0000021|mprojectid0000023|mprojectid0000039|mprojectid0000041|mviewerid0000058,0.200000,144.438000,0.470783,0.533583,119.533547,0.000000,24.904000,false,78.010000,28,384.419000,"{""cloud-node-02"":53,""hpc-node-02"":5}","{""cloud-node-01"":0,""cloud-node-02"":0.064978,""hpc-node-01"":0,""hpc-node-02"":0.035216,""rpi-edge-01"":0,""rpi-edge-02"":0,""rpi-edge-03"":0,""rpi-edge-04"":0,""rpi-edge-05"":0,""rpi-edge-06"":0,""rpi-edge-07"":0,""rpi-edge-08"":0,""rpi-edge-09"":0,""rpi-edge-10"":0}","[{""rank"":1,""recommended"":true,""feasible"":false,""budget_used"":0.470783,""budget_violation"":0,""makespan"":144.438,""deadline_violation"":24.904,""machine_signature"":""038a77eda80f8dc9"",""weighted_score"":1,""diversity_score"":1.086207}]"
heft_colocation,cloud_hetero,15,maddid0000037|maddid0000056|mbackgroundid0000014|mbackgroundid0000032|mbackgroundid0000034|mbackgroundid0000051|mbackgroundid0000052|mbgmodelid0000031|mbgmodelid0000050|mconcatfitid0000011|mconcatfitid0000030|mconcatfitid0000049|mdifffitid0000006|mdifffitid0000008|mdifffitid0000025|mdifffitid0000026|mdifffitid0000027|mdifffitid0000046|mdifffitid0000047|mimgtblid0000055|mprojectid0000001|mprojectid0000003|mprojectid0000004|mprojectid0000021|mprojectid0000023|mprojectid0000039|mprojectid0000041|mviewerid0000038|mviewerid0000057,0.200000,99.124000,0.547465,0.641828,78.742107,0.000000,20.382000,false,29.537000,14,1.881000,"{""h4d-highmem-192-1"":22,""h4d-standard-192-1"":36}","{""h3-standard-88-1"":0,""h3-standard-88-2"":0,""h4d-highmem-192-1"":0.008142,""h4d-standard-192-1"":0.010237}",[]
prism_cc_cost,cloud_hetero,15,maddid0000037|maddid0000056|mbackgroundid0000014|mbackgroundid0000032|mbackgroundid0000034|mbackgroundid0000051|mbackgroundid0000052|mbgmodelid0000031|mbgmodelid0000050|mconcatfitid0000011|mconcatfitid0000030|mconcatfitid0000049|mdifffitid0000006|mdifffitid0000008|mdifffitid0000025|mdifffitid0000026|mdifffitid0000027|mdifffitid0000046|mdifffitid0000047|mimgtblid0000055|mprojectid0000001|mprojectid0000003|mprojectid0000004|mprojectid0000021|mprojectid0000023|mprojectid0000039|mprojectid0000041|mviewerid0000038|mviewerid0000057,0.200000,99.124000,0.547465,0.641828,78.742107,0.000000,20.382000,false,29.537000,14,285.463000,"{""h4d-highmem-192-1"":22,""h4d-standard-192-1"":36}","{""h3-standard-88-1"":0,""h3-standard-88-2"":0,""h4d-highmem-192-1"":0.008142,""h4d-standard-192-1"":0.010237}","[{""rank"":1,""recommended"":true,""feasible"":false,""budget_used"":0.547465,""budget_violation"":0,""makespan"":99.124,""deadline_violation"":20.382,""machine_signature"":""b648ea425936125c"",""weighted_score"":0.547465,""diversity_score"":1.37931}]"
prism_cc_time,cloud_hetero,15,maddid0000037|maddid0000056|mbackgroundid0000014|mbackgroundid0000032|mbackgroundid0000034|mbackgroundid0000051|mbackgroundid0000052|mbgmodelid0000031|mbgmodelid0000050|mconcatfitid0000011|mconcatfitid0000030|mconcatfitid0000049|mdifffitid0000006|mdifffitid0000008|mdifffitid0000025|mdifffitid0000026|mdifffitid0000027|mdifffitid0000046|mdifffitid0000047|mimgtblid0000055|mprojectid0000001|mprojectid0000003|mprojectid0000004|mprojectid0000021|mprojectid0000023|mprojectid0000039|mprojectid0000041|mviewerid0000038|mviewerid0000057,0.200000,99.124000,0.547465,0.641828,78.742107,0.000000,20.382000,false,29.537000,14,285.463000,"{""h4d-highmem-192-1"":22,""h4d-standard-192-1"":36}","{""h3-standard-88-1"":0,""h3-standard-88-2"":0,""h4d-highmem-192-1"":0.008142,""h4d-standard-192-1"":0.010237}","[{""rank"":1,""recommended"":true,""feasible"":false,""budget_used"":0.547465,""budget_violation"":0,""makespan"":99.124,""deadline_violation"":20.382,""machine_signature"":""b648ea425936125c"",""weighted_score"":1,""diversity_score"":1.37931}]"
heft_colocation,cloud_homo,15,maddid0000037|maddid0000056|mbackgroundid0000014|mbackgroundid0000032|mbackgroundid0000034|mbackgroundid0000051|mbackgroundid0000052|mbgmodelid0000031|mbgmodelid0000050|mconcatfitid0000011|mconcatfitid0000030|mconcatfitid0000049|mdifffitid0000006|mdifffitid0000008|mdifffitid0000025|mdifffitid0000026|mdifffitid0000027|mdifffitid0000046|mdifffitid0000047|mimgtblid0000055|mprojectid0000001|mprojectid0000003|mprojectid0000004|mprojectid0000021|mprojectid0000023|mprojectid0000039|mprojectid0000041|mviewerid0000038|mviewerid0000057,0.200000,99.816000,0.905250,1.059152,79.706000,0.000000,20.110000,false,9.044000,6,3.273000,"{""h4d-standard-192-1"":17,""h4d-standard-192-2"":16,""h4d-standard-192-3"":8,""h4d-standard-192-4"":17}","{""h4d-standard-192-1"":0.004026,""h4d-standard-192-2"":0.003808,""h4d-standard-192-3"":0.00447,""h4d-standard-192-4"":0.004879}",[]
prism_cc_cost,cloud_homo,15,maddid0000037|maddid0000056|mbackgroundid0000014|mbackgroundid0000032|mbackgroundid0000034|mbackgroundid0000051|mbackgroundid0000052|mbgmodelid0000031|mbgmodelid0000050|mconcatfitid0000011|mconcatfitid0000030|mconcatfitid0000049|mdifffitid0000006|mdifffitid0000008|mdifffitid0000025|mdifffitid0000026|mdifffitid0000027|mdifffitid0000046|mdifffitid0000047|mimgtblid0000055|mprojectid0000001|mprojectid0000003|mprojectid0000004|mprojectid0000021|mprojectid0000023|mprojectid0000039|mprojectid0000041|mviewerid0000038|mviewerid0000057,0.200000,99.816000,0.905250,1.059152,79.706000,0.000000,20.110000,false,9.044000,6,328.613000,"{""h4d-standard-192-1"":17,""h4d-standard-192-2"":16,""h4d-standard-192-3"":8,""h4d-standard-192-4"":17}","{""h4d-standard-192-1"":0.004026,""h4d-standard-192-2"":0.003808,""h4d-standard-192-3"":0.00447,""h4d-standard-192-4"":0.004879}","[{""rank"":1,""recommended"":true,""feasible"":false,""budget_used"":0.46594,""budget_violation"":0,""makespan"":96.803,""deadline_violation"":17.097,""machine_signature"":""cffd14405b02d78d"",""weighted_score"":0.46594,""diversity_score"":1.189655},{""rank"":2,""recommended"":false,""feasible"":false,""budget_used"":0.463764,""budget_violation"":0,""makespan"":98.738,""deadline_violation"":19.032,""machine_signature"":""ee50df23256e35b8"",""weighted_score"":0.463764,""diversity_score"":1.172414},{""rank"":3,""recommended"":false,""feasible"":false,""budget_used"":0.90525,""budget_violation"":0,""makespan"":99.816,""deadline_violation"":20.11,""machine_signature"":""5bc1f968396f6817"",""weighted_score"":0.90525,""diversity_score"":3.706897}]"
prism_cc_time,cloud_homo,15,maddid0000037|maddid0000056|mbackgroundid0000014|mbackgroundid0000032|mbackgroundid0000034|mbackgroundid0000051|mbackgroundid0000052|mbgmodelid0000031|mbgmodelid0000050|mconcatfitid0000011|mconcatfitid0000030|mconcatfitid0000049|mdifffitid0000006|mdifffitid0000008|mdifffitid0000025|mdifffitid0000026|mdifffitid0000027|mdifffitid0000046|mdifffitid0000047|mimgtblid0000055|mprojectid0000001|mprojectid0000003|mprojectid0000004|mprojectid0000021|mprojectid0000023|mprojectid0000039|mprojectid0000041|mviewerid0000038|mviewerid0000057,0.200000,96.803000,0.465940,1.059152,79.706000,0.000000,17.097000,false,46.656000,22,328.613000,"{""h4d-standard-192-1"":11,""h4d-standard-192-4"":47}","{""h4d-standard-192-1"":0.00248,""h4d-standard-192-2"":0,""h4d-standard-192-3"":0,""h4d-standard-192-4"":0.017262}","[{""rank"":1,""recommended"":true,""feasible"":false,""budget_used"":0.46594,""budget_violation"":0,""makespan"":96.803,""deadline_violation"":17.097,""machine_signature"":""cffd14405b02d78d"",""weighted_score"":0.969814,""diversity_score"":1.189655},{""rank"":2,""recommended"":false,""feasible"":false,""budget_used"":0.463764,""budget_violation"":0,""makespan"":98.738,""deadline_violation"":19.032,""machine_signature"":""ee50df23256e35b8"",""weighted_score"":0.9892,""diversity_score"":1.172414},{""rank"":3,""recommended"":false,""feasible"":false,""budget_used"":0.90525,""budget_violation"":0,""makespan"":99.816,""deadline_violation"":20.11,""machine_signature"":""5bc1f968396f6817"",""weighted_score"":1,""diversity_score"":3.706897}]"
heft_colocation,cluster_hetero,15,maddid0000037|maddid0000056|mbackgroundid0000014|mbackgroundid0000032|mbackgroundid0000034|mbackgroundid0000051|mbackgroundid0000052|mbgmodelid0000031|mbgmodelid0000050|mconcatfitid0000011|mconcatfitid0000030|mconcatfitid0000049|mdifffitid0000006|mdifffitid0000008|mdifffitid0000025|mdifffitid0000026|mdifffitid0000027|mdifffitid0000046|mdifffitid0000047|mimgtblid0000055|mprojectid0000001|mprojectid0000003|mprojectid0000004|mprojectid0000021|mprojectid0000023|mprojectid0000039|mprojectid0000041|mviewerid0000038|mviewerid0000057,0.200000,287.957000,0.000000,0.000000,235.839680,0.000000,52.117000,false,82.260000,19,0.974000,"{""bora005"":33,""bora006"":22,""diablo01"":2,""diablo02"":1}","{""bora005"":0.076075,""bora006"":0.085128,""diablo01"":0.00534,""diablo02"":0.007193}",[]
prism_cc_cost,cluster_hetero,15,maddid0000037|maddid0000056|mbackgroundid0000014|mbackgroundid0000032|mbackgroundid0000034|mbackgroundid0000051|mbackgroundid0000052|mbgmodelid0000031|mbgmodelid0000050|mconcatfitid0000011|mconcatfitid0000030|mconcatfitid0000049|mdifffitid0000006|mdifffitid0000008|mdifffitid0000025|mdifffitid0000026|mdifffitid0000027|mdifffitid0000046|mdifffitid0000047|mimgtblid0000055|mprojectid0000001|mprojectid0000003|mprojectid0000004|mprojectid0000021|mprojectid0000023|mprojectid0000039|mprojectid0000041|mviewerid0000038|mviewerid0000057,0.200000,287.957000,0.000000,0.000000,235.839680,0.000000,52.117000,false,82.260000,19,145.427000,"{""bora005"":33,""bora006"":22,""diablo01"":2,""diablo02"":1}","{""bora005"":0.076075,""bora006"":0.085128,""diablo01"":0.00534,""diablo02"":0.007193}","[{""rank"":1,""recommended"":true,""feasible"":false,""budget_used"":0,""budget_violation"":0,""makespan"":287.957,""deadline_violation"":52.117,""machine_signature"":""dfa14de7f86dbb7c"",""weighted_score"":0,""diversity_score"":3.431034}]"
prism_cc_time,cluster_hetero,15,maddid0000037|maddid0000056|mbackgroundid0000014|mbackgroundid0000032|mbackgroundid0000034|mbackgroundid0000051|mbackgroundid0000052|mbgmodelid0000031|mbgmodelid0000050|mconcatfitid0000011|mconcatfitid0000030|mconcatfitid0000049|mdifffitid0000006|mdifffitid0000008|mdifffitid0000025|mdifffitid0000026|mdifffitid0000027|mdifffitid0000046|mdifffitid0000047|mimgtblid0000055|mprojectid0000001|mprojectid0000003|mprojectid0000004|mprojectid0000021|mprojectid0000023|mprojectid0000039|mprojectid0000041|mviewerid0000038|mviewerid0000057,0.200000,287.957000,0.000000,0.000000,235.839680,0.000000,52.117000,false,82.260000,19,145.427000,"{""bora005"":33,""bora006"":22,""diablo01"":2,""diablo02"":1}","{""bora005"":0.076075,""bora006"":0.085128,""diablo01"":0.00534,""diablo02"":0.007193}","[{""rank"":1,""recommended"":true,""feasible"":false,""budget_used"":0,""budget_violation"":0,""makespan"":287.957,""deadline_violation"":52.117,""machine_signature"":""dfa14de7f86dbb7c"",""weighted_score"":1,""diversity_score"":3.431034}]"
heft_colocation,cluster_homo,15,maddid0000037|maddid0000056|mbackgroundid0000014|mbackgroundid0000032|mbackgroundid0000034|mbackgroundid0000051|mbackgroundid0000052|mbgmodelid0000031|mbgmodelid0000050|mconcatfitid0000011|mconcatfitid0000030|mconcatfitid0000049|mdifffitid0000006|mdifffitid0000008|mdifffitid0000025|mdifffitid0000026|mdifffitid0000027|mdifffitid0000046|mdifffitid0000047|mimgtblid0000055|mprojectid0000001|mprojectid0000003|mprojectid0000004|mprojectid0000021|mprojectid0000023|mprojectid0000039|mprojectid0000041|mviewerid0000038|mviewerid0000057,0.200000,287.957000,0.000000,0.000000,230.365600,0.000000,57.591000,false,49.172000,8,0.937000,"{""bora001"":18,""bora002"":16,""bora003"":8,""bora004"":16}","{""bora001"":0.041321,""bora002"":0.039057,""bora003"":0.039174,""bora004"":0.056312}",[]
prism_cc_cost,cluster_homo,15,maddid0000037|maddid0000056|mbackgroundid0000014|mbackgroundid0000032|mbackgroundid0000034|mbackgroundid0000051|mbackgroundid0000052|mbgmodelid0000031|mbgmodelid0000050|mconcatfitid0000011|mconcatfitid0000030|mconcatfitid0000049|mdifffitid0000006|mdifffitid0000008|mdifffitid0000025|mdifffitid0000026|mdifffitid0000027|mdifffitid0000046|mdifffitid0000047|mimgtblid0000055|mprojectid0000001|mprojectid0000003|mprojectid0000004|mprojectid0000021|mprojectid0000023|mprojectid0000039|mprojectid0000041|mviewerid0000038|mviewerid0000057,0.200000,287.957000,0.000000,0.000000,230.365600,0.000000,57.591000,false,49.172000,8,147.012000,"{""bora001"":18,""bora002"":16,""bora003"":8,""bora004"":16}","{""bora001"":0.041321,""bora002"":0.039057,""bora003"":0.039174,""bora004"":0.056312}","[{""rank"":1,""recommended"":true,""feasible"":false,""budget_used"":0,""budget_violation"":0,""makespan"":287.957,""deadline_violation"":57.591,""machine_signature"":""8aea8ad0550bbb4c"",""weighted_score"":0,""diversity_score"":3.689655}]"
prism_cc_time,cluster_homo,15,maddid0000037|maddid0000056|mbackgroundid0000014|mbackgroundid0000032|mbackgroundid0000034|mbackgroundid0000051|mbackgroundid0000052|mbgmodelid0000031|mbgmodelid0000050|mconcatfitid0000011|mconcatfitid0000030|mconcatfitid0000049|mdifffitid0000006|mdifffitid0000008|mdifffitid0000025|mdifffitid0000026|mdifffitid0000027|mdifffitid0000046|mdifffitid0000047|mimgtblid0000055|mprojectid0000001|mprojectid0000003|mprojectid0000004|mprojectid0000021|mprojectid0000023|mprojectid0000039|mprojectid0000041|mviewerid0000038|mviewerid0000057,0.200000,287.957000,0.000000,0.000000,230.365600,0.000000,57.591000,false,49.172000,8,147.012000,"{""bora001"":18,""bora002"":16,""bora003"":8,""bora004"":16}","{""bora001"":0.041321,""bora002"":0.039057,""bora003"":0.039174,""bora004"":0.056312}","[{""rank"":1,""recommended"":true,""feasible"":false,""budget_used"":0,""budget_violation"":0,""makespan"":287.957,""deadline_violation"":57.591,""machine_signature"":""8aea8ad0550bbb4c"",""weighted_score"":1,""diversity_score"":3.689655}]"
heft_colocation,hybrid_hetero,15,maddid0000037|maddid0000056|mbackgroundid0000014|mbackgroundid0000032|mbackgroundid0000034|mbackgroundid0000051|mbackgroundid0000052|mbgmodelid0000031|mbgmodelid0000050|mconcatfitid0000011|mconcatfitid0000030|mconcatfitid0000049|mdifffitid0000006|mdifffitid0000008|mdifffitid0000025|mdifffitid0000026|mdifffitid0000027|mdifffitid0000046|mdifffitid0000047|mimgtblid0000055|mprojectid0000001|mprojectid0000003|mprojectid0000004|mprojectid0000021|mprojectid0000023|mprojectid0000039|mprojectid0000041|mviewerid0000038|mviewerid0000057,0.200000,101.354000,0.297584,0.348827,79.406640,0.000000,21.947000,false,63.738000,35,1.883000,"{""h3-standard-88-2"":2,""h4d-standard-192-7"":56}","{""bora011"":0,""diablo03"":0,""h3-standard-88-2"":0.002113,""h4d-standard-192-7"":0.019239}",[]
prism_cc_cost,hybrid_hetero,15,maddid0000037|maddid0000056|mbackgroundid0000014|mbackgroundid0000032|mbackgroundid0000034|mbackgroundid0000051|mbackgroundid0000052|mbgmodelid0000031|mbgmodelid0000050|mconcatfitid0000011|mconcatfitid0000030|mconcatfitid0000049|mdifffitid0000006|mdifffitid0000008|mdifffitid0000025|mdifffitid0000026|mdifffitid0000027|mdifffitid0000046|mdifffitid0000047|mimgtblid0000055|mprojectid0000001|mprojectid0000003|mprojectid0000004|mprojectid0000021|mprojectid0000023|mprojectid0000039|mprojectid0000041|mviewerid0000038|mviewerid0000057,0.200000,101.354000,0.297584,0.348827,79.406640,0.000000,21.947000,false,63.738000,35,215.788000,"{""h3-standard-88-2"":2,""h4d-standard-192-7"":56}","{""bora011"":0,""diablo03"":0,""h3-standard-88-2"":0.002113,""h4d-standard-192-7"":0.019239}","[{""rank"":1,""recommended"":true,""feasible"":false,""budget_used"":0.297584,""budget_violation"":0,""makespan"":101.354,""deadline_violation"":21.947,""machine_signature"":""4e89de35658dd5b1"",""weighted_score"":0.297584,""diversity_score"":1.034483}]"
prism_cc_time,hybrid_hetero,15,maddid0000037|maddid0000056|mbackgroundid0000014|mbackgroundid0000032|mbackgroundid0000034|mbackgroundid0000051|mbackgroundid0000052|mbgmodelid0000031|mbgmodelid0000050|mconcatfitid0000011|mconcatfitid0000030|mconcatfitid0000049|mdifffitid0000006|mdifffitid0000008|mdifffitid0000025|mdifffitid0000026|mdifffitid0000027|mdifffitid0000046|mdifffitid0000047|mimgtblid0000055|mprojectid0000001|mprojectid0000003|mprojectid0000004|mprojectid0000021|mprojectid0000023|mprojectid0000039|mprojectid0000041|mviewerid0000038|mviewerid0000057,0.200000,101.354000,0.297584,0.348827,79.406640,0.000000,21.947000,false,63.738000,35,215.788000,"{""h3-standard-88-2"":2,""h4d-standard-192-7"":56}","{""bora011"":0,""diablo03"":0,""h3-standard-88-2"":0.002113,""h4d-standard-192-7"":0.019239}","[{""rank"":1,""recommended"":true,""feasible"":false,""budget_used"":0.297584,""budget_violation"":0,""makespan"":101.354,""deadline_violation"":21.947,""machine_signature"":""4e89de35658dd5b1"",""weighted_score"":1,""diversity_score"":1.034483}]"
heft_colocation,hybrid_homo,15,maddid0000037|maddid0000056|mbackgroundid0000014|mbackgroundid0000032|mbackgroundid0000034|mbackgroundid0000051|mbackgroundid0000052|mbgmodelid0000031|mbgmodelid0000050|mconcatfitid0000011|mconcatfitid0000030|mconcatfitid0000049|mdifffitid0000006|mdifffitid0000008|mdifffitid0000025|mdifffitid0000026|mdifffitid0000027|mdifffitid0000046|mdifffitid0000047|mimgtblid0000055|mprojectid0000001|mprojectid0000003|mprojectid0000004|mprojectid0000021|mprojectid0000023|mprojectid0000039|mprojectid0000041|mviewerid0000038|mviewerid0000057,0.200000,99.124000,0.520226,0.607531,78.742107,0.000000,20.382000,false,29.537000,14,1.830000,"{""h4d-standard-192-5"":36,""h4d-standard-192-6"":22}","{""bora009"":0,""bora010"":0,""h4d-standard-192-5"":0.010237,""h4d-standard-192-6"":0.008142}",[]
prism_cc_cost,hybrid_homo,15,maddid0000037|maddid0000056|mbackgroundid0000014|mbackgroundid0000032|mbackgroundid0000034|mbackgroundid0000051|mbackgroundid0000052|mbgmodelid0000031|mbgmodelid0000050|mconcatfitid0000011|mconcatfitid0000030|mconcatfitid0000049|mdifffitid0000006|mdifffitid0000008|mdifffitid0000025|mdifffitid0000026|mdifffitid0000027|mdifffitid0000046|mdifffitid0000047|mimgtblid0000055|mprojectid0000001|mprojectid0000003|mprojectid0000004|mprojectid0000021|mprojectid0000023|mprojectid0000039|mprojectid0000041|mviewerid0000038|mviewerid0000057,0.200000,99.124000,0.520226,0.607531,78.742107,0.000000,20.382000,false,29.537000,14,306.617000,"{""h4d-standard-192-5"":36,""h4d-standard-192-6"":22}","{""bora009"":0,""bora010"":0,""h4d-standard-192-5"":0.010237,""h4d-standard-192-6"":0.008142}","[{""rank"":1,""recommended"":true,""feasible"":false,""budget_used"":0.520226,""budget_violation"":0,""makespan"":99.124,""deadline_violation"":20.382,""machine_signature"":""8054f24b42a1a8ef"",""weighted_score"":0.520226,""diversity_score"":1.37931}]"
prism_cc_time,hybrid_homo,15,maddid0000037|maddid0000056|mbackgroundid0000014|mbackgroundid0000032|mbackgroundid0000034|mbackgroundid0000051|mbackgroundid0000052|mbgmodelid0000031|mbgmodelid0000050|mconcatfitid0000011|mconcatfitid0000030|mconcatfitid0000049|mdifffitid0000006|mdifffitid0000008|mdifffitid0000025|mdifffitid0000026|mdifffitid0000027|mdifffitid0000046|mdifffitid0000047|mimgtblid0000055|mprojectid0000001|mprojectid0000003|mprojectid0000004|mprojectid0000021|mprojectid0000023|mprojectid0000039|mprojectid0000041|mviewerid0000038|mviewerid0000057,0.200000,99.124000,0.520226,0.607531,78.742107,0.000000,20.382000,false,29.537000,14,306.617000,"{""h4d-standard-192-5"":36,""h4d-standard-192-6"":22}","{""bora009"":0,""bora010"":0,""h4d-standard-192-5"":0.010237,""h4d-standard-192-6"":0.008142}","[{""rank"":1,""recommended"":true,""feasible"":false,""budget_used"":0.520226,""budget_violation"":0,""makespan"":99.124,""deadline_violation"":20.382,""machine_signature"":""8054f24b42a1a8ef"",""weighted_score"":1,""diversity_score"":1.37931}]"
heft_colocation,hybrid_raspberry_500mbps,15,maddid0000037|maddid0000056|mbackgroundid0000014|mbackgroundid0000032|mbackgroundid0000034|mbackgroundid0000051|mbackgroundid0000052|mbgmodelid0000031|mbgmodelid0000050|mconcatfitid0000011|mconcatfitid0000030|mconcatfitid0000049|mdifffitid0000006|mdifffitid0000008|mdifffitid0000025|mdifffitid0000026|mdifffitid0000027|mdifffitid0000046|mdifffitid0000047|mimgtblid0000055|mprojectid0000001|mprojectid0000003|mprojectid0000004|mprojectid0000021|mprojectid0000023|mprojectid0000039|mprojectid0000041|mviewerid0000038|mviewerid0000057,0.200000,144.598000,0.482593,0.533583,119.533547,0.000000,25.064000,false,84.461000,28,2.259000,"{""cloud-node-02"":51,""hpc-node-02"":7}","{""cloud-node-01"":0,""cloud-node-02"":0.065074,""hpc-node-01"":0,""hpc-node-02"":0.036942,""rpi-edge-01"":0,""rpi-edge-02"":0,""rpi-edge-03"":0,""rpi-edge-04"":0,""rpi-edge-05"":0,""rpi-edge-06"":0,""rpi-edge-07"":0,""rpi-edge-08"":0,""rpi-edge-09"":0,""rpi-edge-10"":0}",[]
prism_cc_cost,hybrid_raspberry_500mbps,15,maddid0000037|maddid0000056|mbackgroundid0000014|mbackgroundid0000032|mbackgroundid0000034|mbackgroundid0000051|mbackgroundid0000052|mbgmodelid0000031|mbgmodelid0000050|mconcatfitid0000011|mconcatfitid0000030|mconcatfitid0000049|mdifffitid0000006|mdifffitid0000008|mdifffitid0000025|mdifffitid0000026|mdifffitid0000027|mdifffitid0000046|mdifffitid0000047|mimgtblid0000055|mprojectid0000001|mprojectid0000003|mprojectid0000004|mprojectid0000021|mprojectid0000023|mprojectid0000039|mprojectid0000041|mviewerid0000038|mviewerid0000057,0.200000,144.598000,0.482593,0.533583,119.533547,0.000000,25.064000,false,84.461000,28,401.035000,"{""cloud-node-02"":51,""hpc-node-02"":7}","{""cloud-node-01"":0,""cloud-node-02"":0.065074,""hpc-node-01"":0,""hpc-node-02"":0.036942,""rpi-edge-01"":0,""rpi-edge-02"":0,""rpi-edge-03"":0,""rpi-edge-04"":0,""rpi-edge-05"":0,""rpi-edge-06"":0,""rpi-edge-07"":0,""rpi-edge-08"":0,""rpi-edge-09"":0,""rpi-edge-10"":0}","[{""rank"":1,""recommended"":true,""feasible"":false,""budget_used"":0.482593,""budget_violation"":0,""makespan"":144.598,""deadline_violation"":25.064,""machine_signature"":""8cc9b61941feebb1"",""weighted_score"":0.482593,""diversity_score"":1.12069}]"
prism_cc_time,hybrid_raspberry_500mbps,15,maddid0000037|maddid0000056|mbackgroundid0000014|mbackgroundid0000032|mbackgroundid0000034|mbackgroundid0000051|mbackgroundid0000052|mbgmodelid0000031|mbgmodelid0000050|mconcatfitid0000011|mconcatfitid0000030|mconcatfitid0000049|mdifffitid0000006|mdifffitid0000008|mdifffitid0000025|mdifffitid0000026|mdifffitid0000027|mdifffitid0000046|mdifffitid0000047|mimgtblid0000055|mprojectid0000001|mprojectid0000003|mprojectid0000004|mprojectid0000021|mprojectid0000023|mprojectid0000039|mprojectid0000041|mviewerid0000038|mviewerid0000057,0.200000,144.598000,0.482593,0.533583,119.533547,0.000000,25.064000,false,84.461000,28,401.035000,"{""cloud-node-02"":51,""hpc-node-02"":7}","{""cloud-node-01"":0,""cloud-node-02"":0.065074,""hpc-node-01"":0,""hpc-node-02"":0.036942,""rpi-edge-01"":0,""rpi-edge-02"":0,""rpi-edge-03"":0,""rpi-edge-04"":0,""rpi-edge-05"":0,""rpi-edge-06"":0,""rpi-edge-07"":0,""rpi-edge-08"":0,""rpi-edge-09"":0,""rpi-edge-10"":0}","[{""rank"":1,""recommended"":true,""feasible"":false,""budget_used"":0.482593,""budget_violation"":0,""makespan"":144.598,""deadline_violation"":25.064,""machine_signature"":""8cc9b61941feebb1"",""weighted_score"":1,""diversity_score"":1.12069}]"
heft_colocation,cloud_hetero,16,maddid0000056|mbackgroundid0000013|mbackgroundid0000014|mbackgroundid0000033|mbackgroundid0000034|mbackgroundid0000051|mbackgroundid0000053|mbgmodelid0000012|mbgmodelid0000031|mconcatfitid0000011|mconcatfitid0000030|mdifffitid0000006|mdifffitid0000007|mdifffitid0000009|mdifffitid0000010|mdifffitid0000024|mdifffitid0000025|mdifffitid0000027|mdifffitid0000028|mdifffitid0000029|mdifffitid0000045|mdifffitid0000046|mimgtblid0000017|mprojectid0000004|mprojectid0000020|mprojectid0000041|mprojectid0000042|mviewerid0000019|mviewerid0000038,0.200000,95.157000,0.511549,0.641828,78.742107,0.000000,16.415000,false,7.267000,8,2.225000,"{""h4d-highmem-192-1"":44,""h4d-standard-192-1"":14}","{""h3-standard-88-1"":0,""h3-standard-88-2"":0,""h4d-highmem-192-1"":0.010489,""h4d-standard-192-1"":0.007438}",[]
prism_cc_cost,cloud_hetero,16,maddid0000056|mbackgroundid0000013|mbackgroundid0000014|mbackgroundid0000033|mbackgroundid0000034|mbackgroundid0000051|mbackgroundid0000053|mbgmodelid0000012|mbgmodelid0000031|mconcatfitid0000011|mconcatfitid0000030|mdifffitid0000006|mdifffitid0000007|mdifffitid0000009|mdifffitid0000010|mdifffitid0000024|mdifffitid0000025|mdifffitid0000027|mdifffitid0000028|mdifffitid0000029|mdifffitid0000045|mdifffitid0000046|mimgtblid0000017|mprojectid0000004|mprojectid0000020|mprojectid0000041|mprojectid0000042|mviewerid0000019|mviewerid0000038,0.200000,95.157000,0.511549,0.641828,78.742107,0.000000,16.415000,false,7.267000,8,226.775000,"{""h4d-highmem-192-1"":44,""h4d-standard-192-1"":14}","{""h3-standard-88-1"":0,""h3-standard-88-2"":0,""h4d-highmem-192-1"":0.010489,""h4d-standard-192-1"":0.007438}","[{""rank"":1,""recommended"":true,""feasible"":false,""budget_used"":0.206012,""budget_violation"":0,""makespan"":94.433,""deadline_violation"":15.691,""machine_signature"":""c6dcfbfca1100251"",""weighted_score"":0.206012,""diversity_score"":0},{""rank"":2,""recommended"":false,""feasible"":false,""budget_used"":0.511549,""budget_violation"":0,""makespan"":95.157,""deadline_violation"":16.415,""machine_signature"":""68d4210a0745ddb4"",""weighted_score"":0.511549,""diversity_score"":1.241379}]"
prism_cc_time,cloud_hetero,16,maddid0000056|mbackgroundid0000013|mbackgroundid0000014|mbackgroundid0000033|mbackgroundid0000034|mbackgroundid0000051|mbackgroundid0000053|mbgmodelid0000012|mbgmodelid0000031|mconcatfitid0000011|mconcatfitid0000030|mdifffitid0000006|mdifffitid0000007|mdifffitid0000009|mdifffitid0000010|mdifffitid0000024|mdifffitid0000025|mdifffitid0000027|mdifffitid0000028|mdifffitid0000029|mdifffitid0000045|mdifffitid0000046|mimgtblid0000017|mprojectid0000004|mprojectid0000020|mprojectid0000041|mprojectid0000042|mviewerid0000019|mviewerid0000038,0.200000,94.433000,0.206012,0.641828,78.742107,0.000000,15.691000,false,21.602000,26,226.775000,"{""h4d-standard-192-1"":58}","{""h3-standard-88-1"":0,""h3-standard-88-2"":0,""h4d-highmem-192-1"":0,""h4d-standard-192-1"":0.018855}","[{""rank"":1,""recommended"":true,""feasible"":false,""budget_used"":0.206012,""budget_violation"":0,""makespan"":94.433,""deadline_violation"":15.691,""machine_signature"":""c6dcfbfca1100251"",""weighted_score"":0.992392,""diversity_score"":0},{""rank"":2,""recommended"":false,""feasible"":false,""budget_used"":0.511549,""budget_violation"":0,""makespan"":95.157,""deadline_violation"":16.415,""machine_signature"":""68d4210a0745ddb4"",""weighted_score"":1,""diversity_score"":1.241379}]"
heft_colocation,cloud_homo,16,maddid0000056|mbackgroundid0000013|mbackgroundid0000014|mbackgroundid0000033|mbackgroundid0000034|mbackgroundid0000051|mbackgroundid0000053|mbgmodelid0000012|mbgmodelid0000031|mconcatfitid0000011|mconcatfitid0000030|mdifffitid0000006|mdifffitid0000007|mdifffitid0000009|mdifffitid0000010|mdifffitid0000024|mdifffitid0000025|mdifffitid0000027|mdifffitid0000028|mdifffitid0000029|mdifffitid0000045|mdifffitid0000046|mimgtblid0000017|mprojectid0000004|mprojectid0000020|mprojectid0000041|mprojectid0000042|mviewerid0000019|mviewerid0000038,0.200000,99.816000,0.855885,1.059152,79.706000,0.000000,20.110000,false,0.269000,3,3.192000,"{""h4d-standard-192-1"":18,""h4d-standard-192-2"":18,""h4d-standard-192-3"":6,""h4d-standard-192-4"":16}","{""h4d-standard-192-1"":0.004298,""h4d-standard-192-2"":0.004534,""h4d-standard-192-3"":0.003589,""h4d-standard-192-4"":0.004304}",[]
prism_cc_cost,cloud_homo,16,maddid0000056|mbackgroundid0000013|mbackgroundid0000014|mbackgroundid0000033|mbackgroundid0000034|mbackgroundid0000051|mbackgroundid0000053|mbgmodelid0000012|mbgmodelid0000031|mconcatfitid0000011|mconcatfitid0000030|mdifffitid0000006|mdifffitid0000007|mdifffitid0000009|mdifffitid0000010|mdifffitid0000024|mdifffitid0000025|mdifffitid0000027|mdifffitid0000028|mdifffitid0000029|mdifffitid0000045|mdifffitid0000046|mimgtblid0000017|mprojectid0000004|mprojectid0000020|mprojectid0000041|mprojectid0000042|mviewerid0000019|mviewerid0000038,0.200000,99.816000,0.855885,1.059152,79.706000,0.000000,20.110000,false,0.269000,3,241.596000,"{""h4d-standard-192-1"":18,""h4d-standard-192-2"":18,""h4d-standard-192-3"":6,""h4d-standard-192-4"":16}","{""h4d-standard-192-1"":0.004298,""h4d-standard-192-2"":0.004534,""h4d-standard-192-3"":0.003589,""h4d-standard-192-4"":0.004304}","[{""rank"":1,""recommended"":true,""feasible"":false,""budget_used"":0.202626,""budget_violation"":0,""makespan"":92.879,""deadline_violation"":13.173,""machine_signature"":""9ab402842e336dc6"",""weighted_score"":0.202626,""diversity_score"":0},{""rank"":2,""recommended"":false,""feasible"":false,""budget_used"":0.855885,""budget_violation"":0,""makespan"":99.816,""deadline_violation"":20.11,""machine_signature"":""39e971faaf0fb53c"",""weighted_score"":0.855885,""diversity_score"":3.689655}]"
prism_cc_time,cloud_homo,16,maddid0000056|mbackgroundid0000013|mbackgroundid0000014|mbackgroundid0000033|mbackgroundid0000034|mbackgroundid0000051|mbackgroundid0000053|mbgmodelid0000012|mbgmodelid0000031|mconcatfitid0000011|mconcatfitid0000030|mdifffitid0000006|mdifffitid0000007|mdifffitid0000009|mdifffitid0000010|mdifffitid0000024|mdifffitid0000025|mdifffitid0000027|mdifffitid0000028|mdifffitid0000029|mdifffitid0000045|mdifffitid0000046|mimgtblid0000017|mprojectid0000004|mprojectid0000020|mprojectid0000041|mprojectid0000042|mviewerid0000019|mviewerid0000038,0.200000,92.879000,0.202626,1.059152,79.706000,0.000000,13.173000,false,21.447000,24,241.596000,"{""h4d-standard-192-1"":58}","{""h4d-standard-192-1"":0.019162,""h4d-standard-192-2"":0,""h4d-standard-192-3"":0,""h4d-standard-192-4"":0}","[{""rank"":1,""recommended"":true,""feasible"":false,""budget_used"":0.202626,""budget_violation"":0,""makespan"":92.879,""deadline_violation"":13.173,""machine_signature"":""9ab402842e336dc6"",""weighted_score"":0.930502,""diversity_score"":0},{""rank"":2,""recommended"":false,""feasible"":false,""budget_used"":0.855885,""budget_violation"":0,""makespan"":99.816,""deadline_violation"":20.11,""machine_signature"":""39e971faaf0fb53c"",""weighted_score"":1,""diversity_score"":3.689655}]"
heft_colocation,cluster_hetero,16,maddid0000056|mbackgroundid0000013|mbackgroundid0000014|mbackgroundid0000033|mbackgroundid0000034|mbackgroundid0000051|mbackgroundid0000053|mbgmodelid0000012|mbgmodelid0000031|mconcatfitid0000011|mconcatfitid0000030|mdifffitid0000006|mdifffitid0000007|mdifffitid0000009|mdifffitid0000010|mdifffitid0000024|mdifffitid0000025|mdifffitid0000027|mdifffitid0000028|mdifffitid0000029|mdifffitid0000045|mdifffitid0000046|mimgtblid0000017|mprojectid0000004|mprojectid0000020|mprojectid0000041|mprojectid0000042|mviewerid0000019|mviewerid0000038,0.200000,287.957000,0.000000,0.000000,235.839680,0.000000,52.117000,false,41.753000,16,0.976000,"{""bora005"":34,""bora006"":24}","{""bora005"":0.090231,""bora006"":0.084916,""diablo01"":0,""diablo02"":0}",[]
prism_cc_cost,cluster_hetero,16,maddid0000056|mbackgroundid0000013|mbackgroundid0000014|mbackgroundid0000033|mbackgroundid0000034|mbackgroundid0000051|mbackgroundid0000053|mbgmodelid0000012|mbgmodelid0000031|mconcatfitid0000011|mconcatfitid0000030|mdifffitid0000006|mdifffitid0000007|mdifffitid0000009|mdifffitid0000010|mdifffitid0000024|mdifffitid0000025|mdifffitid0000027|mdifffitid0000028|mdifffitid0000029|mdifffitid0000045|mdifffitid0000046|mimgtblid0000017|mprojectid0000004|mprojectid0000020|mprojectid0000041|mprojectid0000042|mviewerid0000019|mviewerid0000038,0.200000,287.957000,0.000000,0.000000,235.839680,0.000000,52.117000,false,41.753000,16,142.433000,"{""bora005"":34,""bora006"":24}","{""bora005"":0.090231,""bora006"":0.084916,""diablo01"":0,""diablo02"":0}","[{""rank"":1,""recommended"":true,""feasible"":false,""budget_used"":0,""budget_violation"":0,""makespan"":287.957,""deadline_violation"":52.117,""machine_signature"":""eadea0864f7ea76a"",""weighted_score"":0,""diversity_score"":1.413793}]"
prism_cc_time,cluster_hetero,16,maddid0000056|mbackgroundid0000013|mbackgroundid0000014|mbackgroundid0000033|mbackgroundid0000034|mbackgroundid0000051|mbackgroundid0000053|mbgmodelid0000012|mbgmodelid0000031|mconcatfitid0000011|mconcatfitid0000030|mdifffitid0000006|mdifffitid0000007|mdifffitid0000009|mdifffitid0000010|mdifffitid0000024|mdifffitid0000025|mdifffitid0000027|mdifffitid0000028|mdifffitid0000029|mdifffitid0000045|mdifffitid0000046|mimgtblid0000017|mprojectid0000004|mprojectid0000020|mprojectid0000041|mprojectid0000042|mviewerid0000019|mviewerid0000038,0.200000,287.957000,0.000000,0.000000,235.839680,0.000000,52.117000,false,41.753000,16,142.433000,"{""bora005"":34,""bora006"":24}","{""bora005"":0.090231,""bora006"":0.084916,""diablo01"":0,""diablo02"":0}","[{""rank"":1,""recommended"":true,""feasible"":false,""budget_used"":0,""budget_violation"":0,""makespan"":287.957,""deadline_violation"":52.117,""machine_signature"":""eadea0864f7ea76a"",""weighted_score"":1,""diversity_score"":1.413793}]"
heft_colocation,cluster_homo,16,maddid0000056|mbackgroundid0000013|mbackgroundid0000014|mbackgroundid0000033|mbackgroundid0000034|mbackgroundid0000051|mbackgroundid0000053|mbgmodelid0000012|mbgmodelid0000031|mconcatfitid0000011|mconcatfitid0000030|mdifffitid0000006|mdifffitid0000007|mdifffitid0000009|mdifffitid0000010|mdifffitid0000024|mdifffitid0000025|mdifffitid0000027|mdifffitid0000028|mdifffitid0000029|mdifffitid0000045|mdifffitid0000046|mimgtblid0000017|mprojectid0000004|mprojectid0000020|mprojectid0000041|mprojectid0000042|mviewerid0000019|mviewerid0000038,0.200000,287.957000,0.000000,0.000000,230.365600,0.000000,57.591000,false,3.531000,9,0.866000,"{""bora001"":18,""bora002"":17,""bora003"":8,""bora004"":15}","{""bora001"":0.039821,""bora002"":0.0494,""bora003"":0.038221,""bora004"":0.044017}",[]
prism_cc_cost,cluster_homo,16,maddid0000056|mbackgroundid0000013|mbackgroundid0000014|mbackgroundid0000033|mbackgroundid0000034|mbackgroundid0000051|mbackgroundid0000053|mbgmodelid0000012|mbgmodelid0000031|mconcatfitid0000011|mconcatfitid0000030|mdifffitid0000006|mdifffitid0000007|mdifffitid0000009|mdifffitid0000010|mdifffitid0000024|mdifffitid0000025|mdifffitid0000027|mdifffitid0000028|mdifffitid0000029|mdifffitid0000045|mdifffitid0000046|mimgtblid0000017|mprojectid0000004|mprojectid0000020|mprojectid0000041|mprojectid0000042|mviewerid0000019|mviewerid0000038,0.200000,287.957000,0.000000,0.000000,230.365600,0.000000,57.591000,false,3.531000,9,109.722000,"{""bora001"":18,""bora002"":17,""bora003"":8,""bora004"":15}","{""bora001"":0.039821,""bora002"":0.0494,""bora003"":0.038221,""bora004"":0.044017}","[{""rank"":1,""recommended"":true,""feasible"":false,""budget_used"":0,""budget_violation"":0,""makespan"":287.957,""deadline_violation"":57.591,""machine_signature"":""349b523167a14493"",""weighted_score"":0,""diversity_score"":3.689655}]"
prism_cc_time,cluster_homo,16,maddid0000056|mbackgroundid0000013|mbackgroundid0000014|mbackgroundid0000033|mbackgroundid0000034|mbackgroundid0000051|mbackgroundid0000053|mbgmodelid0000012|mbgmodelid0000031|mconcatfitid0000011|mconcatfitid0000030|mdifffitid0000006|mdifffitid0000007|mdifffitid0000009|mdifffitid0000010|mdifffitid0000024|mdifffitid0000025|mdifffitid0000027|mdifffitid0000028|mdifffitid0000029|mdifffitid0000045|mdifffitid0000046|mimgtblid0000017|mprojectid0000004|mprojectid0000020|mprojectid0000041|mprojectid0000042|mviewerid0000019|mviewerid0000038,0.200000,287.957000,0.000000,0.000000,230.365600,0.000000,57.591000,false,3.531000,9,109.722000,"{""bora001"":18,""bora002"":17,""bora003"":8,""bora004"":15}","{""bora001"":0.039821,""bora002"":0.0494,""bora003"":0.038221,""bora004"":0.044017}","[{""rank"":1,""recommended"":true,""feasible"":false,""budget_used"":0,""budget_violation"":0,""makespan"":287.957,""deadline_violation"":57.591,""machine_signature"":""349b523167a14493"",""weighted_score"":1,""diversity_score"":3.689655}]"
heft_colocation,hybrid_hetero,16,maddid0000056|mbackgroundid0000013|mbackgroundid0000014|mbackgroundid0000033|mbackgroundid0000034|mbackgroundid0000051|mbackgroundid0000053|mbgmodelid0000012|mbgmodelid0000031|mconcatfitid0000011|mconcatfitid0000030|mdifffitid0000006|mdifffitid0000007|mdifffitid0000009|mdifffitid0000010|mdifffitid0000024|mdifffitid0000025|mdifffitid0000027|mdifffitid0000028|mdifffitid0000029|mdifffitid0000045|mdifffitid0000046|mimgtblid0000017|mprojectid0000004|mprojectid0000020|mprojectid0000041|mprojectid0000042|mviewerid0000019|mviewerid0000038,0.200000,92.864000,0.202595,0.348827,79.406640,0.000000,13.457000,false,21.873000,27,1.406000,"{""h4d-standard-192-7"":58}","{""bora011"":0,""diablo03"":0,""h3-standard-88-2"":0,""h4d-standard-192-7"":0.019189}",[]
prism_cc_cost,hybrid_hetero,16,maddid0000056|mbackgroundid0000013|mbackgroundid0000014|mbackgroundid0000033|mbackgroundid0000034|mbackgroundid0000051|mbackgroundid0000053|mbgmodelid0000012|mbgmodelid0000031|mconcatfitid0000011|mconcatfitid0000030|mdifffitid0000006|mdifffitid0000007|mdifffitid0000009|mdifffitid0000010|mdifffitid0000024|mdifffitid0000025|mdifffitid0000027|mdifffitid0000028|mdifffitid0000029|mdifffitid0000045|mdifffitid0000046|mimgtblid0000017|mprojectid0000004|mprojectid0000020|mprojectid0000041|mprojectid0000042|mviewerid0000019|mviewerid0000038,0.200000,92.864000,0.202595,0.348827,79.406640,0.000000,13.457000,false,21.873000,27,205.486000,"{""h4d-standard-192-7"":58}","{""bora011"":0,""diablo03"":0,""h3-standard-88-2"":0,""h4d-standard-192-7"":0.019189}","[{""rank"":1,""recommended"":true,""feasible"":false,""budget_used"":0.202595,""budget_violation"":0,""makespan"":92.864,""deadline_violation"":13.457,""machine_signature"":""a906d6eb62dce742"",""weighted_score"":0.202595,""diversity_score"":0}]"
prism_cc_time,hybrid_hetero,16,maddid0000056|mbackgroundid0000013|mbackgroundid0000014|mbackgroundid0000033|mbackgroundid0000034|mbackgroundid0000051|mbackgroundid0000053|mbgmodelid0000012|mbgmodelid0000031|mconcatfitid0000011|mconcatfitid0000030|mdifffitid0000006|mdifffitid0000007|mdifffitid0000009|mdifffitid0000010|mdifffitid0000024|mdifffitid0000025|mdifffitid0000027|mdifffitid0000028|mdifffitid0000029|mdifffitid0000045|mdifffitid0000046|mimgtblid0000017|mprojectid0000004|mprojectid0000020|mprojectid0000041|mprojectid0000042|mviewerid0000019|mviewerid0000038,0.200000,92.864000,0.202595,0.348827,79.406640,0.000000,13.457000,false,21.873000,27,205.486000,"{""h4d-standard-192-7"":58}","{""bora011"":0,""diablo03"":0,""h3-standard-88-2"":0,""h4d-standard-192-7"":0.019189}","[{""rank"":1,""recommended"":true,""feasible"":false,""budget_used"":0.202595,""budget_violation"":0,""makespan"":92.864,""deadline_violation"":13.457,""machine_signature"":""a906d6eb62dce742"",""weighted_score"":1,""diversity_score"":0}]"
heft_colocation,hybrid_homo,16,maddid0000056|mbackgroundid0000013|mbackgroundid0000014|mbackgroundid0000033|mbackgroundid0000034|mbackgroundid0000051|mbackgroundid0000053|mbgmodelid0000012|mbgmodelid0000031|mconcatfitid0000011|mconcatfitid0000030|mdifffitid0000006|mdifffitid0000007|mdifffitid0000009|mdifffitid0000010|mdifffitid0000024|mdifffitid0000025|mdifffitid0000027|mdifffitid0000028|mdifffitid0000029|mdifffitid0000045|mdifffitid0000046|mimgtblid0000017|mprojectid0000004|mprojectid0000020|mprojectid0000041|mprojectid0000042|mviewerid0000019|mviewerid0000038,0.200000,95.157000,0.485407,0.607531,78.742107,0.000000,16.415000,false,7.267000,8,1.876000,"{""h4d-standard-192-5"":14,""h4d-standard-192-6"":44}","{""bora009"":0,""bora010"":0,""h4d-standard-192-5"":0.007438,""h4d-standard-192-6"":0.010489}",[]
prism_cc_cost,hybrid_homo,16,maddid0000056|mbackgroundid0000013|mbackgroundid0000014|mbackgroundid0000033|mbackgroundid0000034|mbackgroundid0000051|mbackgroundid0000053|mbgmodelid0000012|mbgmodelid0000031|mconcatfitid0000011|mconcatfitid0000030|mdifffitid0000006|mdifffitid0000007|mdifffitid0000009|mdifffitid0000010|mdifffitid0000024|mdifffitid0000025|mdifffitid0000027|mdifffitid0000028|mdifffitid0000029|mdifffitid0000045|mdifffitid0000046|mimgtblid0000017|mprojectid0000004|mprojectid0000020|mprojectid0000041|mprojectid0000042|mviewerid0000019|mviewerid0000038,0.200000,95.157000,0.485407,0.607531,78.742107,0.000000,16.415000,false,7.267000,8,252.321000,"{""h4d-standard-192-5"":14,""h4d-standard-192-6"":44}","{""bora009"":0,""bora010"":0,""h4d-standard-192-5"":0.007438,""h4d-standard-192-6"":0.010489}","[{""rank"":1,""recommended"":true,""feasible"":false,""budget_used"":0.485407,""budget_violation"":0,""makespan"":95.157,""deadline_violation"":16.415,""machine_signature"":""6e77773e96a13eba"",""weighted_score"":0.485407,""diversity_score"":1.241379}]"
prism_cc_time,hybrid_homo,16,maddid0000056|mbackgroundid0000013|mbackgroundid0000014|mbackgroundid0000033|mbackgroundid0000034|mbackgroundid0000051|mbackgroundid0000053|mbgmodelid0000012|mbgmodelid0000031|mconcatfitid0000011|mconcatfitid0000030|mdifffitid0000006|mdifffitid0000007|mdifffitid0000009|mdifffitid0000010|mdifffitid0000024|mdifffitid0000025|mdifffitid0000027|mdifffitid0000028|mdifffitid0000029|mdifffitid0000045|mdifffitid0000046|mimgtblid0000017|mprojectid0000004|mprojectid0000020|mprojectid0000041|mprojectid0000042|mviewerid0000019|mviewerid0000038,0.200000,95.157000,0.485407,0.607531,78.742107,0.000000,16.415000,false,7.267000,8,252.321000,"{""h4d-standard-192-5"":14,""h4d-standard-192-6"":44}","{""bora009"":0,""bora010"":0,""h4d-standard-192-5"":0.007438,""h4d-standard-192-6"":0.010489}","[{""rank"":1,""recommended"":true,""feasible"":false,""budget_used"":0.485407,""budget_violation"":0,""makespan"":95.157,""deadline_violation"":16.415,""machine_signature"":""6e77773e96a13eba"",""weighted_score"":1,""diversity_score"":1.241379}]"
heft_colocation,hybrid_raspberry_500mbps,16,maddid0000056|mbackgroundid0000013|mbackgroundid0000014|mbackgroundid0000033|mbackgroundid0000034|mbackgroundid0000051|mbackgroundid0000053|mbgmodelid0000012|mbgmodelid0000031|mconcatfitid0000011|mconcatfitid0000030|mdifffitid0000006|mdifffitid0000007|mdifffitid0000009|mdifffitid0000010|mdifffitid0000024|mdifffitid0000025|mdifffitid0000027|mdifffitid0000028|mdifffitid0000029|mdifffitid0000045|mdifffitid0000046|mimgtblid0000017|mprojectid0000004|mprojectid0000020|mprojectid0000041|mprojectid0000042|mviewerid0000019|mviewerid0000038,0.200000,135.525000,0.246310,0.533583,119.533547,0.000000,15.991000,false,22.140000,25,2.238000,"{""cloud-node-02"":57,""hpc-node-02"":1}","{""cloud-node-01"":0,""cloud-node-02"":0.070713,""hpc-node-01"":0,""hpc-node-02"":0.014469,""rpi-edge-01"":0,""rpi-edge-02"":0,""rpi-edge-03"":0,""rpi-edge-04"":0,""rpi-edge-05"":0,""rpi-edge-06"":0,""rpi-edge-07"":0,""rpi-edge-08"":0,""rpi-edge-09"":0,""rpi-edge-10"":0}",[]
prism_cc_cost,hybrid_raspberry_500mbps,16,maddid0000056|mbackgroundid0000013|mbackgroundid0000014|mbackgroundid0000033|mbackgroundid0000034|mbackgroundid0000051|mbackgroundid0000053|mbgmodelid0000012|mbgmodelid0000031|mconcatfitid0000011|mconcatfitid0000030|mdifffitid0000006|mdifffitid0000007|mdifffitid0000009|mdifffitid0000010|mdifffitid0000024|mdifffitid0000025|mdifffitid0000027|mdifffitid0000028|mdifffitid0000029|mdifffitid0000045|mdifffitid0000046|mimgtblid0000017|mprojectid0000004|mprojectid0000020|mprojectid0000041|mprojectid0000042|mviewerid0000019|mviewerid0000038,0.200000,135.525000,0.246310,0.533583,119.533547,0.000000,15.991000,false,22.140000,25,377.044000,"{""cloud-node-02"":57,""hpc-node-02"":1}","{""cloud-node-01"":0,""cloud-node-02"":0.070713,""hpc-node-01"":0,""hpc-node-02"":0.014469,""rpi-edge-01"":0,""rpi-edge-02"":0,""rpi-edge-03"":0,""rpi-edge-04"":0,""rpi-edge-05"":0,""rpi-edge-06"":0,""rpi-edge-07"":0,""rpi-edge-08"":0,""rpi-edge-09"":0,""rpi-edge-10"":0}","[{""rank"":1,""recommended"":true,""feasible"":false,""budget_used"":0.24631,""budget_violation"":0,""makespan"":135.525,""deadline_violation"":15.991,""machine_signature"":""333e58541ee05c91"",""weighted_score"":0.24631,""diversity_score"":1.017241}]"
prism_cc_time,hybrid_raspberry_500mbps,16,maddid0000056|mbackgroundid0000013|mbackgroundid0000014|mbackgroundid0000033|mbackgroundid0000034|mbackgroundid0000051|mbackgroundid0000053|mbgmodelid0000012|mbgmodelid0000031|mconcatfitid0000011|mconcatfitid0000030|mdifffitid0000006|mdifffitid0000007|mdifffitid0000009|mdifffitid0000010|mdifffitid0000024|mdifffitid0000025|mdifffitid0000027|mdifffitid0000028|mdifffitid0000029|mdifffitid0000045|mdifffitid0000046|mimgtblid0000017|mprojectid0000004|mprojectid0000020|mprojectid0000041|mprojectid0000042|mviewerid0000019|mviewerid0000038,0.200000,135.525000,0.246310,0.533583,119.533547,0.000000,15.991000,false,22.140000,25,377.044000,"{""cloud-node-02"":57,""hpc-node-02"":1}","{""cloud-node-01"":0,""cloud-node-02"":0.070713,""hpc-node-01"":0,""hpc-node-02"":0.014469,""rpi-edge-01"":0,""rpi-edge-02"":0,""rpi-edge-03"":0,""rpi-edge-04"":0,""rpi-edge-05"":0,""rpi-edge-06"":0,""rpi-edge-07"":0,""rpi-edge-08"":0,""rpi-edge-09"":0,""rpi-edge-10"":0}","[{""rank"":1,""recommended"":true,""feasible"":false,""budget_used"":0.24631,""budget_violation"":0,""makespan"":135.525,""deadline_violation"":15.991,""machine_signature"":""333e58541ee05c91"",""weighted_score"":1,""diversity_score"":1.017241}]"
heft_colocation,cloud_hetero,17,maddid0000018|maddid0000037|maddid0000056|mbackgroundid0000013|mbackgroundid0000015|mbackgroundid0000032|mbackgroundid0000033|mbackgroundid0000034|mbackgroundid0000035|mbackgroundid0000052|mbackgroundid0000053|mbgmodelid0000031|mconcatfitid0000030|mdifffitid0000006|mdifffitid0000007|mdifffitid0000008|mdifffitid0000009|mdifffitid0000024|mdifffitid0000026|mdifffitid0000029|mdifffitid0000043|mdifffitid0000044|mimgtblid0000036|mprojectid0000003|mprojectid0000004|mprojectid0000020|mprojectid0000022|mprojectid0000023|mprojectid0000042,0.200000,95.151000,0.509122,0.641828,78.742107,0.000000,16.409000,false,21.507000,14,2.075000,"{""h4d-highmem-192-1"":43,""h4d-standard-192-1"":15}","{""h3-standard-88-1"":0,""h3-standard-88-2"":0,""h4d-highmem-192-1"":0.011254,""h4d-standard-192-1"":0.007454}",[]
prism_cc_cost,cloud_hetero,17,maddid0000018|maddid0000037|maddid0000056|mbackgroundid0000013|mbackgroundid0000015|mbackgroundid0000032|mbackgroundid0000033|mbackgroundid0000034|mbackgroundid0000035|mbackgroundid0000052|mbackgroundid0000053|mbgmodelid0000031|mconcatfitid0000030|mdifffitid0000006|mdifffitid0000007|mdifffitid0000008|mdifffitid0000009|mdifffitid0000024|mdifffitid0000026|mdifffitid0000029|mdifffitid0000043|mdifffitid0000044|mimgtblid0000036|mprojectid0000003|mprojectid0000004|mprojectid0000020|mprojectid0000022|mprojectid0000023|mprojectid0000042,0.200000,95.151000,0.509122,0.641828,78.742107,0.000000,16.409000,false,21.507000,14,216.431000,"{""h4d-highmem-192-1"":43,""h4d-standard-192-1"":15}","{""h3-standard-88-1"":0,""h3-standard-88-2"":0,""h4d-highmem-192-1"":0.011254,""h4d-standard-192-1"":0.007454}","[{""rank"":1,""recommended"":true,""feasible"":false,""budget_used"":0.206028,""budget_violation"":0,""makespan"":94.439,""deadline_violation"":15.697,""machine_signature"":""f8854f53a958a638"",""weighted_score"":0.206028,""diversity_score"":0},{""rank"":2,""recommended"":false,""feasible"":false,""budget_used"":0.509122,""budget_violation"":0,""makespan"":95.151,""deadline_violation"":16.409,""machine_signature"":""8ff5142f8c542bed"",""weighted_score"":0.509122,""diversity_score"":1.258621}]"
prism_cc_time,cloud_hetero,17,maddid0000018|maddid0000037|maddid0000056|mbackgroundid0000013|mbackgroundid0000015|mbackgroundid0000032|mbackgroundid0000033|mbackgroundid0000034|mbackgroundid0000035|mbackgroundid0000052|mbackgroundid0000053|mbgmodelid0000031|mconcatfitid0000030|mdifffitid0000006|mdifffitid0000007|mdifffitid0000008|mdifffitid0000009|mdifffitid0000024|mdifffitid0000026|mdifffitid0000029|mdifffitid0000043|mdifffitid0000044|mimgtblid0000036|mprojectid0000003|mprojectid0000004|mprojectid0000020|mprojectid0000022|mprojectid0000023|mprojectid0000042,0.200000,94.439000,0.206028,0.641828,78.742107,0.000000,15.697000,false,56.103000,38,216.431000,"{""h4d-standard-192-1"":58}","{""h3-standard-88-1"":0,""h3-standard-88-2"":0,""h4d-highmem-192-1"":0,""h4d-standard-192-1"":0.020757}","[{""rank"":1,""recommended"":true,""feasible"":false,""budget_used"":0.206028,""budget_violation"":0,""makespan"":94.439,""deadline_violation"":15.697,""machine_signature"":""f8854f53a958a638"",""weighted_score"":0.992517,""diversity_score"":0},{""rank"":2,""recommended"":false,""feasible"":false,""budget_used"":0.509122,""budget_violation"":0,""makespan"":95.151,""deadline_violation"":16.409,""machine_signature"":""8ff5142f8c542bed"",""weighted_score"":1,""diversity_score"":1.258621}]"
heft_colocation,cloud_homo,17,maddid0000018|maddid0000037|maddid0000056|mbackgroundid0000013|mbackgroundid0000015|mbackgroundid0000032|mbackgroundid0000033|mbackgroundid0000034|mbackgroundid0000035|mbackgroundid0000052|mbackgroundid0000053|mbgmodelid0000031|mconcatfitid0000030|mdifffitid0000006|mdifffitid0000007|mdifffitid0000008|mdifffitid0000009|mdifffitid0000024|mdifffitid0000026|mdifffitid0000029|mdifffitid0000043|mdifffitid0000044|mimgtblid0000036|mprojectid0000003|mprojectid0000004|mprojectid0000020|mprojectid0000022|mprojectid0000023|mprojectid0000042,0.200000,99.816000,0.851263,1.059152,79.706000,0.000000,20.110000,false,5.856000,6,3.159000,"{""h4d-standard-192-1"":27,""h4d-standard-192-2"":4,""h4d-standard-192-3"":8,""h4d-standard-192-4"":19}","{""h4d-standard-192-1"":0.004971,""h4d-standard-192-2"":0.002121,""h4d-standard-192-3"":0.00373,""h4d-standard-192-4"":0.006196}",[]
prism_cc_cost,cloud_homo,17,maddid0000018|maddid0000037|maddid0000056|mbackgroundid0000013|mbackgroundid0000015|mbackgroundid0000032|mbackgroundid0000033|mbackgroundid0000034|mbackgroundid0000035|mbackgroundid0000052|mbackgroundid0000053|mbgmodelid0000031|mconcatfitid0000030|mdifffitid0000006|mdifffitid0000007|mdifffitid0000008|mdifffitid0000009|mdifffitid0000024|mdifffitid0000026|mdifffitid0000029|mdifffitid0000043|mdifffitid0000044|mimgtblid0000036|mprojectid0000003|mprojectid0000004|mprojectid0000020|mprojectid0000022|mprojectid0000023|mprojectid0000042,0.200000,99.816000,0.851263,1.059152,79.706000,0.000000,20.110000,false,5.856000,6,252.713000,"{""h4d-standard-192-1"":27,""h4d-standard-192-2"":4,""h4d-standard-192-3"":8,""h4d-standard-192-4"":19}","{""h4d-standard-192-1"":0.004971,""h4d-standard-192-2"":0.002121,""h4d-standard-192-3"":0.00373,""h4d-standard-192-4"":0.006196}","[{""rank"":1,""recommended"":true,""feasible"":false,""budget_used"":0.202615,""budget_violation"":0,""makespan"":92.879,""deadline_violation"":13.173,""machine_signature"":""2e0b3c70fccf062c"",""weighted_score"":0.202615,""diversity_score"":0},{""rank"":2,""recommended"":false,""feasible"":false,""budget_used"":0.851263,""budget_violation"":0,""makespan"":99.816,""deadline_violation"":20.11,""machine_signature"":""c4912b582fd2c166"",""weighted_score"":0.851263,""diversity_score"":3.534483}]"
prism_cc_time,cloud_homo,17,maddid0000018|maddid0000037|maddid0000056|mbackgroundid0000013|mbackgroundid0000015|mbackgroundid0000032|mbackgroundid0000033|mbackgroundid0000034|mbackgroundid0000035|mbackgroundid0000052|mbackgroundid0000053|mbgmodelid0000031|mconcatfitid0000030|mdifffitid0000006|mdifffitid0000007|mdifffitid0000008|mdifffitid0000009|mdifffitid0000024|mdifffitid0000026|mdifffitid0000029|mdifffitid0000043|mdifffitid0000044|mimgtblid0000036|mprojectid0000003|mprojectid0000004|mprojectid0000020|mprojectid0000022|mprojectid0000023|mprojectid0000042,0.200000,92.879000,0.202615,1.059152,79.706000,0.000000,13.173000,false,55.675000,34,252.713000,"{""h4d-standard-192-1"":58}","{""h4d-standard-192-1"":0.021081,""h4d-standard-192-2"":0,""h4d-standard-192-3"":0,""h4d-standard-192-4"":0}","[{""rank"":1,""recommended"":true,""feasible"":false,""budget_used"":0.202615,""budget_violation"":0,""makespan"":92.879,""deadline_violation"":13.173,""machine_signature"":""2e0b3c70fccf062c"",""weighted_score"":0.930502,""diversity_score"":0},{""rank"":2,""recommended"":false,""feasible"":false,""budget_used"":0.851263,""budget_violation"":0,""makespan"":99.816,""deadline_violation"":20.11,""machine_signature"":""c4912b582fd2c166"",""weighted_score"":1,""diversity_score"":3.534483}]"
heft_colocation,cluster_hetero,17,maddid0000018|maddid0000037|maddid0000056|mbackgroundid0000013|mbackgroundid0000015|mbackgroundid0000032|mbackgroundid0000033|mbackgroundid0000034|mbackgroundid0000035|mbackgroundid0000052|mbackgroundid0000053|mbgmodelid0000031|mconcatfitid0000030|mdifffitid0000006|mdifffitid0000007|mdifffitid0000008|mdifffitid0000009|mdifffitid0000024|mdifffitid0000026|mdifffitid0000029|mdifffitid0000043|mdifffitid0000044|mimgtblid0000036|mprojectid0000003|mprojectid0000004|mprojectid0000020|mprojectid0000022|mprojectid0000023|mprojectid0000042,0.200000,287.957000,0.000000,0.000000,235.839680,0.000000,52.117000,false,58.793000,10,0.962000,"{""bora005"":33,""bora006"":20,""diablo01"":3,""diablo02"":2}","{""bora005"":0.087727,""bora006"":0.073716,""diablo01"":0.005436,""diablo02"":0.00534}",[]
prism_cc_cost,cluster_hetero,17,maddid0000018|maddid0000037|maddid0000056|mbackgroundid0000013|mbackgroundid0000015|mbackgroundid0000032|mbackgroundid0000033|mbackgroundid0000034|mbackgroundid0000035|mbackgroundid0000052|mbackgroundid0000053|mbgmodelid0000031|mconcatfitid0000030|mdifffitid0000006|mdifffitid0000007|mdifffitid0000008|mdifffitid0000009|mdifffitid0000024|mdifffitid0000026|mdifffitid0000029|mdifffitid0000043|mdifffitid0000044|mimgtblid0000036|mprojectid0000003|mprojectid0000004|mprojectid0000020|mprojectid0000022|mprojectid0000023|mprojectid0000042,0.200000,287.957000,0.000000,0.000000,235.839680,0.000000,52.117000,false,58.793000,10,137.836000,"{""bora005"":33,""bora006"":20,""diablo01"":3,""diablo02"":2}","{""bora005"":0.087727,""bora006"":0.073716,""diablo01"":0.005436,""diablo02"":0.00534}","[{""rank"":1,""recommended"":true,""feasible"":false,""budget_used"":0,""budget_violation"":0,""makespan"":287.957,""deadline_violation"":52.117,""machine_signature"":""8afd3f9002f939ff"",""weighted_score"":0,""diversity_score"":3.431034}]"
prism_cc_time,cluster_hetero,17,maddid0000018|maddid0000037|maddid0000056|mbackgroundid0000013|mbackgroundid0000015|mbackgroundid0000032|mbackgroundid0000033|mbackgroundid0000034|mbackgroundid0000035|mbackgroundid0000052|mbackgroundid0000053|mbgmodelid0000031|mconcatfitid0000030|mdifffitid0000006|mdifffitid0000007|mdifffitid0000008|mdifffitid0000009|mdifffitid0000024|mdifffitid0000026|mdifffitid0000029|mdifffitid0000043|mdifffitid0000044|mimgtblid0000036|mprojectid0000003|mprojectid0000004|mprojectid0000020|mprojectid0000022|mprojectid0000023|mprojectid0000042,0.200000,287.957000,0.000000,0.000000,235.839680,0.000000,52.117000,false,58.793000,10,137.836000,"{""bora005"":33,""bora006"":20,""diablo01"":3,""diablo02"":2}","{""bora005"":0.087727,""bora006"":0.073716,""diablo01"":0.005436,""diablo02"":0.00534}","[{""rank"":1,""recommended"":true,""feasible"":false,""budget_used"":0,""budget_violation"":0,""makespan"":287.957,""deadline_violation"":52.117,""machine_signature"":""8afd3f9002f939ff"",""weighted_score"":1,""diversity_score"":3.431034}]"
heft_colocation,cluster_homo,17,maddid0000018|maddid0000037|maddid0000056|mbackgroundid0000013|mbackgroundid0000015|mbackgroundid0000032|mbackgroundid0000033|mbackgroundid0000034|mbackgroundid0000035|mbackgroundid0000052|mbackgroundid0000053|mbgmodelid0000031|mconcatfitid0000030|mdifffitid0000006|mdifffitid0000007|mdifffitid0000008|mdifffitid0000009|mdifffitid0000024|mdifffitid0000026|mdifffitid0000029|mdifffitid0000043|mdifffitid0000044|mimgtblid0000036|mprojectid0000003|mprojectid0000004|mprojectid0000020|mprojectid0000022|mprojectid0000023|mprojectid0000042,0.200000,287.957000,0.000000,0.000000,230.365600,0.000000,57.591000,false,33.348000,8,0.892000,"{""bora001"":20,""bora002"":12,""bora003"":10,""bora004"":16}","{""bora001"":0.049833,""bora002"":0.023211,""bora003"":0.047073,""bora004"":0.054219}",[]
prism_cc_cost,cluster_homo,17,maddid0000018|maddid0000037|maddid0000056|mbackgroundid0000013|mbackgroundid0000015|mbackgroundid0000032|mbackgroundid0000033|mbackgroundid0000034|mbackgroundid0000035|mbackgroundid0000052|mbackgroundid0000053|mbgmodelid0000031|mconcatfitid0000030|mdifffitid0000006|mdifffitid0000007|mdifffitid0000008|mdifffitid0000009|mdifffitid0000024|mdifffitid0000026|mdifffitid0000029|mdifffitid0000043|mdifffitid0000044|mimgtblid0000036|mprojectid0000003|mprojectid0000004|mprojectid0000020|mprojectid0000022|mprojectid0000023|mprojectid0000042,0.200000,287.957000,0.000000,0.000000,230.365600,0.000000,57.591000,false,33.348000,8,143.227000,"{""bora001"":20,""bora002"":12,""bora003"":10,""bora004"":16}","{""bora001"":0.049833,""bora002"":0.023211,""bora003"":0.047073,""bora004"":0.054219}","[{""rank"":1,""recommended"":true,""feasible"":false,""budget_used"":0,""budget_violation"":0,""makespan"":287.957,""deadline_violation"":57.591,""machine_signature"":""26ea55be2517b710"",""weighted_score"":0,""diversity_score"":3.655172}]"
prism_cc_time,cluster_homo,17,maddid0000018|maddid0000037|maddid0000056|mbackgroundid0000013|mbackgroundid0000015|mbackgroundid0000032|mbackgroundid0000033|mbackgroundid0000034|mbackgroundid0000035|mbackgroundid0000052|mbackgroundid0000053|mbgmodelid0000031|mconcatfitid0000030|mdifffitid0000006|mdifffitid0000007|mdifffitid0000008|mdifffitid0000009|mdifffitid0000024|mdifffitid0000026|mdifffitid0000029|mdifffitid0000043|mdifffitid0000044|mimgtblid0000036|mprojectid0000003|mprojectid0000004|mprojectid0000020|mprojectid0000022|mprojectid0000023|mprojectid0000042,0.200000,287.957000,0.000000,0.000000,230.365600,0.000000,57.591000,false,33.348000,8,143.227000,"{""bora001"":20,""bora002"":12,""bora003"":10,""bora004"":16}","{""bora001"":0.049833,""bora002"":0.023211,""bora003"":0.047073,""bora004"":0.054219}","[{""rank"":1,""recommended"":true,""feasible"":false,""budget_used"":0,""budget_violation"":0,""makespan"":287.957,""deadline_violation"":57.591,""machine_signature"":""26ea55be2517b710"",""weighted_score"":1,""diversity_score"":3.655172}]"
heft_colocation,hybrid_hetero,17,maddid0000018|maddid0000037|maddid0000056|mbackgroundid0000013|mbackgroundid0000015|mbackgroundid0000032|mbackgroundid0000033|mbackgroundid0000034|mbackgroundid0000035|mbackgroundid0000052|mbackgroundid0000053|mbgmodelid0000031|mconcatfitid0000030|mdifffitid0000006|mdifffitid0000007|mdifffitid0000008|mdifffitid0000009|mdifffitid0000024|mdifffitid0000026|mdifffitid0000029|mdifffitid0000043|mdifffitid0000044|mimgtblid0000036|mprojectid0000003|mprojectid0000004|mprojectid0000020|mprojectid0000022|mprojectid0000023|mprojectid0000042,0.200000,92.864000,0.295768,0.348827,79.406640,0.000000,13.457000,false,41.756000,21,1.502000,"{""h3-standard-88-2"":2,""h4d-standard-192-7"":56}","{""bora011"":0,""diablo03"":0,""h3-standard-88-2"":0.003328,""h4d-standard-192-7"":0.019527}",[]
prism_cc_cost,hybrid_hetero,17,maddid0000018|maddid0000037|maddid0000056|mbackgroundid0000013|mbackgroundid0000015|mbackgroundid0000032|mbackgroundid0000033|mbackgroundid0000034|mbackgroundid0000035|mbackgroundid0000052|mbackgroundid0000053|mbgmodelid0000031|mconcatfitid0000030|mdifffitid0000006|mdifffitid0000007|mdifffitid0000008|mdifffitid0000009|mdifffitid0000024|mdifffitid0000026|mdifffitid0000029|mdifffitid0000043|mdifffitid0000044|mimgtblid0000036|mprojectid0000003|mprojectid0000004|mprojectid0000020|mprojectid0000022|mprojectid0000023|mprojectid0000042,0.200000,92.864000,0.295768,0.348827,79.406640,0.000000,13.457000,false,41.756000,21,198.939000,"{""h3-standard-88-2"":2,""h4d-standard-192-7"":56}","{""bora011"":0,""diablo03"":0,""h3-standard-88-2"":0.003328,""h4d-standard-192-7"":0.019527}","[{""rank"":1,""recommended"":true,""feasible"":false,""budget_used"":0.295768,""budget_violation"":0,""makespan"":92.864,""deadline_violation"":13.457,""machine_signature"":""ac704e7175fb2dc7"",""weighted_score"":0.295768,""diversity_score"":1.034483}]"
prism_cc_time,hybrid_hetero,17,maddid0000018|maddid0000037|maddid0000056|mbackgroundid0000013|mbackgroundid0000015|mbackgroundid0000032|mbackgroundid0000033|mbackgroundid0000034|mbackgroundid0000035|mbackgroundid0000052|mbackgroundid0000053|mbgmodelid0000031|mconcatfitid0000030|mdifffitid0000006|mdifffitid0000007|mdifffitid0000008|mdifffitid0000009|mdifffitid0000024|mdifffitid0000026|mdifffitid0000029|mdifffitid0000043|mdifffitid0000044|mimgtblid0000036|mprojectid0000003|mprojectid0000004|mprojectid0000020|mprojectid0000022|mprojectid0000023|mprojectid0000042,0.200000,92.864000,0.295768,0.348827,79.406640,0.000000,13.457000,false,41.756000,21,198.939000,"{""h3-standard-88-2"":2,""h4d-standard-192-7"":56}","{""bora011"":0,""diablo03"":0,""h3-standard-88-2"":0.003328,""h4d-standard-192-7"":0.019527}","[{""rank"":1,""recommended"":true,""feasible"":false,""budget_used"":0.295768,""budget_violation"":0,""makespan"":92.864,""deadline_violation"":13.457,""machine_signature"":""ac704e7175fb2dc7"",""weighted_score"":1,""diversity_score"":1.034483}]"
heft_colocation,hybrid_homo,17,maddid0000018|maddid0000037|maddid0000056|mbackgroundid0000013|mbackgroundid0000015|mbackgroundid0000032|mbackgroundid0000033|mbackgroundid0000034|mbackgroundid0000035|mbackgroundid0000052|mbackgroundid0000053|mbgmodelid0000031|mconcatfitid0000030|mdifffitid0000006|mdifffitid0000007|mdifffitid0000008|mdifffitid0000009|mdifffitid0000024|mdifffitid0000026|mdifffitid0000029|mdifffitid0000043|mdifffitid0000044|mimgtblid0000036|mprojectid0000003|mprojectid0000004|mprojectid0000020|mprojectid0000022|mprojectid0000023|mprojectid0000042,0.200000,95.151000,0.482978,0.607531,78.742107,0.000000,16.409000,false,21.507000,14,1.989000,"{""h4d-standard-192-5"":15,""h4d-standard-192-6"":43}","{""bora009"":0,""bora010"":0,""h4d-standard-192-5"":0.007454,""h4d-standard-192-6"":0.011254}",[]
prism_cc_cost,hybrid_homo,17,maddid0000018|maddid0000037|maddid0000056|mbackgroundid0000013|mbackgroundid0000015|mbackgroundid0000032|mbackgroundid0000033|mbackgroundid0000034|mbackgroundid0000035|mbackgroundid0000052|mbackgroundid0000053|mbgmodelid0000031|mconcatfitid0000030|mdifffitid0000006|mdifffitid0000007|mdifffitid0000008|mdifffitid0000009|mdifffitid0000024|mdifffitid0000026|mdifffitid0000029|mdifffitid0000043|mdifffitid0000044|mimgtblid0000036|mprojectid0000003|mprojectid0000004|mprojectid0000020|mprojectid0000022|mprojectid0000023|mprojectid0000042,0.200000,95.151000,0.482978,0.607531,78.742107,0.000000,16.409000,false,21.507000,14,236.967000,"{""h4d-standard-192-5"":15,""h4d-standard-192-6"":43}","{""bora009"":0,""bora010"":0,""h4d-standard-192-5"":0.007454,""h4d-standard-192-6"":0.011254}","[{""rank"":1,""recommended"":true,""feasible"":false,""budget_used"":0.482978,""budget_violation"":0,""makespan"":95.151,""deadline_violation"":16.409,""machine_signature"":""95bb87b782655687"",""weighted_score"":0.482978,""diversity_score"":1.258621}]"
prism_cc_time,hybrid_homo,17,maddid0000018|maddid0000037|maddid0000056|mbackgroundid0000013|mbackgroundid0000015|mbackgroundid0000032|mbackgroundid0000033|mbackgroundid0000034|mbackgroundid0000035|mbackgroundid0000052|mbackgroundid0000053|mbgmodelid0000031|mconcatfitid0000030|mdifffitid0000006|mdifffitid0000007|mdifffitid0000008|mdifffitid0000009|mdifffitid0000024|mdifffitid0000026|mdifffitid0000029|mdifffitid0000043|mdifffitid0000044|mimgtblid0000036|mprojectid0000003|mprojectid0000004|mprojectid0000020|mprojectid0000022|mprojectid0000023|mprojectid0000042,0.200000,95.151000,0.482978,0.607531,78.742107,0.000000,16.409000,false,21.507000,14,236.967000,"{""h4d-standard-192-5"":15,""h4d-standard-192-6"":43}","{""bora009"":0,""bora010"":0,""h4d-standard-192-5"":0.007454,""h4d-standard-192-6"":0.011254}","[{""rank"":1,""recommended"":true,""feasible"":false,""budget_used"":0.482978,""budget_violation"":0,""makespan"":95.151,""deadline_violation"":16.409,""machine_signature"":""95bb87b782655687"",""weighted_score"":1,""diversity_score"":1.258621}]"
heft_colocation,hybrid_raspberry_500mbps,17,maddid0000018|maddid0000037|maddid0000056|mbackgroundid0000013|mbackgroundid0000015|mbackgroundid0000032|mbackgroundid0000033|mbackgroundid0000034|mbackgroundid0000035|mbackgroundid0000052|mbackgroundid0000053|mbgmodelid0000031|mconcatfitid0000030|mdifffitid0000006|mdifffitid0000007|mdifffitid0000008|mdifffitid0000009|mdifffitid0000024|mdifffitid0000026|mdifffitid0000029|mdifffitid0000043|mdifffitid0000044|mimgtblid0000036|mprojectid0000003|mprojectid0000004|mprojectid0000020|mprojectid0000022|mprojectid0000023|mprojectid0000042,0.200000,135.525000,0.433785,0.533583,119.533547,0.000000,15.991000,false,61.077000,25,3.299000,"{""cloud-node-02"":52,""hpc-node-02"":6}","{""cloud-node-01"":0,""cloud-node-02"":0.070203,""hpc-node-01"":0,""hpc-node-02"":0.029703,""rpi-edge-01"":0,""rpi-edge-02"":0,""rpi-edge-03"":0,""rpi-edge-04"":0,""rpi-edge-05"":0,""rpi-edge-06"":0,""rpi-edge-07"":0,""rpi-edge-08"":0,""rpi-edge-09"":0,""rpi-edge-10"":0}",[]
prism_cc_cost,hybrid_raspberry_500mbps,17,maddid0000018|maddid0000037|maddid0000056|mbackgroundid0000013|mbackgroundid0000015|mbackgroundid0000032|mbackgroundid0000033|mbackgroundid0000034|mbackgroundid0000035|mbackgroundid0000052|mbackgroundid0000053|mbgmodelid0000031|mconcatfitid0000030|mdifffitid0000006|mdifffitid0000007|mdifffitid0000008|mdifffitid0000009|mdifffitid0000024|mdifffitid0000026|mdifffitid0000029|mdifffitid0000043|mdifffitid0000044|mimgtblid0000036|mprojectid0000003|mprojectid0000004|mprojectid0000020|mprojectid0000022|mprojectid0000023|mprojectid0000042,0.200000,135.525000,0.433785,0.533583,119.533547,0.000000,15.991000,false,61.077000,25,514.402000,"{""cloud-node-02"":52,""hpc-node-02"":6}","{""cloud-node-01"":0,""cloud-node-02"":0.070203,""hpc-node-01"":0,""hpc-node-02"":0.029703,""rpi-edge-01"":0,""rpi-edge-02"":0,""rpi-edge-03"":0,""rpi-edge-04"":0,""rpi-edge-05"":0,""rpi-edge-06"":0,""rpi-edge-07"":0,""rpi-edge-08"":0,""rpi-edge-09"":0,""rpi-edge-10"":0}","[{""rank"":1,""recommended"":true,""feasible"":false,""budget_used"":0.433785,""budget_violation"":0,""makespan"":135.525,""deadline_violation"":15.991,""machine_signature"":""1ef19329344eb489"",""weighted_score"":0.433785,""diversity_score"":1.103448}]"
prism_cc_time,hybrid_raspberry_500mbps,17,maddid0000018|maddid0000037|maddid0000056|mbackgroundid0000013|mbackgroundid0000015|mbackgroundid0000032|mbackgroundid0000033|mbackgroundid0000034|mbackgroundid0000035|mbackgroundid0000052|mbackgroundid0000053|mbgmodelid0000031|mconcatfitid0000030|mdifffitid0000006|mdifffitid0000007|mdifffitid0000008|mdifffitid0000009|mdifffitid0000024|mdifffitid0000026|mdifffitid0000029|mdifffitid0000043|mdifffitid0000044|mimgtblid0000036|mprojectid0000003|mprojectid0000004|mprojectid0000020|mprojectid0000022|mprojectid0000023|mprojectid0000042,0.200000,135.525000,0.433785,0.533583,119.533547,0.000000,15.991000,false,61.077000,25,514.402000,"{""cloud-node-02"":52,""hpc-node-02"":6}","{""cloud-node-01"":0,""cloud-node-02"":0.070203,""hpc-node-01"":0,""hpc-node-02"":0.029703,""rpi-edge-01"":0,""rpi-edge-02"":0,""rpi-edge-03"":0,""rpi-edge-04"":0,""rpi-edge-05"":0,""rpi-edge-06"":0,""rpi-edge-07"":0,""rpi-edge-08"":0,""rpi-edge-09"":0,""rpi-edge-10"":0}","[{""rank"":1,""recommended"":true,""feasible"":false,""budget_used"":0.433785,""budget_violation"":0,""makespan"":135.525,""deadline_violation"":15.991,""machine_signature"":""1ef19329344eb489"",""weighted_score"":1,""diversity_score"":1.103448}]"
heft_colocation,cloud_hetero,18,maddid0000018|maddid0000056|mbackgroundid0000014|mbackgroundid0000015|mbackgroundid0000035|mbackgroundid0000053|mbgmodelid0000012|mbgmodelid0000050|mconcatfitid0000030|mconcatfitid0000049|mdifffitid0000006|mdifffitid0000007|mdifffitid0000008|mdifffitid0000010|mdifffitid0000024|mdifffitid0000026|mdifffitid0000027|mdifffitid0000046|mdifffitid0000048|mprojectid0000001|mprojectid0000002|mprojectid0000020|mprojectid0000021|mprojectid0000039|mprojectid0000041|mprojectid0000042|mviewerid0000038|mviewerid0000057|mviewerid0000058,0.200000,103.641000,0.559996,0.641828,78.742107,0.000000,24.899000,false,28.287000,17,1.871000,"{""h4d-highmem-192-1"":39,""h4d-standard-192-1"":19}","{""h3-standard-88-1"":0,""h3-standard-88-2"":0,""h4d-highmem-192-1"":0.007831,""h4d-standard-192-1"":0.009685}",[]
prism_cc_cost,cloud_hetero,18,maddid0000018|maddid0000056|mbackgroundid0000014|mbackgroundid0000015|mbackgroundid0000035|mbackgroundid0000053|mbgmodelid0000012|mbgmodelid0000050|mconcatfitid0000030|mconcatfitid0000049|mdifffitid0000006|mdifffitid0000007|mdifffitid0000008|mdifffitid0000010|mdifffitid0000024|mdifffitid0000026|mdifffitid0000027|mdifffitid0000046|mdifffitid0000048|mprojectid0000001|mprojectid0000002|mprojectid0000020|mprojectid0000021|mprojectid0000039|mprojectid0000041|mprojectid0000042|mviewerid0000038|mviewerid0000057|mviewerid0000058,0.200000,103.641000,0.559996,0.641828,78.742107,0.000000,24.899000,false,28.287000,17,295.329000,"{""h4d-highmem-192-1"":39,""h4d-standard-192-1"":19}","{""h3-standard-88-1"":0,""h3-standard-88-2"":0,""h4d-highmem-192-1"":0.007831,""h4d-standard-192-1"":0.009685}","[{""rank"":1,""recommended"":true,""feasible"":false,""budget_used"":0.559996,""budget_violation"":0,""makespan"":103.641,""deadline_violation"":24.899,""machine_signature"":""82efc09693774523"",""weighted_score"":0.559996,""diversity_score"":1.327586}]"
prism_cc_time,cloud_hetero,18,maddid0000018|maddid0000056|mbackgroundid0000014|mbackgroundid0000015|mbackgroundid0000035|mbackgroundid0000053|mbgmodelid0000012|mbgmodelid0000050|mconcatfitid0000030|mconcatfitid0000049|mdifffitid0000006|mdifffitid0000007|mdifffitid0000008|mdifffitid0000010|mdifffitid0000024|mdifffitid0000026|mdifffitid0000027|mdifffitid0000046|mdifffitid0000048|mprojectid0000001|mprojectid0000002|mprojectid0000020|mprojectid0000021|mprojectid0000039|mprojectid0000041|mprojectid0000042|mviewerid0000038|mviewerid0000057|mviewerid0000058,0.200000,103.641000,0.559996,0.641828,78.742107,0.000000,24.899000,false,28.287000,17,295.329000,"{""h4d-highmem-192-1"":39,""h4d-standard-192-1"":19}","{""h3-standard-88-1"":0,""h3-standard-88-2"":0,""h4d-highmem-192-1"":0.007831,""h4d-standard-192-1"":0.009685}","[{""rank"":1,""recommended"":true,""feasible"":false,""budget_used"":0.559996,""budget_violation"":0,""makespan"":103.641,""deadline_violation"":24.899,""machine_signature"":""82efc09693774523"",""weighted_score"":1,""diversity_score"":1.327586}]"
heft_colocation,cloud_homo,18,maddid0000018|maddid0000056|mbackgroundid0000014|mbackgroundid0000015|mbackgroundid0000035|mbackgroundid0000053|mbgmodelid0000012|mbgmodelid0000050|mconcatfitid0000030|mconcatfitid0000049|mdifffitid0000006|mdifffitid0000007|mdifffitid0000008|mdifffitid0000010|mdifffitid0000024|mdifffitid0000026|mdifffitid0000027|mdifffitid0000046|mdifffitid0000048|mprojectid0000001|mprojectid0000002|mprojectid0000020|mprojectid0000021|mprojectid0000039|mprojectid0000041|mprojectid0000042|mviewerid0000038|mviewerid0000057|mviewerid0000058,0.200000,99.696000,0.910012,1.059152,79.706000,0.000000,19.990000,false,7.093000,8,3.240000,"{""h4d-standard-192-1"":18,""h4d-standard-192-2"":16,""h4d-standard-192-3"":21,""h4d-standard-192-4"":3}","{""h4d-standard-192-1"":0.003864,""h4d-standard-192-2"":0.004881,""h4d-standard-192-3"":0.006272,""h4d-standard-192-4"":0.002085}",[]
prism_cc_cost,cloud_homo,18,maddid0000018|maddid0000056|mbackgroundid0000014|mbackgroundid0000015|mbackgroundid0000035|mbackgroundid0000053|mbgmodelid0000012|mbgmodelid0000050|mconcatfitid0000030|mconcatfitid0000049|mdifffitid0000006|mdifffitid0000007|mdifffitid0000008|mdifffitid0000010|mdifffitid0000024|mdifffitid0000026|mdifffitid0000027|mdifffitid0000046|mdifffitid0000048|mprojectid0000001|mprojectid0000002|mprojectid0000020|mprojectid0000021|mprojectid0000039|mprojectid0000041|mprojectid0000042|mviewerid0000038|mviewerid0000057|mviewerid0000058,0.200000,99.696000,0.910012,1.059152,79.706000,0.000000,19.990000,false,7.093000,8,325.926000,"{""h4d-standard-192-1"":18,""h4d-standard-192-2"":16,""h4d-standard-192-3"":21,""h4d-standard-192-4"":3}","{""h4d-standard-192-1"":0.003864,""h4d-standard-192-2"":0.004881,""h4d-standard-192-3"":0.006272,""h4d-standard-192-4"":0.002085}","[{""rank"":1,""recommended"":true,""feasible"":false,""budget_used"":0.910012,""budget_violation"":0,""makespan"":99.696,""deadline_violation"":19.99,""machine_signature"":""1c66f21fe18b041d"",""weighted_score"":0.910012,""diversity_score"":3.637931}]"
prism_cc_time,cloud_homo,18,maddid0000018|maddid0000056|mbackgroundid0000014|mbackgroundid0000015|mbackgroundid0000035|mbackgroundid0000053|mbgmodelid0000012|mbgmodelid0000050|mconcatfitid0000030|mconcatfitid0000049|mdifffitid0000006|mdifffitid0000007|mdifffitid0000008|mdifffitid0000010|mdifffitid0000024|mdifffitid0000026|mdifffitid0000027|mdifffitid0000046|mdifffitid0000048|mprojectid0000001|mprojectid0000002|mprojectid0000020|mprojectid0000021|mprojectid0000039|mprojectid0000041|mprojectid0000042|mviewerid0000038|mviewerid0000057|mviewerid0000058,0.200000,99.696000,0.910012,1.059152,79.706000,0.000000,19.990000,false,7.093000,8,325.926000,"{""h4d-standard-192-1"":18,""h4d-standard-192-2"":16,""h4d-standard-192-3"":21,""h4d-standard-192-4"":3}","{""h4d-standard-192-1"":0.003864,""h4d-standard-192-2"":0.004881,""h4d-standard-192-3"":0.006272,""h4d-standard-192-4"":0.002085}","[{""rank"":1,""recommended"":true,""feasible"":false,""budget_used"":0.910012,""budget_violation"":0,""makespan"":99.696,""deadline_violation"":19.99,""machine_signature"":""1c66f21fe18b041d"",""weighted_score"":1,""diversity_score"":3.637931}]"
heft_colocation,cluster_hetero,18,maddid0000018|maddid0000056|mbackgroundid0000014|mbackgroundid0000015|mbackgroundid0000035|mbackgroundid0000053|mbgmodelid0000012|mbgmodelid0000050|mconcatfitid0000030|mconcatfitid0000049|mdifffitid0000006|mdifffitid0000007|mdifffitid0000008|mdifffitid0000010|mdifffitid0000024|mdifffitid0000026|mdifffitid0000027|mdifffitid0000046|mdifffitid0000048|mprojectid0000001|mprojectid0000002|mprojectid0000020|mprojectid0000021|mprojectid0000039|mprojectid0000041|mprojectid0000042|mviewerid0000038|mviewerid0000057|mviewerid0000058,0.200000,307.991000,0.000000,0.000000,235.839680,0.000000,72.151000,false,91.539000,18,1.678000,"{""bora005"":33,""bora006"":22,""diablo01"":2,""diablo02"":1}","{""bora005"":0.073389,""bora006"":0.082669,""diablo01"":0.004859,""diablo02"":0.003698}",[]
prism_cc_cost,cluster_hetero,18,maddid0000018|maddid0000056|mbackgroundid0000014|mbackgroundid0000015|mbackgroundid0000035|mbackgroundid0000053|mbgmodelid0000012|mbgmodelid0000050|mconcatfitid0000030|mconcatfitid0000049|mdifffitid0000006|mdifffitid0000007|mdifffitid0000008|mdifffitid0000010|mdifffitid0000024|mdifffitid0000026|mdifffitid0000027|mdifffitid0000046|mdifffitid0000048|mprojectid0000001|mprojectid0000002|mprojectid0000020|mprojectid0000021|mprojectid0000039|mprojectid0000041|mprojectid0000042|mviewerid0000038|mviewerid0000057|mviewerid0000058,0.200000,307.991000,0.000000,0.000000,235.839680,0.000000,72.151000,false,91.539000,18,157.324000,"{""bora005"":33,""bora006"":22,""diablo01"":2,""diablo02"":1}","{""bora005"":0.073389,""bora006"":0.082669,""diablo01"":0.004859,""diablo02"":0.003698}","[{""rank"":1,""recommended"":true,""feasible"":false,""budget_used"":0,""budget_violation"":0,""makespan"":307.991,""deadline_violation"":72.151,""machine_signature"":""c2f68632b37b3516"",""weighted_score"":0,""diversity_score"":3.431034}]"
prism_cc_time,cluster_hetero,18,maddid0000018|maddid0000056|mbackgroundid0000014|mbackgroundid0000015|mbackgroundid0000035|mbackgroundid0000053|mbgmodelid0000012|mbgmodelid0000050|mconcatfitid0000030|mconcatfitid0000049|mdifffitid0000006|mdifffitid0000007|mdifffitid0000008|mdifffitid0000010|mdifffitid0000024|mdifffitid0000026|mdifffitid0000027|mdifffitid0000046|mdifffitid0000048|mprojectid0000001|mprojectid0000002|mprojectid0000020|mprojectid0000021|mprojectid0000039|mprojectid0000041|mprojectid0000042|mviewerid0000038|mviewerid0000057|mviewerid0000058,0.200000,307.991000,0.000000,0.000000,235.839680,0.000000,72.151000,false,91.539000,18,157.324000,"{""bora005"":33,""bora006"":22,""diablo01"":2,""diablo02"":1}","{""bora005"":0.073389,""bora006"":0.082669,""diablo01"":0.004859,""diablo02"":0.003698}","[{""rank"":1,""recommended"":true,""feasible"":false,""budget_used"":0,""budget_violation"":0,""makespan"":307.991,""deadline_violation"":72.151,""machine_signature"":""c2f68632b37b3516"",""weighted_score"":1,""diversity_score"":3.431034}]"
heft_colocation,cluster_homo,18,maddid0000018|maddid0000056|mbackgroundid0000014|mbackgroundid0000015|mbackgroundid0000035|mbackgroundid0000053|mbgmodelid0000012|mbgmodelid0000050|mconcatfitid0000030|mconcatfitid0000049|mdifffitid0000006|mdifffitid0000007|mdifffitid0000008|mdifffitid0000010|mdifffitid0000024|mdifffitid0000026|mdifffitid0000027|mdifffitid0000046|mdifffitid0000048|mprojectid0000001|mprojectid0000002|mprojectid0000020|mprojectid0000021|mprojectid0000039|mprojectid0000041|mprojectid0000042|mviewerid0000038|mviewerid0000057|mviewerid0000058,0.200000,287.957000,0.000000,0.000000,230.365600,0.000000,57.591000,false,39.525000,9,0.779000,"{""bora001"":18,""bora002"":17,""bora003"":21,""bora004"":2}","{""bora001"":0.041394,""bora002"":0.050325,""bora003"":0.06211,""bora004"":0.021102}",[]
prism_cc_cost,cluster_homo,18,maddid0000018|maddid0000056|mbackgroundid0000014|mbackgroundid0000015|mbackgroundid0000035|mbackgroundid0000053|mbgmodelid0000012|mbgmodelid0000050|mconcatfitid0000030|mconcatfitid0000049|mdifffitid0000006|mdifffitid0000007|mdifffitid0000008|mdifffitid0000010|mdifffitid0000024|mdifffitid0000026|mdifffitid0000027|mdifffitid0000046|mdifffitid0000048|mprojectid0000001|mprojectid0000002|mprojectid0000020|mprojectid0000021|mprojectid0000039|mprojectid0000041|mprojectid0000042|mviewerid0000038|mviewerid0000057|mviewerid0000058,0.200000,287.957000,0.000000,0.000000,230.365600,0.000000,57.591000,false,39.525000,9,133.232000,"{""bora001"":18,""bora002"":17,""bora003"":21,""bora004"":2}","{""bora001"":0.041394,""bora002"":0.050325,""bora003"":0.06211,""bora004"":0.021102}","[{""rank"":1,""recommended"":true,""feasible"":false,""budget_used"":0,""budget_violation"":0,""makespan"":287.957,""deadline_violation"":57.591,""machine_signature"":""fe172c4402f557c3"",""weighted_score"":0,""diversity_score"":3.637931}]"
prism_cc_time,cluster_homo,18,maddid0000018|maddid0000056|mbackgroundid0000014|mbackgroundid0000015|mbackgroundid0000035|mbackgroundid0000053|mbgmodelid0000012|mbgmodelid0000050|mconcatfitid0000030|mconcatfitid0000049|mdifffitid0000006|mdifffitid0000007|mdifffitid0000008|mdifffitid0000010|mdifffitid0000024|mdifffitid0000026|mdifffitid0000027|mdifffitid0000046|mdifffitid0000048|mprojectid0000001|mprojectid0000002|mprojectid0000020|mprojectid0000021|mprojectid0000039|mprojectid0000041|mprojectid0000042|mviewerid0000038|mviewerid0000057|mviewerid0000058,0.200000,287.957000,0.000000,0.000000,230.365600,0.000000,57.591000,false,39.525000,9,133.232000,"{""bora001"":18,""bora002"":17,""bora003"":21,""bora004"":2}","{""bora001"":0.041394,""bora002"":0.050325,""bora003"":0.06211,""bora004"":0.021102}","[{""rank"":1,""recommended"":true,""feasible"":false,""budget_used"":0,""budget_violation"":0,""makespan"":287.957,""deadline_violation"":57.591,""machine_signature"":""fe172c4402f557c3"",""weighted_score"":1,""diversity_score"":3.637931}]"
heft_colocation,hybrid_hetero,18,maddid0000018|maddid0000056|mbackgroundid0000014|mbackgroundid0000015|mbackgroundid0000035|mbackgroundid0000053|mbgmodelid0000012|mbgmodelid0000050|mconcatfitid0000030|mconcatfitid0000049|mdifffitid0000006|mdifffitid0000007|mdifffitid0000008|mdifffitid0000010|mdifffitid0000024|mdifffitid0000026|mdifffitid0000027|mdifffitid0000046|mdifffitid0000048|mprojectid0000001|mprojectid0000002|mprojectid0000020|mprojectid0000021|mprojectid0000039|mprojectid0000041|mprojectid0000042|mviewerid0000038|mviewerid0000057|mviewerid0000058,0.200000,104.534000,0.309519,0.348827,79.406640,0.000000,25.127000,false,57.484000,39,1.866000,"{""h3-standard-88-2"":2,""h4d-standard-192-7"":56}","{""bora011"":0,""diablo03"":0,""h3-standard-88-2"":0.002299,""h4d-standard-192-7"":0.018284}",[]
prism_cc_cost,hybrid_hetero,18,maddid0000018|maddid0000056|mbackgroundid0000014|mbackgroundid0000015|mbackgroundid0000035|mbackgroundid0000053|mbgmodelid0000012|mbgmodelid0000050|mconcatfitid0000030|mconcatfitid0000049|mdifffitid0000006|mdifffitid0000007|mdifffitid0000008|mdifffitid0000010|mdifffitid0000024|mdifffitid0000026|mdifffitid0000027|mdifffitid0000046|mdifffitid0000048|mprojectid0000001|mprojectid0000002|mprojectid0000020|mprojectid0000021|mprojectid0000039|mprojectid0000041|mprojectid0000042|mviewerid0000038|mviewerid0000057|mviewerid0000058,0.200000,104.534000,0.309519,0.348827,79.406640,0.000000,25.127000,false,57.484000,39,211.043000,"{""h3-standard-88-2"":2,""h4d-standard-192-7"":56}","{""bora011"":0,""diablo03"":0,""h3-standard-88-2"":0.002299,""h4d-standard-192-7"":0.018284}","[{""rank"":1,""recommended"":true,""feasible"":false,""budget_used"":0.309519,""budget_violation"":0,""makespan"":104.534,""deadline_violation"":25.127,""machine_signature"":""ffd7e6a49b68c181"",""weighted_score"":0.309519,""diversity_score"":1.034483}]"
prism_cc_time,hybrid_hetero,18,maddid0000018|maddid0000056|mbackgroundid0000014|mbackgroundid0000015|mbackgroundid0000035|mbackgroundid0000053|mbgmodelid0000012|mbgmodelid0000050|mconcatfitid0000030|mconcatfitid0000049|mdifffitid0000006|mdifffitid0000007|mdifffitid0000008|mdifffitid0000010|mdifffitid0000024|mdifffitid0000026|mdifffitid0000027|mdifffitid0000046|mdifffitid0000048|mprojectid0000001|mprojectid0000002|mprojectid0000020|mprojectid0000021|mprojectid0000039|mprojectid0000041|mprojectid0000042|mviewerid0000038|mviewerid0000057|mviewerid0000058,0.200000,104.534000,0.309519,0.348827,79.406640,0.000000,25.127000,false,57.484000,39,211.043000,"{""h3-standard-88-2"":2,""h4d-standard-192-7"":56}","{""bora011"":0,""diablo03"":0,""h3-standard-88-2"":0.002299,""h4d-standard-192-7"":0.018284}","[{""rank"":1,""recommended"":true,""feasible"":false,""budget_used"":0.309519,""budget_violation"":0,""makespan"":104.534,""deadline_violation"":25.127,""machine_signature"":""ffd7e6a49b68c181"",""weighted_score"":1,""diversity_score"":1.034483}]"
heft_colocation,hybrid_homo,18,maddid0000018|maddid0000056|mbackgroundid0000014|mbackgroundid0000015|mbackgroundid0000035|mbackgroundid0000053|mbgmodelid0000012|mbgmodelid0000050|mconcatfitid0000030|mconcatfitid0000049|mdifffitid0000006|mdifffitid0000007|mdifffitid0000008|mdifffitid0000010|mdifffitid0000024|mdifffitid0000026|mdifffitid0000027|mdifffitid0000046|mdifffitid0000048|mprojectid0000001|mprojectid0000002|mprojectid0000020|mprojectid0000021|mprojectid0000039|mprojectid0000041|mprojectid0000042|mviewerid0000038|mviewerid0000057|mviewerid0000058,0.200000,103.641000,0.519381,0.607531,78.742107,0.000000,24.899000,false,28.016000,17,1.854000,"{""h4d-standard-192-5"":18,""h4d-standard-192-6"":40}","{""bora009"":0,""bora010"":0,""h4d-standard-192-5"":0.00956,""h4d-standard-192-6"":0.007942}",[]
prism_cc_cost,hybrid_homo,18,maddid0000018|maddid0000056|mbackgroundid0000014|mbackgroundid0000015|mbackgroundid0000035|mbackgroundid0000053|mbgmodelid0000012|mbgmodelid0000050|mconcatfitid0000030|mconcatfitid0000049|mdifffitid0000006|mdifffitid0000007|mdifffitid0000008|mdifffitid0000010|mdifffitid0000024|mdifffitid0000026|mdifffitid0000027|mdifffitid0000046|mdifffitid0000048|mprojectid0000001|mprojectid0000002|mprojectid0000020|mprojectid0000021|mprojectid0000039|mprojectid0000041|mprojectid0000042|mviewerid0000038|mviewerid0000057|mviewerid0000058,0.200000,103.641000,0.519381,0.607531,78.742107,0.000000,24.899000,false,28.016000,17,262.983000,"{""h4d-standard-192-5"":18,""h4d-standard-192-6"":40}","{""bora009"":0,""bora010"":0,""h4d-standard-192-5"":0.00956,""h4d-standard-192-6"":0.007942}","[{""rank"":1,""recommended"":true,""feasible"":false,""budget_used"":0.519381,""budget_violation"":0,""makespan"":103.641,""deadline_violation"":24.899,""machine_signature"":""0654baafda087f4b"",""weighted_score"":0.519381,""diversity_score"":1.310345}]"
prism_cc_time,hybrid_homo,18,maddid0000018|maddid0000056|mbackgroundid0000014|mbackgroundid0000015|mbackgroundid0000035|mbackgroundid0000053|mbgmodelid0000012|mbgmodelid0000050|mconcatfitid0000030|mconcatfitid0000049|mdifffitid0000006|mdifffitid0000007|mdifffitid0000008|mdifffitid0000010|mdifffitid0000024|mdifffitid0000026|mdifffitid0000027|mdifffitid0000046|mdifffitid0000048|mprojectid0000001|mprojectid0000002|mprojectid0000020|mprojectid0000021|mprojectid0000039|mprojectid0000041|mprojectid0000042|mviewerid0000038|mviewerid0000057|mviewerid0000058,0.200000,103.641000,0.519381,0.607531,78.742107,0.000000,24.899000,false,28.016000,17,262.983000,"{""h4d-standard-192-5"":18,""h4d-standard-192-6"":40}","{""bora009"":0,""bora010"":0,""h4d-standard-192-5"":0.00956,""h4d-standard-192-6"":0.007942}","[{""rank"":1,""recommended"":true,""feasible"":false,""budget_used"":0.519381,""budget_violation"":0,""makespan"":103.641,""deadline_violation"":24.899,""machine_signature"":""0654baafda087f4b"",""weighted_score"":1,""diversity_score"":1.310345}]"
heft_colocation,hybrid_raspberry_500mbps,18,maddid0000018|maddid0000056|mbackgroundid0000014|mbackgroundid0000015|mbackgroundid0000035|mbackgroundid0000053|mbgmodelid0000012|mbgmodelid0000050|mconcatfitid0000030|mconcatfitid0000049|mdifffitid0000006|mdifffitid0000007|mdifffitid0000008|mdifffitid0000010|mdifffitid0000024|mdifffitid0000026|mdifffitid0000027|mdifffitid0000046|mdifffitid0000048|mprojectid0000001|mprojectid0000002|mprojectid0000020|mprojectid0000021|mprojectid0000039|mprojectid0000041|mprojectid0000042|mviewerid0000038|mviewerid0000057|mviewerid0000058,0.200000,159.838000,0.433127,0.533583,119.533547,0.000000,40.304000,false,83.760000,38,2.279000,"{""cloud-node-02"":53,""hpc-node-02"":5}","{""cloud-node-01"":0,""cloud-node-02"":0.059417,""hpc-node-01"":0,""hpc-node-02"":0.031399,""rpi-edge-01"":0,""rpi-edge-02"":0,""rpi-edge-03"":0,""rpi-edge-04"":0,""rpi-edge-05"":0,""rpi-edge-06"":0,""rpi-edge-07"":0,""rpi-edge-08"":0,""rpi-edge-09"":0,""rpi-edge-10"":0}",[]
prism_cc_cost,hybrid_raspberry_500mbps,18,maddid0000018|maddid0000056|mbackgroundid0000014|mbackgroundid0000015|mbackgroundid0000035|mbackgroundid0000053|mbgmodelid0000012|mbgmodelid0000050|mconcatfitid0000030|mconcatfitid0000049|mdifffitid0000006|mdifffitid0000007|mdifffitid0000008|mdifffitid0000010|mdifffitid0000024|mdifffitid0000026|mdifffitid0000027|mdifffitid0000046|mdifffitid0000048|mprojectid0000001|mprojectid0000002|mprojectid0000020|mprojectid0000021|mprojectid0000039|mprojectid0000041|mprojectid0000042|mviewerid0000038|mviewerid0000057|mviewerid0000058,0.200000,159.838000,0.433127,0.533583,119.533547,0.000000,40.304000,false,83.760000,38,467.356000,"{""cloud-node-02"":53,""hpc-node-02"":5}","{""cloud-node-01"":0,""cloud-node-02"":0.059417,""hpc-node-01"":0,""hpc-node-02"":0.031399,""rpi-edge-01"":0,""rpi-edge-02"":0,""rpi-edge-03"":0,""rpi-edge-04"":0,""rpi-edge-05"":0,""rpi-edge-06"":0,""rpi-edge-07"":0,""rpi-edge-08"":0,""rpi-edge-09"":0,""rpi-edge-10"":0}","[{""rank"":1,""recommended"":true,""feasible"":false,""budget_used"":0.433127,""budget_violation"":0,""makespan"":159.838,""deadline_violation"":40.304,""machine_signature"":""a85d61b96cf8f692"",""weighted_score"":0.433127,""diversity_score"":1.086207}]"
prism_cc_time,hybrid_raspberry_500mbps,18,maddid0000018|maddid0000056|mbackgroundid0000014|mbackgroundid0000015|mbackgroundid0000035|mbackgroundid0000053|mbgmodelid0000012|mbgmodelid0000050|mconcatfitid0000030|mconcatfitid0000049|mdifffitid0000006|mdifffitid0000007|mdifffitid0000008|mdifffitid0000010|mdifffitid0000024|mdifffitid0000026|mdifffitid0000027|mdifffitid0000046|mdifffitid0000048|mprojectid0000001|mprojectid0000002|mprojectid0000020|mprojectid0000021|mprojectid0000039|mprojectid0000041|mprojectid0000042|mviewerid0000038|mviewerid0000057|mviewerid0000058,0.200000,159.838000,0.433127,0.533583,119.533547,0.000000,40.304000,false,83.760000,38,467.356000,"{""cloud-node-02"":53,""hpc-node-02"":5}","{""cloud-node-01"":0,""cloud-node-02"":0.059417,""hpc-node-01"":0,""hpc-node-02"":0.031399,""rpi-edge-01"":0,""rpi-edge-02"":0,""rpi-edge-03"":0,""rpi-edge-04"":0,""rpi-edge-05"":0,""rpi-edge-06"":0,""rpi-edge-07"":0,""rpi-edge-08"":0,""rpi-edge-09"":0,""rpi-edge-10"":0}","[{""rank"":1,""recommended"":true,""feasible"":false,""budget_used"":0.433127,""budget_violation"":0,""makespan"":159.838,""deadline_violation"":40.304,""machine_signature"":""a85d61b96cf8f692"",""weighted_score"":1,""diversity_score"":1.086207}]"
heft_colocation,cloud_hetero,19,maddid0000018|maddid0000037|mbackgroundid0000015|mbackgroundid0000016|mbackgroundid0000033|mbackgroundid0000053|mbgmodelid0000012|mconcatfitid0000030|mconcatfitid0000049|mdifffitid0000005|mdifffitid0000007|mdifffitid0000008|mdifffitid0000010|mdifffitid0000024|mdifffitid0000025|mdifffitid0000026|mdifffitid0000029|mimgtblid0000017|mimgtblid0000036|mprojectid0000001|mprojectid0000002|mprojectid0000003|mprojectid0000020|mprojectid0000021|mprojectid0000022|mprojectid0000039|mprojectid0000041|mviewerid0000057|mviewerid0000058,0.200000,99.277000,0.595244,0.641828,78.742107,0.000000,20.535000,false,33.212000,21,1.827000,"{""h4d-highmem-192-1"":32,""h4d-standard-192-1"":26}","{""h3-standard-88-1"":0,""h3-standard-88-2"":0,""h4d-highmem-192-1"":0.008304,""h4d-standard-192-1"":0.01024}",[]
prism_cc_cost,cloud_hetero,19,maddid0000018|maddid0000037|mbackgroundid0000015|mbackgroundid0000016|mbackgroundid0000033|mbackgroundid0000053|mbgmodelid0000012|mconcatfitid0000030|mconcatfitid0000049|mdifffitid0000005|mdifffitid0000007|mdifffitid0000008|mdifffitid0000010|mdifffitid0000024|mdifffitid0000025|mdifffitid0000026|mdifffitid0000029|mimgtblid0000017|mimgtblid0000036|mprojectid0000001|mprojectid0000002|mprojectid0000003|mprojectid0000020|mprojectid0000021|mprojectid0000022|mprojectid0000039|mprojectid0000041|mviewerid0000057|mviewerid0000058,0.200000,99.277000,0.595244,0.641828,78.742107,0.000000,20.535000,false,33.212000,21,245.619000,"{""h4d-highmem-192-1"":32,""h4d-standard-192-1"":26}","{""h3-standard-88-1"":0,""h3-standard-88-2"":0,""h4d-highmem-192-1"":0.008304,""h4d-standard-192-1"":0.01024}","[{""rank"":1,""recommended"":true,""feasible"":false,""budget_used"":0.595244,""budget_violation"":0,""makespan"":99.277,""deadline_violation"":20.535,""machine_signature"":""d78b664595dc2565"",""weighted_score"":0.595244,""diversity_score"":1.448276}]"
prism_cc_time,cloud_hetero,19,maddid0000018|maddid0000037|mbackgroundid0000015|mbackgroundid0000016|mbackgroundid0000033|mbackgroundid0000053|mbgmodelid0000012|mconcatfitid0000030|mconcatfitid0000049|mdifffitid0000005|mdifffitid0000007|mdifffitid0000008|mdifffitid0000010|mdifffitid0000024|mdifffitid0000025|mdifffitid0000026|mdifffitid0000029|mimgtblid0000017|mimgtblid0000036|mprojectid0000001|mprojectid0000002|mprojectid0000003|mprojectid0000020|mprojectid0000021|mprojectid0000022|mprojectid0000039|mprojectid0000041|mviewerid0000057|mviewerid0000058,0.200000,99.277000,0.595244,0.641828,78.742107,0.000000,20.535000,false,33.212000,21,245.619000,"{""h4d-highmem-192-1"":32,""h4d-standard-192-1"":26}","{""h3-standard-88-1"":0,""h3-standard-88-2"":0,""h4d-highmem-192-1"":0.008304,""h4d-standard-192-1"":0.01024}","[{""rank"":1,""recommended"":true,""feasible"":false,""budget_used"":0.595244,""budget_violation"":0,""makespan"":99.277,""deadline_violation"":20.535,""machine_signature"":""d78b664595dc2565"",""weighted_score"":1,""diversity_score"":1.448276}]"
heft_colocation,cloud_homo,19,maddid0000018|maddid0000037|mbackgroundid0000015|mbackgroundid0000016|mbackgroundid0000033|mbackgroundid0000053|mbgmodelid0000012|mconcatfitid0000030|mconcatfitid0000049|mdifffitid0000005|mdifffitid0000007|mdifffitid0000008|mdifffitid0000010|mdifffitid0000024|mdifffitid0000025|mdifffitid0000026|mdifffitid0000029|mimgtblid0000017|mimgtblid0000036|mprojectid0000001|mprojectid0000002|mprojectid0000003|mprojectid0000020|mprojectid0000021|mprojectid0000022|mprojectid0000039|mprojectid0000041|mviewerid0000057|mviewerid0000058,0.200000,99.816000,0.925131,1.059152,79.706000,0.000000,20.110000,false,9.650000,7,2.869000,"{""h4d-standard-192-1"":15,""h4d-standard-192-2"":16,""h4d-standard-192-3"":9,""h4d-standard-192-4"":18}","{""h4d-standard-192-1"":0.003279,""h4d-standard-192-2"":0.003914,""h4d-standard-192-3"":0.004826,""h4d-standard-192-4"":0.005195}",[]
prism_cc_cost,cloud_homo,19,maddid0000018|maddid0000037|mbackgroundid0000015|mbackgroundid0000016|mbackgroundid0000033|mbackgroundid0000053|mbgmodelid0000012|mconcatfitid0000030|mconcatfitid0000049|mdifffitid0000005|mdifffitid0000007|mdifffitid0000008|mdifffitid0000010|mdifffitid0000024|mdifffitid0000025|mdifffitid0000026|mdifffitid0000029|mimgtblid0000017|mimgtblid0000036|mprojectid0000001|mprojectid0000002|mprojectid0000003|mprojectid0000020|mprojectid0000021|mprojectid0000022|mprojectid0000039|mprojectid0000041|mviewerid0000057|mviewerid0000058,0.200000,99.816000,0.925131,1.059152,79.706000,0.000000,20.110000,false,9.650000,7,325.847000,"{""h4d-standard-192-1"":15,""h4d-standard-192-2"":16,""h4d-standard-192-3"":9,""h4d-standard-192-4"":18}","{""h4d-standard-192-1"":0.003279,""h4d-standard-192-2"":0.003914,""h4d-standard-192-3"":0.004826,""h4d-standard-192-4"":0.005195}","[{""rank"":1,""recommended"":true,""feasible"":false,""budget_used"":0.470418,""budget_violation"":0,""makespan"":96.803,""deadline_violation"":17.097,""machine_signature"":""338d9e6682dd609a"",""weighted_score"":0.470418,""diversity_score"":1.172414},{""rank"":2,""recommended"":false,""feasible"":false,""budget_used"":0.468242,""budget_violation"":0,""makespan"":98.738,""deadline_violation"":19.032,""machine_signature"":""94e6268b4df9bb67"",""weighted_score"":0.468242,""diversity_score"":1.155172},{""rank"":3,""recommended"":false,""feasible"":false,""budget_used"":0.925131,""budget_violation"":0,""makespan"":99.816,""deadline_violation"":20.11,""machine_signature"":""7744ac78ef8d6eaf"",""weighted_score"":0.925131,""diversity_score"":3.689655}]"
prism_cc_time,cloud_homo,19,maddid0000018|maddid0000037|mbackgroundid0000015|mbackgroundid0000016|mbackgroundid0000033|mbackgroundid0000053|mbgmodelid0000012|mconcatfitid0000030|mconcatfitid0000049|mdifffitid0000005|mdifffitid0000007|mdifffitid0000008|mdifffitid0000010|mdifffitid0000024|mdifffitid0000025|mdifffitid0000026|mdifffitid0000029|mimgtblid0000017|mimgtblid0000036|mprojectid0000001|mprojectid0000002|mprojectid0000003|mprojectid0000020|mprojectid0000021|mprojectid0000022|mprojectid0000039|mprojectid0000041|mviewerid0000057|mviewerid0000058,0.200000,96.803000,0.470418,1.059152,79.706000,0.000000,17.097000,false,55.177000,33,325.847000,"{""h4d-standard-192-1"":10,""h4d-standard-192-4"":48}","{""h4d-standard-192-1"":0.002465,""h4d-standard-192-2"":0,""h4d-standard-192-3"":0,""h4d-standard-192-4"":0.017735}","[{""rank"":1,""recommended"":true,""feasible"":false,""budget_used"":0.470418,""budget_violation"":0,""makespan"":96.803,""deadline_violation"":17.097,""machine_signature"":""338d9e6682dd609a"",""weighted_score"":0.969814,""diversity_score"":1.172414},{""rank"":2,""recommended"":false,""feasible"":false,""budget_used"":0.468242,""budget_violation"":0,""makespan"":98.738,""deadline_violation"":19.032,""machine_signature"":""94e6268b4df9bb67"",""weighted_score"":0.9892,""diversity_score"":1.155172},{""rank"":3,""recommended"":false,""feasible"":false,""budget_used"":0.925131,""budget_violation"":0,""makespan"":99.816,""deadline_violation"":20.11,""machine_signature"":""7744ac78ef8d6eaf"",""weighted_score"":1,""diversity_score"":3.689655}]"
heft_colocation,cluster_hetero,19,maddid0000018|maddid0000037|mbackgroundid0000015|mbackgroundid0000016|mbackgroundid0000033|mbackgroundid0000053|mbgmodelid0000012|mconcatfitid0000030|mconcatfitid0000049|mdifffitid0000005|mdifffitid0000007|mdifffitid0000008|mdifffitid0000010|mdifffitid0000024|mdifffitid0000025|mdifffitid0000026|mdifffitid0000029|mimgtblid0000017|mimgtblid0000036|mprojectid0000001|mprojectid0000002|mprojectid0000003|mprojectid0000020|mprojectid0000021|mprojectid0000022|mprojectid0000039|mprojectid0000041|mviewerid0000057|mviewerid0000058,0.200000,287.957000,0.000000,0.000000,235.839680,0.000000,52.117000,false,99.920000,13,0.990000,"{""bora005"":32,""bora006"":21,""diablo01"":3,""diablo02"":2}","{""bora005"":0.078652,""bora006"":0.086758,""diablo01"":0.005436,""diablo02"":0.00534}",[]
prism_cc_cost,cluster_hetero,19,maddid0000018|maddid0000037|mbackgroundid0000015|mbackgroundid0000016|mbackgroundid0000033|mbackgroundid0000053|mbgmodelid0000012|mconcatfitid0000030|mconcatfitid0000049|mdifffitid0000005|mdifffitid0000007|mdifffitid0000008|mdifffitid0000010|mdifffitid0000024|mdifffitid0000025|mdifffitid0000026|mdifffitid0000029|mimgtblid0000017|mimgtblid0000036|mprojectid0000001|mprojectid0000002|mprojectid0000003|mprojectid0000020|mprojectid0000021|mprojectid0000022|mprojectid0000039|mprojectid0000041|mviewerid0000057|mviewerid0000058,0.200000,287.957000,0.000000,0.000000,235.839680,0.000000,52.117000,false,99.920000,13,155.391000,"{""bora005"":32,""bora006"":21,""diablo01"":3,""diablo02"":2}","{""bora005"":0.078652,""bora006"":0.086758,""diablo01"":0.005436,""diablo02"":0.00534}","[{""rank"":1,""recommended"":true,""feasible"":false,""budget_used"":0,""budget_violation"":0,""makespan"":287.957,""deadline_violation"":52.117,""machine_signature"":""f83ec596501f650c"",""weighted_score"":0,""diversity_score"":3.448276}]"
prism_cc_time,cluster_hetero,19,maddid0000018|maddid0000037|mbackgroundid0000015|mbackgroundid0000016|mbackgroundid0000033|mbackgroundid0000053|mbgmodelid0000012|mconcatfitid0000030|mconcatfitid0000049|mdifffitid0000005|mdifffitid0000007|mdifffitid0000008|mdifffitid0000010|mdifffitid0000024|mdifffitid0000025|mdifffitid0000026|mdifffitid0000029|mimgtblid0000017|mimgtblid0000036|mprojectid0000001|mprojectid0000002|mprojectid0000003|mprojectid0000020|mprojectid0000021|mprojectid0000022|mprojectid0000039|mprojectid0000041|mviewerid0000057|mviewerid0000058,0.200000,287.957000,0.000000,0.000000,235.839680,0.000000,52.117000,false,99.920000,13,155.391000,"{""bora005"":32,""bora006"":21,""diablo01"":3,""diablo02"":2}","{""bora005"":0.078652,""bora006"":0.086758,""diablo01"":0.005436,""diablo02"":0.00534}","[{""rank"":1,""recommended"":true,""feasible"":false,""budget_used"":0,""budget_violation"":0,""makespan"":287.957,""deadline_violation"":52.117,""machine_signature"":""f83ec596501f650c"",""weighted_score"":1,""diversity_score"":3.448276}]"
heft_colocation,cluster_homo,19,maddid0000018|maddid0000037|mbackgroundid0000015|mbackgroundid0000016|mbackgroundid0000033|mbackgroundid0000053|mbgmodelid0000012|mconcatfitid0000030|mconcatfitid0000049|mdifffitid0000005|mdifffitid0000007|mdifffitid0000008|mdifffitid0000010|mdifffitid0000024|mdifffitid0000025|mdifffitid0000026|mdifffitid0000029|mimgtblid0000017|mimgtblid0000036|mprojectid0000001|mprojectid0000002|mprojectid0000003|mprojectid0000020|mprojectid0000021|mprojectid0000022|mprojectid0000039|mprojectid0000041|mviewerid0000057|mviewerid0000058,0.200000,287.957000,0.000000,0.000000,230.365600,0.000000,57.591000,false,53.798000,8,1.151000,"{""bora001"":16,""bora002"":16,""bora003"":10,""bora004"":16}","{""bora001"":0.033919,""bora002"":0.040115,""bora003"":0.052407,""bora004"":0.049868}",[]
prism_cc_cost,cluster_homo,19,maddid0000018|maddid0000037|mbackgroundid0000015|mbackgroundid0000016|mbackgroundid0000033|mbackgroundid0000053|mbgmodelid0000012|mconcatfitid0000030|mconcatfitid0000049|mdifffitid0000005|mdifffitid0000007|mdifffitid0000008|mdifffitid0000010|mdifffitid0000024|mdifffitid0000025|mdifffitid0000026|mdifffitid0000029|mimgtblid0000017|mimgtblid0000036|mprojectid0000001|mprojectid0000002|mprojectid0000003|mprojectid0000020|mprojectid0000021|mprojectid0000022|mprojectid0000039|mprojectid0000041|mviewerid0000057|mviewerid0000058,0.200000,287.957000,0.000000,0.000000,230.365600,0.000000,57.591000,false,53.798000,8,124.211000,"{""bora001"":16,""bora002"":16,""bora003"":10,""bora004"":16}","{""bora001"":0.033919,""bora002"":0.040115,""bora003"":0.052407,""bora004"":0.049868}","[{""rank"":1,""recommended"":true,""feasible"":false,""budget_used"":0,""budget_violation"":0,""makespan"":287.957,""deadline_violation"":57.591,""machine_signature"":""510ac927c08facfe"",""weighted_score"":0,""diversity_score"":3.724138}]"
prism_cc_time,cluster_homo,19,maddid0000018|maddid0000037|mbackgroundid0000015|mbackgroundid0000016|mbackgroundid0000033|mbackgroundid0000053|mbgmodelid0000012|mconcatfitid0000030|mconcatfitid0000049|mdifffitid0000005|mdifffitid0000007|mdifffitid0000008|mdifffitid0000010|mdifffitid0000024|mdifffitid0000025|mdifffitid0000026|mdifffitid0000029|mimgtblid0000017|mimgtblid0000036|mprojectid0000001|mprojectid0000002|mprojectid0000003|mprojectid0000020|mprojectid0000021|mprojectid0000022|mprojectid0000039|mprojectid0000041|mviewerid0000057|mviewerid0000058,0.200000,287.957000,0.000000,0.000000,230.365600,0.000000,57.591000,false,53.798000,8,124.211000,"{""bora001"":16,""bora002"":16,""bora003"":10,""bora004"":16}","{""bora001"":0.033919,""bora002"":0.040115,""bora003"":0.052407,""bora004"":0.049868}","[{""rank"":1,""recommended"":true,""feasible"":false,""budget_used"":0,""budget_violation"":0,""makespan"":287.957,""deadline_violation"":57.591,""machine_signature"":""510ac927c08facfe"",""weighted_score"":1,""diversity_score"":3.724138}]"
heft_colocation,hybrid_hetero,19,maddid0000018|maddid0000037|mbackgroundid0000015|mbackgroundid0000016|mbackgroundid0000033|mbackgroundid0000053|mbgmodelid0000012|mconcatfitid0000030|mconcatfitid0000049|mdifffitid0000005|mdifffitid0000007|mdifffitid0000008|mdifffitid0000010|mdifffitid0000024|mdifffitid0000025|mdifffitid0000026|mdifffitid0000029|mimgtblid0000017|mimgtblid0000036|mprojectid0000001|mprojectid0000002|mprojectid0000003|mprojectid0000020|mprojectid0000021|mprojectid0000022|mprojectid0000039|mprojectid0000041|mviewerid0000057|mviewerid0000058,0.200000,101.354000,0.319923,0.348827,79.406640,0.000000,21.947000,false,65.393000,36,1.441000,"{""h3-standard-88-2"":3,""h4d-standard-192-7"":55}","{""bora011"":0,""diablo03"":0,""h3-standard-88-2"":0.003139,""h4d-standard-192-7"":0.019085}",[]
prism_cc_cost,hybrid_hetero,19,maddid0000018|maddid0000037|mbackgroundid0000015|mbackgroundid0000016|mbackgroundid0000033|mbackgroundid0000053|mbgmodelid0000012|mconcatfitid0000030|mconcatfitid0000049|mdifffitid0000005|mdifffitid0000007|mdifffitid0000008|mdifffitid0000010|mdifffitid0000024|mdifffitid0000025|mdifffitid0000026|mdifffitid0000029|mimgtblid0000017|mimgtblid0000036|mprojectid0000001|mprojectid0000002|mprojectid0000003|mprojectid0000020|mprojectid0000021|mprojectid0000022|mprojectid0000039|mprojectid0000041|mviewerid0000057|mviewerid0000058,0.200000,101.354000,0.319923,0.348827,79.406640,0.000000,21.947000,false,65.393000,36,238.818000,"{""h3-standard-88-2"":3,""h4d-standard-192-7"":55}","{""bora011"":0,""diablo03"":0,""h3-standard-88-2"":0.003139,""h4d-standard-192-7"":0.019085}","[{""rank"":1,""recommended"":true,""feasible"":false,""budget_used"":0.319923,""budget_violation"":0,""makespan"":101.354,""deadline_violation"":21.947,""machine_signature"":""dbeca3399e34a50a"",""weighted_score"":0.319923,""diversity_score"":1.051724}]"
prism_cc_time,hybrid_hetero,19,maddid0000018|maddid0000037|mbackgroundid0000015|mbackgroundid0000016|mbackgroundid0000033|mbackgroundid0000053|mbgmodelid0000012|mconcatfitid0000030|mconcatfitid0000049|mdifffitid0000005|mdifffitid0000007|mdifffitid0000008|mdifffitid0000010|mdifffitid0000024|mdifffitid0000025|mdifffitid0000026|mdifffitid0000029|mimgtblid0000017|mimgtblid0000036|mprojectid0000001|mprojectid0000002|mprojectid0000003|mprojectid0000020|mprojectid0000021|mprojectid0000022|mprojectid0000039|mprojectid0000041|mviewerid0000057|mviewerid0000058,0.200000,101.354000,0.319923,0.348827,79.406640,0.000000,21.947000,false,65.393000,36,238.818000,"{""h3-standard-88-2"":3,""h4d-standard-192-7"":55}","{""bora011"":0,""diablo03"":0,""h3-standard-88-2"":0.003139,""h4d-standard-192-7"":0.019085}","[{""rank"":1,""recommended"":true,""feasible"":false,""budget_used"":0.319923,""budget_violation"":0,""makespan"":101.354,""deadline_violation"":21.947,""machine_signature"":""dbeca3399e34a50a"",""weighted_score"":1,""diversity_score"":1.051724}]"
heft_colocation,hybrid_homo,19,maddid0000018|maddid0000037|mbackgroundid0000015|mbackgroundid0000016|mbackgroundid0000033|mbackgroundid0000053|mbgmodelid0000012|mconcatfitid0000030|mconcatfitid0000049|mdifffitid0000005|mdifffitid0000007|mdifffitid0000008|mdifffitid0000010|mdifffitid0000024|mdifffitid0000025|mdifffitid0000026|mdifffitid0000029|mimgtblid0000017|mimgtblid0000036|mprojectid0000001|mprojectid0000002|mprojectid0000003|mprojectid0000020|mprojectid0000021|mprojectid0000022|mprojectid0000039|mprojectid0000041|mviewerid0000057|mviewerid0000058,0.200000,99.277000,0.554194,0.607531,78.742107,0.000000,20.535000,false,33.212000,21,1.859000,"{""h4d-standard-192-5"":26,""h4d-standard-192-6"":32}","{""bora009"":0,""bora010"":0,""h4d-standard-192-5"":0.010353,""h4d-standard-192-6"":0.008191}",[]
prism_cc_cost,hybrid_homo,19,maddid0000018|maddid0000037|mbackgroundid0000015|mbackgroundid0000016|mbackgroundid0000033|mbackgroundid0000053|mbgmodelid0000012|mconcatfitid0000030|mconcatfitid0000049|mdifffitid0000005|mdifffitid0000007|mdifffitid0000008|mdifffitid0000010|mdifffitid0000024|mdifffitid0000025|mdifffitid0000026|mdifffitid0000029|mimgtblid0000017|mimgtblid0000036|mprojectid0000001|mprojectid0000002|mprojectid0000003|mprojectid0000020|mprojectid0000021|mprojectid0000022|mprojectid0000039|mprojectid0000041|mviewerid0000057|mviewerid0000058,0.200000,99.277000,0.554194,0.607531,78.742107,0.000000,20.535000,false,33.212000,21,303.210000,"{""h4d-standard-192-5"":26,""h4d-standard-192-6"":32}","{""bora009"":0,""bora010"":0,""h4d-standard-192-5"":0.010353,""h4d-standard-192-6"":0.008191}","[{""rank"":1,""recommended"":true,""feasible"":false,""budget_used"":0.554194,""budget_violation"":0,""makespan"":99.277,""deadline_violation"":20.535,""machine_signature"":""2fb72031754d50de"",""weighted_score"":0.554194,""diversity_score"":1.448276}]"
prism_cc_time,hybrid_homo,19,maddid0000018|maddid0000037|mbackgroundid0000015|mbackgroundid0000016|mbackgroundid0000033|mbackgroundid0000053|mbgmodelid0000012|mconcatfitid0000030|mconcatfitid0000049|mdifffitid0000005|mdifffitid0000007|mdifffitid0000008|mdifffitid0000010|mdifffitid0000024|mdifffitid0000025|mdifffitid0000026|mdifffitid0000029|mimgtblid0000017|mimgtblid0000036|mprojectid0000001|mprojectid0000002|mprojectid0000003|mprojectid0000020|mprojectid0000021|mprojectid0000022|mprojectid0000039|mprojectid0000041|mviewerid0000057|mviewerid0000058,0.200000,99.277000,0.554194,0.607531,78.742107,0.000000,20.535000,false,33.212000,21,303.210000,"{""h4d-standard-192-5"":26,""h4d-standard-192-6"":32}","{""bora009"":0,""bora010"":0,""h4d-standard-192-5"":0.010353,""h4d-standard-192-6"":0.008191}","[{""rank"":1,""recommended"":true,""feasible"":false,""budget_used"":0.554194,""budget_violation"":0,""makespan"":99.277,""deadline_violation"":20.535,""machine_signature"":""2fb72031754d50de"",""weighted_score"":1,""diversity_score"":1.448276}]"
heft_colocation,hybrid_raspberry_500mbps,19,maddid0000018|maddid0000037|mbackgroundid0000015|mbackgroundid0000016|mbackgroundid0000033|mbackgroundid0000053|mbgmodelid0000012|mconcatfitid0000030|mconcatfitid0000049|mdifffitid0000005|mdifffitid0000007|mdifffitid0000008|mdifffitid0000010|mdifffitid0000024|mdifffitid0000025|mdifffitid0000026|mdifffitid0000029|mimgtblid0000017|mimgtblid0000036|mprojectid0000001|mprojectid0000002|mprojectid0000003|mprojectid0000020|mprojectid0000021|mprojectid0000022|mprojectid0000039|mprojectid0000041|mviewerid0000057|mviewerid0000058,0.200000,144.438000,0.501188,0.533583,119.533547,0.000000,24.904000,false,93.447000,28,2.213000,"{""cloud-node-02"":52,""hpc-node-02"":6}","{""cloud-node-01"":0,""cloud-node-02"":0.066084,""hpc-node-01"":0,""hpc-node-02"":0.036842,""rpi-edge-01"":0,""rpi-edge-02"":0,""rpi-edge-03"":0,""rpi-edge-04"":0,""rpi-edge-05"":0,""rpi-edge-06"":0,""rpi-edge-07"":0,""rpi-edge-08"":0,""rpi-edge-09"":0,""rpi-edge-10"":0}",[]
prism_cc_cost,hybrid_raspberry_500mbps,19,maddid0000018|maddid0000037|mbackgroundid0000015|mbackgroundid0000016|mbackgroundid0000033|mbackgroundid0000053|mbgmodelid0000012|mconcatfitid0000030|mconcatfitid0000049|mdifffitid0000005|mdifffitid0000007|mdifffitid0000008|mdifffitid0000010|mdifffitid0000024|mdifffitid0000025|mdifffitid0000026|mdifffitid0000029|mimgtblid0000017|mimgtblid0000036|mprojectid0000001|mprojectid0000002|mprojectid0000003|mprojectid0000020|mprojectid0000021|mprojectid0000022|mprojectid0000039|mprojectid0000041|mviewerid0000057|mviewerid0000058,0.200000,144.438000,0.501188,0.533583,119.533547,0.000000,24.904000,false,93.447000,28,462.861000,"{""cloud-node-02"":52,""hpc-node-02"":6}","{""cloud-node-01"":0,""cloud-node-02"":0.066084,""hpc-node-01"":0,""hpc-node-02"":0.036842,""rpi-edge-01"":0,""rpi-edge-02"":0,""rpi-edge-03"":0,""rpi-edge-04"":0,""rpi-edge-05"":0,""rpi-edge-06"":0,""rpi-edge-07"":0,""rpi-edge-08"":0,""rpi-edge-09"":0,""rpi-edge-10"":0}","[{""rank"":1,""recommended"":true,""feasible"":false,""budget_used"":0.501188,""budget_violation"":0,""makespan"":144.438,""deadline_violation"":24.904,""machine_signature"":""df9fc126de90ea66"",""weighted_score"":0.501188,""diversity_score"":1.103448}]"
prism_cc_time,hybrid_raspberry_500mbps,19,maddid0000018|maddid0000037|mbackgroundid0000015|mbackgroundid0000016|mbackgroundid0000033|mbackgroundid0000053|mbgmodelid0000012|mconcatfitid0000030|mconcatfitid0000049|mdifffitid0000005|mdifffitid0000007|mdifffitid0000008|mdifffitid0000010|mdifffitid0000024|mdifffitid0000025|mdifffitid0000026|mdifffitid0000029|mimgtblid0000017|mimgtblid0000036|mprojectid0000001|mprojectid0000002|mprojectid0000003|mprojectid0000020|mprojectid0000021|mprojectid0000022|mprojectid0000039|mprojectid0000041|mviewerid0000057|mviewerid0000058,0.200000,144.438000,0.501188,0.533583,119.533547,0.000000,24.904000,false,93.447000,28,462.861000,"{""cloud-node-02"":52,""hpc-node-02"":6}","{""cloud-node-01"":0,""cloud-node-02"":0.066084,""hpc-node-01"":0,""hpc-node-02"":0.036842,""rpi-edge-01"":0,""rpi-edge-02"":0,""rpi-edge-03"":0,""rpi-edge-04"":0,""rpi-edge-05"":0,""rpi-edge-06"":0,""rpi-edge-07"":0,""rpi-edge-08"":0,""rpi-edge-09"":0,""rpi-edge-10"":0}","[{""rank"":1,""recommended"":true,""feasible"":false,""budget_used"":0.501188,""budget_violation"":0,""makespan"":144.438,""deadline_violation"":24.904,""machine_signature"":""df9fc126de90ea66"",""weighted_score"":1,""diversity_score"":1.103448}]"
heft_colocation,cloud_hetero,20,maddid0000018|mbackgroundid0000015|mbackgroundid0000016|mbackgroundid0000032|mbackgroundid0000033|mbackgroundid0000053|mbackgroundid0000054|mbgmodelid0000031|mbgmodelid0000050|mconcatfitid0000011|mconcatfitid0000030|mconcatfitid0000049|mdifffitid0000005|mdifffitid0000006|mdifffitid0000010|mdifffitid0000025|mdifffitid0000027|mdifffitid0000044|mdifffitid0000046|mdifffitid0000047|mimgtblid0000055|mprojectid0000001|mprojectid0000004|mprojectid0000020|mprojectid0000021|mprojectid0000039|mprojectid0000040|mprojectid0000042|mviewerid0000057,0.200000,104.495000,0.575090,0.641828,78.742107,0.000000,25.753000,false,36.429000,18,2.068000,"{""h4d-highmem-192-1"":32,""h4d-standard-192-1"":26}","{""h3-standard-88-1"":0,""h3-standard-88-2"":0,""h4d-highmem-192-1"":0.008749,""h4d-standard-192-1"":0.009029}",[]
prism_cc_cost,cloud_hetero,20,maddid0000018|mbackgroundid0000015|mbackgroundid0000016|mbackgroundid0000032|mbackgroundid0000033|mbackgroundid0000053|mbackgroundid0000054|mbgmodelid0000031|mbgmodelid0000050|mconcatfitid0000011|mconcatfitid0000030|mconcatfitid0000049|mdifffitid0000005|mdifffitid0000006|mdifffitid0000010|mdifffitid0000025|mdifffitid0000027|mdifffitid0000044|mdifffitid0000046|mdifffitid0000047|mimgtblid0000055|mprojectid0000001|mprojectid0000004|mprojectid0000020|mprojectid0000021|mprojectid0000039|mprojectid0000040|mprojectid0000042|mviewerid0000057,0.200000,104.495000,0.575090,0.641828,78.742107,0.000000,25.753000,false,36.429000,18,291.751000,"{""h4d-highmem-192-1"":32,""h4d-standard-192-1"":26}","{""h3-standard-88-1"":0,""h3-standard-88-2"":0,""h4d-highmem-192-1"":0.008749,""h4d-standard-192-1"":0.009029}","[{""rank"":1,""recommended"":true,""feasible"":false,""budget_used"":0.57509,""budget_violation"":0,""makespan"":104.495,""deadline_violation"":25.753,""machine_signature"":""263a152615d908db"",""weighted_score"":0.57509,""diversity_score"":1.448276}]"
prism_cc_time,cloud_hetero,20,maddid0000018|mbackgroundid0000015|mbackgroundid0000016|mbackgroundid0000032|mbackgroundid0000033|mbackgroundid0000053|mbackgroundid0000054|mbgmodelid0000031|mbgmodelid0000050|mconcatfitid0000011|mconcatfitid0000030|mconcatfitid0000049|mdifffitid0000005|mdifffitid0000006|mdifffitid0000010|mdifffitid0000025|mdifffitid0000027|mdifffitid0000044|mdifffitid0000046|mdifffitid0000047|mimgtblid0000055|mprojectid0000001|mprojectid0000004|mprojectid0000020|mprojectid0000021|mprojectid0000039|mprojectid0000040|mprojectid0000042|mviewerid0000057,0.200000,104.495000,0.575090,0.641828,78.742107,0.000000,25.753000,false,36.429000,18,291.751000,"{""h4d-highmem-192-1"":32,""h4d-standard-192-1"":26}","{""h3-standard-88-1"":0,""h3-standard-88-2"":0,""h4d-highmem-192-1"":0.008749,""h4d-standard-192-1"":0.009029}","[{""rank"":1,""recommended"":true,""feasible"":false,""budget_used"":0.57509,""budget_violation"":0,""makespan"":104.495,""deadline_violation"":25.753,""machine_signature"":""263a152615d908db"",""weighted_score"":1,""diversity_score"":1.448276}]"
heft_colocation,cloud_homo,20,maddid0000018|mbackgroundid0000015|mbackgroundid0000016|mbackgroundid0000032|mbackgroundid0000033|mbackgroundid0000053|mbackgroundid0000054|mbgmodelid0000031|mbgmodelid0000050|mconcatfitid0000011|mconcatfitid0000030|mconcatfitid0000049|mdifffitid0000005|mdifffitid0000006|mdifffitid0000010|mdifffitid0000025|mdifffitid0000027|mdifffitid0000044|mdifffitid0000046|mdifffitid0000047|mimgtblid0000055|mprojectid0000001|mprojectid0000004|mprojectid0000020|mprojectid0000021|mprojectid0000039|mprojectid0000040|mprojectid0000042|mviewerid0000057,0.200000,99.922000,0.879375,1.059152,79.706000,0.000000,20.216000,false,9.340000,10,2.885000,"{""h4d-standard-192-1"":18,""h4d-standard-192-2"":28,""h4d-standard-192-3"":7,""h4d-standard-192-4"":5}","{""h4d-standard-192-1"":0.003845,""h4d-standard-192-2"":0.006209,""h4d-standard-192-3"":0.003472,""h4d-standard-192-4"":0.003654}",[]
prism_cc_cost,cloud_homo,20,maddid0000018|mbackgroundid0000015|mbackgroundid0000016|mbackgroundid0000032|mbackgroundid0000033|mbackgroundid0000053|mbackgroundid0000054|mbgmodelid0000031|mbgmodelid0000050|mconcatfitid0000011|mconcatfitid0000030|mconcatfitid0000049|mdifffitid0000005|mdifffitid0000006|mdifffitid0000010|mdifffitid0000025|mdifffitid0000027|mdifffitid0000044|mdifffitid0000046|mdifffitid0000047|mimgtblid0000055|mprojectid0000001|mprojectid0000004|mprojectid0000020|mprojectid0000021|mprojectid0000039|mprojectid0000040|mprojectid0000042|mviewerid0000057,0.200000,99.922000,0.879375,1.059152,79.706000,0.000000,20.216000,false,9.340000,10,336.709000,"{""h4d-standard-192-1"":18,""h4d-standard-192-2"":28,""h4d-standard-192-3"":7,""h4d-standard-192-4"":5}","{""h4d-standard-192-1"":0.003845,""h4d-standard-192-2"":0.006209,""h4d-standard-192-3"":0.003472,""h4d-standard-192-4"":0.003654}","[{""rank"":1,""recommended"":true,""feasible"":false,""budget_used"":0.879375,""budget_violation"":0,""makespan"":99.922,""deadline_violation"":20.216,""machine_signature"":""c0048935a2b6584c"",""weighted_score"":0.879375,""diversity_score"":3.517241}]"
prism_cc_time,cloud_homo,20,maddid0000018|mbackgroundid0000015|mbackgroundid0000016|mbackgroundid0000032|mbackgroundid0000033|mbackgroundid0000053|mbackgroundid0000054|mbgmodelid0000031|mbgmodelid0000050|mconcatfitid0000011|mconcatfitid0000030|mconcatfitid0000049|mdifffitid0000005|mdifffitid0000006|mdifffitid0000010|mdifffitid0000025|mdifffitid0000027|mdifffitid0000044|mdifffitid0000046|mdifffitid0000047|mimgtblid0000055|mprojectid0000001|mprojectid0000004|mprojectid0000020|mprojectid0000021|mprojectid0000039|mprojectid0000040|mprojectid0000042|mviewerid0000057,0.200000,99.922000,0.879375,1.059152,79.706000,0.000000,20.216000,false,9.340000,10,336.709000,"{""h4d-standard-192-1"":18,""h4d-standard-192-2"":28,""h4d-standard-192-3"":7,""h4d-standard-192-4"":5}","{""h4d-standard-192-1"":0.003845,""h4d-standard-192-2"":0.006209,""h4d-standard-192-3"":0.003472,""h4d-standard-192-4"":0.003654}","[{""rank"":1,""recommended"":true,""feasible"":false,""budget_used"":0.879375,""budget_violation"":0,""makespan"":99.922,""deadline_violation"":20.216,""machine_signature"":""c0048935a2b6584c"",""weighted_score"":1,""diversity_score"":3.517241}]"
heft_colocation,cluster_hetero,20,maddid0000018|mbackgroundid0000015|mbackgroundid0000016|mbackgroundid0000032|mbackgroundid0000033|mbackgroundid0000053|mbackgroundid0000054|mbgmodelid0000031|mbgmodelid0000050|mconcatfitid0000011|mconcatfitid0000030|mconcatfitid0000049|mdifffitid0000005|mdifffitid0000006|mdifffitid0000010|mdifffitid0000025|mdifffitid0000027|mdifffitid0000044|mdifffitid0000046|mdifffitid0000047|mimgtblid0000055|mprojectid0000001|mprojectid0000004|mprojectid0000020|mprojectid0000021|mprojectid0000039|mprojectid0000040|mprojectid0000042|mviewerid0000057,0.200000,312.716000,0.000000,0.000000,235.839680,0.000000,76.876000,false,113.910000,20,1.062000,"{""bora005"":30,""bora006"":22,""diablo01"":4,""diablo02"":2}","{""bora005"":0.061202,""bora006"":0.088597,""diablo01"":0.007776,""diablo02"":0.004785}",[]
prism_cc_cost,cluster_hetero,20,maddid0000018|mbackgroundid0000015|mbackgroundid0000016|mbackgroundid0000032|mbackgroundid0000033|mbackgroundid0000053|mbackgroundid0000054|mbgmodelid0000031|mbgmodelid0000050|mconcatfitid0000011|mconcatfitid0000030|mconcatfitid0000049|mdifffitid0000005|mdifffitid0000006|mdifffitid0000010|mdifffitid0000025|mdifffitid0000027|mdifffitid0000044|mdifffitid0000046|mdifffitid0000047|mimgtblid0000055|mprojectid0000001|mprojectid0000004|mprojectid0000020|mprojectid0000021|mprojectid0000039|mprojectid0000040|mprojectid0000042|mviewerid0000057,0.200000,312.716000,0.000000,0.000000,235.839680,0.000000,76.876000,false,113.910000,20,168.506000,"{""bora005"":30,""bora006"":22,""diablo01"":4,""diablo02"":2}","{""bora005"":0.061202,""bora006"":0.088597,""diablo01"":0.007776,""diablo02"":0.004785}","[{""rank"":1,""recommended"":true,""feasible"":false,""budget_used"":0,""budget_violation"":0,""makespan"":312.716,""deadline_violation"":76.876,""machine_signature"":""659c342502000237"",""weighted_score"":0,""diversity_score"":3.482759}]"
prism_cc_time,cluster_hetero,20,maddid0000018|mbackgroundid0000015|mbackgroundid0000016|mbackgroundid0000032|mbackgroundid0000033|mbackgroundid0000053|mbackgroundid0000054|mbgmodelid0000031|mbgmodelid0000050|mconcatfitid0000011|mconcatfitid0000030|mconcatfitid0000049|mdifffitid0000005|mdifffitid0000006|mdifffitid0000010|mdifffitid0000025|mdifffitid0000027|mdifffitid0000044|mdifffitid0000046|mdifffitid0000047|mimgtblid0000055|mprojectid0000001|mprojectid0000004|mprojectid0000020|mprojectid0000021|mprojectid0000039|mprojectid0000040|mprojectid0000042|mviewerid0000057,0.200000,312.716000,0.000000,0.000000,235.839680,0.000000,76.876000,false,113.910000,20,168.506000,"{""bora005"":30,""bora006"":22,""diablo01"":4,""diablo02"":2}","{""bora005"":0.061202,""bora006"":0.088597,""diablo01"":0.007776,""diablo02"":0.004785}","[{""rank"":1,""recommended"":true,""feasible"":false,""budget_used"":0,""budget_violation"":0,""makespan"":312.716,""deadline_violation"":76.876,""machine_signature"":""659c342502000237"",""weighted_score"":1,""diversity_score"":3.482759}]"
heft_colocation,cluster_homo,20,maddid0000018|mbackgroundid0000015|mbackgroundid0000016|mbackgroundid0000032|mbackgroundid0000033|mbackgroundid0000053|mbackgroundid0000054|mbgmodelid0000031|mbgmodelid0000050|mconcatfitid0000011|mconcatfitid0000030|mconcatfitid0000049|mdifffitid0000005|mdifffitid0000006|mdifffitid0000010|mdifffitid0000025|mdifffitid0000027|mdifffitid0000044|mdifffitid0000046|mdifffitid0000047|mimgtblid0000055|mprojectid0000001|mprojectid0000004|mprojectid0000020|mprojectid0000021|mprojectid0000039|mprojectid0000040|mprojectid0000042|mviewerid0000057,0.200000,287.957000,0.000000,0.000000,230.365600,0.000000,57.591000,false,52.161000,12,0.909000,"{""bora001"":18,""bora002"":19,""bora003"":17,""bora004"":4}","{""bora001"":0.041193,""bora002"":0.060409,""bora003"":0.037307,""bora004"":0.037242}",[]
prism_cc_cost,cluster_homo,20,maddid0000018|mbackgroundid0000015|mbackgroundid0000016|mbackgroundid0000032|mbackgroundid0000033|mbackgroundid0000053|mbackgroundid0000054|mbgmodelid0000031|mbgmodelid0000050|mconcatfitid0000011|mconcatfitid0000030|mconcatfitid0000049|mdifffitid0000005|mdifffitid0000006|mdifffitid0000010|mdifffitid0000025|mdifffitid0000027|mdifffitid0000044|mdifffitid0000046|mdifffitid0000047|mimgtblid0000055|mprojectid0000001|mprojectid0000004|mprojectid0000020|mprojectid0000021|mprojectid0000039|mprojectid0000040|mprojectid0000042|mviewerid0000057,0.200000,287.957000,0.000000,0.000000,230.365600,0.000000,57.591000,false,52.161000,12,145.516000,"{""bora001"":18,""bora002"":19,""bora003"":17,""bora004"":4}","{""bora001"":0.041193,""bora002"":0.060409,""bora003"":0.037307,""bora004"":0.037242}","[{""rank"":1,""recommended"":true,""feasible"":false,""budget_used"":0,""budget_violation"":0,""makespan"":287.957,""deadline_violation"":57.591,""machine_signature"":""6491f9039c9fd044"",""weighted_score"":0,""diversity_score"":3.672414}]"
prism_cc_time,cluster_homo,20,maddid0000018|mbackgroundid0000015|mbackgroundid0000016|mbackgroundid0000032|mbackgroundid0000033|mbackgroundid0000053|mbackgroundid0000054|mbgmodelid0000031|mbgmodelid0000050|mconcatfitid0000011|mconcatfitid0000030|mconcatfitid0000049|mdifffitid0000005|mdifffitid0000006|mdifffitid0000010|mdifffitid0000025|mdifffitid0000027|mdifffitid0000044|mdifffitid0000046|mdifffitid0000047|mimgtblid0000055|mprojectid0000001|mprojectid0000004|mprojectid0000020|mprojectid0000021|mprojectid0000039|mprojectid0000040|mprojectid0000042|mviewerid0000057,0.200000,287.957000,0.000000,0.000000,230.365600,0.000000,57.591000,false,52.161000,12,145.516000,"{""bora001"":18,""bora002"":19,""bora003"":17,""bora004"":4}","{""bora001"":0.041193,""bora002"":0.060409,""bora003"":0.037307,""bora004"":0.037242}","[{""rank"":1,""recommended"":true,""feasible"":false,""budget_used"":0,""budget_violation"":0,""makespan"":287.957,""deadline_violation"":57.591,""machine_signature"":""6491f9039c9fd044"",""weighted_score"":1,""diversity_score"":3.672414}]"
heft_colocation,hybrid_hetero,20,maddid0000018|mbackgroundid0000015|mbackgroundid0000016|mbackgroundid0000032|mbackgroundid0000033|mbackgroundid0000053|mbackgroundid0000054|mbgmodelid0000031|mbgmodelid0000050|mconcatfitid0000011|mconcatfitid0000030|mconcatfitid0000049|mdifffitid0000005|mdifffitid0000006|mdifffitid0000010|mdifffitid0000025|mdifffitid0000027|mdifffitid0000044|mdifffitid0000046|mdifffitid0000047|mimgtblid0000055|mprojectid0000001|mprojectid0000004|mprojectid0000020|mprojectid0000021|mprojectid0000039|mprojectid0000040|mprojectid0000042|mviewerid0000057,0.200000,112.408000,0.390220,0.348827,79.406640,0.041400,33.001000,false,75.523000,32,2.767000,"{""h3-standard-88-2"":13,""h4d-standard-192-7"":45}","{""bora011"":0,""diablo03"":0,""h3-standard-88-2"":0.003584,""h4d-standard-192-7"":0.017496}",[]
prism_cc_cost,hybrid_hetero,20,maddid0000018|mbackgroundid0000015|mbackgroundid0000016|mbackgroundid0000032|mbackgroundid0000033|mbackgroundid0000053|mbackgroundid0000054|mbgmodelid0000031|mbgmodelid0000050|mconcatfitid0000011|mconcatfitid0000030|mconcatfitid0000049|mdifffitid0000005|mdifffitid0000006|mdifffitid0000010|mdifffitid0000025|mdifffitid0000027|mdifffitid0000044|mdifffitid0000046|mdifffitid0000047|mimgtblid0000055|mprojectid0000001|mprojectid0000004|mprojectid0000020|mprojectid0000021|mprojectid0000039|mprojectid0000040|mprojectid0000042|mviewerid0000057,0.200000,112.408000,0.390220,0.348827,79.406640,0.041400,33.001000,false,75.523000,32,200.487000,"{""h3-standard-88-2"":13,""h4d-standard-192-7"":45}","{""bora011"":0,""diablo03"":0,""h3-standard-88-2"":0.003584,""h4d-standard-192-7"":0.017496}","[{""rank"":1,""recommended"":true,""feasible"":false,""budget_used"":0.367161,""budget_violation"":0.0183,""makespan"":112.408,""deadline_violation"":33.001,""machine_signature"":""ce076f5e9369120e"",""weighted_score"":0.367161,""diversity_score"":2.224138},{""rank"":2,""recommended"":false,""feasible"":false,""budget_used"":0.39022,""budget_violation"":0.0414,""makespan"":112.408,""deadline_violation"":33.001,""machine_signature"":""2fa3738cfc8613aa"",""weighted_score"":0.39022,""diversity_score"":1.224138}]"
prism_cc_time,hybrid_hetero,20,maddid0000018|mbackgroundid0000015|mbackgroundid0000016|mbackgroundid0000032|mbackgroundid0000033|mbackgroundid0000053|mbackgroundid0000054|mbgmodelid0000031|mbgmodelid0000050|mconcatfitid0000011|mconcatfitid0000030|mconcatfitid0000049|mdifffitid0000005|mdifffitid0000006|mdifffitid0000010|mdifffitid0000025|mdifffitid0000027|mdifffitid0000044|mdifffitid0000046|mdifffitid0000047|mimgtblid0000055|mprojectid0000001|mprojectid0000004|mprojectid0000020|mprojectid0000021|mprojectid0000039|mprojectid0000040|mprojectid0000042|mviewerid0000057,0.200000,112.408000,0.390220,0.348827,79.406640,0.041400,33.001000,false,75.523000,32,200.487000,"{""h3-standard-88-2"":13,""h4d-standard-192-7"":45}","{""bora011"":0,""diablo03"":0,""h3-standard-88-2"":0.003584,""h4d-standard-192-7"":0.017496}","[{""rank"":1,""recommended"":true,""feasible"":false,""budget_used"":0.367161,""budget_violation"":0.0183,""makespan"":112.408,""deadline_violation"":33.001,""machine_signature"":""ce076f5e9369120e"",""weighted_score"":1,""diversity_score"":2.224138},{""rank"":2,""recommended"":false,""feasible"":false,""budget_used"":0.39022,""budget_violation"":0.0414,""makespan"":112.408,""deadline_violation"":33.001,""machine_signature"":""2fa3738cfc8613aa"",""weighted_score"":1,""diversity_score"":1.224138}]"
heft_colocation,hybrid_homo,20,maddid0000018|mbackgroundid0000015|mbackgroundid0000016|mbackgroundid0000032|mbackgroundid0000033|mbackgroundid0000053|mbackgroundid0000054|mbgmodelid0000031|mbgmodelid0000050|mconcatfitid0000011|mconcatfitid0000030|mconcatfitid0000049|mdifffitid0000005|mdifffitid0000006|mdifffitid0000010|mdifffitid0000025|mdifffitid0000027|mdifffitid0000044|mdifffitid0000046|mdifffitid0000047|mimgtblid0000055|mprojectid0000001|mprojectid0000004|mprojectid0000020|mprojectid0000021|mprojectid0000039|mprojectid0000040|mprojectid0000042|mviewerid0000057,0.200000,104.495000,0.548526,0.607531,78.742107,0.000000,25.753000,false,36.429000,18,1.904000,"{""h4d-standard-192-5"":26,""h4d-standard-192-6"":32}","{""bora009"":0,""bora010"":0,""h4d-standard-192-5"":0.009029,""h4d-standard-192-6"":0.008749}",[]
prism_cc_cost,hybrid_homo,20,maddid0000018|mbackgroundid0000015|mbackgroundid0000016|mbackgroundid0000032|mbackgroundid0000033|mbackgroundid0000053|mbackgroundid0000054|mbgmodelid0000031|mbgmodelid0000050|mconcatfitid0000011|mconcatfitid0000030|mconcatfitid0000049|mdifffitid0000005|mdifffitid0000006|mdifffitid0000010|mdifffitid0000025|mdifffitid0000027|mdifffitid0000044|mdifffitid0000046|mdifffitid0000047|mimgtblid0000055|mprojectid0000001|mprojectid0000004|mprojectid0000020|mprojectid0000021|mprojectid0000039|mprojectid0000040|mprojectid0000042|mviewerid0000057,0.200000,104.495000,0.548526,0.607531,78.742107,0.000000,25.753000,false,36.429000,18,296.616000,"{""h4d-standard-192-5"":26,""h4d-standard-192-6"":32}","{""bora009"":0,""bora010"":0,""h4d-standard-192-5"":0.009029,""h4d-standard-192-6"":0.008749}","[{""rank"":1,""recommended"":true,""feasible"":false,""budget_used"":0.548526,""budget_violation"":0,""makespan"":104.495,""deadline_violation"":25.753,""machine_signature"":""59d5c9855c85ccac"",""weighted_score"":0.548526,""diversity_score"":1.448276}]"
prism_cc_time,hybrid_homo,20,maddid0000018|mbackgroundid0000015|mbackgroundid0000016|mbackgroundid0000032|mbackgroundid0000033|mbackgroundid0000053|mbackgroundid0000054|mbgmodelid0000031|mbgmodelid0000050|mconcatfitid0000011|mconcatfitid0000030|mconcatfitid0000049|mdifffitid0000005|mdifffitid0000006|mdifffitid0000010|mdifffitid0000025|mdifffitid0000027|mdifffitid0000044|mdifffitid0000046|mdifffitid0000047|mimgtblid0000055|mprojectid0000001|mprojectid0000004|mprojectid0000020|mprojectid0000021|mprojectid0000039|mprojectid0000040|mprojectid0000042|mviewerid0000057,0.200000,104.495000,0.548526,0.607531,78.742107,0.000000,25.753000,false,36.429000,18,296.616000,"{""h4d-standard-192-5"":26,""h4d-standard-192-6"":32}","{""bora009"":0,""bora010"":0,""h4d-standard-192-5"":0.009029,""h4d-standard-192-6"":0.008749}","[{""rank"":1,""recommended"":true,""feasible"":false,""budget_used"":0.548526,""budget_violation"":0,""makespan"":104.495,""deadline_violation"":25.753,""machine_signature"":""59d5c9855c85ccac"",""weighted_score"":1,""diversity_score"":1.448276}]"
heft_colocation,hybrid_raspberry_500mbps,20,maddid0000018|mbackgroundid0000015|mbackgroundid0000016|mbackgroundid0000032|mbackgroundid0000033|mbackgroundid0000053|mbackgroundid0000054|mbgmodelid0000031|mbgmodelid0000050|mconcatfitid0000011|mconcatfitid0000030|mconcatfitid0000049|mdifffitid0000005|mdifffitid0000006|mdifffitid0000010|mdifffitid0000025|mdifffitid0000027|mdifffitid0000044|mdifffitid0000046|mdifffitid0000047|mimgtblid0000055|mprojectid0000001|mprojectid0000004|mprojectid0000020|mprojectid0000021|mprojectid0000039|mprojectid0000040|mprojectid0000042|mviewerid0000057,0.200000,175.500000,0.539948,0.533583,119.533547,0.006400,55.966000,false,97.579000,44,2.226000,"{""cloud-node-02"":41,""hpc-node-02"":17}","{""cloud-node-01"":0,""cloud-node-02"":0.051323,""hpc-node-01"":0,""hpc-node-02"":0.041981,""rpi-edge-01"":0,""rpi-edge-02"":0,""rpi-edge-03"":0,""rpi-edge-04"":0,""rpi-edge-05"":0,""rpi-edge-06"":0,""rpi-edge-07"":0,""rpi-edge-08"":0,""rpi-edge-09"":0,""rpi-edge-10"":0}",[]
prism_cc_cost,hybrid_raspberry_500mbps,20,maddid0000018|mbackgroundid0000015|mbackgroundid0000016|mbackgroundid0000032|mbackgroundid0000033|mbackgroundid0000053|mbackgroundid0000054|mbgmodelid0000031|mbgmodelid0000050|mconcatfitid0000011|mconcatfitid0000030|mconcatfitid0000049|mdifffitid0000005|mdifffitid0000006|mdifffitid0000010|mdifffitid0000025|mdifffitid0000027|mdifffitid0000044|mdifffitid0000046|mdifffitid0000047|mimgtblid0000055|mprojectid0000001|mprojectid0000004|mprojectid0000020|mprojectid0000021|mprojectid0000039|mprojectid0000040|mprojectid0000042|mviewerid0000057,0.200000,175.500000,0.539948,0.533583,119.533547,0.006400,55.966000,false,97.579000,44,410.228000,"{""cloud-node-02"":41,""hpc-node-02"":17}","{""cloud-node-01"":0,""cloud-node-02"":0.051323,""hpc-node-01"":0,""hpc-node-02"":0.041981,""rpi-edge-01"":0,""rpi-edge-02"":0,""rpi-edge-03"":0,""rpi-edge-04"":0,""rpi-edge-05"":0,""rpi-edge-06"":0,""rpi-edge-07"":0,""rpi-edge-08"":0,""rpi-edge-09"":0,""rpi-edge-10"":0}","[{""rank"":1,""recommended"":true,""feasible"":false,""budget_used"":0.539948,""budget_violation"":0.0064,""makespan"":175.5,""deadline_violation"":55.966,""machine_signature"":""6505ee8cd4c25124"",""weighted_score"":0.539948,""diversity_score"":1.293103},{""rank"":2,""recommended"":false,""feasible"":false,""budget_used"":0.539948,""budget_violation"":0.0064,""makespan"":175.5,""deadline_violation"":55.966,""machine_signature"":""a86f3d5a2a8560b0"",""weighted_score"":0.539948,""diversity_score"":1.293103}]"
prism_cc_time,hybrid_raspberry_500mbps,20,maddid0000018|mbackgroundid0000015|mbackgroundid0000016|mbackgroundid0000032|mbackgroundid0000033|mbackgroundid0000053|mbackgroundid0000054|mbgmodelid0000031|mbgmodelid0000050|mconcatfitid0000011|mconcatfitid0000030|mconcatfitid0000049|mdifffitid0000005|mdifffitid0000006|mdifffitid0000010|mdifffitid0000025|mdifffitid0000027|mdifffitid0000044|mdifffitid0000046|mdifffitid0000047|mimgtblid0000055|mprojectid0000001|mprojectid0000004|mprojectid0000020|mprojectid0000021|mprojectid0000039|mprojectid0000040|mprojectid0000042|mviewerid0000057,0.200000,175.500000,0.539948,0.533583,119.533547,0.006400,55.966000,false,97.579000,44,410.228000,"{""cloud-node-02"":41,""hpc-node-02"":17}","{""cloud-node-01"":0,""cloud-node-02"":0.051323,""hpc-node-01"":0,""hpc-node-02"":0.041981,""rpi-edge-01"":0,""rpi-edge-02"":0,""rpi-edge-03"":0,""rpi-edge-04"":0,""rpi-edge-05"":0,""rpi-edge-06"":0,""rpi-edge-07"":0,""rpi-edge-08"":0,""rpi-edge-09"":0,""rpi-edge-10"":0}","[{""rank"":1,""recommended"":true,""feasible"":false,""budget_used"":0.539948,""budget_violation"":0.0064,""makespan"":175.5,""deadline_violation"":55.966,""machine_signature"":""6505ee8cd4c25124"",""weighted_score"":1,""diversity_score"":1.293103},{""rank"":2,""recommended"":false,""feasible"":false,""budget_used"":0.539948,""budget_violation"":0.0064,""makespan"":175.5,""deadline_violation"":55.966,""machine_signature"":""a86f3d5a2a8560b0"",""weighted_score"":1,""diversity_score"":1.293103}]"
heft_colocation,cloud_hetero,21,maddid0000018|maddid0000037|maddid0000056|mbackgroundid0000014|mbackgroundid0000015|mbackgroundid0000034|mbackgroundid0000035|mbackgroundid0000053|mbgmodelid0000050|mconcatfitid0000011|mconcatfitid0000049|mdifffitid0000005|mdifffitid0000006|mdifffitid0000008|mdifffitid0000010|mdifffitid0000024|mdifffitid0000025|mdifffitid0000028|mdifffitid0000043|mdifffitid0000045|mdifffitid0000046|mprojectid0000002|mprojectid0000020|mprojectid0000023|mprojectid0000039|mprojectid0000040|mprojectid0000042|mviewerid0000038|mviewerid0000058,0.200000,96.660000,0.525811,0.641828,78.742107,0.000000,17.918000,false,24.202000,16,2.713000,"{""h4d-highmem-192-1"":35,""h4d-standard-192-1"":23}","{""h3-standard-88-1"":0,""h3-standard-88-2"":0,""h4d-highmem-192-1"":0.011537,""h4d-standard-192-1"":0.007024}",[]
prism_cc_cost,cloud_hetero,21,maddid0000018|maddid0000037|maddid0000056|mbackgroundid0000014|mbackgroundid0000015|mbackgroundid0000034|mbackgroundid0000035|mbackgroundid0000053|mbgmodelid0000050|mconcatfitid0000011|mconcatfitid0000049|mdifffitid0000005|mdifffitid0000006|mdifffitid0000008|mdifffitid0000010|mdifffitid0000024|mdifffitid0000025|mdifffitid0000028|mdifffitid0000043|mdifffitid0000045|mdifffitid0000046|mprojectid0000002|mprojectid0000020|mprojectid0000023|mprojectid0000039|mprojectid0000040|mprojectid0000042|mviewerid0000038|mviewerid0000058,0.200000,96.660000,0.525811,0.641828,78.742107,0.000000,17.918000,false,24.202000,16,285.717000,"{""h4d-highmem-192-1"":35,""h4d-standard-192-1"":23}","{""h3-standard-88-1"":0,""h3-standard-88-2"":0,""h4d-highmem-192-1"":0.011537,""h4d-standard-192-1"":0.007024}","[{""rank"":1,""recommended"":true,""feasible"":false,""budget_used"":0.525811,""budget_violation"":0,""makespan"":96.66,""deadline_violation"":17.918,""machine_signature"":""22a028ba32f696ce"",""weighted_score"":0.525811,""diversity_score"":1.396552}]"
prism_cc_time,cloud_hetero,21,maddid0000018|maddid0000037|maddid0000056|mbackgroundid0000014|mbackgroundid0000015|mbackgroundid0000034|mbackgroundid0000035|mbackgroundid0000053|mbgmodelid0000050|mconcatfitid0000011|mconcatfitid0000049|mdifffitid0000005|mdifffitid0000006|mdifffitid0000008|mdifffitid0000010|mdifffitid0000024|mdifffitid0000025|mdifffitid0000028|mdifffitid0000043|mdifffitid0000045|mdifffitid0000046|mprojectid0000002|mprojectid0000020|mprojectid0000023|mprojectid0000039|mprojectid0000040|mprojectid0000042|mviewerid0000038|mviewerid0000058,0.200000,96.660000,0.525811,0.641828,78.742107,0.000000,17.918000,false,24.202000,16,285.717000,"{""h4d-highmem-192-1"":35,""h4d-standard-192-1"":23}","{""h3-standard-88-1"":0,""h3-standard-88-2"":0,""h4d-highmem-192-1"":0.011537,""h4d-standard-192-1"":0.007024}","[{""rank"":1,""recommended"":true,""feasible"":false,""budget_used"":0.525811,""budget_violation"":0,""makespan"":96.66,""deadline_violation"":17.918,""machine_signature"":""22a028ba32f696ce"",""weighted_score"":1,""diversity_score"":1.396552}]"
heft_colocation,cloud_homo,21,maddid0000018|maddid0000037|maddid0000056|mbackgroundid0000014|mbackgroundid0000015|mbackgroundid0000034|mbackgroundid0000035|mbackgroundid0000053|mbgmodelid0000050|mconcatfitid0000011|mconcatfitid0000049|mdifffitid0000005|mdifffitid0000006|mdifffitid0000008|mdifffitid0000010|mdifffitid0000024|mdifffitid0000025|mdifffitid0000028|mdifffitid0000043|mdifffitid0000045|mdifffitid0000046|mprojectid0000002|mprojectid0000020|mprojectid0000023|mprojectid0000039|mprojectid0000040|mprojectid0000042|mviewerid0000038|mviewerid0000058,0.200000,97.995000,0.840376,1.059152,79.706000,0.000000,18.289000,false,5.057000,6,3.199000,"{""h4d-standard-192-1"":30,""h4d-standard-192-2"":16,""h4d-standard-192-3"":8,""h4d-standard-192-4"":4}","{""h4d-standard-192-1"":0.006358,""h4d-standard-192-2"":0.003987,""h4d-standard-192-3"":0.003806,""h4d-standard-192-4"":0.00314}",[]
prism_cc_cost,cloud_homo,21,maddid0000018|maddid0000037|maddid0000056|mbackgroundid0000014|mbackgroundid0000015|mbackgroundid0000034|mbackgroundid0000035|mbackgroundid0000053|mbgmodelid0000050|mconcatfitid0000011|mconcatfitid0000049|mdifffitid0000005|mdifffitid0000006|mdifffitid0000008|mdifffitid0000010|mdifffitid0000024|mdifffitid0000025|mdifffitid0000028|mdifffitid0000043|mdifffitid0000045|mdifffitid0000046|mprojectid0000002|mprojectid0000020|mprojectid0000023|mprojectid0000039|mprojectid0000040|mprojectid0000042|mviewerid0000038|mviewerid0000058,0.200000,97.995000,0.840376,1.059152,79.706000,0.000000,18.289000,false,5.057000,6,312.401000,"{""h4d-standard-192-1"":30,""h4d-standard-192-2"":16,""h4d-standard-192-3"":8,""h4d-standard-192-4"":4}","{""h4d-standard-192-1"":0.006358,""h4d-standard-192-2"":0.003987,""h4d-standard-192-3"":0.003806,""h4d-standard-192-4"":0.00314}","[{""rank"":1,""recommended"":true,""feasible"":false,""budget_used"":0.840376,""budget_violation"":0,""makespan"":97.995,""deadline_violation"":18.289,""machine_signature"":""9a0e82fc9295f0a6"",""weighted_score"":0.840376,""diversity_score"":3.482759}]"
prism_cc_time,cloud_homo,21,maddid0000018|maddid0000037|maddid0000056|mbackgroundid0000014|mbackgroundid0000015|mbackgroundid0000034|mbackgroundid0000035|mbackgroundid0000053|mbgmodelid0000050|mconcatfitid0000011|mconcatfitid0000049|mdifffitid0000005|mdifffitid0000006|mdifffitid0000008|mdifffitid0000010|mdifffitid0000024|mdifffitid0000025|mdifffitid0000028|mdifffitid0000043|mdifffitid0000045|mdifffitid0000046|mprojectid0000002|mprojectid0000020|mprojectid0000023|mprojectid0000039|mprojectid0000040|mprojectid0000042|mviewerid0000038|mviewerid0000058,0.200000,97.995000,0.840376,1.059152,79.706000,0.000000,18.289000,false,5.057000,6,312.401000,"{""h4d-standard-192-1"":30,""h4d-standard-192-2"":16,""h4d-standard-192-3"":8,""h4d-standard-192-4"":4}","{""h4d-standard-192-1"":0.006358,""h4d-standard-192-2"":0.003987,""h4d-standard-192-3"":0.003806,""h4d-standard-192-4"":0.00314}","[{""rank"":1,""recommended"":true,""feasible"":false,""budget_used"":0.840376,""budget_violation"":0,""makespan"":97.995,""deadline_violation"":18.289,""machine_signature"":""9a0e82fc9295f0a6"",""weighted_score"":1,""diversity_score"":3.482759}]"
heft_colocation,cluster_hetero,21,maddid0000018|maddid0000037|maddid0000056|mbackgroundid0000014|mbackgroundid0000015|mbackgroundid0000034|mbackgroundid0000035|mbackgroundid0000053|mbgmodelid0000050|mconcatfitid0000011|mconcatfitid0000049|mdifffitid0000005|mdifffitid0000006|mdifffitid0000008|mdifffitid0000010|mdifffitid0000024|mdifffitid0000025|mdifffitid0000028|mdifffitid0000043|mdifffitid0000045|mdifffitid0000046|mprojectid0000002|mprojectid0000020|mprojectid0000023|mprojectid0000039|mprojectid0000040|mprojectid0000042|mviewerid0000038|mviewerid0000058,0.200000,305.629000,0.000000,0.000000,235.839680,0.000000,69.789000,false,82.234000,16,1.071000,"{""bora005"":33,""bora006"":22,""diablo01"":2,""diablo02"":1}","{""bora005"":0.085723,""bora006"":0.070695,""diablo01"":0.004896,""diablo02"":0.003726}",[]
prism_cc_cost,cluster_hetero,21,maddid0000018|maddid0000037|maddid0000056|mbackgroundid0000014|mbackgroundid0000015|mbackgroundid0000034|mbackgroundid0000035|mbackgroundid0000053|mbgmodelid0000050|mconcatfitid0000011|mconcatfitid0000049|mdifffitid0000005|mdifffitid0000006|mdifffitid0000008|mdifffitid0000010|mdifffitid0000024|mdifffitid0000025|mdifffitid0000028|mdifffitid0000043|mdifffitid0000045|mdifffitid0000046|mprojectid0000002|mprojectid0000020|mprojectid0000023|mprojectid0000039|mprojectid0000040|mprojectid0000042|mviewerid0000038|mviewerid0000058,0.200000,305.629000,0.000000,0.000000,235.839680,0.000000,69.789000,false,82.234000,16,165.076000,"{""bora005"":33,""bora006"":22,""diablo01"":2,""diablo02"":1}","{""bora005"":0.085723,""bora006"":0.070695,""diablo01"":0.004896,""diablo02"":0.003726}","[{""rank"":1,""recommended"":true,""feasible"":false,""budget_used"":0,""budget_violation"":0,""makespan"":305.629,""deadline_violation"":69.789,""machine_signature"":""f6135f4f6578570d"",""weighted_score"":0,""diversity_score"":3.431034}]"
prism_cc_time,cluster_hetero,21,maddid0000018|maddid0000037|maddid0000056|mbackgroundid0000014|mbackgroundid0000015|mbackgroundid0000034|mbackgroundid0000035|mbackgroundid0000053|mbgmodelid0000050|mconcatfitid0000011|mconcatfitid0000049|mdifffitid0000005|mdifffitid0000006|mdifffitid0000008|mdifffitid0000010|mdifffitid0000024|mdifffitid0000025|mdifffitid0000028|mdifffitid0000043|mdifffitid0000045|mdifffitid0000046|mprojectid0000002|mprojectid0000020|mprojectid0000023|mprojectid0000039|mprojectid0000040|mprojectid0000042|mviewerid0000038|mviewerid0000058,0.200000,305.629000,0.000000,0.000000,235.839680,0.000000,69.789000,false,82.234000,16,165.076000,"{""bora005"":33,""bora006"":22,""diablo01"":2,""diablo02"":1}","{""bora005"":0.085723,""bora006"":0.070695,""diablo01"":0.004896,""diablo02"":0.003726}","[{""rank"":1,""recommended"":true,""feasible"":false,""budget_used"":0,""budget_violation"":0,""makespan"":305.629,""deadline_violation"":69.789,""machine_signature"":""f6135f4f6578570d"",""weighted_score"":1,""diversity_score"":3.431034}]"
heft_colocation,cluster_homo,21,maddid0000018|maddid0000037|maddid0000056|mbackgroundid0000014|mbackgroundid0000015|mbackgroundid0000034|mbackgroundid0000035|mbackgroundid0000053|mbgmodelid0000050|mconcatfitid0000011|mconcatfitid0000049|mdifffitid0000005|mdifffitid0000006|mdifffitid0000008|mdifffitid0000010|mdifffitid0000024|mdifffitid0000025|mdifffitid0000028|mdifffitid0000043|mdifffitid0000045|mdifffitid0000046|mprojectid0000002|mprojectid0000020|mprojectid0000023|mprojectid0000039|mprojectid0000040|mprojectid0000042|mviewerid0000038|mviewerid0000058,0.200000,287.957000,0.000000,0.000000,230.365600,0.000000,57.591000,false,30.076000,10,0.842000,"{""bora001"":31,""bora002"":16,""bora003"":8,""bora004"":3}","{""bora001"":0.064189,""bora002"":0.040197,""bora003"":0.038287,""bora004"":0.031348}",[]
prism_cc_cost,cluster_homo,21,maddid0000018|maddid0000037|maddid0000056|mbackgroundid0000014|mbackgroundid0000015|mbackgroundid0000034|mbackgroundid0000035|mbackgroundid0000053|mbgmodelid0000050|mconcatfitid0000011|mconcatfitid0000049|mdifffitid0000005|mdifffitid0000006|mdifffitid0000008|mdifffitid0000010|mdifffitid0000024|mdifffitid0000025|mdifffitid0000028|mdifffitid0000043|mdifffitid0000045|mdifffitid0000046|mprojectid0000002|mprojectid0000020|mprojectid0000023|mprojectid0000039|mprojectid0000040|mprojectid0000042|mviewerid0000038|mviewerid0000058,0.200000,287.957000,0.000000,0.000000,230.365600,0.000000,57.591000,false,30.076000,10,122.410000,"{""bora001"":31,""bora002"":16,""bora003"":8,""bora004"":3}","{""bora001"":0.064189,""bora002"":0.040197,""bora003"":0.038287,""bora004"":0.031348}","[{""rank"":1,""recommended"":true,""feasible"":false,""budget_used"":0,""budget_violation"":0,""makespan"":287.957,""deadline_violation"":57.591,""machine_signature"":""ff3bc4408a3cc58b"",""weighted_score"":0,""diversity_score"":3.465517}]"
prism_cc_time,cluster_homo,21,maddid0000018|maddid0000037|maddid0000056|mbackgroundid0000014|mbackgroundid0000015|mbackgroundid0000034|mbackgroundid0000035|mbackgroundid0000053|mbgmodelid0000050|mconcatfitid0000011|mconcatfitid0000049|mdifffitid0000005|mdifffitid0000006|mdifffitid0000008|mdifffitid0000010|mdifffitid0000024|mdifffitid0000025|mdifffitid0000028|mdifffitid0000043|mdifffitid0000045|mdifffitid0000046|mprojectid0000002|mprojectid0000020|mprojectid0000023|mprojectid0000039|mprojectid0000040|mprojectid0000042|mviewerid0000038|mviewerid0000058,0.200000,287.957000,0.000000,0.000000,230.365600,0.000000,57.591000,false,30.076000,10,122.410000,"{""bora001"":31,""bora002"":16,""bora003"":8,""bora004"":3}","{""bora001"":0.064189,""bora002"":0.040197,""bora003"":0.038287,""bora004"":0.031348}","[{""rank"":1,""recommended"":true,""feasible"":false,""budget_used"":0,""budget_violation"":0,""makespan"":287.957,""deadline_violation"":57.591,""machine_signature"":""ff3bc4408a3cc58b"",""weighted_score"":1,""diversity_score"":3.465517}]"
heft_colocation,hybrid_hetero,21,maddid0000018|maddid0000037|maddid0000056|mbackgroundid0000014|mbackgroundid0000015|mbackgroundid0000034|mbackgroundid0000035|mbackgroundid0000053|mbgmodelid0000050|mconcatfitid0000011|mconcatfitid0000049|mdifffitid0000005|mdifffitid0000006|mdifffitid0000008|mdifffitid0000010|mdifffitid0000024|mdifffitid0000025|mdifffitid0000028|mdifffitid0000043|mdifffitid0000045|mdifffitid0000046|mprojectid0000002|mprojectid0000020|mprojectid0000023|mprojectid0000039|mprojectid0000040|mprojectid0000042|mviewerid0000038|mviewerid0000058,0.200000,104.534000,0.309524,0.348827,79.406640,0.000000,25.127000,false,53.817000,33,1.770000,"{""h3-standard-88-2"":2,""h4d-standard-192-7"":56}","{""bora011"":0,""diablo03"":0,""h3-standard-88-2"":0.002299,""h4d-standard-192-7"":0.018102}",[]
prism_cc_cost,hybrid_hetero,21,maddid0000018|maddid0000037|maddid0000056|mbackgroundid0000014|mbackgroundid0000015|mbackgroundid0000034|mbackgroundid0000035|mbackgroundid0000053|mbgmodelid0000050|mconcatfitid0000011|mconcatfitid0000049|mdifffitid0000005|mdifffitid0000006|mdifffitid0000008|mdifffitid0000010|mdifffitid0000024|mdifffitid0000025|mdifffitid0000028|mdifffitid0000043|mdifffitid0000045|mdifffitid0000046|mprojectid0000002|mprojectid0000020|mprojectid0000023|mprojectid0000039|mprojectid0000040|mprojectid0000042|mviewerid0000038|mviewerid0000058,0.200000,104.534000,0.309524,0.348827,79.406640,0.000000,25.127000,false,53.817000,33,176.133000,"{""h3-standard-88-2"":2,""h4d-standard-192-7"":56}","{""bora011"":0,""diablo03"":0,""h3-standard-88-2"":0.002299,""h4d-standard-192-7"":0.018102}","[{""rank"":1,""recommended"":true,""feasible"":false,""budget_used"":0.309524,""budget_violation"":0,""makespan"":104.534,""deadline_violation"":25.127,""machine_signature"":""c5b1db674c190c37"",""weighted_score"":0.309524,""diversity_score"":1.034483}]"
prism_cc_time,hybrid_hetero,21,maddid0000018|maddid0000037|maddid0000056|mbackgroundid0000014|mbackgroundid0000015|mbackgroundid0000034|mbackgroundid0000035|mbackgroundid0000053|mbgmodelid0000050|mconcatfitid0000011|mconcatfitid0000049|mdifffitid0000005|mdifffitid0000006|mdifffitid0000008|mdifffitid0000010|mdifffitid0000024|mdifffitid0000025|mdifffitid0000028|mdifffitid0000043|mdifffitid0000045|mdifffitid0000046|mprojectid0000002|mprojectid0000020|mprojectid0000023|mprojectid0000039|mprojectid0000040|mprojectid0000042|mviewerid0000038|mviewerid0000058,0.200000,104.534000,0.309524,0.348827,79.406640,0.000000,25.127000,false,53.817000,33,176.133000,"{""h3-standard-88-2"":2,""h4d-standard-192-7"":56}","{""bora011"":0,""diablo03"":0,""h3-standard-88-2"":0.002299,""h4d-standard-192-7"":0.018102}","[{""rank"":1,""recommended"":true,""feasible"":false,""budget_used"":0.309524,""budget_violation"":0,""makespan"":104.534,""deadline_violation"":25.127,""machine_signature"":""c5b1db674c190c37"",""weighted_score"":1,""diversity_score"":1.034483}]"
heft_colocation,hybrid_homo,21,maddid0000018|maddid0000037|maddid0000056|mbackgroundid0000014|mbackgroundid0000015|mbackgroundid0000034|mbackgroundid0000035|mbackgroundid0000053|mbgmodelid0000050|mconcatfitid0000011|mconcatfitid0000049|mdifffitid0000005|mdifffitid0000006|mdifffitid0000008|mdifffitid0000010|mdifffitid0000024|mdifffitid0000025|mdifffitid0000028|mdifffitid0000043|mdifffitid0000045|mdifffitid0000046|mprojectid0000002|mprojectid0000020|mprojectid0000023|mprojectid0000039|mprojectid0000040|mprojectid0000042|mviewerid0000038|mviewerid0000058,0.200000,96.660000,0.499254,0.607531,78.742107,0.000000,17.918000,false,24.202000,16,2.338000,"{""h4d-standard-192-5"":23,""h4d-standard-192-6"":35}","{""bora009"":0,""bora010"":0,""h4d-standard-192-5"":0.007024,""h4d-standard-192-6"":0.011537}",[]
prism_cc_cost,hybrid_homo,21,maddid0000018|maddid0000037|maddid0000056|mbackgroundid0000014|mbackgroundid0000015|mbackgroundid0000034|mbackgroundid0000035|mbackgroundid0000053|mbgmodelid0000050|mconcatfitid0000011|mconcatfitid0000049|mdifffitid0000005|mdifffitid0000006|mdifffitid0000008|mdifffitid0000010|mdifffitid0000024|mdifffitid0000025|mdifffitid0000028|mdifffitid0000043|mdifffitid0000045|mdifffitid0000046|mprojectid0000002|mprojectid0000020|mprojectid0000023|mprojectid0000039|mprojectid0000040|mprojectid0000042|mviewerid0000038|mviewerid0000058,0.200000,96.660000,0.499254,0.607531,78.742107,0.000000,17.918000,false,24.202000,16,261.799000,"{""h4d-standard-192-5"":23,""h4d-standard-192-6"":35}","{""bora009"":0,""bora010"":0,""h4d-standard-192-5"":0.007024,""h4d-standard-192-6"":0.011537}","[{""rank"":1,""recommended"":true,""feasible"":false,""budget_used"":0.499254,""budget_violation"":0,""makespan"":96.66,""deadline_violation"":17.918,""machine_signature"":""03bcfa27736e7269"",""weighted_score"":0.499254,""diversity_score"":1.396552}]"
prism_cc_time,hybrid_homo,21,maddid0000018|maddid0000037|maddid0000056|mbackgroundid0000014|mbackgroundid0000015|mbackgroundid0000034|mbackgroundid0000035|mbackgroundid0000053|mbgmodelid0000050|mconcatfitid0000011|mconcatfitid0000049|mdifffitid0000005|mdifffitid0000006|mdifffitid0000008|mdifffitid0000010|mdifffitid0000024|mdifffitid0000025|mdifffitid0000028|mdifffitid0000043|mdifffitid0000045|mdifffitid0000046|mprojectid0000002|mprojectid0000020|mprojectid0000023|mprojectid0000039|mprojectid0000040|mprojectid0000042|mviewerid0000038|mviewerid0000058,0.200000,96.660000,0.499254,0.607531,78.742107,0.000000,17.918000,false,24.202000,16,261.799000,"{""h4d-standard-192-5"":23,""h4d-standard-192-6"":35}","{""bora009"":0,""bora010"":0,""h4d-standard-192-5"":0.007024,""h4d-standard-192-6"":0.011537}","[{""rank"":1,""recommended"":true,""feasible"":false,""budget_used"":0.499254,""budget_violation"":0,""makespan"":96.66,""deadline_violation"":17.918,""machine_signature"":""03bcfa27736e7269"",""weighted_score"":1,""diversity_score"":1.396552}]"
heft_colocation,hybrid_raspberry_500mbps,21,maddid0000018|maddid0000037|maddid0000056|mbackgroundid0000014|mbackgroundid0000015|mbackgroundid0000034|mbackgroundid0000035|mbackgroundid0000053|mbgmodelid0000050|mconcatfitid0000011|mconcatfitid0000049|mdifffitid0000005|mdifffitid0000006|mdifffitid0000008|mdifffitid0000010|mdifffitid0000024|mdifffitid0000025|mdifffitid0000028|mdifffitid0000043|mdifffitid0000045|mdifffitid0000046|mprojectid0000002|mprojectid0000020|mprojectid0000023|mprojectid0000039|mprojectid0000040|mprojectid0000042|mviewerid0000038|mviewerid0000058,0.200000,160.161000,0.411787,0.533583,119.533547,0.000000,40.627000,false,71.468000,30,2.205000,"{""cloud-node-02"":44,""hpc-node-02"":14}","{""cloud-node-01"":0,""cloud-node-02"":0.058525,""hpc-node-01"":0,""hpc-node-02"":0.031456,""rpi-edge-01"":0,""rpi-edge-02"":0,""rpi-edge-03"":0,""rpi-edge-04"":0,""rpi-edge-05"":0,""rpi-edge-06"":0,""rpi-edge-07"":0,""rpi-edge-08"":0,""rpi-edge-09"":0,""rpi-edge-10"":0}",[]
prism_cc_cost,hybrid_raspberry_500mbps,21,maddid0000018|maddid0000037|maddid0000056|mbackgroundid0000014|mbackgroundid0000015|mbackgroundid0000034|mbackgroundid0000035|mbackgroundid0000053|mbgmodelid0000050|mconcatfitid0000011|mconcatfitid0000049|mdifffitid0000005|mdifffitid0000006|mdifffitid0000008|mdifffitid0000010|mdifffitid0000024|mdifffitid0000025|mdifffitid0000028|mdifffitid0000043|mdifffitid0000045|mdifffitid0000046|mprojectid0000002|mprojectid0000020|mprojectid0000023|mprojectid0000039|mprojectid0000040|mprojectid0000042|mviewerid0000038|mviewerid0000058,0.200000,160.161000,0.411787,0.533583,119.533547,0.000000,40.627000,false,71.468000,30,372.834000,"{""cloud-node-02"":44,""hpc-node-02"":14}","{""cloud-node-01"":0,""cloud-node-02"":0.058525,""hpc-node-01"":0,""hpc-node-02"":0.031456,""rpi-edge-01"":0,""rpi-edge-02"":0,""rpi-edge-03"":0,""rpi-edge-04"":0,""rpi-edge-05"":0,""rpi-edge-06"":0,""rpi-edge-07"":0,""rpi-edge-08"":0,""rpi-edge-09"":0,""rpi-edge-10"":0}","[{""rank"":1,""recommended"":true,""feasible"":false,""budget_used"":0.411787,""budget_violation"":0,""makespan"":160.161,""deadline_violation"":40.627,""machine_signature"":""81957b9edb69f7fc"",""weighted_score"":0.411787,""diversity_score"":1.241379}]"
prism_cc_time,hybrid_raspberry_500mbps,21,maddid0000018|maddid0000037|maddid0000056|mbackgroundid0000014|mbackgroundid0000015|mbackgroundid0000034|mbackgroundid0000035|mbackgroundid0000053|mbgmodelid0000050|mconcatfitid0000011|mconcatfitid0000049|mdifffitid0000005|mdifffitid0000006|mdifffitid0000008|mdifffitid0000010|mdifffitid0000024|mdifffitid0000025|mdifffitid0000028|mdifffitid0000043|mdifffitid0000045|mdifffitid0000046|mprojectid0000002|mprojectid0000020|mprojectid0000023|mprojectid0000039|mprojectid0000040|mprojectid0000042|mviewerid0000038|mviewerid0000058,0.200000,160.161000,0.411787,0.533583,119.533547,0.000000,40.627000,false,71.468000,30,372.834000,"{""cloud-node-02"":44,""hpc-node-02"":14}","{""cloud-node-01"":0,""cloud-node-02"":0.058525,""hpc-node-01"":0,""hpc-node-02"":0.031456,""rpi-edge-01"":0,""rpi-edge-02"":0,""rpi-edge-03"":0,""rpi-edge-04"":0,""rpi-edge-05"":0,""rpi-edge-06"":0,""rpi-edge-07"":0,""rpi-edge-08"":0,""rpi-edge-09"":0,""rpi-edge-10"":0}","[{""rank"":1,""recommended"":true,""feasible"":false,""budget_used"":0.411787,""budget_violation"":0,""makespan"":160.161,""deadline_violation"":40.627,""machine_signature"":""81957b9edb69f7fc"",""weighted_score"":1,""diversity_score"":1.241379}]"
heft_colocation,cloud_hetero,22,maddid0000018|maddid0000037|maddid0000056|mbackgroundid0000014|mbackgroundid0000015|mbackgroundid0000032|mbackgroundid0000033|mbackgroundid0000035|mbackgroundid0000051|mbackgroundid0000053|mbgmodelid0000050|mdifffitid0000007|mdifffitid0000008|mdifffitid0000009|mdifffitid0000025|mdifffitid0000043|mdifffitid0000044|mdifffitid0000045|mimgtblid0000055|mprojectid0000002|mprojectid0000021|mprojectid0000022|mprojectid0000023|mprojectid0000039|mprojectid0000041|mprojectid0000042|mviewerid0000019|mviewerid0000038|mviewerid0000057,0.200000,97.192000,0.549873,0.641828,78.742107,0.000000,18.450000,false,29.473000,14,1.886000,"{""h4d-highmem-192-1"":39,""h4d-standard-192-1"":19}","{""h3-standard-88-1"":0,""h3-standard-88-2"":0,""h4d-highmem-192-1"":0.008946,""h4d-standard-192-1"":0.009795}",[]
prism_cc_cost,cloud_hetero,22,maddid0000018|maddid0000037|maddid0000056|mbackgroundid0000014|mbackgroundid0000015|mbackgroundid0000032|mbackgroundid0000033|mbackgroundid0000035|mbackgroundid0000051|mbackgroundid0000053|mbgmodelid0000050|mdifffitid0000007|mdifffitid0000008|mdifffitid0000009|mdifffitid0000025|mdifffitid0000043|mdifffitid0000044|mdifffitid0000045|mimgtblid0000055|mprojectid0000002|mprojectid0000021|mprojectid0000022|mprojectid0000023|mprojectid0000039|mprojectid0000041|mprojectid0000042|mviewerid0000019|mviewerid0000038|mviewerid0000057,0.200000,97.192000,0.549873,0.641828,78.742107,0.000000,18.450000,false,29.473000,14,271.293000,"{""h4d-highmem-192-1"":39,""h4d-standard-192-1"":19}","{""h3-standard-88-1"":0,""h3-standard-88-2"":0,""h4d-highmem-192-1"":0.008946,""h4d-standard-192-1"":0.009795}","[{""rank"":1,""recommended"":true,""feasible"":false,""budget_used"":0.549873,""budget_violation"":0,""makespan"":97.192,""deadline_violation"":18.45,""machine_signature"":""861937b6a5a45385"",""weighted_score"":0.549873,""diversity_score"":1.327586}]"
prism_cc_time,cloud_hetero,22,maddid0000018|maddid0000037|maddid0000056|mbackgroundid0000014|mbackgroundid0000015|mbackgroundid0000032|mbackgroundid0000033|mbackgroundid0000035|mbackgroundid0000051|mbackgroundid0000053|mbgmodelid0000050|mdifffitid0000007|mdifffitid0000008|mdifffitid0000009|mdifffitid0000025|mdifffitid0000043|mdifffitid0000044|mdifffitid0000045|mimgtblid0000055|mprojectid0000002|mprojectid0000021|mprojectid0000022|mprojectid0000023|mprojectid0000039|mprojectid0000041|mprojectid0000042|mviewerid0000019|mviewerid0000038|mviewerid0000057,0.200000,97.192000,0.549873,0.641828,78.742107,0.000000,18.450000,false,29.473000,14,271.293000,"{""h4d-highmem-192-1"":39,""h4d-standard-192-1"":19}","{""h3-standard-88-1"":0,""h3-standard-88-2"":0,""h4d-highmem-192-1"":0.008946,""h4d-standard-192-1"":0.009795}","[{""rank"":1,""recommended"":true,""feasible"":false,""budget_used"":0.549873,""budget_violation"":0,""makespan"":97.192,""deadline_violation"":18.45,""machine_signature"":""861937b6a5a45385"",""weighted_score"":1,""diversity_score"":1.327586}]"
heft_colocation,cloud_homo,22,maddid0000018|maddid0000037|maddid0000056|mbackgroundid0000014|mbackgroundid0000015|mbackgroundid0000032|mbackgroundid0000033|mbackgroundid0000035|mbackgroundid0000051|mbackgroundid0000053|mbgmodelid0000050|mdifffitid0000007|mdifffitid0000008|mdifffitid0000009|mdifffitid0000025|mdifffitid0000043|mdifffitid0000044|mdifffitid0000045|mimgtblid0000055|mprojectid0000002|mprojectid0000021|mprojectid0000022|mprojectid0000023|mprojectid0000039|mprojectid0000041|mprojectid0000042|mviewerid0000019|mviewerid0000038|mviewerid0000057,0.200000,97.995000,0.836245,1.059152,79.706000,0.000000,18.289000,false,9.789000,6,3.083000,"{""h4d-standard-192-1"":31,""h4d-standard-192-2"":15,""h4d-standard-192-3"":9,""h4d-standard-192-4"":3}","{""h4d-standard-192-1"":0.006887,""h4d-standard-192-2"":0.003618,""h4d-standard-192-3"":0.004916,""h4d-standard-192-4"":0.002121}",[]
prism_cc_cost,cloud_homo,22,maddid0000018|maddid0000037|maddid0000056|mbackgroundid0000014|mbackgroundid0000015|mbackgroundid0000032|mbackgroundid0000033|mbackgroundid0000035|mbackgroundid0000051|mbackgroundid0000053|mbgmodelid0000050|mdifffitid0000007|mdifffitid0000008|mdifffitid0000009|mdifffitid0000025|mdifffitid0000043|mdifffitid0000044|mdifffitid0000045|mimgtblid0000055|mprojectid0000002|mprojectid0000021|mprojectid0000022|mprojectid0000023|mprojectid0000039|mprojectid0000041|mprojectid0000042|mviewerid0000019|mviewerid0000038|mviewerid0000057,0.200000,97.995000,0.836245,1.059152,79.706000,0.000000,18.289000,false,9.789000,6,283.368000,"{""h4d-standard-192-1"":31,""h4d-standard-192-2"":15,""h4d-standard-192-3"":9,""h4d-standard-192-4"":3}","{""h4d-standard-192-1"":0.006887,""h4d-standard-192-2"":0.003618,""h4d-standard-192-3"":0.004916,""h4d-standard-192-4"":0.002121}","[{""rank"":1,""recommended"":true,""feasible"":false,""budget_used"":0.836245,""budget_violation"":0,""makespan"":97.995,""deadline_violation"":18.289,""machine_signature"":""2041ad051cc7174c"",""weighted_score"":0.836245,""diversity_score"":3.465517}]"
prism_cc_time,cloud_homo,22,maddid0000018|maddid0000037|maddid0000056|mbackgroundid0000014|mbackgroundid0000015|mbackgroundid0000032|mbackgroundid0000033|mbackgroundid0000035|mbackgroundid0000051|mbackgroundid0000053|mbgmodelid0000050|mdifffitid0000007|mdifffitid0000008|mdifffitid0000009|mdifffitid0000025|mdifffitid0000043|mdifffitid0000044|mdifffitid0000045|mimgtblid0000055|mprojectid0000002|mprojectid0000021|mprojectid0000022|mprojectid0000023|mprojectid0000039|mprojectid0000041|mprojectid0000042|mviewerid0000019|mviewerid0000038|mviewerid0000057,0.200000,97.995000,0.836245,1.059152,79.706000,0.000000,18.289000,false,9.789000,6,283.368000,"{""h4d-standard-192-1"":31,""h4d-standard-192-2"":15,""h4d-standard-192-3"":9,""h4d-standard-192-4"":3}","{""h4d-standard-192-1"":0.006887,""h4d-standard-192-2"":0.003618,""h4d-standard-192-3"":0.004916,""h4d-standard-192-4"":0.002121}","[{""rank"":1,""recommended"":true,""feasible"":false,""budget_used"":0.836245,""budget_violation"":0,""makespan"":97.995,""deadline_violation"":18.289,""machine_signature"":""2041ad051cc7174c"",""weighted_score"":1,""diversity_score"":3.465517}]"
heft_colocation,cluster_hetero,22,maddid0000018|maddid0000037|maddid0000056|mbackgroundid0000014|mbackgroundid0000015|mbackgroundid0000032|mbackgroundid0000033|mbackgroundid0000035|mbackgroundid0000051|mbackgroundid0000053|mbgmodelid0000050|mdifffitid0000007|mdifffitid0000008|mdifffitid0000009|mdifffitid0000025|mdifffitid0000043|mdifffitid0000044|mdifffitid0000045|mimgtblid0000055|mprojectid0000002|mprojectid0000021|mprojectid0000022|mprojectid0000023|mprojectid0000039|mprojectid0000041|mprojectid0000042|mviewerid0000019|mviewerid0000038|mviewerid0000057,0.200000,287.957000,0.000000,0.000000,235.839680,0.000000,52.117000,false,86.351000,12,1.860000,"{""bora005"":29,""bora006"":26,""diablo01"":2,""diablo02"":1}","{""bora005"":0.098743,""bora006"":0.064489,""diablo01"":0.004194,""diablo02"":0.007193}",[]
prism_cc_cost,cluster_hetero,22,maddid0000018|maddid0000037|maddid0000056|mbackgroundid0000014|mbackgroundid0000015|mbackgroundid0000032|mbackgroundid0000033|mbackgroundid0000035|mbackgroundid0000051|mbackgroundid0000053|mbgmodelid0000050|mdifffitid0000007|mdifffitid0000008|mdifffitid0000009|mdifffitid0000025|mdifffitid0000043|mdifffitid0000044|mdifffitid0000045|mimgtblid0000055|mprojectid0000002|mprojectid0000021|mprojectid0000022|mprojectid0000023|mprojectid0000039|mprojectid0000041|mprojectid0000042|mviewerid0000019|mviewerid0000038|mviewerid0000057,0.200000,287.957000,0.000000,0.000000,235.839680,0.000000,52.117000,false,86.351000,12,170.898000,"{""bora005"":29,""bora006"":26,""diablo01"":2,""diablo02"":1}","{""bora005"":0.098743,""bora006"":0.064489,""diablo01"":0.004194,""diablo02"":0.007193}","[{""rank"":1,""recommended"":true,""feasible"":false,""budget_used"":0,""budget_violation"":0,""makespan"":287.957,""deadline_violation"":52.117,""machine_signature"":""5edbb12824307cb8"",""weighted_score"":0,""diversity_score"":3.5}]"
prism_cc_time,cluster_hetero,22,maddid0000018|maddid0000037|maddid0000056|mbackgroundid0000014|mbackgroundid0000015|mbackgroundid0000032|mbackgroundid0000033|mbackgroundid0000035|mbackgroundid0000051|mbackgroundid0000053|mbgmodelid0000050|mdifffitid0000007|mdifffitid0000008|mdifffitid0000009|mdifffitid0000025|mdifffitid0000043|mdifffitid0000044|mdifffitid0000045|mimgtblid0000055|mprojectid0000002|mprojectid0000021|mprojectid0000022|mprojectid0000023|mprojectid0000039|mprojectid0000041|mprojectid0000042|mviewerid0000019|mviewerid0000038|mviewerid0000057,0.200000,287.957000,0.000000,0.000000,235.839680,0.000000,52.117000,false,86.351000,12,170.898000,"{""bora005"":29,""bora006"":26,""diablo01"":2,""diablo02"":1}","{""bora005"":0.098743,""bora006"":0.064489,""diablo01"":0.004194,""diablo02"":0.007193}","[{""rank"":1,""recommended"":true,""feasible"":false,""budget_used"":0,""budget_violation"":0,""makespan"":287.957,""deadline_violation"":52.117,""machine_signature"":""5edbb12824307cb8"",""weighted_score"":1,""diversity_score"":3.5}]"
heft_colocation,cluster_homo,22,maddid0000018|maddid0000037|maddid0000056|mbackgroundid0000014|mbackgroundid0000015|mbackgroundid0000032|mbackgroundid0000033|mbackgroundid0000035|mbackgroundid0000051|mbackgroundid0000053|mbgmodelid0000050|mdifffitid0000007|mdifffitid0000008|mdifffitid0000009|mdifffitid0000025|mdifffitid0000043|mdifffitid0000044|mdifffitid0000045|mimgtblid0000055|mprojectid0000002|mprojectid0000021|mprojectid0000022|mprojectid0000023|mprojectid0000039|mprojectid0000041|mprojectid0000042|mviewerid0000019|mviewerid0000038|mviewerid0000057,0.200000,287.957000,0.000000,0.000000,230.365600,0.000000,57.591000,false,44.377000,7,0.982000,"{""bora001"":31,""bora002"":12,""bora003"":12,""bora004"":3}","{""bora001"":0.062696,""bora002"":0.024213,""bora003"":0.055095,""bora004"":0.033397}",[]
prism_cc_cost,cluster_homo,22,maddid0000018|maddid0000037|maddid0000056|mbackgroundid0000014|mbackgroundid0000015|mbackgroundid0000032|mbackgroundid0000033|mbackgroundid0000035|mbackgroundid0000051|mbackgroundid0000053|mbgmodelid0000050|mdifffitid0000007|mdifffitid0000008|mdifffitid0000009|mdifffitid0000025|mdifffitid0000043|mdifffitid0000044|mdifffitid0000045|mimgtblid0000055|mprojectid0000002|mprojectid0000021|mprojectid0000022|mprojectid0000023|mprojectid0000039|mprojectid0000041|mprojectid0000042|mviewerid0000019|mviewerid0000038|mviewerid0000057,0.200000,287.957000,0.000000,0.000000,230.365600,0.000000,57.591000,false,44.377000,7,152.734000,"{""bora001"":31,""bora002"":12,""bora003"":12,""bora004"":3}","{""bora001"":0.062696,""bora002"":0.024213,""bora003"":0.055095,""bora004"":0.033397}","[{""rank"":1,""recommended"":true,""feasible"":false,""budget_used"":0,""budget_violation"":0,""makespan"":287.957,""deadline_violation"":57.591,""machine_signature"":""1df87c7e76c3d986"",""weighted_score"":0,""diversity_score"":3.465517}]"
prism_cc_time,cluster_homo,22,maddid0000018|maddid0000037|maddid0000056|mbackgroundid0000014|mbackgroundid0000015|mbackgroundid0000032|mbackgroundid0000033|mbackgroundid0000035|mbackgroundid0000051|mbackgroundid0000053|mbgmodelid0000050|mdifffitid0000007|mdifffitid0000008|mdifffitid0000009|mdifffitid0000025|mdifffitid0000043|mdifffitid0000044|mdifffitid0000045|mimgtblid0000055|mprojectid0000002|mprojectid0000021|mprojectid0000022|mprojectid0000023|mprojectid0000039|mprojectid0000041|mprojectid0000042|mviewerid0000019|mviewerid0000038|mviewerid0000057,0.200000,287.957000,0.000000,0.000000,230.365600,0.000000,57.591000,false,44.377000,7,152.734000,"{""bora001"":31,""bora002"":12,""bora003"":12,""bora004"":3}","{""bora001"":0.062696,""bora002"":0.024213,""bora003"":0.055095,""bora004"":0.033397}","[{""rank"":1,""recommended"":true,""feasible"":false,""budget_used"":0,""budget_violation"":0,""makespan"":287.957,""deadline_violation"":57.591,""machine_signature"":""1df87c7e76c3d986"",""weighted_score"":1,""diversity_score"":3.465517}]"
heft_colocation,hybrid_hetero,22,maddid0000018|maddid0000037|maddid0000056|mbackgroundid0000014|mbackgroundid0000015|mbackgroundid0000032|mbackgroundid0000033|mbackgroundid0000035|mbackgroundid0000051|mbackgroundid0000053|mbgmodelid0000050|mdifffitid0000007|mdifffitid0000008|mdifffitid0000009|mdifffitid0000025|mdifffitid0000043|mdifffitid0000044|mdifffitid0000045|mimgtblid0000055|mprojectid0000002|mprojectid0000021|mprojectid0000022|mprojectid0000023|mprojectid0000039|mprojectid0000041|mprojectid0000042|mviewerid0000019|mviewerid0000038|mviewerid0000057,0.200000,96.698000,0.292421,0.348827,79.406640,0.000000,17.291000,false,61.813000,28,1.574000,"{""h3-standard-88-2"":2,""h4d-standard-192-7"":56}","{""bora011"":0,""diablo03"":0,""h3-standard-88-2"":0.002485,""h4d-standard-192-7"":0.019999}",[]
prism_cc_cost,hybrid_hetero,22,maddid0000018|maddid0000037|maddid0000056|mbackgroundid0000014|mbackgroundid0000015|mbackgroundid0000032|mbackgroundid0000033|mbackgroundid0000035|mbackgroundid0000051|mbackgroundid0000053|mbgmodelid0000050|mdifffitid0000007|mdifffitid0000008|mdifffitid0000009|mdifffitid0000025|mdifffitid0000043|mdifffitid0000044|mdifffitid0000045|mimgtblid0000055|mprojectid0000002|mprojectid0000021|mprojectid0000022|mprojectid0000023|mprojectid0000039|mprojectid0000041|mprojectid0000042|mviewerid0000019|mviewerid0000038|mviewerid0000057,0.200000,96.698000,0.292421,0.348827,79.406640,0.000000,17.291000,false,61.813000,28,186.018000,"{""h3-standard-88-2"":2,""h4d-standard-192-7"":56}","{""bora011"":0,""diablo03"":0,""h3-standard-88-2"":0.002485,""h4d-standard-192-7"":0.019999}","[{""rank"":1,""recommended"":true,""feasible"":false,""budget_used"":0.292421,""budget_violation"":0,""makespan"":96.698,""deadline_violation"":17.291,""machine_signature"":""49c66b1ea9bd7985"",""weighted_score"":0.292421,""diversity_score"":1.034483}]"
prism_cc_time,hybrid_hetero,22,maddid0000018|maddid0000037|maddid0000056|mbackgroundid0000014|mbackgroundid0000015|mbackgroundid0000032|mbackgroundid0000033|mbackgroundid0000035|mbackgroundid0000051|mbackgroundid0000053|mbgmodelid0000050|mdifffitid0000007|mdifffitid0000008|mdifffitid0000009|mdifffitid0000025|mdifffitid0000043|mdifffitid0000044|mdifffitid0000045|mimgtblid0000055|mprojectid0000002|mprojectid0000021|mprojectid0000022|mprojectid0000023|mprojectid0000039|mprojectid0000041|mprojectid0000042|mviewerid0000019|mviewerid0000038|mviewerid0000057,0.200000,96.698000,0.292421,0.348827,79.406640,0.000000,17.291000,false,61.813000,28,186.018000,"{""h3-standard-88-2"":2,""h4d-standard-192-7"":56}","{""bora011"":0,""diablo03"":0,""h3-standard-88-2"":0.002485,""h4d-standard-192-7"":0.019999}","[{""rank"":1,""recommended"":true,""feasible"":false,""budget_used"":0.292421,""budget_violation"":0,""makespan"":96.698,""deadline_violation"":17.291,""machine_signature"":""49c66b1ea9bd7985"",""weighted_score"":1,""diversity_score"":1.034483}]"
heft_colocation,hybrid_homo,22,maddid0000018|maddid0000037|maddid0000056|mbackgroundid0000014|mbackgroundid0000015|mbackgroundid0000032|mbackgroundid0000033|mbackgroundid0000035|mbackgroundid0000051|mbackgroundid0000053|mbgmodelid0000050|mdifffitid0000007|mdifffitid0000008|mdifffitid0000009|mdifffitid0000025|mdifffitid0000043|mdifffitid0000044|mdifffitid0000045|mimgtblid0000055|mprojectid0000002|mprojectid0000021|mprojectid0000022|mprojectid0000023|mprojectid0000039|mprojectid0000041|mprojectid0000042|mviewerid0000019|mviewerid0000038|mviewerid0000057,0.200000,97.192000,0.513046,0.607531,78.742107,0.000000,18.450000,false,29.248000,15,2.336000,"{""h4d-standard-192-5"":18,""h4d-standard-192-6"":40}","{""bora009"":0,""bora010"":0,""h4d-standard-192-5"":0.009764,""h4d-standard-192-6"":0.008966}",[]
prism_cc_cost,hybrid_homo,22,maddid0000018|maddid0000037|maddid0000056|mbackgroundid0000014|mbackgroundid0000015|mbackgroundid0000032|mbackgroundid0000033|mbackgroundid0000035|mbackgroundid0000051|mbackgroundid0000053|mbgmodelid0000050|mdifffitid0000007|mdifffitid0000008|mdifffitid0000009|mdifffitid0000025|mdifffitid0000043|mdifffitid0000044|mdifffitid0000045|mimgtblid0000055|mprojectid0000002|mprojectid0000021|mprojectid0000022|mprojectid0000023|mprojectid0000039|mprojectid0000041|mprojectid0000042|mviewerid0000019|mviewerid0000038|mviewerid0000057,0.200000,97.192000,0.513046,0.607531,78.742107,0.000000,18.450000,false,29.248000,15,257.626000,"{""h4d-standard-192-5"":18,""h4d-standard-192-6"":40}","{""bora009"":0,""bora010"":0,""h4d-standard-192-5"":0.009764,""h4d-standard-192-6"":0.008966}","[{""rank"":1,""recommended"":true,""feasible"":false,""budget_used"":0.513046,""budget_violation"":0,""makespan"":97.192,""deadline_violation"":18.45,""machine_signature"":""6639680815094f2c"",""weighted_score"":0.513046,""diversity_score"":1.310345}]"
prism_cc_time,hybrid_homo,22,maddid0000018|maddid0000037|maddid0000056|mbackgroundid0000014|mbackgroundid0000015|mbackgroundid0000032|mbackgroundid0000033|mbackgroundid0000035|mbackgroundid0000051|mbackgroundid0000053|mbgmodelid0000050|mdifffitid0000007|mdifffitid0000008|mdifffitid0000009|mdifffitid0000025|mdifffitid0000043|mdifffitid0000044|mdifffitid0000045|mimgtblid0000055|mprojectid0000002|mprojectid0000021|mprojectid0000022|mprojectid0000023|mprojectid0000039|mprojectid0000041|mprojectid0000042|mviewerid0000019|mviewerid0000038|mviewerid0000057,0.200000,97.192000,0.513046,0.607531,78.742107,0.000000,18.450000,false,29.248000,15,257.626000,"{""h4d-standard-192-5"":18,""h4d-standard-192-6"":40}","{""bora009"":0,""bora010"":0,""h4d-standard-192-5"":0.009764,""h4d-standard-192-6"":0.008966}","[{""rank"":1,""recommended"":true,""feasible"":false,""budget_used"":0.513046,""budget_violation"":0,""makespan"":97.192,""deadline_violation"":18.45,""machine_signature"":""6639680815094f2c"",""weighted_score"":1,""diversity_score"":1.310345}]"
heft_colocation,hybrid_raspberry_500mbps,22,maddid0000018|maddid0000037|maddid0000056|mbackgroundid0000014|mbackgroundid0000015|mbackgroundid0000032|mbackgroundid0000033|mbackgroundid0000035|mbackgroundid0000051|mbackgroundid0000053|mbgmodelid0000050|mdifffitid0000007|mdifffitid0000008|mdifffitid0000009|mdifffitid0000025|mdifffitid0000043|mdifffitid0000044|mdifffitid0000045|mimgtblid0000055|mprojectid0000002|mprojectid0000021|mprojectid0000022|mprojectid0000023|mprojectid0000039|mprojectid0000041|mprojectid0000042|mviewerid0000019|mviewerid0000038|mviewerid0000057,0.200000,156.451000,0.531067,0.533583,119.533547,0.000000,36.917000,false,81.135000,22,2.340000,"{""cloud-node-02"":42,""hpc-node-02"":16}","{""cloud-node-01"":0,""cloud-node-02"":0.058704,""hpc-node-01"":0,""hpc-node-02"":0.038154,""rpi-edge-01"":0,""rpi-edge-02"":0,""rpi-edge-03"":0,""rpi-edge-04"":0,""rpi-edge-05"":0,""rpi-edge-06"":0,""rpi-edge-07"":0,""rpi-edge-08"":0,""rpi-edge-09"":0,""rpi-edge-10"":0}",[]
prism_cc_cost,hybrid_raspberry_500mbps,22,maddid0000018|maddid0000037|maddid0000056|mbackgroundid0000014|mbackgroundid0000015|mbackgroundid0000032|mbackgroundid0000033|mbackgroundid0000035|mbackgroundid0000051|mbackgroundid0000053|mbgmodelid0000050|mdifffitid0000007|mdifffitid0000008|mdifffitid0000009|mdifffitid0000025|mdifffitid0000043|mdifffitid0000044|mdifffitid0000045|mimgtblid0000055|mprojectid0000002|mprojectid0000021|mprojectid0000022|mprojectid0000023|mprojectid0000039|mprojectid0000041|mprojectid0000042|mviewerid0000019|mviewerid0000038|mviewerid0000057,0.200000,156.451000,0.531067,0.533583,119.533547,0.000000,36.917000,false,81.135000,22,488.890000,"{""cloud-node-02"":42,""hpc-node-02"":16}","{""cloud-node-01"":0,""cloud-node-02"":0.058704,""hpc-node-01"":0,""hpc-node-02"":0.038154,""rpi-edge-01"":0,""rpi-edge-02"":0,""rpi-edge-03"":0,""rpi-edge-04"":0,""rpi-edge-05"":0,""rpi-edge-06"":0,""rpi-edge-07"":0,""rpi-edge-08"":0,""rpi-edge-09"":0,""rpi-edge-10"":0}","[{""rank"":1,""recommended"":true,""feasible"":false,""budget_used"":0.531067,""budget_violation"":0,""makespan"":156.451,""deadline_violation"":36.917,""machine_signature"":""15c3a02f88d54a91"",""weighted_score"":0.531067,""diversity_score"":1.275862}]"
prism_cc_time,hybrid_raspberry_500mbps,22,maddid0000018|maddid0000037|maddid0000056|mbackgroundid0000014|mbackgroundid0000015|mbackgroundid0000032|mbackgroundid0000033|mbackgroundid0000035|mbackgroundid0000051|mbackgroundid0000053|mbgmodelid0000050|mdifffitid0000007|mdifffitid0000008|mdifffitid0000009|mdifffitid0000025|mdifffitid0000043|mdifffitid0000044|mdifffitid0000045|mimgtblid0000055|mprojectid0000002|mprojectid0000021|mprojectid0000022|mprojectid0000023|mprojectid0000039|mprojectid0000041|mprojectid0000042|mviewerid0000019|mviewerid0000038|mviewerid0000057,0.200000,156.451000,0.531067,0.533583,119.533547,0.000000,36.917000,false,81.135000,22,488.890000,"{""cloud-node-02"":42,""hpc-node-02"":16}","{""cloud-node-01"":0,""cloud-node-02"":0.058704,""hpc-node-01"":0,""hpc-node-02"":0.038154,""rpi-edge-01"":0,""rpi-edge-02"":0,""rpi-edge-03"":0,""rpi-edge-04"":0,""rpi-edge-05"":0,""rpi-edge-06"":0,""rpi-edge-07"":0,""rpi-edge-08"":0,""rpi-edge-09"":0,""rpi-edge-10"":0}","[{""rank"":1,""recommended"":true,""feasible"":false,""budget_used"":0.531067,""budget_violation"":0,""makespan"":156.451,""deadline_violation"":36.917,""machine_signature"":""15c3a02f88d54a91"",""weighted_score"":1,""diversity_score"":1.275862}]"
heft_colocation,cloud_hetero,23,maddid0000018|mbackgroundid0000013|mbackgroundid0000014|mbackgroundid0000015|mbackgroundid0000016|mbackgroundid0000032|mbackgroundid0000033|mbackgroundid0000035|mbackgroundid0000054|mconcatfitid0000011|mdifffitid0000007|mdifffitid0000026|mdifffitid0000029|mdifffitid0000043|mdifffitid0000044|mdifffitid0000045|mdifffitid0000047|mimgtblid0000036|mimgtblid0000055|mprojectid0000001|mprojectid0000002|mprojectid0000003|mprojectid0000004|mprojectid0000022|mprojectid0000023|mprojectid0000041|mprojectid0000042|mviewerid0000038|mviewerid0000057,0.200000,99.124000,0.564279,0.641828,78.742107,0.000000,20.382000,false,42.414000,14,2.191000,"{""h4d-highmem-192-1"":31,""h4d-standard-192-1"":27}","{""h3-standard-88-1"":0,""h3-standard-88-2"":0,""h4d-highmem-192-1"":0.008932,""h4d-standard-192-1"":0.010124}",[]
prism_cc_cost,cloud_hetero,23,maddid0000018|mbackgroundid0000013|mbackgroundid0000014|mbackgroundid0000015|mbackgroundid0000016|mbackgroundid0000032|mbackgroundid0000033|mbackgroundid0000035|mbackgroundid0000054|mconcatfitid0000011|mdifffitid0000007|mdifffitid0000026|mdifffitid0000029|mdifffitid0000043|mdifffitid0000044|mdifffitid0000045|mdifffitid0000047|mimgtblid0000036|mimgtblid0000055|mprojectid0000001|mprojectid0000002|mprojectid0000003|mprojectid0000004|mprojectid0000022|mprojectid0000023|mprojectid0000041|mprojectid0000042|mviewerid0000038|mviewerid0000057,0.200000,99.124000,0.564279,0.641828,78.742107,0.000000,20.382000,false,42.414000,14,322.318000,"{""h4d-highmem-192-1"":31,""h4d-standard-192-1"":27}","{""h3-standard-88-1"":0,""h3-standard-88-2"":0,""h4d-highmem-192-1"":0.008932,""h4d-standard-192-1"":0.010124}","[{""rank"":1,""recommended"":true,""feasible"":false,""budget_used"":0.507785,""budget_violation"":0,""makespan"":98.785,""deadline_violation"":20.043,""machine_signature"":""33047b17893186ef"",""weighted_score"":0.507785,""diversity_score"":1.224138},{""rank"":2,""recommended"":false,""feasible"":false,""budget_used"":0.564279,""budget_violation"":0,""makespan"":99.124,""deadline_violation"":20.382,""machine_signature"":""01adff7ec6bf2bad"",""weighted_score"":0.564279,""diversity_score"":1.465517}]"
prism_cc_time,cloud_hetero,23,maddid0000018|mbackgroundid0000013|mbackgroundid0000014|mbackgroundid0000015|mbackgroundid0000016|mbackgroundid0000032|mbackgroundid0000033|mbackgroundid0000035|mbackgroundid0000054|mconcatfitid0000011|mdifffitid0000007|mdifffitid0000026|mdifffitid0000029|mdifffitid0000043|mdifffitid0000044|mdifffitid0000045|mdifffitid0000047|mimgtblid0000036|mimgtblid0000055|mprojectid0000001|mprojectid0000002|mprojectid0000003|mprojectid0000004|mprojectid0000022|mprojectid0000023|mprojectid0000041|mprojectid0000042|mviewerid0000038|mviewerid0000057,0.200000,98.785000,0.507785,0.641828,78.742107,0.000000,20.043000,false,72.348000,28,322.318000,"{""h4d-highmem-192-1"":13,""h4d-standard-192-1"":45}","{""h3-standard-88-1"":0,""h3-standard-88-2"":0,""h4d-highmem-192-1"":0.002421,""h4d-standard-192-1"":0.018279}","[{""rank"":1,""recommended"":true,""feasible"":false,""budget_used"":0.507785,""budget_violation"":0,""makespan"":98.785,""deadline_violation"":20.043,""machine_signature"":""33047b17893186ef"",""weighted_score"":0.99658,""diversity_score"":1.224138},{""rank"":2,""recommended"":false,""feasible"":false,""budget_used"":0.564279,""budget_violation"":0,""makespan"":99.124,""deadline_violation"":20.382,""machine_signature"":""01adff7ec6bf2bad"",""weighted_score"":1,""diversity_score"":1.465517}]"
heft_colocation,cloud_homo,23,maddid0000018|mbackgroundid0000013|mbackgroundid0000014|mbackgroundid0000015|mbackgroundid0000016|mbackgroundid0000032|mbackgroundid0000033|mbackgroundid0000035|mbackgroundid0000054|mconcatfitid0000011|mdifffitid0000007|mdifffitid0000026|mdifffitid0000029|mdifffitid0000043|mdifffitid0000044|mdifffitid0000045|mdifffitid0000047|mimgtblid0000036|mimgtblid0000055|mprojectid0000001|mprojectid0000002|mprojectid0000003|mprojectid0000004|mprojectid0000022|mprojectid0000023|mprojectid0000041|mprojectid0000042|mviewerid0000038|mviewerid0000057,0.200000,99.816000,0.904661,1.059152,79.706000,0.000000,20.110000,false,14.898000,5,3.693000,"{""h4d-standard-192-1"":17,""h4d-standard-192-2"":15,""h4d-standard-192-3"":9,""h4d-standard-192-4"":17}","{""h4d-standard-192-1"":0.004024,""h4d-standard-192-2"":0.003552,""h4d-standard-192-3"":0.004949,""h4d-standard-192-4"":0.004964}",[]
prism_cc_cost,cloud_homo,23,maddid0000018|mbackgroundid0000013|mbackgroundid0000014|mbackgroundid0000015|mbackgroundid0000016|mbackgroundid0000032|mbackgroundid0000033|mbackgroundid0000035|mbackgroundid0000054|mconcatfitid0000011|mdifffitid0000007|mdifffitid0000026|mdifffitid0000029|mdifffitid0000043|mdifffitid0000044|mdifffitid0000045|mdifffitid0000047|mimgtblid0000036|mimgtblid0000055|mprojectid0000001|mprojectid0000002|mprojectid0000003|mprojectid0000004|mprojectid0000022|mprojectid0000023|mprojectid0000041|mprojectid0000042|mviewerid0000038|mviewerid0000057,0.200000,99.816000,0.904661,1.059152,79.706000,0.000000,20.110000,false,14.898000,5,315.425000,"{""h4d-standard-192-1"":17,""h4d-standard-192-2"":15,""h4d-standard-192-3"":9,""h4d-standard-192-4"":17}","{""h4d-standard-192-1"":0.004024,""h4d-standard-192-2"":0.003552,""h4d-standard-192-3"":0.004949,""h4d-standard-192-4"":0.004964}","[{""rank"":1,""recommended"":true,""feasible"":false,""budget_used"":0.468244,""budget_violation"":0,""makespan"":98.738,""deadline_violation"":19.032,""machine_signature"":""26fc57a557eadd69"",""weighted_score"":0.468244,""diversity_score"":1.155172},{""rank"":2,""recommended"":false,""feasible"":false,""budget_used"":0.904661,""budget_violation"":0,""makespan"":99.816,""deadline_violation"":20.11,""machine_signature"":""dc6b7eedf91d0b9c"",""weighted_score"":0.904661,""diversity_score"":3.706897}]"
prism_cc_time,cloud_homo,23,maddid0000018|mbackgroundid0000013|mbackgroundid0000014|mbackgroundid0000015|mbackgroundid0000016|mbackgroundid0000032|mbackgroundid0000033|mbackgroundid0000035|mbackgroundid0000054|mconcatfitid0000011|mdifffitid0000007|mdifffitid0000026|mdifffitid0000029|mdifffitid0000043|mdifffitid0000044|mdifffitid0000045|mdifffitid0000047|mimgtblid0000036|mimgtblid0000055|mprojectid0000001|mprojectid0000002|mprojectid0000003|mprojectid0000004|mprojectid0000022|mprojectid0000023|mprojectid0000041|mprojectid0000042|mviewerid0000038|mviewerid0000057,0.200000,98.738000,0.468244,1.059152,79.706000,0.000000,19.032000,false,72.334000,30,315.425000,"{""h4d-standard-192-1"":9,""h4d-standard-192-4"":49}","{""h4d-standard-192-1"":0.002387,""h4d-standard-192-2"":0,""h4d-standard-192-3"":0,""h4d-standard-192-4"":0.018322}","[{""rank"":1,""recommended"":true,""feasible"":false,""budget_used"":0.468244,""budget_violation"":0,""makespan"":98.738,""deadline_violation"":19.032,""machine_signature"":""26fc57a557eadd69"",""weighted_score"":0.9892,""diversity_score"":1.155172},{""rank"":2,""recommended"":false,""feasible"":false,""budget_used"":0.904661,""budget_violation"":0,""makespan"":99.816,""deadline_violation"":20.11,""machine_signature"":""dc6b7eedf91d0b9c"",""weighted_score"":1,""diversity_score"":3.706897}]"
heft_colocation,cluster_hetero,23,maddid0000018|mbackgroundid0000013|mbackgroundid0000014|mbackgroundid0000015|mbackgroundid0000016|mbackgroundid0000032|mbackgroundid0000033|mbackgroundid0000035|mbackgroundid0000054|mconcatfitid0000011|mdifffitid0000007|mdifffitid0000026|mdifffitid0000029|mdifffitid0000043|mdifffitid0000044|mdifffitid0000045|mdifffitid0000047|mimgtblid0000036|mimgtblid0000055|mprojectid0000001|mprojectid0000002|mprojectid0000003|mprojectid0000004|mprojectid0000022|mprojectid0000023|mprojectid0000041|mprojectid0000042|mviewerid0000038|mviewerid0000057,0.200000,287.957000,0.000000,0.000000,235.839680,0.000000,52.117000,false,120.542000,15,1.380000,"{""bora005"":25,""bora006"":28,""diablo01"":4,""diablo02"":1}","{""bora005"":0.087812,""bora006"":0.072663,""diablo01"":0.008445,""diablo02"":0.007193}",[]
prism_cc_cost,cluster_hetero,23,maddid0000018|mbackgroundid0000013|mbackgroundid0000014|mbackgroundid0000015|mbackgroundid0000016|mbackgroundid0000032|mbackgroundid0000033|mbackgroundid0000035|mbackgroundid0000054|mconcatfitid0000011|mdifffitid0000007|mdifffitid0000026|mdifffitid0000029|mdifffitid0000043|mdifffitid0000044|mdifffitid0000045|mdifffitid0000047|mimgtblid0000036|mimgtblid0000055|mprojectid0000001|mprojectid0000002|mprojectid0000003|mprojectid0000004|mprojectid0000022|mprojectid0000023|mprojectid0000041|mprojectid0000042|mviewerid0000038|mviewerid0000057,0.200000,287.957000,0.000000,0.000000,235.839680,0.000000,52.117000,false,120.542000,15,185.150000,"{""bora005"":25,""bora006"":28,""diablo01"":4,""diablo02"":1}","{""bora005"":0.087812,""bora006"":0.072663,""diablo01"":0.008445,""diablo02"":0.007193}","[{""rank"":1,""recommended"":true,""feasible"":false,""budget_used"":0,""budget_violation"":0,""makespan"":287.957,""deadline_violation"":52.117,""machine_signature"":""a6aab118544d08d9"",""weighted_score"":0,""diversity_score"":3.517241}]"
prism_cc_time,cluster_hetero,23,maddid0000018|mbackgroundid0000013|mbackgroundid0000014|mbackgroundid0000015|mbackgroundid0000016|mbackgroundid0000032|mbackgroundid0000033|mbackgroundid0000035|mbackgroundid0000054|mconcatfitid0000011|mdifffitid0000007|mdifffitid0000026|mdifffitid0000029|mdifffitid0000043|mdifffitid0000044|mdifffitid0000045|mdifffitid0000047|mimgtblid0000036|mimgtblid0000055|mprojectid0000001|mprojectid0000002|mprojectid0000003|mprojectid0000004|mprojectid0000022|mprojectid0000023|mprojectid0000041|mprojectid0000042|mviewerid0000038|mviewerid0000057,0.200000,287.957000,0.000000,0.000000,235.839680,0.000000,52.117000,false,120.542000,15,185.150000,"{""bora005"":25,""bora006"":28,""diablo01"":4,""diablo02"":1}","{""bora005"":0.087812,""bora006"":0.072663,""diablo01"":0.008445,""diablo02"":0.007193}","[{""rank"":1,""recommended"":true,""feasible"":false,""budget_used"":0,""budget_violation"":0,""makespan"":287.957,""deadline_violation"":52.117,""machine_signature"":""a6aab118544d08d9"",""weighted_score"":1,""diversity_score"":3.517241}]"
heft_colocation,cluster_homo,23,maddid0000018|mbackgroundid0000013|mbackgroundid0000014|mbackgroundid0000015|mbackgroundid0000016|mbackgroundid0000032|mbackgroundid0000033|mbackgroundid0000035|mbackgroundid0000054|mconcatfitid0000011|mdifffitid0000007|mdifffitid0000026|mdifffitid0000029|mdifffitid0000043|mdifffitid0000044|mdifffitid0000045|mdifffitid0000047|mimgtblid0000036|mimgtblid0000055|mprojectid0000001|mprojectid0000002|mprojectid0000003|mprojectid0000004|mprojectid0000022|mprojectid0000023|mprojectid0000041|mprojectid0000042|mviewerid0000038|mviewerid0000057,0.200000,287.957000,0.000000,0.000000,230.365600,0.000000,57.591000,false,72.840000,7,0.964000,"{""bora001"":18,""bora002"":12,""bora003"":12,""bora004"":16}","{""bora001"":0.041296,""bora002"":0.024213,""bora003"":0.056325,""bora004"":0.056312}",[]
prism_cc_cost,cluster_homo,23,maddid0000018|mbackgroundid0000013|mbackgroundid0000014|mbackgroundid0000015|mbackgroundid0000016|mbackgroundid0000032|mbackgroundid0000033|mbackgroundid0000035|mbackgroundid0000054|mconcatfitid0000011|mdifffitid0000007|mdifffitid0000026|mdifffitid0000029|mdifffitid0000043|mdifffitid0000044|mdifffitid0000045|mdifffitid0000047|mimgtblid0000036|mimgtblid0000055|mprojectid0000001|mprojectid0000002|mprojectid0000003|mprojectid0000004|mprojectid0000022|mprojectid0000023|mprojectid0000041|mprojectid0000042|mviewerid0000038|mviewerid0000057,0.200000,287.957000,0.000000,0.000000,230.365600,0.000000,57.591000,false,72.840000,7,148.491000,"{""bora001"":18,""bora002"":12,""bora003"":12,""bora004"":16}","{""bora001"":0.041296,""bora002"":0.024213,""bora003"":0.056325,""bora004"":0.056312}","[{""rank"":1,""recommended"":true,""feasible"":false,""budget_used"":0,""budget_violation"":0,""makespan"":287.957,""deadline_violation"":57.591,""machine_signature"":""07e3315ace87dfd3"",""weighted_score"":0,""diversity_score"":3.689655}]"
prism_cc_time,cluster_homo,23,maddid0000018|mbackgroundid0000013|mbackgroundid0000014|mbackgroundid0000015|mbackgroundid0000016|mbackgroundid0000032|mbackgroundid0000033|mbackgroundid0000035|mbackgroundid0000054|mconcatfitid0000011|mdifffitid0000007|mdifffitid0000026|mdifffitid0000029|mdifffitid0000043|mdifffitid0000044|mdifffitid0000045|mdifffitid0000047|mimgtblid0000036|mimgtblid0000055|mprojectid0000001|mprojectid0000002|mprojectid0000003|mprojectid0000004|mprojectid0000022|mprojectid0000023|mprojectid0000041|mprojectid0000042|mviewerid0000038|mviewerid0000057,0.200000,287.957000,0.000000,0.000000,230.365600,0.000000,57.591000,false,72.840000,7,148.491000,"{""bora001"":18,""bora002"":12,""bora003"":12,""bora004"":16}","{""bora001"":0.041296,""bora002"":0.024213,""bora003"":0.056325,""bora004"":0.056312}","[{""rank"":1,""recommended"":true,""feasible"":false,""budget_used"":0,""budget_violation"":0,""makespan"":287.957,""deadline_violation"":57.591,""machine_signature"":""07e3315ace87dfd3"",""weighted_score"":1,""diversity_score"":3.689655}]"
heft_colocation,hybrid_hetero,23,maddid0000018|mbackgroundid0000013|mbackgroundid0000014|mbackgroundid0000015|mbackgroundid0000016|mbackgroundid0000032|mbackgroundid0000033|mbackgroundid0000035|mbackgroundid0000054|mconcatfitid0000011|mdifffitid0000007|mdifffitid0000026|mdifffitid0000029|mdifffitid0000043|mdifffitid0000044|mdifffitid0000045|mdifffitid0000047|mimgtblid0000036|mimgtblid0000055|mprojectid0000001|mprojectid0000002|mprojectid0000003|mprojectid0000004|mprojectid0000022|mprojectid0000023|mprojectid0000041|mprojectid0000042|mviewerid0000038|mviewerid0000057,0.200000,98.471000,0.339137,0.348827,79.406640,0.000000,19.064000,false,79.037000,30,1.538000,"{""h3-standard-88-2"":4,""h4d-standard-192-7"":54}","{""bora011"":0,""diablo03"":0,""h3-standard-88-2"":0.005095,""h4d-standard-192-7"":0.019931}",[]
prism_cc_cost,hybrid_hetero,23,maddid0000018|mbackgroundid0000013|mbackgroundid0000014|mbackgroundid0000015|mbackgroundid0000016|mbackgroundid0000032|mbackgroundid0000033|mbackgroundid0000035|mbackgroundid0000054|mconcatfitid0000011|mdifffitid0000007|mdifffitid0000026|mdifffitid0000029|mdifffitid0000043|mdifffitid0000044|mdifffitid0000045|mdifffitid0000047|mimgtblid0000036|mimgtblid0000055|mprojectid0000001|mprojectid0000002|mprojectid0000003|mprojectid0000004|mprojectid0000022|mprojectid0000023|mprojectid0000041|mprojectid0000042|mviewerid0000038|mviewerid0000057,0.200000,98.471000,0.339137,0.348827,79.406640,0.000000,19.064000,false,79.037000,30,165.719000,"{""h3-standard-88-2"":4,""h4d-standard-192-7"":54}","{""bora011"":0,""diablo03"":0,""h3-standard-88-2"":0.005095,""h4d-standard-192-7"":0.019931}","[{""rank"":1,""recommended"":true,""feasible"":false,""budget_used"":0.339137,""budget_violation"":0,""makespan"":98.471,""deadline_violation"":19.064,""machine_signature"":""e56e1df1fb284770"",""weighted_score"":0.339137,""diversity_score"":1.068966}]"
prism_cc_time,hybrid_hetero,23,maddid0000018|mbackgroundid0000013|mbackgroundid0000014|mbackgroundid0000015|mbackgroundid0000016|mbackgroundid0000032|mbackgroundid0000033|mbackgroundid0000035|mbackgroundid0000054|mconcatfitid0000011|mdifffitid0000007|mdifffitid0000026|mdifffitid0000029|mdifffitid0000043|mdifffitid0000044|mdifffitid0000045|mdifffitid0000047|mimgtblid0000036|mimgtblid0000055|mprojectid0000001|mprojectid0000002|mprojectid0000003|mprojectid0000004|mprojectid0000022|mprojectid0000023|mprojectid0000041|mprojectid0000042|mviewerid0000038|mviewerid0000057,0.200000,98.471000,0.339137,0.348827,79.406640,0.000000,19.064000,false,79.037000,30,165.719000,"{""h3-standard-88-2"":4,""h4d-standard-192-7"":54}","{""bora011"":0,""diablo03"":0,""h3-standard-88-2"":0.005095,""h4d-standard-192-7"":0.019931}","[{""rank"":1,""recommended"":true,""feasible"":false,""budget_used"":0.339137,""budget_violation"":0,""makespan"":98.471,""deadline_violation"":19.064,""machine_signature"":""e56e1df1fb284770"",""weighted_score"":1,""diversity_score"":1.068966}]"
heft_colocation,hybrid_homo,23,maddid0000018|mbackgroundid0000013|mbackgroundid0000014|mbackgroundid0000015|mbackgroundid0000016|mbackgroundid0000032|mbackgroundid0000033|mbackgroundid0000035|mbackgroundid0000054|mconcatfitid0000011|mdifffitid0000007|mdifffitid0000026|mdifffitid0000029|mdifffitid0000043|mdifffitid0000044|mdifffitid0000045|mdifffitid0000047|mimgtblid0000036|mimgtblid0000055|mprojectid0000001|mprojectid0000002|mprojectid0000003|mprojectid0000004|mprojectid0000022|mprojectid0000023|mprojectid0000041|mprojectid0000042|mviewerid0000038|mviewerid0000057,0.200000,99.124000,0.537040,0.607531,78.742107,0.000000,20.382000,false,42.414000,14,2.003000,"{""h4d-standard-192-5"":27,""h4d-standard-192-6"":31}","{""bora009"":0,""bora010"":0,""h4d-standard-192-5"":0.010124,""h4d-standard-192-6"":0.008932}",[]
prism_cc_cost,hybrid_homo,23,maddid0000018|mbackgroundid0000013|mbackgroundid0000014|mbackgroundid0000015|mbackgroundid0000016|mbackgroundid0000032|mbackgroundid0000033|mbackgroundid0000035|mbackgroundid0000054|mconcatfitid0000011|mdifffitid0000007|mdifffitid0000026|mdifffitid0000029|mdifffitid0000043|mdifffitid0000044|mdifffitid0000045|mdifffitid0000047|mimgtblid0000036|mimgtblid0000055|mprojectid0000001|mprojectid0000002|mprojectid0000003|mprojectid0000004|mprojectid0000022|mprojectid0000023|mprojectid0000041|mprojectid0000042|mviewerid0000038|mviewerid0000057,0.200000,99.124000,0.537040,0.607531,78.742107,0.000000,20.382000,false,42.414000,14,279.145000,"{""h4d-standard-192-5"":27,""h4d-standard-192-6"":31}","{""bora009"":0,""bora010"":0,""h4d-standard-192-5"":0.010124,""h4d-standard-192-6"":0.008932}","[{""rank"":1,""recommended"":true,""feasible"":false,""budget_used"":0.53704,""budget_violation"":0,""makespan"":99.124,""deadline_violation"":20.382,""machine_signature"":""597662479c6cb097"",""weighted_score"":0.53704,""diversity_score"":1.465517}]"
prism_cc_time,hybrid_homo,23,maddid0000018|mbackgroundid0000013|mbackgroundid0000014|mbackgroundid0000015|mbackgroundid0000016|mbackgroundid0000032|mbackgroundid0000033|mbackgroundid0000035|mbackgroundid0000054|mconcatfitid0000011|mdifffitid0000007|mdifffitid0000026|mdifffitid0000029|mdifffitid0000043|mdifffitid0000044|mdifffitid0000045|mdifffitid0000047|mimgtblid0000036|mimgtblid0000055|mprojectid0000001|mprojectid0000002|mprojectid0000003|mprojectid0000004|mprojectid0000022|mprojectid0000023|mprojectid0000041|mprojectid0000042|mviewerid0000038|mviewerid0000057,0.200000,99.124000,0.537040,0.607531,78.742107,0.000000,20.382000,false,42.414000,14,279.145000,"{""h4d-standard-192-5"":27,""h4d-standard-192-6"":31}","{""bora009"":0,""bora010"":0,""h4d-standard-192-5"":0.010124,""h4d-standard-192-6"":0.008932}","[{""rank"":1,""recommended"":true,""feasible"":false,""budget_used"":0.53704,""budget_violation"":0,""makespan"":99.124,""deadline_violation"":20.382,""machine_signature"":""597662479c6cb097"",""weighted_score"":1,""diversity_score"":1.465517}]"
heft_colocation,hybrid_raspberry_500mbps,23,maddid0000018|mbackgroundid0000013|mbackgroundid0000014|mbackgroundid0000015|mbackgroundid0000016|mbackgroundid0000032|mbackgroundid0000033|mbackgroundid0000035|mbackgroundid0000054|mconcatfitid0000011|mdifffitid0000007|mdifffitid0000026|mdifffitid0000029|mdifffitid0000043|mdifffitid0000044|mdifffitid0000045|mdifffitid0000047|mimgtblid0000036|mimgtblid0000055|mprojectid0000001|mprojectid0000002|mprojectid0000003|mprojectid0000004|mprojectid0000022|mprojectid0000023|mprojectid0000041|mprojectid0000042|mviewerid0000038|mviewerid0000057,0.200000,155.614000,0.604659,0.533583,119.533547,0.071100,36.080000,false,112.261000,21,3.112000,"{""cloud-node-02"":43,""hpc-node-02"":15}","{""cloud-node-01"":0,""cloud-node-02"":0.059513,""hpc-node-01"":0,""hpc-node-02"":0.046141,""rpi-edge-01"":0,""rpi-edge-02"":0,""rpi-edge-03"":0,""rpi-edge-04"":0,""rpi-edge-05"":0,""rpi-edge-06"":0,""rpi-edge-07"":0,""rpi-edge-08"":0,""rpi-edge-09"":0,""rpi-edge-10"":0}",[]
prism_cc_cost,hybrid_raspberry_500mbps,23,maddid0000018|mbackgroundid0000013|mbackgroundid0000014|mbackgroundid0000015|mbackgroundid0000016|mbackgroundid0000032|mbackgroundid0000033|mbackgroundid0000035|mbackgroundid0000054|mconcatfitid0000011|mdifffitid0000007|mdifffitid0000026|mdifffitid0000029|mdifffitid0000043|mdifffitid0000044|mdifffitid0000045|mdifffitid0000047|mimgtblid0000036|mimgtblid0000055|mprojectid0000001|mprojectid0000002|mprojectid0000003|mprojectid0000004|mprojectid0000022|mprojectid0000023|mprojectid0000041|mprojectid0000042|mviewerid0000038|mviewerid0000057,0.200000,155.614000,0.604659,0.533583,119.533547,0.071100,36.080000,false,112.261000,21,438.375000,"{""cloud-node-02"":43,""hpc-node-02"":15}","{""cloud-node-01"":0,""cloud-node-02"":0.059513,""hpc-node-01"":0,""hpc-node-02"":0.046141,""rpi-edge-01"":0,""rpi-edge-02"":0,""rpi-edge-03"":0,""rpi-edge-04"":0,""rpi-edge-05"":0,""rpi-edge-06"":0,""rpi-edge-07"":0,""rpi-edge-08"":0,""rpi-edge-09"":0,""rpi-edge-10"":0}","[{""rank"":1,""recommended"":true,""feasible"":false,""budget_used"":0.604659,""budget_violation"":0.0711,""makespan"":155.614,""deadline_violation"":36.08,""machine_signature"":""8e818e5d47031f5e"",""weighted_score"":0.604659,""diversity_score"":1.258621},{""rank"":2,""recommended"":false,""feasible"":false,""budget_used"":0.604659,""budget_violation"":0.0711,""makespan"":155.614,""deadline_violation"":36.08,""machine_signature"":""fa8726bfc6e0b9db"",""weighted_score"":0.604659,""diversity_score"":1.258621}]"
prism_cc_time,hybrid_raspberry_500mbps,23,maddid0000018|mbackgroundid0000013|mbackgroundid0000014|mbackgroundid0000015|mbackgroundid0000016|mbackgroundid0000032|mbackgroundid0000033|mbackgroundid0000035|mbackgroundid0000054|mconcatfitid0000011|mdifffitid0000007|mdifffitid0000026|mdifffitid0000029|mdifffitid0000043|mdifffitid0000044|mdifffitid0000045|mdifffitid0000047|mimgtblid0000036|mimgtblid0000055|mprojectid0000001|mprojectid0000002|mprojectid0000003|mprojectid0000004|mprojectid0000022|mprojectid0000023|mprojectid0000041|mprojectid0000042|mviewerid0000038|mviewerid0000057,0.200000,155.614000,0.604659,0.533583,119.533547,0.071100,36.080000,false,112.261000,21,438.375000,"{""cloud-node-02"":43,""hpc-node-02"":15}","{""cloud-node-01"":0,""cloud-node-02"":0.059513,""hpc-node-01"":0,""hpc-node-02"":0.046141,""rpi-edge-01"":0,""rpi-edge-02"":0,""rpi-edge-03"":0,""rpi-edge-04"":0,""rpi-edge-05"":0,""rpi-edge-06"":0,""rpi-edge-07"":0,""rpi-edge-08"":0,""rpi-edge-09"":0,""rpi-edge-10"":0}","[{""rank"":1,""recommended"":true,""feasible"":false,""budget_used"":0.604659,""budget_violation"":0.0711,""makespan"":155.614,""deadline_violation"":36.08,""machine_signature"":""8e818e5d47031f5e"",""weighted_score"":1,""diversity_score"":1.258621},{""rank"":2,""recommended"":false,""feasible"":false,""budget_used"":0.604659,""budget_violation"":0.0711,""makespan"":155.614,""deadline_violation"":36.08,""machine_signature"":""fa8726bfc6e0b9db"",""weighted_score"":1,""diversity_score"":1.258621}]"
heft_colocation,cloud_hetero,24,maddid0000037|maddid0000056|mbackgroundid0000032|mbackgroundid0000034|mbackgroundid0000035|mbgmodelid0000012|mbgmodelid0000050|mconcatfitid0000011|mconcatfitid0000049|mdifffitid0000006|mdifffitid0000007|mdifffitid0000008|mdifffitid0000009|mdifffitid0000010|mdifffitid0000024|mdifffitid0000025|mdifffitid0000028|mdifffitid0000045|mdifffitid0000046|mdifffitid0000047|mimgtblid0000017|mprojectid0000003|mprojectid0000004|mprojectid0000021|mprojectid0000022|mprojectid0000039|mprojectid0000041|mviewerid0000019|mviewerid0000038,0.200000,95.197000,0.471400,0.641828,78.742107,0.000000,16.455000,false,18.130000,16,2.038000,"{""h4d-highmem-192-1"":31,""h4d-standard-192-1"":27}","{""h3-standard-88-1"":0,""h3-standard-88-2"":0,""h4d-highmem-192-1"":0.009364,""h4d-standard-192-1"":0.00915}",[]
prism_cc_cost,cloud_hetero,24,maddid0000037|maddid0000056|mbackgroundid0000032|mbackgroundid0000034|mbackgroundid0000035|mbgmodelid0000012|mbgmodelid0000050|mconcatfitid0000011|mconcatfitid0000049|mdifffitid0000006|mdifffitid0000007|mdifffitid0000008|mdifffitid0000009|mdifffitid0000010|mdifffitid0000024|mdifffitid0000025|mdifffitid0000028|mdifffitid0000045|mdifffitid0000046|mdifffitid0000047|mimgtblid0000017|mprojectid0000003|mprojectid0000004|mprojectid0000021|mprojectid0000022|mprojectid0000039|mprojectid0000041|mviewerid0000019|mviewerid0000038,0.200000,95.197000,0.471400,0.641828,78.742107,0.000000,16.455000,false,18.130000,16,243.316000,"{""h4d-highmem-192-1"":31,""h4d-standard-192-1"":27}","{""h3-standard-88-1"":0,""h3-standard-88-2"":0,""h4d-highmem-192-1"":0.009364,""h4d-standard-192-1"":0.00915}","[{""rank"":1,""recommended"":true,""feasible"":false,""budget_used"":0.206201,""budget_violation"":0,""makespan"":94.519,""deadline_violation"":15.777,""machine_signature"":""9c5f026495d9921a"",""weighted_score"":0.206201,""diversity_score"":0},{""rank"":2,""recommended"":false,""feasible"":false,""budget_used"":0.4714,""budget_violation"":0,""makespan"":95.197,""deadline_violation"":16.455,""machine_signature"":""5ddf250962501e6e"",""weighted_score"":0.4714,""diversity_score"":1.465517}]"
prism_cc_time,cloud_hetero,24,maddid0000037|maddid0000056|mbackgroundid0000032|mbackgroundid0000034|mbackgroundid0000035|mbgmodelid0000012|mbgmodelid0000050|mconcatfitid0000011|mconcatfitid0000049|mdifffitid0000006|mdifffitid0000007|mdifffitid0000008|mdifffitid0000009|mdifffitid0000010|mdifffitid0000024|mdifffitid0000025|mdifffitid0000028|mdifffitid0000045|mdifffitid0000046|mdifffitid0000047|mimgtblid0000017|mprojectid0000003|mprojectid0000004|mprojectid0000021|mprojectid0000022|mprojectid0000039|mprojectid0000041|mviewerid0000019|mviewerid0000038,0.200000,94.519000,0.206201,0.641828,78.742107,0.000000,15.777000,false,47.731000,36,243.316000,"{""h4d-standard-192-1"":58}","{""h3-standard-88-1"":0,""h3-standard-88-2"":0,""h4d-highmem-192-1"":0,""h4d-standard-192-1"":0.020278}","[{""rank"":1,""recommended"":true,""feasible"":false,""budget_used"":0.206201,""budget_violation"":0,""makespan"":94.519,""deadline_violation"":15.777,""machine_signature"":""9c5f026495d9921a"",""weighted_score"":0.992878,""diversity_score"":0},{""rank"":2,""recommended"":false,""feasible"":false,""budget_used"":0.4714,""budget_violation"":0,""makespan"":95.197,""deadline_violation"":16.455,""machine_signature"":""5ddf250962501e6e"",""weighted_score"":1,""diversity_score"":1.465517}]"
heft_colocation,cloud_homo,24,maddid0000037|maddid0000056|mbackgroundid0000032|mbackgroundid0000034|mbackgroundid0000035|mbgmodelid0000012|mbgmodelid0000050|mconcatfitid0000011|mconcatfitid0000049|mdifffitid0000006|mdifffitid0000007|mdifffitid0000008|mdifffitid0000009|mdifffitid0000010|mdifffitid0000024|mdifffitid0000025|mdifffitid0000028|mdifffitid0000045|mdifffitid0000046|mdifffitid0000047|mimgtblid0000017|mprojectid0000003|mprojectid0000004|mprojectid0000021|mprojectid0000022|mprojectid0000039|mprojectid0000041|mviewerid0000019|mviewerid0000038,0.200000,99.816000,0.869717,1.059152,79.706000,0.000000,20.110000,false,4.847000,4,3.299000,"{""h4d-standard-192-1"":20,""h4d-standard-192-2"":16,""h4d-standard-192-3"":6,""h4d-standard-192-4"":16}","{""h4d-standard-192-1"":0.005171,""h4d-standard-192-2"":0.003804,""h4d-standard-192-3"":0.003685,""h4d-standard-192-4"":0.004304}",[]
prism_cc_cost,cloud_homo,24,maddid0000037|maddid0000056|mbackgroundid0000032|mbackgroundid0000034|mbackgroundid0000035|mbgmodelid0000012|mbgmodelid0000050|mconcatfitid0000011|mconcatfitid0000049|mdifffitid0000006|mdifffitid0000007|mdifffitid0000008|mdifffitid0000009|mdifffitid0000010|mdifffitid0000024|mdifffitid0000025|mdifffitid0000028|mdifffitid0000045|mdifffitid0000046|mdifffitid0000047|mimgtblid0000017|mprojectid0000003|mprojectid0000004|mprojectid0000021|mprojectid0000022|mprojectid0000039|mprojectid0000041|mviewerid0000019|mviewerid0000038,0.200000,99.816000,0.869717,1.059152,79.706000,0.000000,20.110000,false,4.847000,4,284.078000,"{""h4d-standard-192-1"":20,""h4d-standard-192-2"":16,""h4d-standard-192-3"":6,""h4d-standard-192-4"":16}","{""h4d-standard-192-1"":0.005171,""h4d-standard-192-2"":0.003804,""h4d-standard-192-3"":0.003685,""h4d-standard-192-4"":0.004304}","[{""rank"":1,""recommended"":true,""feasible"":false,""budget_used"":0.202622,""budget_violation"":0,""makespan"":92.879,""deadline_violation"":13.173,""machine_signature"":""326f500544ccbb29"",""weighted_score"":0.202622,""diversity_score"":0},{""rank"":2,""recommended"":false,""feasible"":false,""budget_used"":0.869717,""budget_violation"":0,""makespan"":99.816,""deadline_violation"":20.11,""machine_signature"":""5f005aacbda642d3"",""weighted_score"":0.869717,""diversity_score"":3.655172}]"
prism_cc_time,cloud_homo,24,maddid0000037|maddid0000056|mbackgroundid0000032|mbackgroundid0000034|mbackgroundid0000035|mbgmodelid0000012|mbgmodelid0000050|mconcatfitid0000011|mconcatfitid0000049|mdifffitid0000006|mdifffitid0000007|mdifffitid0000008|mdifffitid0000009|mdifffitid0000010|mdifffitid0000024|mdifffitid0000025|mdifffitid0000028|mdifffitid0000045|mdifffitid0000046|mdifffitid0000047|mimgtblid0000017|mprojectid0000003|mprojectid0000004|mprojectid0000021|mprojectid0000022|mprojectid0000039|mprojectid0000041|mviewerid0000019|mviewerid0000038,0.200000,92.879000,0.202622,1.059152,79.706000,0.000000,13.173000,false,48.098000,39,284.078000,"{""h4d-standard-192-1"":58}","{""h4d-standard-192-1"":0.020656,""h4d-standard-192-2"":0,""h4d-standard-192-3"":0,""h4d-standard-192-4"":0}","[{""rank"":1,""recommended"":true,""feasible"":false,""budget_used"":0.202622,""budget_violation"":0,""makespan"":92.879,""deadline_violation"":13.173,""machine_signature"":""326f500544ccbb29"",""weighted_score"":0.930502,""diversity_score"":0},{""rank"":2,""recommended"":false,""feasible"":false,""budget_used"":0.869717,""budget_violation"":0,""makespan"":99.816,""deadline_violation"":20.11,""machine_signature"":""5f005aacbda642d3"",""weighted_score"":1,""diversity_score"":3.655172}]"
heft_colocation,cluster_hetero,24,maddid0000037|maddid0000056|mbackgroundid0000032|mbackgroundid0000034|mbackgroundid0000035|mbgmodelid0000012|mbgmodelid0000050|mconcatfitid0000011|mconcatfitid0000049|mdifffitid0000006|mdifffitid0000007|mdifffitid0000008|mdifffitid0000009|mdifffitid0000010|mdifffitid0000024|mdifffitid0000025|mdifffitid0000028|mdifffitid0000045|mdifffitid0000046|mdifffitid0000047|mimgtblid0000017|mprojectid0000003|mprojectid0000004|mprojectid0000021|mprojectid0000022|mprojectid0000039|mprojectid0000041|mviewerid0000019|mviewerid0000038,0.200000,287.957000,0.000000,0.000000,235.839680,0.000000,52.117000,false,50.611000,14,1.043000,"{""bora005"":34,""bora006"":21,""diablo01"":1,""diablo02"":2}","{""bora005"":0.09044,""bora006"":0.073044,""diablo01"":0.003449,""diablo02"":0.00534}",[]
prism_cc_cost,cluster_hetero,24,maddid0000037|maddid0000056|mbackgroundid0000032|mbackgroundid0000034|mbackgroundid0000035|mbgmodelid0000012|mbgmodelid0000050|mconcatfitid0000011|mconcatfitid0000049|mdifffitid0000006|mdifffitid0000007|mdifffitid0000008|mdifffitid0000009|mdifffitid0000010|mdifffitid0000024|mdifffitid0000025|mdifffitid0000028|mdifffitid0000045|mdifffitid0000046|mdifffitid0000047|mimgtblid0000017|mprojectid0000003|mprojectid0000004|mprojectid0000021|mprojectid0000022|mprojectid0000039|mprojectid0000041|mviewerid0000019|mviewerid0000038,0.200000,287.957000,0.000000,0.000000,235.839680,0.000000,52.117000,false,50.611000,14,147.205000,"{""bora005"":34,""bora006"":21,""diablo01"":1,""diablo02"":2}","{""bora005"":0.09044,""bora006"":0.073044,""diablo01"":0.003449,""diablo02"":0.00534}","[{""rank"":1,""recommended"":true,""feasible"":false,""budget_used"":0,""budget_violation"":0,""makespan"":287.957,""deadline_violation"":52.117,""machine_signature"":""bd5f6ba0eca52465"",""weighted_score"":0,""diversity_score"":3.413793}]"
prism_cc_time,cluster_hetero,24,maddid0000037|maddid0000056|mbackgroundid0000032|mbackgroundid0000034|mbackgroundid0000035|mbgmodelid0000012|mbgmodelid0000050|mconcatfitid0000011|mconcatfitid0000049|mdifffitid0000006|mdifffitid0000007|mdifffitid0000008|mdifffitid0000009|mdifffitid0000010|mdifffitid0000024|mdifffitid0000025|mdifffitid0000028|mdifffitid0000045|mdifffitid0000046|mdifffitid0000047|mimgtblid0000017|mprojectid0000003|mprojectid0000004|mprojectid0000021|mprojectid0000022|mprojectid0000039|mprojectid0000041|mviewerid0000019|mviewerid0000038,0.200000,287.957000,0.000000,0.000000,235.839680,0.000000,52.117000,false,50.611000,14,147.205000,"{""bora005"":34,""bora006"":21,""diablo01"":1,""diablo02"":2}","{""bora005"":0.09044,""bora006"":0.073044,""diablo01"":0.003449,""diablo02"":0.00534}","[{""rank"":1,""recommended"":true,""feasible"":false,""budget_used"":0,""budget_violation"":0,""makespan"":287.957,""deadline_violation"":52.117,""machine_signature"":""bd5f6ba0eca52465"",""weighted_score"":1,""diversity_score"":3.413793}]"
heft_colocation,cluster_homo,24,maddid0000037|maddid0000056|mbackgroundid0000032|mbackgroundid0000034|mbackgroundid0000035|mbgmodelid0000012|mbgmodelid0000050|mconcatfitid0000011|mconcatfitid0000049|mdifffitid0000006|mdifffitid0000007|mdifffitid0000008|mdifffitid0000009|mdifffitid0000010|mdifffitid0000024|mdifffitid0000025|mdifffitid0000028|mdifffitid0000045|mdifffitid0000046|mdifffitid0000047|mimgtblid0000017|mprojectid0000003|mprojectid0000004|mprojectid0000021|mprojectid0000022|mprojectid0000039|mprojectid0000041|mviewerid0000019|mviewerid0000038,0.200000,287.957000,0.000000,0.000000,230.365600,0.000000,57.591000,false,29.962000,11,0.941000,"{""bora001"":19,""bora002"":16,""bora003"":8,""bora004"":15}","{""bora001"":0.051675,""bora002"":0.039157,""bora003"":0.039204,""bora004"":0.043974}",[]
prism_cc_cost,cluster_homo,24,maddid0000037|maddid0000056|mbackgroundid0000032|mbackgroundid0000034|mbackgroundid0000035|mbgmodelid0000012|mbgmodelid0000050|mconcatfitid0000011|mconcatfitid0000049|mdifffitid0000006|mdifffitid0000007|mdifffitid0000008|mdifffitid0000009|mdifffitid0000010|mdifffitid0000024|mdifffitid0000025|mdifffitid0000028|mdifffitid0000045|mdifffitid0000046|mdifffitid0000047|mimgtblid0000017|mprojectid0000003|mprojectid0000004|mprojectid0000021|mprojectid0000022|mprojectid0000039|mprojectid0000041|mviewerid0000019|mviewerid0000038,0.200000,287.957000,0.000000,0.000000,230.365600,0.000000,57.591000,false,29.962000,11,146.671000,"{""bora001"":19,""bora002"":16,""bora003"":8,""bora004"":15}","{""bora001"":0.051675,""bora002"":0.039157,""bora003"":0.039204,""bora004"":0.043974}","[{""rank"":1,""recommended"":true,""feasible"":false,""budget_used"":0,""budget_violation"":0,""makespan"":287.957,""deadline_violation"":57.591,""machine_signature"":""5edb84fa80a35744"",""weighted_score"":0,""diversity_score"":3.672414}]"
prism_cc_time,cluster_homo,24,maddid0000037|maddid0000056|mbackgroundid0000032|mbackgroundid0000034|mbackgroundid0000035|mbgmodelid0000012|mbgmodelid0000050|mconcatfitid0000011|mconcatfitid0000049|mdifffitid0000006|mdifffitid0000007|mdifffitid0000008|mdifffitid0000009|mdifffitid0000010|mdifffitid0000024|mdifffitid0000025|mdifffitid0000028|mdifffitid0000045|mdifffitid0000046|mdifffitid0000047|mimgtblid0000017|mprojectid0000003|mprojectid0000004|mprojectid0000021|mprojectid0000022|mprojectid0000039|mprojectid0000041|mviewerid0000019|mviewerid0000038,0.200000,287.957000,0.000000,0.000000,230.365600,0.000000,57.591000,false,29.962000,11,146.671000,"{""bora001"":19,""bora002"":16,""bora003"":8,""bora004"":15}","{""bora001"":0.051675,""bora002"":0.039157,""bora003"":0.039204,""bora004"":0.043974}","[{""rank"":1,""recommended"":true,""feasible"":false,""budget_used"":0,""budget_violation"":0,""makespan"":287.957,""deadline_violation"":57.591,""machine_signature"":""5edb84fa80a35744"",""weighted_score"":1,""diversity_score"":3.672414}]"
heft_colocation,hybrid_hetero,24,maddid0000037|maddid0000056|mbackgroundid0000032|mbackgroundid0000034|mbackgroundid0000035|mbgmodelid0000012|mbgmodelid0000050|mconcatfitid0000011|mconcatfitid0000049|mdifffitid0000006|mdifffitid0000007|mdifffitid0000008|mdifffitid0000009|mdifffitid0000010|mdifffitid0000024|mdifffitid0000025|mdifffitid0000028|mdifffitid0000045|mdifffitid0000046|mdifffitid0000047|mimgtblid0000017|mprojectid0000003|mprojectid0000004|mprojectid0000021|mprojectid0000022|mprojectid0000039|mprojectid0000041|mviewerid0000019|mviewerid0000038,0.200000,92.950000,0.279254,0.348827,79.406640,0.000000,13.543000,false,38.715000,31,1.691000,"{""h3-standard-88-2"":2,""h4d-standard-192-7"":56}","{""bora011"":0,""diablo03"":0,""h3-standard-88-2"":0.002305,""h4d-standard-192-7"":0.019577}",[]
prism_cc_cost,hybrid_hetero,24,maddid0000037|maddid0000056|mbackgroundid0000032|mbackgroundid0000034|mbackgroundid0000035|mbgmodelid0000012|mbgmodelid0000050|mconcatfitid0000011|mconcatfitid0000049|mdifffitid0000006|mdifffitid0000007|mdifffitid0000008|mdifffitid0000009|mdifffitid0000010|mdifffitid0000024|mdifffitid0000025|mdifffitid0000028|mdifffitid0000045|mdifffitid0000046|mdifffitid0000047|mimgtblid0000017|mprojectid0000003|mprojectid0000004|mprojectid0000021|mprojectid0000022|mprojectid0000039|mprojectid0000041|mviewerid0000019|mviewerid0000038,0.200000,92.950000,0.279254,0.348827,79.406640,0.000000,13.543000,false,38.715000,31,205.678000,"{""h3-standard-88-2"":2,""h4d-standard-192-7"":56}","{""bora011"":0,""diablo03"":0,""h3-standard-88-2"":0.002305,""h4d-standard-192-7"":0.019577}","[{""rank"":1,""recommended"":true,""feasible"":false,""budget_used"":0.279254,""budget_violation"":0,""makespan"":92.95,""deadline_violation"":13.543,""machine_signature"":""a98738f6215c8b95"",""weighted_score"":0.279254,""diversity_score"":1.034483}]"
prism_cc_time,hybrid_hetero,24,maddid0000037|maddid0000056|mbackgroundid0000032|mbackgroundid0000034|mbackgroundid0000035|mbgmodelid0000012|mbgmodelid0000050|mconcatfitid0000011|mconcatfitid0000049|mdifffitid0000006|mdifffitid0000007|mdifffitid0000008|mdifffitid0000009|mdifffitid0000010|mdifffitid0000024|mdifffitid0000025|mdifffitid0000028|mdifffitid0000045|mdifffitid0000046|mdifffitid0000047|mimgtblid0000017|mprojectid0000003|mprojectid0000004|mprojectid0000021|mprojectid0000022|mprojectid0000039|mprojectid0000041|mviewerid0000019|mviewerid0000038,0.200000,92.950000,0.279254,0.348827,79.406640,0.000000,13.543000,false,38.715000,31,205.678000,"{""h3-standard-88-2"":2,""h4d-standard-192-7"":56}","{""bora011"":0,""diablo03"":0,""h3-standard-88-2"":0.002305,""h4d-standard-192-7"":0.019577}","[{""rank"":1,""recommended"":true,""feasible"":false,""budget_used"":0.279254,""budget_violation"":0,""makespan"":92.95,""deadline_violation"":13.543,""machine_signature"":""a98738f6215c8b95"",""weighted_score"":1,""diversity_score"":1.034483}]"
heft_colocation,hybrid_homo,24,maddid0000037|maddid0000056|mbackgroundid0000032|mbackgroundid0000034|mbackgroundid0000035|mbgmodelid0000012|mbgmodelid0000050|mconcatfitid0000011|mconcatfitid0000049|mdifffitid0000006|mdifffitid0000007|mdifffitid0000008|mdifffitid0000009|mdifffitid0000010|mdifffitid0000024|mdifffitid0000025|mdifffitid0000028|mdifffitid0000045|mdifffitid0000046|mdifffitid0000047|mimgtblid0000017|mprojectid0000003|mprojectid0000004|mprojectid0000021|mprojectid0000022|mprojectid0000039|mprojectid0000041|mviewerid0000019|mviewerid0000038,0.200000,95.197000,0.445235,0.607531,78.742107,0.000000,16.455000,false,18.211000,17,1.986000,"{""h4d-standard-192-5"":27,""h4d-standard-192-6"":31}","{""bora009"":0,""bora010"":0,""h4d-standard-192-5"":0.009154,""h4d-standard-192-6"":0.009364}",[]
prism_cc_cost,hybrid_homo,24,maddid0000037|maddid0000056|mbackgroundid0000032|mbackgroundid0000034|mbackgroundid0000035|mbgmodelid0000012|mbgmodelid0000050|mconcatfitid0000011|mconcatfitid0000049|mdifffitid0000006|mdifffitid0000007|mdifffitid0000008|mdifffitid0000009|mdifffitid0000010|mdifffitid0000024|mdifffitid0000025|mdifffitid0000028|mdifffitid0000045|mdifffitid0000046|mdifffitid0000047|mimgtblid0000017|mprojectid0000003|mprojectid0000004|mprojectid0000021|mprojectid0000022|mprojectid0000039|mprojectid0000041|mviewerid0000019|mviewerid0000038,0.200000,95.197000,0.445235,0.607531,78.742107,0.000000,16.455000,false,18.211000,17,250.101000,"{""h4d-standard-192-5"":27,""h4d-standard-192-6"":31}","{""bora009"":0,""bora010"":0,""h4d-standard-192-5"":0.009154,""h4d-standard-192-6"":0.009364}","[{""rank"":1,""recommended"":true,""feasible"":false,""budget_used"":0.445235,""budget_violation"":0,""makespan"":95.197,""deadline_violation"":16.455,""machine_signature"":""9e7b0a45a4932603"",""weighted_score"":0.445235,""diversity_score"":1.465517}]"
prism_cc_time,hybrid_homo,24,maddid0000037|maddid0000056|mbackgroundid0000032|mbackgroundid0000034|mbackgroundid0000035|mbgmodelid0000012|mbgmodelid0000050|mconcatfitid0000011|mconcatfitid0000049|mdifffitid0000006|mdifffitid0000007|mdifffitid0000008|mdifffitid0000009|mdifffitid0000010|mdifffitid0000024|mdifffitid0000025|mdifffitid0000028|mdifffitid0000045|mdifffitid0000046|mdifffitid0000047|mimgtblid0000017|mprojectid0000003|mprojectid0000004|mprojectid0000021|mprojectid0000022|mprojectid0000039|mprojectid0000041|mviewerid0000019|mviewerid0000038,0.200000,95.197000,0.445235,0.607531,78.742107,0.000000,16.455000,false,18.211000,17,250.101000,"{""h4d-standard-192-5"":27,""h4d-standard-192-6"":31}","{""bora009"":0,""bora010"":0,""h4d-standard-192-5"":0.009154,""h4d-standard-192-6"":0.009364}","[{""rank"":1,""recommended"":true,""feasible"":false,""budget_used"":0.445235,""budget_violation"":0,""makespan"":95.197,""deadline_violation"":16.455,""machine_signature"":""9e7b0a45a4932603"",""weighted_score"":1,""diversity_score"":1.465517}]"
heft_colocation,hybrid_raspberry_500mbps,24,maddid0000037|maddid0000056|mbackgroundid0000032|mbackgroundid0000034|mbackgroundid0000035|mbgmodelid0000012|mbgmodelid0000050|mconcatfitid0000011|mconcatfitid0000049|mdifffitid0000006|mdifffitid0000007|mdifffitid0000008|mdifffitid0000009|mdifffitid0000010|mdifffitid0000024|mdifffitid0000025|mdifffitid0000028|mdifffitid0000045|mdifffitid0000046|mdifffitid0000047|mimgtblid0000017|mprojectid0000003|mprojectid0000004|mprojectid0000021|mprojectid0000022|mprojectid0000039|mprojectid0000041|mviewerid0000019|mviewerid0000038,0.200000,135.525000,0.386134,0.533583,119.533547,0.000000,15.991000,false,48.650000,23,2.335000,"{""cloud-node-02"":53,""hpc-node-02"":5}","{""cloud-node-01"":0,""cloud-node-02"":0.068841,""hpc-node-01"":0,""hpc-node-02"":0.029438,""rpi-edge-01"":0,""rpi-edge-02"":0,""rpi-edge-03"":0,""rpi-edge-04"":0,""rpi-edge-05"":0,""rpi-edge-06"":0,""rpi-edge-07"":0,""rpi-edge-08"":0,""rpi-edge-09"":0,""rpi-edge-10"":0}",[]
prism_cc_cost,hybrid_raspberry_500mbps,24,maddid0000037|maddid0000056|mbackgroundid0000032|mbackgroundid0000034|mbackgroundid0000035|mbgmodelid0000012|mbgmodelid0000050|mconcatfitid0000011|mconcatfitid0000049|mdifffitid0000006|mdifffitid0000007|mdifffitid0000008|mdifffitid0000009|mdifffitid0000010|mdifffitid0000024|mdifffitid0000025|mdifffitid0000028|mdifffitid0000045|mdifffitid0000046|mdifffitid0000047|mimgtblid0000017|mprojectid0000003|mprojectid0000004|mprojectid0000021|mprojectid0000022|mprojectid0000039|mprojectid0000041|mviewerid0000019|mviewerid0000038,0.200000,135.525000,0.386134,0.533583,119.533547,0.000000,15.991000,false,48.650000,23,414.674000,"{""cloud-node-02"":53,""hpc-node-02"":5}","{""cloud-node-01"":0,""cloud-node-02"":0.068841,""hpc-node-01"":0,""hpc-node-02"":0.029438,""rpi-edge-01"":0,""rpi-edge-02"":0,""rpi-edge-03"":0,""rpi-edge-04"":0,""rpi-edge-05"":0,""rpi-edge-06"":0,""rpi-edge-07"":0,""rpi-edge-08"":0,""rpi-edge-09"":0,""rpi-edge-10"":0}","[{""rank"":1,""recommended"":true,""feasible"":false,""budget_used"":0.386134,""budget_violation"":0,""makespan"":135.525,""deadline_violation"":15.991,""machine_signature"":""d2fabe867049204a"",""weighted_score"":0.386134,""diversity_score"":1.086207}]"
prism_cc_time,hybrid_raspberry_500mbps,24,maddid0000037|maddid0000056|mbackgroundid0000032|mbackgroundid0000034|mbackgroundid0000035|mbgmodelid0000012|mbgmodelid0000050|mconcatfitid0000011|mconcatfitid0000049|mdifffitid0000006|mdifffitid0000007|mdifffitid0000008|mdifffitid0000009|mdifffitid0000010|mdifffitid0000024|mdifffitid0000025|mdifffitid0000028|mdifffitid0000045|mdifffitid0000046|mdifffitid0000047|mimgtblid0000017|mprojectid0000003|mprojectid0000004|mprojectid0000021|mprojectid0000022|mprojectid0000039|mprojectid0000041|mviewerid0000019|mviewerid0000038,0.200000,135.525000,0.386134,0.533583,119.533547,0.000000,15.991000,false,48.650000,23,414.674000,"{""cloud-node-02"":53,""hpc-node-02"":5}","{""cloud-node-01"":0,""cloud-node-02"":0.068841,""hpc-node-01"":0,""hpc-node-02"":0.029438,""rpi-edge-01"":0,""rpi-edge-02"":0,""rpi-edge-03"":0,""rpi-edge-04"":0,""rpi-edge-05"":0,""rpi-edge-06"":0,""rpi-edge-07"":0,""rpi-edge-08"":0,""rpi-edge-09"":0,""rpi-edge-10"":0}","[{""rank"":1,""recommended"":true,""feasible"":false,""budget_used"":0.386134,""budget_violation"":0,""makespan"":135.525,""deadline_violation"":15.991,""machine_signature"":""d2fabe867049204a"",""weighted_score"":1,""diversity_score"":1.086207}]"
heft_colocation,cloud_hetero,25,maddid0000037|maddid0000056|mbackgroundid0000013|mbackgroundid0000015|mbackgroundid0000054|mbgmodelid0000012|mbgmodelid0000031|mbgmodelid0000050|mconcatfitid0000011|mdifffitid0000006|mdifffitid0000026|mdifffitid0000027|mdifffitid0000028|mdifffitid0000029|mdifffitid0000043|mdifffitid0000046|mdifffitid0000047|mdifffitid0000048|mimgtblid0000017|mimgtblid0000036|mimgtblid0000055|mprojectid0000001|mprojectid0000002|mprojectid0000004|mprojectid0000020|mprojectid0000021|mprojectid0000042|mviewerid0000019|mviewerid0000038,0.200000,99.124000,0.566081,0.641828,78.742107,0.000000,20.382000,false,15.145000,11,1.849000,"{""h4d-highmem-192-1"":34,""h4d-standard-192-1"":24}","{""h3-standard-88-1"":0,""h3-standard-88-2"":0,""h4d-highmem-192-1"":0.009438,""h4d-standard-192-1"":0.008185}",[]
prism_cc_cost,cloud_hetero,25,maddid0000037|maddid0000056|mbackgroundid0000013|mbackgroundid0000015|mbackgroundid0000054|mbgmodelid0000012|mbgmodelid0000031|mbgmodelid0000050|mconcatfitid0000011|mdifffitid0000006|mdifffitid0000026|mdifffitid0000027|mdifffitid0000028|mdifffitid0000029|mdifffitid0000043|mdifffitid0000046|mdifffitid0000047|mdifffitid0000048|mimgtblid0000017|mimgtblid0000036|mimgtblid0000055|mprojectid0000001|mprojectid0000002|mprojectid0000004|mprojectid0000020|mprojectid0000021|mprojectid0000042|mviewerid0000019|mviewerid0000038,0.200000,99.124000,0.566081,0.641828,78.742107,0.000000,20.382000,false,15.145000,11,280.954000,"{""h4d-highmem-192-1"":34,""h4d-standard-192-1"":24}","{""h3-standard-88-1"":0,""h3-standard-88-2"":0,""h4d-highmem-192-1"":0.009438,""h4d-standard-192-1"":0.008185}","[{""rank"":1,""recommended"":true,""feasible"":false,""budget_used"":0.566081,""budget_violation"":0,""makespan"":99.124,""deadline_violation"":20.382,""machine_signature"":""fd22a8175c0d7013"",""weighted_score"":0.566081,""diversity_score"":1.413793}]"
prism_cc_time,cloud_hetero,25,maddid0000037|maddid0000056|mbackgroundid0000013|mbackgroundid0000015|mbackgroundid0000054|mbgmodelid0000012|mbgmodelid0000031|mbgmodelid0000050|mconcatfitid0000011|mdifffitid0000006|mdifffitid0000026|mdifffitid0000027|mdifffitid0000028|mdifffitid0000029|mdifffitid0000043|mdifffitid0000046|mdifffitid0000047|mdifffitid0000048|mimgtblid0000017|mimgtblid0000036|mimgtblid0000055|mprojectid0000001|mprojectid0000002|mprojectid0000004|mprojectid0000020|mprojectid0000021|mprojectid0000042|mviewerid0000019|mviewerid0000038,0.200000,99.124000,0.566081,0.641828,78.742107,0.000000,20.382000,false,15.145000,11,280.954000,"{""h4d-highmem-192-1"":34,""h4d-standard-192-1"":24}","{""h3-standard-88-1"":0,""h3-standard-88-2"":0,""h4d-highmem-192-1"":0.009438,""h4d-standard-192-1"":0.008185}","[{""rank"":1,""recommended"":true,""feasible"":false,""budget_used"":0.566081,""budget_violation"":0,""makespan"":99.124,""deadline_violation"":20.382,""machine_signature"":""fd22a8175c0d7013"",""weighted_score"":1,""diversity_score"":1.413793}]"
heft_colocation,cloud_homo,25,maddid0000037|maddid0000056|mbackgroundid0000013|mbackgroundid0000015|mbackgroundid0000054|mbgmodelid0000012|mbgmodelid0000031|mbgmodelid0000050|mconcatfitid0000011|mdifffitid0000006|mdifffitid0000026|mdifffitid0000027|mdifffitid0000028|mdifffitid0000029|mdifffitid0000043|mdifffitid0000046|mdifffitid0000047|mdifffitid0000048|mimgtblid0000017|mimgtblid0000036|mimgtblid0000055|mprojectid0000001|mprojectid0000002|mprojectid0000004|mprojectid0000020|mprojectid0000021|mprojectid0000042|mviewerid0000019|mviewerid0000038,0.200000,99.816000,0.875317,1.059152,79.706000,0.000000,20.110000,false,4.099000,4,3.587000,"{""h4d-standard-192-1"":15,""h4d-standard-192-2"":18,""h4d-standard-192-3"":8,""h4d-standard-192-4"":17}","{""h4d-standard-192-1"":0.003155,""h4d-standard-192-2"":0.00464,""h4d-standard-192-3"":0.003826,""h4d-standard-192-4"":0.005304}",[]
prism_cc_cost,cloud_homo,25,maddid0000037|maddid0000056|mbackgroundid0000013|mbackgroundid0000015|mbackgroundid0000054|mbgmodelid0000012|mbgmodelid0000031|mbgmodelid0000050|mconcatfitid0000011|mdifffitid0000006|mdifffitid0000026|mdifffitid0000027|mdifffitid0000028|mdifffitid0000029|mdifffitid0000043|mdifffitid0000046|mdifffitid0000047|mdifffitid0000048|mimgtblid0000017|mimgtblid0000036|mimgtblid0000055|mprojectid0000001|mprojectid0000002|mprojectid0000004|mprojectid0000020|mprojectid0000021|mprojectid0000042|mviewerid0000019|mviewerid0000038,0.200000,99.816000,0.875317,1.059152,79.706000,0.000000,20.110000,false,4.099000,4,304.064000,"{""h4d-standard-192-1"":15,""h4d-standard-192-2"":18,""h4d-standard-192-3"":8,""h4d-standard-192-4"":17}","{""h4d-standard-192-1"":0.003155,""h4d-standard-192-2"":0.00464,""h4d-standard-192-3"":0.003826,""h4d-standard-192-4"":0.005304}","[{""rank"":1,""recommended"":true,""feasible"":false,""budget_used"":0.470417,""budget_violation"":0,""makespan"":96.803,""deadline_violation"":17.097,""machine_signature"":""06955df87f50517d"",""weighted_score"":0.470417,""diversity_score"":1.172414},{""rank"":2,""recommended"":false,""feasible"":false,""budget_used"":0.468242,""budget_violation"":0,""makespan"":98.738,""deadline_violation"":19.032,""machine_signature"":""000d99e5e572a453"",""weighted_score"":0.468242,""diversity_score"":1.155172},{""rank"":3,""recommended"":false,""feasible"":false,""budget_used"":0.875317,""budget_violation"":0,""makespan"":99.816,""deadline_violation"":20.11,""machine_signature"":""a30aa877278dac9a"",""weighted_score"":0.875317,""diversity_score"":3.689655}]"
prism_cc_time,cloud_homo,25,maddid0000037|maddid0000056|mbackgroundid0000013|mbackgroundid0000015|mbackgroundid0000054|mbgmodelid0000012|mbgmodelid0000031|mbgmodelid0000050|mconcatfitid0000011|mdifffitid0000006|mdifffitid0000026|mdifffitid0000027|mdifffitid0000028|mdifffitid0000029|mdifffitid0000043|mdifffitid0000046|mdifffitid0000047|mdifffitid0000048|mimgtblid0000017|mimgtblid0000036|mimgtblid0000055|mprojectid0000001|mprojectid0000002|mprojectid0000004|mprojectid0000020|mprojectid0000021|mprojectid0000042|mviewerid0000019|mviewerid0000038,0.200000,96.803000,0.470417,1.059152,79.706000,0.000000,17.097000,false,23.921000,20,304.064000,"{""h4d-standard-192-1"":10,""h4d-standard-192-4"":48}","{""h4d-standard-192-1"":0.002465,""h4d-standard-192-2"":0,""h4d-standard-192-3"":0,""h4d-standard-192-4"":0.016053}","[{""rank"":1,""recommended"":true,""feasible"":false,""budget_used"":0.470417,""budget_violation"":0,""makespan"":96.803,""deadline_violation"":17.097,""machine_signature"":""06955df87f50517d"",""weighted_score"":0.969814,""diversity_score"":1.172414},{""rank"":2,""recommended"":false,""feasible"":false,""budget_used"":0.468242,""budget_violation"":0,""makespan"":98.738,""deadline_violation"":19.032,""machine_signature"":""000d99e5e572a453"",""weighted_score"":0.9892,""diversity_score"":1.155172},{""rank"":3,""recommended"":false,""feasible"":false,""budget_used"":0.875317,""budget_violation"":0,""makespan"":99.816,""deadline_violation"":20.11,""machine_signature"":""a30aa877278dac9a"",""weighted_score"":1,""diversity_score"":3.689655}]"
heft_colocation,cluster_hetero,25,maddid0000037|maddid0000056|mbackgroundid0000013|mbackgroundid0000015|mbackgroundid0000054|mbgmodelid0000012|mbgmodelid0000031|mbgmodelid0000050|mconcatfitid0000011|mdifffitid0000006|mdifffitid0000026|mdifffitid0000027|mdifffitid0000028|mdifffitid0000029|mdifffitid0000043|mdifffitid0000046|mdifffitid0000047|mdifffitid0000048|mimgtblid0000017|mimgtblid0000036|mimgtblid0000055|mprojectid0000001|mprojectid0000002|mprojectid0000004|mprojectid0000020|mprojectid0000021|mprojectid0000042|mviewerid0000019|mviewerid0000038,0.200000,287.957000,0.000000,0.000000,235.839680,0.000000,52.117000,false,42.600000,14,0.950000,"{""bora005"":21,""bora006"":34,""diablo01"":2,""diablo02"":1}","{""bora005"":0.06743,""bora006"":0.097104,""diablo01"":0.00406,""diablo02"":0.003449}",[]
prism_cc_cost,cluster_hetero,25,maddid0000037|maddid0000056|mbackgroundid0000013|mbackgroundid0000015|mbackgroundid0000054|mbgmodelid0000012|mbgmodelid0000031|mbgmodelid0000050|mconcatfitid0000011|mdifffitid0000006|mdifffitid0000026|mdifffitid0000027|mdifffitid0000028|mdifffitid0000029|mdifffitid0000043|mdifffitid0000046|mdifffitid0000047|mdifffitid0000048|mimgtblid0000017|mimgtblid0000036|mimgtblid0000055|mprojectid0000001|mprojectid0000002|mprojectid0000004|mprojectid0000020|mprojectid0000021|mprojectid0000042|mviewerid0000019|mviewerid0000038,0.200000,287.957000,0.000000,0.000000,235.839680,0.000000,52.117000,false,42.600000,14,146.413000,"{""bora005"":21,""bora006"":34,""diablo01"":2,""diablo02"":1}","{""bora005"":0.06743,""bora006"":0.097104,""diablo01"":0.00406,""diablo02"":0.003449}","[{""rank"":1,""recommended"":true,""feasible"":false,""budget_used"":0,""budget_violation"":0,""makespan"":287.957,""deadline_violation"":52.117,""machine_signature"":""dff389073c31198e"",""weighted_score"":0,""diversity_score"":3.413793}]"
prism_cc_time,cluster_hetero,25,maddid0000037|maddid0000056|mbackgroundid0000013|mbackgroundid0000015|mbackgroundid0000054|mbgmodelid0000012|mbgmodelid0000031|mbgmodelid0000050|mconcatfitid0000011|mdifffitid0000006|mdifffitid0000026|mdifffitid0000027|mdifffitid0000028|mdifffitid0000029|mdifffitid0000043|mdifffitid0000046|mdifffitid0000047|mdifffitid0000048|mimgtblid0000017|mimgtblid0000036|mimgtblid0000055|mprojectid0000001|mprojectid0000002|mprojectid0000004|mprojectid0000020|mprojectid0000021|mprojectid0000042|mviewerid0000019|mviewerid0000038,0.200000,287.957000,0.000000,0.000000,235.839680,0.000000,52.117000,false,42.600000,14,146.413000,"{""bora005"":21,""bora006"":34,""diablo01"":2,""diablo02"":1}","{""bora005"":0.06743,""bora006"":0.097104,""diablo01"":0.00406,""diablo02"":0.003449}","[{""rank"":1,""recommended"":true,""feasible"":false,""budget_used"":0,""budget_violation"":0,""makespan"":287.957,""deadline_violation"":52.117,""machine_signature"":""dff389073c31198e"",""weighted_score"":1,""diversity_score"":3.413793}]"
heft_colocation,cluster_homo,25,maddid0000037|maddid0000056|mbackgroundid0000013|mbackgroundid0000015|mbackgroundid0000054|mbgmodelid0000012|mbgmodelid0000031|mbgmodelid0000050|mconcatfitid0000011|mdifffitid0000006|mdifffitid0000026|mdifffitid0000027|mdifffitid0000028|mdifffitid0000029|mdifffitid0000043|mdifffitid0000046|mdifffitid0000047|mdifffitid0000048|mimgtblid0000017|mimgtblid0000036|mimgtblid0000055|mprojectid0000001|mprojectid0000002|mprojectid0000004|mprojectid0000020|mprojectid0000021|mprojectid0000042|mviewerid0000019|mviewerid0000038,0.200000,287.957000,0.000000,0.000000,230.365600,0.000000,57.591000,false,22.995000,5,0.860000,"{""bora001"":16,""bora002"":18,""bora003"":8,""bora004"":16}","{""bora001"":0.032398,""bora002"":0.047517,""bora003"":0.039204,""bora004"":0.054219}",[]
prism_cc_cost,cluster_homo,25,maddid0000037|maddid0000056|mbackgroundid0000013|mbackgroundid0000015|mbackgroundid0000054|mbgmodelid0000012|mbgmodelid0000031|mbgmodelid0000050|mconcatfitid0000011|mdifffitid0000006|mdifffitid0000026|mdifffitid0000027|mdifffitid0000028|mdifffitid0000029|mdifffitid0000043|mdifffitid0000046|mdifffitid0000047|mdifffitid0000048|mimgtblid0000017|mimgtblid0000036|mimgtblid0000055|mprojectid0000001|mprojectid0000002|mprojectid0000004|mprojectid0000020|mprojectid0000021|mprojectid0000042|mviewerid0000019|mviewerid0000038,0.200000,287.957000,0.000000,0.000000,230.365600,0.000000,57.591000,false,22.995000,5,133.222000,"{""bora001"":16,""bora002"":18,""bora003"":8,""bora004"":16}","{""bora001"":0.032398,""bora002"":0.047517,""bora003"":0.039204,""bora004"":0.054219}","[{""rank"":1,""recommended"":true,""feasible"":false,""budget_used"":0,""budget_violation"":0,""makespan"":287.957,""deadline_violation"":57.591,""machine_signature"":""a0db12ca4ea99999"",""weighted_score"":0,""diversity_score"":3.689655}]"
prism_cc_time,cluster_homo,25,maddid0000037|maddid0000056|mbackgroundid0000013|mbackgroundid0000015|mbackgroundid0000054|mbgmodelid0000012|mbgmodelid0000031|mbgmodelid0000050|mconcatfitid0000011|mdifffitid0000006|mdifffitid0000026|mdifffitid0000027|mdifffitid0000028|mdifffitid0000029|mdifffitid0000043|mdifffitid0000046|mdifffitid0000047|mdifffitid0000048|mimgtblid0000017|mimgtblid0000036|mimgtblid0000055|mprojectid0000001|mprojectid0000002|mprojectid0000004|mprojectid0000020|mprojectid0000021|mprojectid0000042|mviewerid0000019|mviewerid0000038,0.200000,287.957000,0.000000,0.000000,230.365600,0.000000,57.591000,false,22.995000,5,133.222000,"{""bora001"":16,""bora002"":18,""bora003"":8,""bora004"":16}","{""bora001"":0.032398,""bora002"":0.047517,""bora003"":0.039204,""bora004"":0.054219}","[{""rank"":1,""recommended"":true,""feasible"":false,""budget_used"":0,""budget_violation"":0,""makespan"":287.957,""deadline_violation"":57.591,""machine_signature"":""a0db12ca4ea99999"",""weighted_score"":1,""diversity_score"":3.689655}]"
heft_colocation,hybrid_hetero,25,maddid0000037|maddid0000056|mbackgroundid0000013|mbackgroundid0000015|mbackgroundid0000054|mbgmodelid0000012|mbgmodelid0000031|mbgmodelid0000050|mconcatfitid0000011|mdifffitid0000006|mdifffitid0000026|mdifffitid0000027|mdifffitid0000028|mdifffitid0000029|mdifffitid0000043|mdifffitid0000046|mdifffitid0000047|mdifffitid0000048|mimgtblid0000017|mimgtblid0000036|mimgtblid0000055|mprojectid0000001|mprojectid0000002|mprojectid0000004|mprojectid0000020|mprojectid0000021|mprojectid0000042|mviewerid0000019|mviewerid0000038,0.200000,96.660000,0.274161,0.348827,79.406640,0.000000,17.253000,false,33.934000,25,1.491000,"{""h3-standard-88-2"":1,""h4d-standard-192-7"":57}","{""bora011"":0,""diablo03"":0,""h3-standard-88-2"":0.002122,""h4d-standard-192-7"":0.01859}",[]
prism_cc_cost,hybrid_hetero,25,maddid0000037|maddid0000056|mbackgroundid0000013|mbackgroundid0000015|mbackgroundid0000054|mbgmodelid0000012|mbgmodelid0000031|mbgmodelid0000050|mconcatfitid0000011|mdifffitid0000006|mdifffitid0000026|mdifffitid0000027|mdifffitid0000028|mdifffitid0000029|mdifffitid0000043|mdifffitid0000046|mdifffitid0000047|mdifffitid0000048|mimgtblid0000017|mimgtblid0000036|mimgtblid0000055|mprojectid0000001|mprojectid0000002|mprojectid0000004|mprojectid0000020|mprojectid0000021|mprojectid0000042|mviewerid0000019|mviewerid0000038,0.200000,96.660000,0.274161,0.348827,79.406640,0.000000,17.253000,false,33.934000,25,189.398000,"{""h3-standard-88-2"":1,""h4d-standard-192-7"":57}","{""bora011"":0,""diablo03"":0,""h3-standard-88-2"":0.002122,""h4d-standard-192-7"":0.01859}","[{""rank"":1,""recommended"":true,""feasible"":false,""budget_used"":0.274161,""budget_violation"":0,""makespan"":96.66,""deadline_violation"":17.253,""machine_signature"":""6a03b55f389b35aa"",""weighted_score"":0.274161,""diversity_score"":1.017241}]"
prism_cc_time,hybrid_hetero,25,maddid0000037|maddid0000056|mbackgroundid0000013|mbackgroundid0000015|mbackgroundid0000054|mbgmodelid0000012|mbgmodelid0000031|mbgmodelid0000050|mconcatfitid0000011|mdifffitid0000006|mdifffitid0000026|mdifffitid0000027|mdifffitid0000028|mdifffitid0000029|mdifffitid0000043|mdifffitid0000046|mdifffitid0000047|mdifffitid0000048|mimgtblid0000017|mimgtblid0000036|mimgtblid0000055|mprojectid0000001|mprojectid0000002|mprojectid0000004|mprojectid0000020|mprojectid0000021|mprojectid0000042|mviewerid0000019|mviewerid0000038,0.200000,96.660000,0.274161,0.348827,79.406640,0.000000,17.253000,false,33.934000,25,189.398000,"{""h3-standard-88-2"":1,""h4d-standard-192-7"":57}","{""bora011"":0,""diablo03"":0,""h3-standard-88-2"":0.002122,""h4d-standard-192-7"":0.01859}","[{""rank"":1,""recommended"":true,""feasible"":false,""budget_used"":0.274161,""budget_violation"":0,""makespan"":96.66,""deadline_violation"":17.253,""machine_signature"":""6a03b55f389b35aa"",""weighted_score"":1,""diversity_score"":1.017241}]"
heft_colocation,hybrid_homo,25,maddid0000037|maddid0000056|mbackgroundid0000013|mbackgroundid0000015|mbackgroundid0000054|mbgmodelid0000012|mbgmodelid0000031|mbgmodelid0000050|mconcatfitid0000011|mdifffitid0000006|mdifffitid0000026|mdifffitid0000027|mdifffitid0000028|mdifffitid0000029|mdifffitid0000043|mdifffitid0000046|mdifffitid0000047|mdifffitid0000048|mimgtblid0000017|mimgtblid0000036|mimgtblid0000055|mprojectid0000001|mprojectid0000002|mprojectid0000004|mprojectid0000020|mprojectid0000021|mprojectid0000042|mviewerid0000019|mviewerid0000038,0.200000,99.124000,0.518857,0.607531,78.742107,0.000000,20.382000,false,15.145000,11,2.248000,"{""h4d-standard-192-5"":24,""h4d-standard-192-6"":34}","{""bora009"":0,""bora010"":0,""h4d-standard-192-5"":0.008284,""h4d-standard-192-6"":0.009339}",[]
prism_cc_cost,hybrid_homo,25,maddid0000037|maddid0000056|mbackgroundid0000013|mbackgroundid0000015|mbackgroundid0000054|mbgmodelid0000012|mbgmodelid0000031|mbgmodelid0000050|mconcatfitid0000011|mdifffitid0000006|mdifffitid0000026|mdifffitid0000027|mdifffitid0000028|mdifffitid0000029|mdifffitid0000043|mdifffitid0000046|mdifffitid0000047|mdifffitid0000048|mimgtblid0000017|mimgtblid0000036|mimgtblid0000055|mprojectid0000001|mprojectid0000002|mprojectid0000004|mprojectid0000020|mprojectid0000021|mprojectid0000042|mviewerid0000019|mviewerid0000038,0.200000,99.124000,0.518857,0.607531,78.742107,0.000000,20.382000,false,15.145000,11,265.358000,"{""h4d-standard-192-5"":24,""h4d-standard-192-6"":34}","{""bora009"":0,""bora010"":0,""h4d-standard-192-5"":0.008284,""h4d-standard-192-6"":0.009339}","[{""rank"":1,""recommended"":true,""feasible"":false,""budget_used"":0.518857,""budget_violation"":0,""makespan"":99.124,""deadline_violation"":20.382,""machine_signature"":""8d1bb91561628a5d"",""weighted_score"":0.518857,""diversity_score"":1.413793}]"
prism_cc_time,hybrid_homo,25,maddid0000037|maddid0000056|mbackgroundid0000013|mbackgroundid0000015|mbackgroundid0000054|mbgmodelid0000012|mbgmodelid0000031|mbgmodelid0000050|mconcatfitid0000011|mdifffitid0000006|mdifffitid0000026|mdifffitid0000027|mdifffitid0000028|mdifffitid0000029|mdifffitid0000043|mdifffitid0000046|mdifffitid0000047|mdifffitid0000048|mimgtblid0000017|mimgtblid0000036|mimgtblid0000055|mprojectid0000001|mprojectid0000002|mprojectid0000004|mprojectid0000020|mprojectid0000021|mprojectid0000042|mviewerid0000019|mviewerid0000038,0.200000,99.124000,0.518857,0.607531,78.742107,0.000000,20.382000,false,15.145000,11,265.358000,"{""h4d-standard-192-5"":24,""h4d-standard-192-6"":34}","{""bora009"":0,""bora010"":0,""h4d-standard-192-5"":0.008284,""h4d-standard-192-6"":0.009339}","[{""rank"":1,""recommended"":true,""feasible"":false,""budget_used"":0.518857,""budget_violation"":0,""makespan"":99.124,""deadline_violation"":20.382,""machine_signature"":""8d1bb91561628a5d"",""weighted_score"":1,""diversity_score"":1.413793}]"
heft_colocation,hybrid_raspberry_500mbps,25,maddid0000037|maddid0000056|mbackgroundid0000013|mbackgroundid0000015|mbackgroundid0000054|mbgmodelid0000012|mbgmodelid0000031|mbgmodelid0000050|mconcatfitid0000011|mdifffitid0000006|mdifffitid0000026|mdifffitid0000027|mdifffitid0000028|mdifffitid0000029|mdifffitid0000043|mdifffitid0000046|mdifffitid0000047|mdifffitid0000048|mimgtblid0000017|mimgtblid0000036|mimgtblid0000055|mprojectid0000001|mprojectid0000002|mprojectid0000004|mprojectid0000020|mprojectid0000021|mprojectid0000042|mviewerid0000019|mviewerid0000038,0.200000,143.674000,0.412624,0.533583,119.533547,0.000000,24.140000,false,46.491000,26,2.251000,"{""cloud-node-02"":53,""hpc-node-02"":5}","{""cloud-node-01"":0,""cloud-node-02"":0.065686,""hpc-node-01"":0,""hpc-node-02"":0.024865,""rpi-edge-01"":0,""rpi-edge-02"":0,""rpi-edge-03"":0,""rpi-edge-04"":0,""rpi-edge-05"":0,""rpi-edge-06"":0,""rpi-edge-07"":0,""rpi-edge-08"":0,""rpi-edge-09"":0,""rpi-edge-10"":0}",[]
prism_cc_cost,hybrid_raspberry_500mbps,25,maddid0000037|maddid0000056|mbackgroundid0000013|mbackgroundid0000015|mbackgroundid0000054|mbgmodelid0000012|mbgmodelid0000031|mbgmodelid0000050|mconcatfitid0000011|mdifffitid0000006|mdifffitid0000026|mdifffitid0000027|mdifffitid0000028|mdifffitid0000029|mdifffitid0000043|mdifffitid0000046|mdifffitid0000047|mdifffitid0000048|mimgtblid0000017|mimgtblid0000036|mimgtblid0000055|mprojectid0000001|mprojectid0000002|mprojectid0000004|mprojectid0000020|mprojectid0000021|mprojectid0000042|mviewerid0000019|mviewerid0000038,0.200000,143.674000,0.412624,0.533583,119.533547,0.000000,24.140000,false,46.491000,26,400.315000,"{""cloud-node-02"":53,""hpc-node-02"":5}","{""cloud-node-01"":0,""cloud-node-02"":0.065686,""hpc-node-01"":0,""hpc-node-02"":0.024865,""rpi-edge-01"":0,""rpi-edge-02"":0,""rpi-edge-03"":0,""rpi-edge-04"":0,""rpi-edge-05"":0,""rpi-edge-06"":0,""rpi-edge-07"":0,""rpi-edge-08"":0,""rpi-edge-09"":0,""rpi-edge-10"":0}","[{""rank"":1,""recommended"":true,""feasible"":false,""budget_used"":0.412624,""budget_violation"":0,""makespan"":143.674,""deadline_violation"":24.14,""machine_signature"":""bd9adb3d10d51f7c"",""weighted_score"":0.412624,""diversity_score"":1.086207}]"
prism_cc_time,hybrid_raspberry_500mbps,25,maddid0000037|maddid0000056|mbackgroundid0000013|mbackgroundid0000015|mbackgroundid0000054|mbgmodelid0000012|mbgmodelid0000031|mbgmodelid0000050|mconcatfitid0000011|mdifffitid0000006|mdifffitid0000026|mdifffitid0000027|mdifffitid0000028|mdifffitid0000029|mdifffitid0000043|mdifffitid0000046|mdifffitid0000047|mdifffitid0000048|mimgtblid0000017|mimgtblid0000036|mimgtblid0000055|mprojectid0000001|mprojectid0000002|mprojectid0000004|mprojectid0000020|mprojectid0000021|mprojectid0000042|mviewerid0000019|mviewerid0000038,0.200000,143.674000,0.412624,0.533583,119.533547,0.000000,24.140000,false,46.491000,26,400.315000,"{""cloud-node-02"":53,""hpc-node-02"":5}","{""cloud-node-01"":0,""cloud-node-02"":0.065686,""hpc-node-01"":0,""hpc-node-02"":0.024865,""rpi-edge-01"":0,""rpi-edge-02"":0,""rpi-edge-03"":0,""rpi-edge-04"":0,""rpi-edge-05"":0,""rpi-edge-06"":0,""rpi-edge-07"":0,""rpi-edge-08"":0,""rpi-edge-09"":0,""rpi-edge-10"":0}","[{""rank"":1,""recommended"":true,""feasible"":false,""budget_used"":0.412624,""budget_violation"":0,""makespan"":143.674,""deadline_violation"":24.14,""machine_signature"":""bd9adb3d10d51f7c"",""weighted_score"":1,""diversity_score"":1.086207}]"
heft_colocation,cloud_hetero,26,maddid0000018|maddid0000037|mbackgroundid0000015|mbackgroundid0000016|mbackgroundid0000032|mbackgroundid0000033|mbackgroundid0000034|mbackgroundid0000051|mbackgroundid0000052|mbackgroundid0000053|mbgmodelid0000012|mconcatfitid0000011|mconcatfitid0000030|mdifffitid0000006|mdifffitid0000007|mdifffitid0000009|mdifffitid0000025|mdifffitid0000026|mdifffitid0000029|mdifffitid0000044|mdifffitid0000045|mdifffitid0000046|mimgtblid0000017|mprojectid0000002|mprojectid0000003|mprojectid0000022|mprojectid0000041|mviewerid0000038|mviewerid0000058,0.200000,95.151000,0.522263,0.641828,78.742107,0.000000,16.409000,false,5.077000,5,1.906000,"{""h4d-highmem-192-1"":42,""h4d-standard-192-1"":16}","{""h3-standard-88-1"":0,""h3-standard-88-2"":0,""h4d-highmem-192-1"":0.009725,""h4d-standard-192-1"":0.008083}",[]
prism_cc_cost,cloud_hetero,26,maddid0000018|maddid0000037|mbackgroundid0000015|mbackgroundid0000016|mbackgroundid0000032|mbackgroundid0000033|mbackgroundid0000034|mbackgroundid0000051|mbackgroundid0000052|mbackgroundid0000053|mbgmodelid0000012|mconcatfitid0000011|mconcatfitid0000030|mdifffitid0000006|mdifffitid0000007|mdifffitid0000009|mdifffitid0000025|mdifffitid0000026|mdifffitid0000029|mdifffitid0000044|mdifffitid0000045|mdifffitid0000046|mimgtblid0000017|mprojectid0000002|mprojectid0000003|mprojectid0000022|mprojectid0000041|mviewerid0000038|mviewerid0000058,0.200000,95.151000,0.522263,0.641828,78.742107,0.000000,16.409000,false,5.077000,5,253.606000,"{""h4d-highmem-192-1"":42,""h4d-standard-192-1"":16}","{""h3-standard-88-1"":0,""h3-standard-88-2"":0,""h4d-highmem-192-1"":0.009725,""h4d-standard-192-1"":0.008083}","[{""rank"":1,""recommended"":true,""feasible"":false,""budget_used"":0.206013,""budget_violation"":0,""makespan"":94.433,""deadline_violation"":15.691,""machine_signature"":""a0f087420b7f314e"",""weighted_score"":0.206013,""diversity_score"":0},{""rank"":2,""recommended"":false,""feasible"":false,""budget_used"":0.522263,""budget_violation"":0,""makespan"":95.151,""deadline_violation"":16.409,""machine_signature"":""7cddd979aa1721d3"",""weighted_score"":0.522263,""diversity_score"":1.275862}]"
prism_cc_time,cloud_hetero,26,maddid0000018|maddid0000037|mbackgroundid0000015|mbackgroundid0000016|mbackgroundid0000032|mbackgroundid0000033|mbackgroundid0000034|mbackgroundid0000051|mbackgroundid0000052|mbackgroundid0000053|mbgmodelid0000012|mconcatfitid0000011|mconcatfitid0000030|mdifffitid0000006|mdifffitid0000007|mdifffitid0000009|mdifffitid0000025|mdifffitid0000026|mdifffitid0000029|mdifffitid0000044|mdifffitid0000045|mdifffitid0000046|mimgtblid0000017|mprojectid0000002|mprojectid0000003|mprojectid0000022|mprojectid0000041|mviewerid0000038|mviewerid0000058,0.200000,94.433000,0.206013,0.641828,78.742107,0.000000,15.691000,false,16.784000,19,253.606000,"{""h4d-standard-192-1"":58}","{""h3-standard-88-1"":0,""h3-standard-88-2"":0,""h4d-highmem-192-1"":0,""h4d-standard-192-1"":0.018589}","[{""rank"":1,""recommended"":true,""feasible"":false,""budget_used"":0.206013,""budget_violation"":0,""makespan"":94.433,""deadline_violation"":15.691,""machine_signature"":""a0f087420b7f314e"",""weighted_score"":0.992454,""diversity_score"":0},{""rank"":2,""recommended"":false,""feasible"":false,""budget_used"":0.522263,""budget_violation"":0,""makespan"":95.151,""deadline_violation"":16.409,""machine_signature"":""7cddd979aa1721d3"",""weighted_score"":1,""diversity_score"":1.275862}]"
heft_colocation,cloud_homo,26,maddid0000018|maddid0000037|mbackgroundid0000015|mbackgroundid0000016|mbackgroundid0000032|mbackgroundid0000033|mbackgroundid0000034|mbackgroundid0000051|mbackgroundid0000052|mbackgroundid0000053|mbgmodelid0000012|mconcatfitid0000011|mconcatfitid0000030|mdifffitid0000006|mdifffitid0000007|mdifffitid0000009|mdifffitid0000025|mdifffitid0000026|mdifffitid0000029|mdifffitid0000044|mdifffitid0000045|mdifffitid0000046|mimgtblid0000017|mprojectid0000002|mprojectid0000003|mprojectid0000022|mprojectid0000041|mviewerid0000038|mviewerid0000058,0.200000,99.816000,0.888378,1.059152,79.706000,0.000000,20.110000,false,0.005000,0,3.236000,"{""h4d-standard-192-1"":17,""h4d-standard-192-2"":15,""h4d-standard-192-3"":9,""h4d-standard-192-4"":17}","{""h4d-standard-192-1"":0.003873,""h4d-standard-192-2"":0.003254,""h4d-standard-192-3"":0.00428,""h4d-standard-192-4"":0.005304}",[]
prism_cc_cost,cloud_homo,26,maddid0000018|maddid0000037|mbackgroundid0000015|mbackgroundid0000016|mbackgroundid0000032|mbackgroundid0000033|mbackgroundid0000034|mbackgroundid0000051|mbackgroundid0000052|mbackgroundid0000053|mbgmodelid0000012|mconcatfitid0000011|mconcatfitid0000030|mdifffitid0000006|mdifffitid0000007|mdifffitid0000009|mdifffitid0000025|mdifffitid0000026|mdifffitid0000029|mdifffitid0000044|mdifffitid0000045|mdifffitid0000046|mimgtblid0000017|mprojectid0000002|mprojectid0000003|mprojectid0000022|mprojectid0000041|mviewerid0000038|mviewerid0000058,0.200000,99.816000,0.888378,1.059152,79.706000,0.000000,20.110000,false,0.005000,0,260.472000,"{""h4d-standard-192-1"":17,""h4d-standard-192-2"":15,""h4d-standard-192-3"":9,""h4d-standard-192-4"":17}","{""h4d-standard-192-1"":0.003873,""h4d-standard-192-2"":0.003254,""h4d-standard-192-3"":0.00428,""h4d-standard-192-4"":0.005304}","[{""rank"":1,""recommended"":true,""feasible"":false,""budget_used"":0.202623,""budget_violation"":0,""makespan"":92.879,""deadline_violation"":13.173,""machine_signature"":""9930b36f53910b55"",""weighted_score"":0.202623,""diversity_score"":0},{""rank"":2,""recommended"":false,""feasible"":false,""budget_used"":0.888378,""budget_violation"":0,""makespan"":99.816,""deadline_violation"":20.11,""machine_signature"":""cdc9569f5844b98d"",""weighted_score"":0.888378,""diversity_score"":3.706897}]"
prism_cc_time,cloud_homo,26,maddid0000018|maddid0000037|mbackgroundid0000015|mbackgroundid0000016|mbackgroundid0000032|mbackgroundid0000033|mbackgroundid0000034|mbackgroundid0000051|mbackgroundid0000052|mbackgroundid0000053|mbgmodelid0000012|mconcatfitid0000011|mconcatfitid0000030|mdifffitid0000006|mdifffitid0000007|mdifffitid0000009|mdifffitid0000025|mdifffitid0000026|mdifffitid0000029|mdifffitid0000044|mdifffitid0000045|mdifffitid0000046|mimgtblid0000017|mprojectid0000002|mprojectid0000003|mprojectid0000022|mprojectid0000041|mviewerid0000038|mviewerid0000058,0.200000,92.879000,0.202623,1.059152,79.706000,0.000000,13.173000,false,16.343000,15,260.472000,"{""h4d-standard-192-1"":58}","{""h4d-standard-192-1"":0.018876,""h4d-standard-192-2"":0,""h4d-standard-192-3"":0,""h4d-standard-192-4"":0}","[{""rank"":1,""recommended"":true,""feasible"":false,""budget_used"":0.202623,""budget_violation"":0,""makespan"":92.879,""deadline_violation"":13.173,""machine_signature"":""9930b36f53910b55"",""weighted_score"":0.930502,""diversity_score"":0},{""rank"":2,""recommended"":false,""feasible"":false,""budget_used"":0.888378,""budget_violation"":0,""makespan"":99.816,""deadline_violation"":20.11,""machine_signature"":""cdc9569f5844b98d"",""weighted_score"":1,""diversity_score"":3.706897}]"
heft_colocation,cluster_hetero,26,maddid0000018|maddid0000037|mbackgroundid0000015|mbackgroundid0000016|mbackgroundid0000032|mbackgroundid0000033|mbackgroundid0000034|mbackgroundid0000051|mbackgroundid0000052|mbackgroundid0000053|mbgmodelid0000012|mconcatfitid0000011|mconcatfitid0000030|mdifffitid0000006|mdifffitid0000007|mdifffitid0000009|mdifffitid0000025|mdifffitid0000026|mdifffitid0000029|mdifffitid0000044|mdifffitid0000045|mdifffitid0000046|mimgtblid0000017|mprojectid0000002|mprojectid0000003|mprojectid0000022|mprojectid0000041|mviewerid0000038|mviewerid0000058,0.200000,287.957000,0.000000,0.000000,235.839680,0.000000,52.117000,false,30.950000,11,0.923000,"{""bora005"":38,""bora006"":20}","{""bora005"":0.112248,""bora006"":0.061857,""diablo01"":0,""diablo02"":0}",[]
prism_cc_cost,cluster_hetero,26,maddid0000018|maddid0000037|mbackgroundid0000015|mbackgroundid0000016|mbackgroundid0000032|mbackgroundid0000033|mbackgroundid0000034|mbackgroundid0000051|mbackgroundid0000052|mbackgroundid0000053|mbgmodelid0000012|mconcatfitid0000011|mconcatfitid0000030|mdifffitid0000006|mdifffitid0000007|mdifffitid0000009|mdifffitid0000025|mdifffitid0000026|mdifffitid0000029|mdifffitid0000044|mdifffitid0000045|mdifffitid0000046|mimgtblid0000017|mprojectid0000002|mprojectid0000003|mprojectid0000022|mprojectid0000041|mviewerid0000038|mviewerid0000058,0.200000,287.957000,0.000000,0.000000,235.839680,0.000000,52.117000,false,30.950000,11,137.682000,"{""bora005"":38,""bora006"":20}","{""bora005"":0.112248,""bora006"":0.061857,""diablo01"":0,""diablo02"":0}","[{""rank"":1,""recommended"":true,""feasible"":false,""budget_used"":0,""budget_violation"":0,""makespan"":287.957,""deadline_violation"":52.117,""machine_signature"":""f1caa4e71c4e9be6"",""weighted_score"":0,""diversity_score"":1.344828}]"
prism_cc_time,cluster_hetero,26,maddid0000018|maddid0000037|mbackgroundid0000015|mbackgroundid0000016|mbackgroundid0000032|mbackgroundid0000033|mbackgroundid0000034|mbackgroundid0000051|mbackgroundid0000052|mbackgroundid0000053|mbgmodelid0000012|mconcatfitid0000011|mconcatfitid0000030|mdifffitid0000006|mdifffitid0000007|mdifffitid0000009|mdifffitid0000025|mdifffitid0000026|mdifffitid0000029|mdifffitid0000044|mdifffitid0000045|mdifffitid0000046|mimgtblid0000017|mprojectid0000002|mprojectid0000003|mprojectid0000022|mprojectid0000041|mviewerid0000038|mviewerid0000058,0.200000,287.957000,0.000000,0.000000,235.839680,0.000000,52.117000,false,30.950000,11,137.682000,"{""bora005"":38,""bora006"":20}","{""bora005"":0.112248,""bora006"":0.061857,""diablo01"":0,""diablo02"":0}","[{""rank"":1,""recommended"":true,""feasible"":false,""budget_used"":0,""budget_violation"":0,""makespan"":287.957,""deadline_violation"":52.117,""machine_signature"":""f1caa4e71c4e9be6"",""weighted_score"":1,""diversity_score"":1.344828}]"
heft_colocation,cluster_homo,26,maddid0000018|maddid0000037|mbackgroundid0000015|mbackgroundid0000016|mbackgroundid0000032|mbackgroundid0000033|mbackgroundid0000034|mbackgroundid0000051|mbackgroundid0000052|mbackgroundid0000053|mbgmodelid0000012|mconcatfitid0000011|mconcatfitid0000030|mdifffitid0000006|mdifffitid0000007|mdifffitid0000009|mdifffitid0000025|mdifffitid0000026|mdifffitid0000029|mdifffitid0000044|mdifffitid0000045|mdifffitid0000046|mimgtblid0000017|mprojectid0000002|mprojectid0000003|mprojectid0000022|mprojectid0000041|mviewerid0000038|mviewerid0000058,0.200000,287.957000,0.000000,0.000000,230.365600,0.000000,57.591000,false,3.051000,6,1.032000,"{""bora001"":18,""bora002"":15,""bora003"":9,""bora004"":16}","{""bora001"":0.039821,""bora002"":0.033418,""bora003"":0.043824,""bora004"":0.05435}",[]
prism_cc_cost,cluster_homo,26,maddid0000018|maddid0000037|mbackgroundid0000015|mbackgroundid0000016|mbackgroundid0000032|mbackgroundid0000033|mbackgroundid0000034|mbackgroundid0000051|mbackgroundid0000052|mbackgroundid0000053|mbgmodelid0000012|mconcatfitid0000011|mconcatfitid0000030|mdifffitid0000006|mdifffitid0000007|mdifffitid0000009|mdifffitid0000025|mdifffitid0000026|mdifffitid0000029|mdifffitid0000044|mdifffitid0000045|mdifffitid0000046|mimgtblid0000017|mprojectid0000002|mprojectid0000003|mprojectid0000022|mprojectid0000041|mviewerid0000038|mviewerid0000058,0.200000,287.957000,0.000000,0.000000,230.365600,0.000000,57.591000,false,3.051000,6,132.607000,"{""bora001"":18,""bora002"":15,""bora003"":9,""bora004"":16}","{""bora001"":0.039821,""bora002"":0.033418,""bora003"":0.043824,""bora004"":0.05435}","[{""rank"":1,""recommended"":true,""feasible"":false,""budget_used"":0,""budget_violation"":0,""makespan"":287.957,""deadline_violation"":57.591,""machine_signature"":""8cb9b3a5a6285a07"",""weighted_score"":0,""diversity_score"":3.689655}]"
prism_cc_time,cluster_homo,26,maddid0000018|maddid0000037|mbackgroundid0000015|mbackgroundid0000016|mbackgroundid0000032|mbackgroundid0000033|mbackgroundid0000034|mbackgroundid0000051|mbackgroundid0000052|mbackgroundid0000053|mbgmodelid0000012|mconcatfitid0000011|mconcatfitid0000030|mdifffitid0000006|mdifffitid0000007|mdifffitid0000009|mdifffitid0000025|mdifffitid0000026|mdifffitid0000029|mdifffitid0000044|mdifffitid0000045|mdifffitid0000046|mimgtblid0000017|mprojectid0000002|mprojectid0000003|mprojectid0000022|mprojectid0000041|mviewerid0000038|mviewerid0000058,0.200000,287.957000,0.000000,0.000000,230.365600,0.000000,57.591000,false,3.051000,6,132.607000,"{""bora001"":18,""bora002"":15,""bora003"":9,""bora004"":16}","{""bora001"":0.039821,""bora002"":0.033418,""bora003"":0.043824,""bora004"":0.05435}","[{""rank"":1,""recommended"":true,""feasible"":false,""budget_used"":0,""budget_violation"":0,""makespan"":287.957,""deadline_violation"":57.591,""machine_signature"":""8cb9b3a5a6285a07"",""weighted_score"":1,""diversity_score"":3.689655}]"
heft_colocation,hybrid_hetero,26,maddid0000018|maddid0000037|mbackgroundid0000015|mbackgroundid0000016|mbackgroundid0000032|mbackgroundid0000033|mbackgroundid0000034|mbackgroundid0000051|mbackgroundid0000052|mbackgroundid0000053|mbgmodelid0000012|mconcatfitid0000011|mconcatfitid0000030|mdifffitid0000006|mdifffitid0000007|mdifffitid0000009|mdifffitid0000025|mdifffitid0000026|mdifffitid0000029|mdifffitid0000044|mdifffitid0000045|mdifffitid0000046|mimgtblid0000017|mprojectid0000002|mprojectid0000003|mprojectid0000022|mprojectid0000041|mviewerid0000038|mviewerid0000058,0.200000,92.864000,0.202591,0.348827,79.406640,0.000000,13.457000,false,16.251000,12,1.616000,"{""h4d-standard-192-7"":58}","{""bora011"":0,""diablo03"":0,""h3-standard-88-2"":0,""h4d-standard-192-7"":0.018873}",[]
prism_cc_cost,hybrid_hetero,26,maddid0000018|maddid0000037|mbackgroundid0000015|mbackgroundid0000016|mbackgroundid0000032|mbackgroundid0000033|mbackgroundid0000034|mbackgroundid0000051|mbackgroundid0000052|mbackgroundid0000053|mbgmodelid0000012|mconcatfitid0000011|mconcatfitid0000030|mdifffitid0000006|mdifffitid0000007|mdifffitid0000009|mdifffitid0000025|mdifffitid0000026|mdifffitid0000029|mdifffitid0000044|mdifffitid0000045|mdifffitid0000046|mimgtblid0000017|mprojectid0000002|mprojectid0000003|mprojectid0000022|mprojectid0000041|mviewerid0000038|mviewerid0000058,0.200000,92.864000,0.202591,0.348827,79.406640,0.000000,13.457000,false,16.251000,12,186.401000,"{""h4d-standard-192-7"":58}","{""bora011"":0,""diablo03"":0,""h3-standard-88-2"":0,""h4d-standard-192-7"":0.018873}","[{""rank"":1,""recommended"":true,""feasible"":false,""budget_used"":0.202591,""budget_violation"":0,""makespan"":92.864,""deadline_violation"":13.457,""machine_signature"":""cca0187d4a4e9426"",""weighted_score"":0.202591,""diversity_score"":0}]"
prism_cc_time,hybrid_hetero,26,maddid0000018|maddid0000037|mbackgroundid0000015|mbackgroundid0000016|mbackgroundid0000032|mbackgroundid0000033|mbackgroundid0000034|mbackgroundid0000051|mbackgroundid0000052|mbackgroundid0000053|mbgmodelid0000012|mconcatfitid0000011|mconcatfitid0000030|mdifffitid0000006|mdifffitid0000007|mdifffitid0000009|mdifffitid0000025|mdifffitid0000026|mdifffitid0000029|mdifffitid0000044|mdifffitid0000045|mdifffitid0000046|mimgtblid0000017|mprojectid0000002|mprojectid0000003|mprojectid0000022|mprojectid0000041|mviewerid0000038|mviewerid0000058,0.200000,92.864000,0.202591,0.348827,79.406640,0.000000,13.457000,false,16.251000,12,186.401000,"{""h4d-standard-192-7"":58}","{""bora011"":0,""diablo03"":0,""h3-standard-88-2"":0,""h4d-standard-192-7"":0.018873}","[{""rank"":1,""recommended"":true,""feasible"":false,""budget_used"":0.202591,""budget_violation"":0,""makespan"":92.864,""deadline_violation"":13.457,""machine_signature"":""cca0187d4a4e9426"",""weighted_score"":1,""diversity_score"":0}]"
heft_colocation,hybrid_homo,26,maddid0000018|maddid0000037|mbackgroundid0000015|mbackgroundid0000016|mbackgroundid0000032|mbackgroundid0000033|mbackgroundid0000034|mbackgroundid0000051|mbackgroundid0000052|mbackgroundid0000053|mbgmodelid0000012|mconcatfitid0000011|mconcatfitid0000030|mdifffitid0000006|mdifffitid0000007|mdifffitid0000009|mdifffitid0000025|mdifffitid0000026|mdifffitid0000029|mdifffitid0000044|mdifffitid0000045|mdifffitid0000046|mimgtblid0000017|mprojectid0000002|mprojectid0000003|mprojectid0000022|mprojectid0000041|mviewerid0000038|mviewerid0000058,0.200000,95.151000,0.496122,0.607531,78.742107,0.000000,16.409000,false,5.077000,5,1.737000,"{""h4d-standard-192-5"":16,""h4d-standard-192-6"":42}","{""bora009"":0,""bora010"":0,""h4d-standard-192-5"":0.008083,""h4d-standard-192-6"":0.009725}",[]
prism_cc_cost,hybrid_homo,26,maddid0000018|maddid0000037|mbackgroundid0000015|mbackgroundid0000016|mbackgroundid0000032|mbackgroundid0000033|mbackgroundid0000034|mbackgroundid0000051|mbackgroundid0000052|mbackgroundid0000053|mbgmodelid0000012|mconcatfitid0000011|mconcatfitid0000030|mdifffitid0000006|mdifffitid0000007|mdifffitid0000009|mdifffitid0000025|mdifffitid0000026|mdifffitid0000029|mdifffitid0000044|mdifffitid0000045|mdifffitid0000046|mimgtblid0000017|mprojectid0000002|mprojectid0000003|mprojectid0000022|mprojectid0000041|mviewerid0000038|mviewerid0000058,0.200000,95.151000,0.496122,0.607531,78.742107,0.000000,16.409000,false,5.077000,5,258.352000,"{""h4d-standard-192-5"":16,""h4d-standard-192-6"":42}","{""bora009"":0,""bora010"":0,""h4d-standard-192-5"":0.008083,""h4d-standard-192-6"":0.009725}","[{""rank"":1,""recommended"":true,""feasible"":false,""budget_used"":0.206029,""budget_violation"":0,""makespan"":94.44,""deadline_violation"":15.698,""machine_signature"":""ec7fcdd47c0764c0"",""weighted_score"":0.206029,""diversity_score"":1.017241},{""rank"":2,""recommended"":false,""feasible"":false,""budget_used"":0.496122,""budget_violation"":0,""makespan"":95.151,""deadline_violation"":16.409,""machine_signature"":""3142282e9ece41df"",""weighted_score"":0.496122,""diversity_score"":1.275862}]"
prism_cc_time,hybrid_homo,26,maddid0000018|maddid0000037|mbackgroundid0000015|mbackgroundid0000016|mbackgroundid0000032|mbackgroundid0000033|mbackgroundid0000034|mbackgroundid0000051|mbackgroundid0000052|mbackgroundid0000053|mbgmodelid0000012|mconcatfitid0000011|mconcatfitid0000030|mdifffitid0000006|mdifffitid0000007|mdifffitid0000009|mdifffitid0000025|mdifffitid0000026|mdifffitid0000029|mdifffitid0000044|mdifffitid0000045|mdifffitid0000046|mimgtblid0000017|mprojectid0000002|mprojectid0000003|mprojectid0000022|mprojectid0000041|mviewerid0000038|mviewerid0000058,0.200000,94.440000,0.206029,0.607531,78.742107,0.000000,15.698000,false,16.952000,18,258.352000,"{""bora010"":1,""h4d-standard-192-5"":57}","{""bora009"":0,""bora010"":0.000456,""h4d-standard-192-5"":0.018582,""h4d-standard-192-6"":0}","[{""rank"":1,""recommended"":true,""feasible"":false,""budget_used"":0.206029,""budget_violation"":0,""makespan"":94.44,""deadline_violation"":15.698,""machine_signature"":""ec7fcdd47c0764c0"",""weighted_score"":0.992528,""diversity_score"":1.017241},{""rank"":2,""recommended"":false,""feasible"":false,""budget_used"":0.496122,""budget_violation"":0,""makespan"":95.151,""deadline_violation"":16.409,""machine_signature"":""3142282e9ece41df"",""weighted_score"":1,""diversity_score"":1.275862}]"
heft_colocation,hybrid_raspberry_500mbps,26,maddid0000018|maddid0000037|mbackgroundid0000015|mbackgroundid0000016|mbackgroundid0000032|mbackgroundid0000033|mbackgroundid0000034|mbackgroundid0000051|mbackgroundid0000052|mbackgroundid0000053|mbgmodelid0000012|mconcatfitid0000011|mconcatfitid0000030|mdifffitid0000006|mdifffitid0000007|mdifffitid0000009|mdifffitid0000025|mdifffitid0000026|mdifffitid0000029|mdifffitid0000044|mdifffitid0000045|mdifffitid0000046|mimgtblid0000017|mprojectid0000002|mprojectid0000003|mprojectid0000022|mprojectid0000041|mviewerid0000038|mviewerid0000058,0.200000,135.525000,0.306368,0.533583,119.533547,0.000000,15.991000,false,17.050000,12,2.403000,"{""cloud-node-02"":56,""hpc-node-02"":2}","{""cloud-node-01"":0,""cloud-node-02"":0.071245,""hpc-node-01"":0,""hpc-node-02"":0.010741,""rpi-edge-01"":0,""rpi-edge-02"":0,""rpi-edge-03"":0,""rpi-edge-04"":0,""rpi-edge-05"":0,""rpi-edge-06"":0,""rpi-edge-07"":0,""rpi-edge-08"":0,""rpi-edge-09"":0,""rpi-edge-10"":0}",[]
prism_cc_cost,hybrid_raspberry_500mbps,26,maddid0000018|maddid0000037|mbackgroundid0000015|mbackgroundid0000016|mbackgroundid0000032|mbackgroundid0000033|mbackgroundid0000034|mbackgroundid0000051|mbackgroundid0000052|mbackgroundid0000053|mbgmodelid0000012|mconcatfitid0000011|mconcatfitid0000030|mdifffitid0000006|mdifffitid0000007|mdifffitid0000009|mdifffitid0000025|mdifffitid0000026|mdifffitid0000029|mdifffitid0000044|mdifffitid0000045|mdifffitid0000046|mimgtblid0000017|mprojectid0000002|mprojectid0000003|mprojectid0000022|mprojectid0000041|mviewerid0000038|mviewerid0000058,0.200000,135.525000,0.306368,0.533583,119.533547,0.000000,15.991000,false,17.050000,12,362.537000,"{""cloud-node-02"":56,""hpc-node-02"":2}","{""cloud-node-01"":0,""cloud-node-02"":0.071245,""hpc-node-01"":0,""hpc-node-02"":0.010741,""rpi-edge-01"":0,""rpi-edge-02"":0,""rpi-edge-03"":0,""rpi-edge-04"":0,""rpi-edge-05"":0,""rpi-edge-06"":0,""rpi-edge-07"":0,""rpi-edge-08"":0,""rpi-edge-09"":0,""rpi-edge-10"":0}","[{""rank"":1,""recommended"":true,""feasible"":false,""budget_used"":0.306368,""budget_violation"":0,""makespan"":135.525,""deadline_violation"":15.991,""machine_signature"":""c1953a0a63421bb2"",""weighted_score"":0.306368,""diversity_score"":1.034483}]"
prism_cc_time,hybrid_raspberry_500mbps,26,maddid0000018|maddid0000037|mbackgroundid0000015|mbackgroundid0000016|mbackgroundid0000032|mbackgroundid0000033|mbackgroundid0000034|mbackgroundid0000051|mbackgroundid0000052|mbackgroundid0000053|mbgmodelid0000012|mconcatfitid0000011|mconcatfitid0000030|mdifffitid0000006|mdifffitid0000007|mdifffitid0000009|mdifffitid0000025|mdifffitid0000026|mdifffitid0000029|mdifffitid0000044|mdifffitid0000045|mdifffitid0000046|mimgtblid0000017|mprojectid0000002|mprojectid0000003|mprojectid0000022|mprojectid0000041|mviewerid0000038|mviewerid0000058,0.200000,135.525000,0.306368,0.533583,119.533547,0.000000,15.991000,false,17.050000,12,362.537000,"{""cloud-node-02"":56,""hpc-node-02"":2}","{""cloud-node-01"":0,""cloud-node-02"":0.071245,""hpc-node-01"":0,""hpc-node-02"":0.010741,""rpi-edge-01"":0,""rpi-edge-02"":0,""rpi-edge-03"":0,""rpi-edge-04"":0,""rpi-edge-05"":0,""rpi-edge-06"":0,""rpi-edge-07"":0,""rpi-edge-08"":0,""rpi-edge-09"":0,""rpi-edge-10"":0}","[{""rank"":1,""recommended"":true,""feasible"":false,""budget_used"":0.306368,""budget_violation"":0,""makespan"":135.525,""deadline_violation"":15.991,""machine_signature"":""c1953a0a63421bb2"",""weighted_score"":1,""diversity_score"":1.034483}]"
heft_colocation,cloud_hetero,27,maddid0000037|mbackgroundid0000013|mbackgroundid0000033|mbackgroundid0000034|mbackgroundid0000035|mbackgroundid0000052|mbgmodelid0000012|mbgmodelid0000050|mdifffitid0000005|mdifffitid0000006|mdifffitid0000007|mdifffitid0000009|mdifffitid0000010|mdifffitid0000024|mdifffitid0000026|mdifffitid0000027|mdifffitid0000028|mdifffitid0000048|mimgtblid0000017|mimgtblid0000036|mprojectid0000002|mprojectid0000003|mprojectid0000020|mprojectid0000021|mprojectid0000039|mprojectid0000041|mviewerid0000038|mviewerid0000057|mviewerid0000058,0.200000,95.197000,0.519014,0.641828,78.742107,0.000000,16.455000,false,13.516000,9,1.925000,"{""h4d-highmem-192-1"":43,""h4d-standard-192-1"":15}","{""h3-standard-88-1"":0,""h3-standard-88-2"":0,""h4d-highmem-192-1"":0.010526,""h4d-standard-192-1"":0.007735}",[]
prism_cc_cost,cloud_hetero,27,maddid0000037|mbackgroundid0000013|mbackgroundid0000033|mbackgroundid0000034|mbackgroundid0000035|mbackgroundid0000052|mbgmodelid0000012|mbgmodelid0000050|mdifffitid0000005|mdifffitid0000006|mdifffitid0000007|mdifffitid0000009|mdifffitid0000010|mdifffitid0000024|mdifffitid0000026|mdifffitid0000027|mdifffitid0000028|mdifffitid0000048|mimgtblid0000017|mimgtblid0000036|mprojectid0000002|mprojectid0000003|mprojectid0000020|mprojectid0000021|mprojectid0000039|mprojectid0000041|mviewerid0000038|mviewerid0000057|mviewerid0000058,0.200000,95.197000,0.519014,0.641828,78.742107,0.000000,16.455000,false,13.516000,9,229.503000,"{""h4d-highmem-192-1"":43,""h4d-standard-192-1"":15}","{""h3-standard-88-1"":0,""h3-standard-88-2"":0,""h4d-highmem-192-1"":0.010526,""h4d-standard-192-1"":0.007735}","[{""rank"":1,""recommended"":true,""feasible"":false,""budget_used"":0.207017,""budget_violation"":0,""makespan"":94.891,""deadline_violation"":16.149,""machine_signature"":""a6b427808ac68d48"",""weighted_score"":0.207017,""diversity_score"":0},{""rank"":2,""recommended"":false,""feasible"":false,""budget_used"":0.519014,""budget_violation"":0,""makespan"":95.197,""deadline_violation"":16.455,""machine_signature"":""0e8a7ea490ba6775"",""weighted_score"":0.519014,""diversity_score"":1.258621}]"
prism_cc_time,cloud_hetero,27,maddid0000037|mbackgroundid0000013|mbackgroundid0000033|mbackgroundid0000034|mbackgroundid0000035|mbackgroundid0000052|mbgmodelid0000012|mbgmodelid0000050|mdifffitid0000005|mdifffitid0000006|mdifffitid0000007|mdifffitid0000009|mdifffitid0000010|mdifffitid0000024|mdifffitid0000026|mdifffitid0000027|mdifffitid0000028|mdifffitid0000048|mimgtblid0000017|mimgtblid0000036|mprojectid0000002|mprojectid0000003|mprojectid0000020|mprojectid0000021|mprojectid0000039|mprojectid0000041|mviewerid0000038|mviewerid0000057|mviewerid0000058,0.200000,94.891000,0.207017,0.641828,78.742107,0.000000,16.149000,false,37.131000,33,229.503000,"{""h4d-standard-192-1"":58}","{""h3-standard-88-1"":0,""h3-standard-88-2"":0,""h4d-highmem-192-1"":0,""h4d-standard-192-1"":0.019616}","[{""rank"":1,""recommended"":true,""feasible"":false,""budget_used"":0.207017,""budget_violation"":0,""makespan"":94.891,""deadline_violation"":16.149,""machine_signature"":""a6b427808ac68d48"",""weighted_score"":0.996786,""diversity_score"":0},{""rank"":2,""recommended"":false,""feasible"":false,""budget_used"":0.519014,""budget_violation"":0,""makespan"":95.197,""deadline_violation"":16.455,""machine_signature"":""0e8a7ea490ba6775"",""weighted_score"":1,""diversity_score"":1.258621}]"
heft_colocation,cloud_homo,27,maddid0000037|mbackgroundid0000013|mbackgroundid0000033|mbackgroundid0000034|mbackgroundid0000035|mbackgroundid0000052|mbgmodelid0000012|mbgmodelid0000050|mdifffitid0000005|mdifffitid0000006|mdifffitid0000007|mdifffitid0000009|mdifffitid0000010|mdifffitid0000024|mdifffitid0000026|mdifffitid0000027|mdifffitid0000028|mdifffitid0000048|mimgtblid0000017|mimgtblid0000036|mprojectid0000002|mprojectid0000003|mprojectid0000020|mprojectid0000021|mprojectid0000039|mprojectid0000041|mviewerid0000038|mviewerid0000057|mviewerid0000058,0.200000,99.816000,0.924039,1.059152,79.706000,0.000000,20.110000,false,3.952000,2,2.770000,"{""h4d-standard-192-1"":15,""h4d-standard-192-2"":18,""h4d-standard-192-3"":9,""h4d-standard-192-4"":16}","{""h4d-standard-192-1"":0.00313,""h4d-standard-192-2"":0.004657,""h4d-standard-192-3"":0.004826,""h4d-standard-192-4"":0.004304}",[]
prism_cc_cost,cloud_homo,27,maddid0000037|mbackgroundid0000013|mbackgroundid0000033|mbackgroundid0000034|mbackgroundid0000035|mbackgroundid0000052|mbgmodelid0000012|mbgmodelid0000050|mdifffitid0000005|mdifffitid0000006|mdifffitid0000007|mdifffitid0000009|mdifffitid0000010|mdifffitid0000024|mdifffitid0000026|mdifffitid0000027|mdifffitid0000028|mdifffitid0000048|mimgtblid0000017|mimgtblid0000036|mprojectid0000002|mprojectid0000003|mprojectid0000020|mprojectid0000021|mprojectid0000039|mprojectid0000041|mviewerid0000038|mviewerid0000057|mviewerid0000058,0.200000,99.816000,0.924039,1.059152,79.706000,0.000000,20.110000,false,3.952000,2,254.478000,"{""h4d-standard-192-1"":15,""h4d-standard-192-2"":18,""h4d-standard-192-3"":9,""h4d-standard-192-4"":16}","{""h4d-standard-192-1"":0.00313,""h4d-standard-192-2"":0.004657,""h4d-standard-192-3"":0.004826,""h4d-standard-192-4"":0.004304}","[{""rank"":1,""recommended"":true,""feasible"":false,""budget_used"":0.202955,""budget_violation"":0,""makespan"":93.032,""deadline_violation"":13.326,""machine_signature"":""d5dab93c243296e1"",""weighted_score"":0.202955,""diversity_score"":0},{""rank"":2,""recommended"":false,""feasible"":false,""budget_used"":0.924039,""budget_violation"":0,""makespan"":99.816,""deadline_violation"":20.11,""machine_signature"":""9fa02842cff49ed5"",""weighted_score"":0.924039,""diversity_score"":3.689655}]"
prism_cc_time,cloud_homo,27,maddid0000037|mbackgroundid0000013|mbackgroundid0000033|mbackgroundid0000034|mbackgroundid0000035|mbackgroundid0000052|mbgmodelid0000012|mbgmodelid0000050|mdifffitid0000005|mdifffitid0000006|mdifffitid0000007|mdifffitid0000009|mdifffitid0000010|mdifffitid0000024|mdifffitid0000026|mdifffitid0000027|mdifffitid0000028|mdifffitid0000048|mimgtblid0000017|mimgtblid0000036|mprojectid0000002|mprojectid0000003|mprojectid0000020|mprojectid0000021|mprojectid0000039|mprojectid0000041|mviewerid0000038|mviewerid0000057|mviewerid0000058,0.200000,93.032000,0.202955,1.059152,79.706000,0.000000,13.326000,false,36.552000,31,254.478000,"{""h4d-standard-192-1"":58}","{""h4d-standard-192-1"":0.019976,""h4d-standard-192-2"":0,""h4d-standard-192-3"":0,""h4d-standard-192-4"":0}","[{""rank"":1,""recommended"":true,""feasible"":false,""budget_used"":0.202955,""budget_violation"":0,""makespan"":93.032,""deadline_violation"":13.326,""machine_signature"":""d5dab93c243296e1"",""weighted_score"":0.932035,""diversity_score"":0},{""rank"":2,""recommended"":false,""feasible"":false,""budget_used"":0.924039,""budget_violation"":0,""makespan"":99.816,""deadline_violation"":20.11,""machine_signature"":""9fa02842cff49ed5"",""weighted_score"":1,""diversity_score"":3.689655}]"
heft_colocation,cluster_hetero,27,maddid0000037|mbackgroundid0000013|mbackgroundid0000033|mbackgroundid0000034|mbackgroundid0000035|mbackgroundid0000052|mbgmodelid0000012|mbgmodelid0000050|mdifffitid0000005|mdifffitid0000006|mdifffitid0000007|mdifffitid0000009|mdifffitid0000010|mdifffitid0000024|mdifffitid0000026|mdifffitid0000027|mdifffitid0000028|mdifffitid0000048|mimgtblid0000017|mimgtblid0000036|mprojectid0000002|mprojectid0000003|mprojectid0000020|mprojectid0000021|mprojectid0000039|mprojectid0000041|mviewerid0000038|mviewerid0000057|mviewerid0000058,0.200000,287.957000,0.000000,0.000000,235.839680,0.000000,52.117000,false,35.068000,11,0.907000,"{""bora005"":34,""bora006"":21,""diablo01"":2,""diablo02"":1}","{""bora005"":0.089855,""bora006"":0.073762,""diablo01"":0.004194,""diablo02"":0.003449}",[]
prism_cc_cost,cluster_hetero,27,maddid0000037|mbackgroundid0000013|mbackgroundid0000033|mbackgroundid0000034|mbackgroundid0000035|mbackgroundid0000052|mbgmodelid0000012|mbgmodelid0000050|mdifffitid0000005|mdifffitid0000006|mdifffitid0000007|mdifffitid0000009|mdifffitid0000010|mdifffitid0000024|mdifffitid0000026|mdifffitid0000027|mdifffitid0000028|mdifffitid0000048|mimgtblid0000017|mimgtblid0000036|mprojectid0000002|mprojectid0000003|mprojectid0000020|mprojectid0000021|mprojectid0000039|mprojectid0000041|mviewerid0000038|mviewerid0000057|mviewerid0000058,0.200000,287.957000,0.000000,0.000000,235.839680,0.000000,52.117000,false,35.068000,11,148.496000,"{""bora005"":34,""bora006"":21,""diablo01"":2,""diablo02"":1}","{""bora005"":0.089855,""bora006"":0.073762,""diablo01"":0.004194,""diablo02"":0.003449}","[{""rank"":1,""recommended"":true,""feasible"":false,""budget_used"":0,""budget_violation"":0,""makespan"":287.957,""deadline_violation"":52.117,""machine_signature"":""e43967d9c389e6f8"",""weighted_score"":0,""diversity_score"":3.413793}]"
prism_cc_time,cluster_hetero,27,maddid0000037|mbackgroundid0000013|mbackgroundid0000033|mbackgroundid0000034|mbackgroundid0000035|mbackgroundid0000052|mbgmodelid0000012|mbgmodelid0000050|mdifffitid0000005|mdifffitid0000006|mdifffitid0000007|mdifffitid0000009|mdifffitid0000010|mdifffitid0000024|mdifffitid0000026|mdifffitid0000027|mdifffitid0000028|mdifffitid0000048|mimgtblid0000017|mimgtblid0000036|mprojectid0000002|mprojectid0000003|mprojectid0000020|mprojectid0000021|mprojectid0000039|mprojectid0000041|mviewerid0000038|mviewerid0000057|mviewerid0000058,0.200000,287.957000,0.000000,0.000000,235.839680,0.000000,52.117000,false,35.068000,11,148.496000,"{""bora005"":34,""bora006"":21,""diablo01"":2,""diablo02"":1}","{""bora005"":0.089855,""bora006"":0.073762,""diablo01"":0.004194,""diablo02"":0.003449}","[{""rank"":1,""recommended"":true,""feasible"":false,""budget_used"":0,""budget_violation"":0,""makespan"":287.957,""deadline_violation"":52.117,""machine_signature"":""e43967d9c389e6f8"",""weighted_score"":1,""diversity_score"":3.413793}]"
heft_colocation,cluster_homo,27,maddid0000037|mbackgroundid0000013|mbackgroundid0000033|mbackgroundid0000034|mbackgroundid0000035|mbackgroundid0000052|mbgmodelid0000012|mbgmodelid0000050|mdifffitid0000005|mdifffitid0000006|mdifffitid0000007|mdifffitid0000009|mdifffitid0000010|mdifffitid0000024|mdifffitid0000026|mdifffitid0000027|mdifffitid0000028|mdifffitid0000048|mimgtblid0000017|mimgtblid0000036|mprojectid0000002|mprojectid0000003|mprojectid0000020|mprojectid0000021|mprojectid0000039|mprojectid0000041|mviewerid0000038|mviewerid0000057|mviewerid0000058,0.200000,287.957000,0.000000,0.000000,230.365600,0.000000,57.591000,false,23.504000,5,1.014000,"{""bora001"":16,""bora002"":18,""bora003"":9,""bora004"":15}","{""bora001"":0.03242,""bora002"":0.047544,""bora003"":0.049449,""bora004"":0.043974}",[]
prism_cc_cost,cluster_homo,27,maddid0000037|mbackgroundid0000013|mbackgroundid0000033|mbackgroundid0000034|mbackgroundid0000035|mbackgroundid0000052|mbgmodelid0000012|mbgmodelid0000050|mdifffitid0000005|mdifffitid0000006|mdifffitid0000007|mdifffitid0000009|mdifffitid0000010|mdifffitid0000024|mdifffitid0000026|mdifffitid0000027|mdifffitid0000028|mdifffitid0000048|mimgtblid0000017|mimgtblid0000036|mprojectid0000002|mprojectid0000003|mprojectid0000020|mprojectid0000021|mprojectid0000039|mprojectid0000041|mviewerid0000038|mviewerid0000057|mviewerid0000058,0.200000,287.957000,0.000000,0.000000,230.365600,0.000000,57.591000,false,23.504000,5,140.459000,"{""bora001"":16,""bora002"":18,""bora003"":9,""bora004"":15}","{""bora001"":0.03242,""bora002"":0.047544,""bora003"":0.049449,""bora004"":0.043974}","[{""rank"":1,""recommended"":true,""feasible"":false,""budget_used"":0,""budget_violation"":0,""makespan"":287.957,""deadline_violation"":57.591,""machine_signature"":""1ce3039cc9e27aed"",""weighted_score"":0,""diversity_score"":3.689655}]"
prism_cc_time,cluster_homo,27,maddid0000037|mbackgroundid0000013|mbackgroundid0000033|mbackgroundid0000034|mbackgroundid0000035|mbackgroundid0000052|mbgmodelid0000012|mbgmodelid0000050|mdifffitid0000005|mdifffitid0000006|mdifffitid0000007|mdifffitid0000009|mdifffitid0000010|mdifffitid0000024|mdifffitid0000026|mdifffitid0000027|mdifffitid0000028|mdifffitid0000048|mimgtblid0000017|mimgtblid0000036|mprojectid0000002|mprojectid0000003|mprojectid0000020|mprojectid0000021|mprojectid0000039|mprojectid0000041|mviewerid0000038|mviewerid0000057|mviewerid0000058,0.200000,287.957000,0.000000,0.000000,230.365600,0.000000,57.591000,false,23.504000,5,140.459000,"{""bora001"":16,""bora002"":18,""bora003"":9,""bora004"":15}","{""bora001"":0.03242,""bora002"":0.047544,""bora003"":0.049449,""bora004"":0.043974}","[{""rank"":1,""recommended"":true,""feasible"":false,""budget_used"":0,""budget_violation"":0,""makespan"":287.957,""deadline_violation"":57.591,""machine_signature"":""1ce3039cc9e27aed"",""weighted_score"":1,""diversity_score"":3.689655}]"
heft_colocation,hybrid_hetero,27,maddid0000037|mbackgroundid0000013|mbackgroundid0000033|mbackgroundid0000034|mbackgroundid0000035|mbackgroundid0000052|mbgmodelid0000012|mbgmodelid0000050|mdifffitid0000005|mdifffitid0000006|mdifffitid0000007|mdifffitid0000009|mdifffitid0000010|mdifffitid0000024|mdifffitid0000026|mdifffitid0000027|mdifffitid0000028|mdifffitid0000048|mimgtblid0000017|mimgtblid0000036|mprojectid0000002|mprojectid0000003|mprojectid0000020|mprojectid0000021|mprojectid0000039|mprojectid0000041|mviewerid0000038|mviewerid0000057|mviewerid0000058,0.200000,93.017000,0.266211,0.348827,79.406640,0.000000,13.610000,false,27.214000,25,1.650000,"{""h3-standard-88-2"":1,""h4d-standard-192-7"":57}","{""bora011"":0,""diablo03"":0,""h3-standard-88-2"":0.002205,""h4d-standard-192-7"":0.018942}",[]
prism_cc_cost,hybrid_hetero,27,maddid0000037|mbackgroundid0000013|mbackgroundid0000033|mbackgroundid0000034|mbackgroundid0000035|mbackgroundid0000052|mbgmodelid0000012|mbgmodelid0000050|mdifffitid0000005|mdifffitid0000006|mdifffitid0000007|mdifffitid0000009|mdifffitid0000010|mdifffitid0000024|mdifffitid0000026|mdifffitid0000027|mdifffitid0000028|mdifffitid0000048|mimgtblid0000017|mimgtblid0000036|mprojectid0000002|mprojectid0000003|mprojectid0000020|mprojectid0000021|mprojectid0000039|mprojectid0000041|mviewerid0000038|mviewerid0000057|mviewerid0000058,0.200000,93.017000,0.266211,0.348827,79.406640,0.000000,13.610000,false,27.214000,25,202.052000,"{""h3-standard-88-2"":1,""h4d-standard-192-7"":57}","{""bora011"":0,""diablo03"":0,""h3-standard-88-2"":0.002205,""h4d-standard-192-7"":0.018942}","[{""rank"":1,""recommended"":true,""feasible"":false,""budget_used"":0.266211,""budget_violation"":0,""makespan"":93.017,""deadline_violation"":13.61,""machine_signature"":""0fe3b20b6e60aa9f"",""weighted_score"":0.266211,""diversity_score"":1.017241}]"
prism_cc_time,hybrid_hetero,27,maddid0000037|mbackgroundid0000013|mbackgroundid0000033|mbackgroundid0000034|mbackgroundid0000035|mbackgroundid0000052|mbgmodelid0000012|mbgmodelid0000050|mdifffitid0000005|mdifffitid0000006|mdifffitid0000007|mdifffitid0000009|mdifffitid0000010|mdifffitid0000024|mdifffitid0000026|mdifffitid0000027|mdifffitid0000028|mdifffitid0000048|mimgtblid0000017|mimgtblid0000036|mprojectid0000002|mprojectid0000003|mprojectid0000020|mprojectid0000021|mprojectid0000039|mprojectid0000041|mviewerid0000038|mviewerid0000057|mviewerid0000058,0.200000,93.017000,0.266211,0.348827,79.406640,0.000000,13.610000,false,27.214000,25,202.052000,"{""h3-standard-88-2"":1,""h4d-standard-192-7"":57}","{""bora011"":0,""diablo03"":0,""h3-standard-88-2"":0.002205,""h4d-standard-192-7"":0.018942}","[{""rank"":1,""recommended"":true,""feasible"":false,""budget_used"":0.266211,""budget_violation"":0,""makespan"":93.017,""deadline_violation"":13.61,""machine_signature"":""0fe3b20b6e60aa9f"",""weighted_score"":1,""diversity_score"":1.017241}]"
heft_colocation,hybrid_homo,27,maddid0000037|mbackgroundid0000013|mbackgroundid0000033|mbackgroundid0000034|mbackgroundid0000035|mbackgroundid0000052|mbgmodelid0000012|mbgmodelid0000050|mdifffitid0000005|mdifffitid0000006|mdifffitid0000007|mdifffitid0000009|mdifffitid0000010|mdifffitid0000024|mdifffitid0000026|mdifffitid0000027|mdifffitid0000028|mdifffitid0000048|mimgtblid0000017|mimgtblid0000036|mprojectid0000002|mprojectid0000003|mprojectid0000020|mprojectid0000021|mprojectid0000039|mprojectid0000041|mviewerid0000038|mviewerid0000057|mviewerid0000058,0.200000,95.197000,0.494877,0.607531,78.742107,0.000000,16.455000,false,13.516000,9,1.857000,"{""h4d-standard-192-5"":15,""h4d-standard-192-6"":43}","{""bora009"":0,""bora010"":0,""h4d-standard-192-5"":0.007838,""h4d-standard-192-6"":0.010423}",[]
prism_cc_cost,hybrid_homo,27,maddid0000037|mbackgroundid0000013|mbackgroundid0000033|mbackgroundid0000034|mbackgroundid0000035|mbackgroundid0000052|mbgmodelid0000012|mbgmodelid0000050|mdifffitid0000005|mdifffitid0000006|mdifffitid0000007|mdifffitid0000009|mdifffitid0000010|mdifffitid0000024|mdifffitid0000026|mdifffitid0000027|mdifffitid0000028|mdifffitid0000048|mimgtblid0000017|mimgtblid0000036|mprojectid0000002|mprojectid0000003|mprojectid0000020|mprojectid0000021|mprojectid0000039|mprojectid0000041|mviewerid0000038|mviewerid0000057|mviewerid0000058,0.200000,95.197000,0.494877,0.607531,78.742107,0.000000,16.455000,false,13.516000,9,252.120000,"{""h4d-standard-192-5"":15,""h4d-standard-192-6"":43}","{""bora009"":0,""bora010"":0,""h4d-standard-192-5"":0.007838,""h4d-standard-192-6"":0.010423}","[{""rank"":1,""recommended"":true,""feasible"":false,""budget_used"":0.494877,""budget_violation"":0,""makespan"":95.197,""deadline_violation"":16.455,""machine_signature"":""4569eb5515f606b3"",""weighted_score"":0.494877,""diversity_score"":1.258621}]"
prism_cc_time,hybrid_homo,27,maddid0000037|mbackgroundid0000013|mbackgroundid0000033|mbackgroundid0000034|mbackgroundid0000035|mbackgroundid0000052|mbgmodelid0000012|mbgmodelid0000050|mdifffitid0000005|mdifffitid0000006|mdifffitid0000007|mdifffitid0000009|mdifffitid0000010|mdifffitid0000024|mdifffitid0000026|mdifffitid0000027|mdifffitid0000028|mdifffitid0000048|mimgtblid0000017|mimgtblid0000036|mprojectid0000002|mprojectid0000003|mprojectid0000020|mprojectid0000021|mprojectid0000039|mprojectid0000041|mviewerid0000038|mviewerid0000057|mviewerid0000058,0.200000,95.197000,0.494877,0.607531,78.742107,0.000000,16.455000,false,13.516000,9,252.120000,"{""h4d-standard-192-5"":15,""h4d-standard-192-6"":43}","{""bora009"":0,""bora010"":0,""h4d-standard-192-5"":0.007838,""h4d-standard-192-6"":0.010423}","[{""rank"":1,""recommended"":true,""feasible"":false,""budget_used"":0.494877,""budget_violation"":0,""makespan"":95.197,""deadline_violation"":16.455,""machine_signature"":""4569eb5515f606b3"",""weighted_score"":1,""diversity_score"":1.258621}]"
heft_colocation,hybrid_raspberry_500mbps,27,maddid0000037|mbackgroundid0000013|mbackgroundid0000033|mbackgroundid0000034|mbackgroundid0000035|mbackgroundid0000052|mbgmodelid0000012|mbgmodelid0000050|mdifffitid0000005|mdifffitid0000006|mdifffitid0000007|mdifffitid0000009|mdifffitid0000010|mdifffitid0000024|mdifffitid0000026|mdifffitid0000027|mdifffitid0000028|mdifffitid0000048|mimgtblid0000017|mimgtblid0000036|mprojectid0000002|mprojectid0000003|mprojectid0000020|mprojectid0000021|mprojectid0000039|mprojectid0000041|mviewerid0000038|mviewerid0000057|mviewerid0000058,0.200000,135.525000,0.406646,0.533583,119.533547,0.000000,15.991000,false,38.090000,19,2.310000,"{""cloud-node-02"":54,""hpc-node-02"":4}","{""cloud-node-01"":0,""cloud-node-02"":0.070396,""hpc-node-01"":0,""hpc-node-02"":0.020595,""rpi-edge-01"":0,""rpi-edge-02"":0,""rpi-edge-03"":0,""rpi-edge-04"":0,""rpi-edge-05"":0,""rpi-edge-06"":0,""rpi-edge-07"":0,""rpi-edge-08"":0,""rpi-edge-09"":0,""rpi-edge-10"":0}",[]
prism_cc_cost,hybrid_raspberry_500mbps,27,maddid0000037|mbackgroundid0000013|mbackgroundid0000033|mbackgroundid0000034|mbackgroundid0000035|mbackgroundid0000052|mbgmodelid0000012|mbgmodelid0000050|mdifffitid0000005|mdifffitid0000006|mdifffitid0000007|mdifffitid0000009|mdifffitid0000010|mdifffitid0000024|mdifffitid0000026|mdifffitid0000027|mdifffitid0000028|mdifffitid0000048|mimgtblid0000017|mimgtblid0000036|mprojectid0000002|mprojectid0000003|mprojectid0000020|mprojectid0000021|mprojectid0000039|mprojectid0000041|mviewerid0000038|mviewerid0000057|mviewerid0000058,0.200000,135.525000,0.406646,0.533583,119.533547,0.000000,15.991000,false,38.090000,19,417.805000,"{""cloud-node-02"":54,""hpc-node-02"":4}","{""cloud-node-01"":0,""cloud-node-02"":0.070396,""hpc-node-01"":0,""hpc-node-02"":0.020595,""rpi-edge-01"":0,""rpi-edge-02"":0,""rpi-edge-03"":0,""rpi-edge-04"":0,""rpi-edge-05"":0,""rpi-edge-06"":0,""rpi-edge-07"":0,""rpi-edge-08"":0,""rpi-edge-09"":0,""rpi-edge-10"":0}","[{""rank"":1,""recommended"":true,""feasible"":false,""budget_used"":0.406646,""budget_violation"":0,""makespan"":135.525,""deadline_violation"":15.991,""machine_signature"":""ed006b6777f379b9"",""weighted_score"":0.406646,""diversity_score"":1.068966}]"
prism_cc_time,hybrid_raspberry_500mbps,27,maddid0000037|mbackgroundid0000013|mbackgroundid0000033|mbackgroundid0000034|mbackgroundid0000035|mbackgroundid0000052|mbgmodelid0000012|mbgmodelid0000050|mdifffitid0000005|mdifffitid0000006|mdifffitid0000007|mdifffitid0000009|mdifffitid0000010|mdifffitid0000024|mdifffitid0000026|mdifffitid0000027|mdifffitid0000028|mdifffitid0000048|mimgtblid0000017|mimgtblid0000036|mprojectid0000002|mprojectid0000003|mprojectid0000020|mprojectid0000021|mprojectid0000039|mprojectid0000041|mviewerid0000038|mviewerid0000057|mviewerid0000058,0.200000,135.525000,0.406646,0.533583,119.533547,0.000000,15.991000,false,38.090000,19,417.805000,"{""cloud-node-02"":54,""hpc-node-02"":4}","{""cloud-node-01"":0,""cloud-node-02"":0.070396,""hpc-node-01"":0,""hpc-node-02"":0.020595,""rpi-edge-01"":0,""rpi-edge-02"":0,""rpi-edge-03"":0,""rpi-edge-04"":0,""rpi-edge-05"":0,""rpi-edge-06"":0,""rpi-edge-07"":0,""rpi-edge-08"":0,""rpi-edge-09"":0,""rpi-edge-10"":0}","[{""rank"":1,""recommended"":true,""feasible"":false,""budget_used"":0.406646,""budget_violation"":0,""makespan"":135.525,""deadline_violation"":15.991,""machine_signature"":""ed006b6777f379b9"",""weighted_score"":1,""diversity_score"":1.068966}]"
heft_colocation,cloud_hetero,28,maddid0000037|maddid0000056|mbackgroundid0000013|mbackgroundid0000014|mbackgroundid0000015|mbackgroundid0000016|mbackgroundid0000032|mbackgroundid0000035|mbackgroundid0000053|mbackgroundid0000054|mbgmodelid0000012|mbgmodelid0000050|mconcatfitid0000030|mdifffitid0000005|mdifffitid0000009|mdifffitid0000010|mdifffitid0000024|mdifffitid0000028|mdifffitid0000044|mdifffitid0000046|mimgtblid0000036|mprojectid0000001|mprojectid0000002|mprojectid0000004|mprojectid0000040|mprojectid0000041|mprojectid0000042|mviewerid0000019|mviewerid0000057,0.200000,103.641000,0.545232,0.641828,78.742107,0.000000,24.899000,false,25.794000,16,1.953000,"{""h4d-highmem-192-1"":43,""h4d-standard-192-1"":15}","{""h3-standard-88-1"":0,""h3-standard-88-2"":0,""h4d-highmem-192-1"":0.00996,""h4d-standard-192-1"":0.007431}",[]
prism_cc_cost,cloud_hetero,28,maddid0000037|maddid0000056|mbackgroundid0000013|mbackgroundid0000014|mbackgroundid0000015|mbackgroundid0000016|mbackgroundid0000032|mbackgroundid0000035|mbackgroundid0000053|mbackgroundid0000054|mbgmodelid0000012|mbgmodelid0000050|mconcatfitid0000030|mdifffitid0000005|mdifffitid0000009|mdifffitid0000010|mdifffitid0000024|mdifffitid0000028|mdifffitid0000044|mdifffitid0000046|mimgtblid0000036|mprojectid0000001|mprojectid0000002|mprojectid0000004|mprojectid0000040|mprojectid0000041|mprojectid0000042|mviewerid0000019|mviewerid0000057,0.200000,103.641000,0.545232,0.641828,78.742107,0.000000,24.899000,false,25.794000,16,283.432000,"{""h4d-highmem-192-1"":43,""h4d-standard-192-1"":15}","{""h3-standard-88-1"":0,""h3-standard-88-2"":0,""h4d-highmem-192-1"":0.00996,""h4d-standard-192-1"":0.007431}","[{""rank"":1,""recommended"":true,""feasible"":false,""budget_used"":0.545232,""budget_violation"":0,""makespan"":103.641,""deadline_violation"":24.899,""machine_signature"":""6804eb3a28f5e6cb"",""weighted_score"":0.545232,""diversity_score"":1.258621}]"
prism_cc_time,cloud_hetero,28,maddid0000037|maddid0000056|mbackgroundid0000013|mbackgroundid0000014|mbackgroundid0000015|mbackgroundid0000016|mbackgroundid0000032|mbackgroundid0000035|mbackgroundid0000053|mbackgroundid0000054|mbgmodelid0000012|mbgmodelid0000050|mconcatfitid0000030|mdifffitid0000005|mdifffitid0000009|mdifffitid0000010|mdifffitid0000024|mdifffitid0000028|mdifffitid0000044|mdifffitid0000046|mimgtblid0000036|mprojectid0000001|mprojectid0000002|mprojectid0000004|mprojectid0000040|mprojectid0000041|mprojectid0000042|mviewerid0000019|mviewerid0000057,0.200000,103.641000,0.545232,0.641828,78.742107,0.000000,24.899000,false,25.794000,16,283.432000,"{""h4d-highmem-192-1"":43,""h4d-standard-192-1"":15}","{""h3-standard-88-1"":0,""h3-standard-88-2"":0,""h4d-highmem-192-1"":0.00996,""h4d-standard-192-1"":0.007431}","[{""rank"":1,""recommended"":true,""feasible"":false,""budget_used"":0.545232,""budget_violation"":0,""makespan"":103.641,""deadline_violation"":24.899,""machine_signature"":""6804eb3a28f5e6cb"",""weighted_score"":1,""diversity_score"":1.258621}]"
heft_colocation,cloud_homo,28,maddid0000037|maddid0000056|mbackgroundid0000013|mbackgroundid0000014|mbackgroundid0000015|mbackgroundid0000016|mbackgroundid0000032|mbackgroundid0000035|mbackgroundid0000053|mbackgroundid0000054|mbgmodelid0000012|mbgmodelid0000050|mconcatfitid0000030|mdifffitid0000005|mdifffitid0000009|mdifffitid0000010|mdifffitid0000024|mdifffitid0000028|mdifffitid0000044|mdifffitid0000046|mimgtblid0000036|mprojectid0000001|mprojectid0000002|mprojectid0000004|mprojectid0000040|mprojectid0000041|mprojectid0000042|mviewerid0000019|mviewerid0000057,0.200000,99.816000,0.903398,1.059152,79.706000,0.000000,20.110000,false,6.570000,5,2.834000,"{""h4d-standard-192-1"":17,""h4d-standard-192-2"":17,""h4d-standard-192-3"":8,""h4d-standard-192-4"":16}","{""h4d-standard-192-1"":0.003877,""h4d-standard-192-2"":0.004915,""h4d-standard-192-3"":0.003958,""h4d-standard-192-4"":0.004304}",[]
prism_cc_cost,cloud_homo,28,maddid0000037|maddid0000056|mbackgroundid0000013|mbackgroundid0000014|mbackgroundid0000015|mbackgroundid0000016|mbackgroundid0000032|mbackgroundid0000035|mbackgroundid0000053|mbackgroundid0000054|mbgmodelid0000012|mbgmodelid0000050|mconcatfitid0000030|mdifffitid0000005|mdifffitid0000009|mdifffitid0000010|mdifffitid0000024|mdifffitid0000028|mdifffitid0000044|mdifffitid0000046|mimgtblid0000036|mprojectid0000001|mprojectid0000002|mprojectid0000004|mprojectid0000040|mprojectid0000041|mprojectid0000042|mviewerid0000019|mviewerid0000057,0.200000,99.816000,0.903398,1.059152,79.706000,0.000000,20.110000,false,6.570000,5,281.856000,"{""h4d-standard-192-1"":17,""h4d-standard-192-2"":17,""h4d-standard-192-3"":8,""h4d-standard-192-4"":16}","{""h4d-standard-192-1"":0.003877,""h4d-standard-192-2"":0.004915,""h4d-standard-192-3"":0.003958,""h4d-standard-192-4"":0.004304}","[{""rank"":1,""recommended"":true,""feasible"":false,""budget_used"":0.903398,""budget_violation"":0,""makespan"":99.816,""deadline_violation"":20.11,""machine_signature"":""daa9af6ad725df7d"",""weighted_score"":0.903398,""diversity_score"":3.706897}]"
prism_cc_time,cloud_homo,28,maddid0000037|maddid0000056|mbackgroundid0000013|mbackgroundid0000014|mbackgroundid0000015|mbackgroundid0000016|mbackgroundid0000032|mbackgroundid0000035|mbackgroundid0000053|mbackgroundid0000054|mbgmodelid0000012|mbgmodelid0000050|mconcatfitid0000030|mdifffitid0000005|mdifffitid0000009|mdifffitid0000010|mdifffitid0000024|mdifffitid0000028|mdifffitid0000044|mdifffitid0000046|mimgtblid0000036|mprojectid0000001|mprojectid0000002|mprojectid0000004|mprojectid0000040|mprojectid0000041|mprojectid0000042|mviewerid0000019|mviewerid0000057,0.200000,99.816000,0.903398,1.059152,79.706000,0.000000,20.110000,false,6.570000,5,281.856000,"{""h4d-standard-192-1"":17,""h4d-standard-192-2"":17,""h4d-standard-192-3"":8,""h4d-standard-192-4"":16}","{""h4d-standard-192-1"":0.003877,""h4d-standard-192-2"":0.004915,""h4d-standard-192-3"":0.003958,""h4d-standard-192-4"":0.004304}","[{""rank"":1,""recommended"":true,""feasible"":false,""budget_used"":0.903398,""budget_violation"":0,""makespan"":99.816,""deadline_violation"":20.11,""machine_signature"":""daa9af6ad725df7d"",""weighted_score"":1,""diversity_score"":3.706897}]"
heft_colocation,cluster_hetero,28,maddid0000037|maddid0000056|mbackgroundid0000013|mbackgroundid0000014|mbackgroundid0000015|mbackgroundid0000016|mbackgroundid0000032|mbackgroundid0000035|mbackgroundid0000053|mbackgroundid0000054|mbgmodelid0000012|mbgmodelid0000050|mconcatfitid0000030|mdifffitid0000005|mdifffitid0000009|mdifffitid0000010|mdifffitid0000024|mdifffitid0000028|mdifffitid0000044|mdifffitid0000046|mimgtblid0000036|mprojectid0000001|mprojectid0000002|mprojectid0000004|mprojectid0000040|mprojectid0000041|mprojectid0000042|mviewerid0000019|mviewerid0000057,0.200000,305.463000,0.000000,0.000000,235.839680,0.000000,69.623000,false,71.599000,15,0.950000,"{""bora005"":24,""bora006"":28,""diablo01"":5,""diablo02"":1}","{""bora005"":0.075656,""bora006"":0.076546,""diablo01"":0.004188,""diablo02"":0.006781}",[]
prism_cc_cost,cluster_hetero,28,maddid0000037|maddid0000056|mbackgroundid0000013|mbackgroundid0000014|mbackgroundid0000015|mbackgroundid0000016|mbackgroundid0000032|mbackgroundid0000035|mbackgroundid0000053|mbackgroundid0000054|mbgmodelid0000012|mbgmodelid0000050|mconcatfitid0000030|mdifffitid0000005|mdifffitid0000009|mdifffitid0000010|mdifffitid0000024|mdifffitid0000028|mdifffitid0000044|mdifffitid0000046|mimgtblid0000036|mprojectid0000001|mprojectid0000002|mprojectid0000004|mprojectid0000040|mprojectid0000041|mprojectid0000042|mviewerid0000019|mviewerid0000057,0.200000,305.463000,0.000000,0.000000,235.839680,0.000000,69.623000,false,71.599000,15,156.664000,"{""bora005"":24,""bora006"":28,""diablo01"":5,""diablo02"":1}","{""bora005"":0.075656,""bora006"":0.076546,""diablo01"":0.004188,""diablo02"":0.006781}","[{""rank"":1,""recommended"":true,""feasible"":false,""budget_used"":0,""budget_violation"":0,""makespan"":305.463,""deadline_violation"":69.623,""machine_signature"":""9d85f3bd06c68768"",""weighted_score"":0,""diversity_score"":3.517241}]"
prism_cc_time,cluster_hetero,28,maddid0000037|maddid0000056|mbackgroundid0000013|mbackgroundid0000014|mbackgroundid0000015|mbackgroundid0000016|mbackgroundid0000032|mbackgroundid0000035|mbackgroundid0000053|mbackgroundid0000054|mbgmodelid0000012|mbgmodelid0000050|mconcatfitid0000030|mdifffitid0000005|mdifffitid0000009|mdifffitid0000010|mdifffitid0000024|mdifffitid0000028|mdifffitid0000044|mdifffitid0000046|mimgtblid0000036|mprojectid0000001|mprojectid0000002|mprojectid0000004|mprojectid0000040|mprojectid0000041|mprojectid0000042|mviewerid0000019|mviewerid0000057,0.200000,305.463000,0.000000,0.000000,235.839680,0.000000,69.623000,false,71.599000,15,156.664000,"{""bora005"":24,""bora006"":28,""diablo01"":5,""diablo02"":1}","{""bora005"":0.075656,""bora006"":0.076546,""diablo01"":0.004188,""diablo02"":0.006781}","[{""rank"":1,""recommended"":true,""feasible"":false,""budget_used"":0,""budget_violation"":0,""makespan"":305.463,""deadline_violation"":69.623,""machine_signature"":""9d85f3bd06c68768"",""weighted_score"":1,""diversity_score"":3.517241}]"
heft_colocation,cluster_homo,28,maddid0000037|maddid0000056|mbackgroundid0000013|mbackgroundid0000014|mbackgroundid0000015|mbackgroundid0000016|mbackgroundid0000032|mbackgroundid0000035|mbackgroundid0000053|mbackgroundid0000054|mbgmodelid0000012|mbgmodelid0000050|mconcatfitid0000030|mdifffitid0000005|mdifffitid0000009|mdifffitid0000010|mdifffitid0000024|mdifffitid0000028|mdifffitid0000044|mdifffitid0000046|mimgtblid0000036|mprojectid0000001|mprojectid0000002|mprojectid0000004|mprojectid0000040|mprojectid0000041|mprojectid0000042|mviewerid0000019|mviewerid0000057,0.200000,287.957000,0.000000,0.000000,230.365600,0.000000,57.591000,false,34.279000,6,0.977000,"{""bora001"":18,""bora002"":19,""bora003"":5,""bora004"":16}","{""bora001"":0.0398,""bora002"":0.051822,""bora003"":0.026504,""bora004"":0.056301}",[]
prism_cc_cost,cluster_homo,28,maddid0000037|maddid0000056|mbackgroundid0000013|mbackgroundid0000014|mbackgroundid0000015|mbackgroundid0000016|mbackgroundid0000032|mbackgroundid0000035|mbackgroundid0000053|mbackgroundid0000054|mbgmodelid0000012|mbgmodelid0000050|mconcatfitid0000030|mdifffitid0000005|mdifffitid0000009|mdifffitid0000010|mdifffitid0000024|mdifffitid0000028|mdifffitid0000044|mdifffitid0000046|mimgtblid0000036|mprojectid0000001|mprojectid0000002|mprojectid0000004|mprojectid0000040|mprojectid0000041|mprojectid0000042|mviewerid0000019|mviewerid0000057,0.200000,287.957000,0.000000,0.000000,230.365600,0.000000,57.591000,false,34.279000,6,124.909000,"{""bora001"":18,""bora002"":19,""bora003"":5,""bora004"":16}","{""bora001"":0.0398,""bora002"":0.051822,""bora003"":0.026504,""bora004"":0.056301}","[{""rank"":1,""recommended"":true,""feasible"":false,""budget_used"":0,""budget_violation"":0,""makespan"":287.957,""deadline_violation"":57.591,""machine_signature"":""d3a82a93f6bfb9bc"",""weighted_score"":0,""diversity_score"":3.672414}]"
prism_cc_time,cluster_homo,28,maddid0000037|maddid0000056|mbackgroundid0000013|mbackgroundid0000014|mbackgroundid0000015|mbackgroundid0000016|mbackgroundid0000032|mbackgroundid0000035|mbackgroundid0000053|mbackgroundid0000054|mbgmodelid0000012|mbgmodelid0000050|mconcatfitid0000030|mdifffitid0000005|mdifffitid0000009|mdifffitid0000010|mdifffitid0000024|mdifffitid0000028|mdifffitid0000044|mdifffitid0000046|mimgtblid0000036|mprojectid0000001|mprojectid0000002|mprojectid0000004|mprojectid0000040|mprojectid0000041|mprojectid0000042|mviewerid0000019|mviewerid0000057,0.200000,287.957000,0.000000,0.000000,230.365600,0.000000,57.591000,false,34.279000,6,124.909000,"{""bora001"":18,""bora002"":19,""bora003"":5,""bora004"":16}","{""bora001"":0.0398,""bora002"":0.051822,""bora003"":0.026504,""bora004"":0.056301}","[{""rank"":1,""recommended"":true,""feasible"":false,""budget_used"":0,""budget_violation"":0,""makespan"":287.957,""deadline_violation"":57.591,""machine_signature"":""d3a82a93f6bfb9bc"",""weighted_score"":1,""diversity_score"":3.672414}]"
heft_colocation,hybrid_hetero,28,maddid0000037|maddid0000056|mbackgroundid0000013|mbackgroundid0000014|mbackgroundid0000015|mbackgroundid0000016|mbackgroundid0000032|mbackgroundid0000035|mbackgroundid0000053|mbackgroundid0000054|mbgmodelid0000012|mbgmodelid0000050|mconcatfitid0000030|mdifffitid0000005|mdifffitid0000009|mdifffitid0000010|mdifffitid0000024|mdifffitid0000028|mdifffitid0000044|mdifffitid0000046|mimgtblid0000036|mprojectid0000001|mprojectid0000002|mprojectid0000004|mprojectid0000040|mprojectid0000041|mprojectid0000042|mviewerid0000019|mviewerid0000057,0.200000,104.534000,0.309524,0.348827,79.406640,0.000000,25.127000,false,53.792000,34,1.525000,"{""h3-standard-88-2"":2,""h4d-standard-192-7"":56}","{""bora011"":0,""diablo03"":0,""h3-standard-88-2"":0.002299,""h4d-standard-192-7"":0.0181}",[]
prism_cc_cost,hybrid_hetero,28,maddid0000037|maddid0000056|mbackgroundid0000013|mbackgroundid0000014|mbackgroundid0000015|mbackgroundid0000016|mbackgroundid0000032|mbackgroundid0000035|mbackgroundid0000053|mbackgroundid0000054|mbgmodelid0000012|mbgmodelid0000050|mconcatfitid0000030|mdifffitid0000005|mdifffitid0000009|mdifffitid0000010|mdifffitid0000024|mdifffitid0000028|mdifffitid0000044|mdifffitid0000046|mimgtblid0000036|mprojectid0000001|mprojectid0000002|mprojectid0000004|mprojectid0000040|mprojectid0000041|mprojectid0000042|mviewerid0000019|mviewerid0000057,0.200000,104.534000,0.309524,0.348827,79.406640,0.000000,25.127000,false,53.792000,34,187.621000,"{""h3-standard-88-2"":2,""h4d-standard-192-7"":56}","{""bora011"":0,""diablo03"":0,""h3-standard-88-2"":0.002299,""h4d-standard-192-7"":0.0181}","[{""rank"":1,""recommended"":true,""feasible"":false,""budget_used"":0.309524,""budget_violation"":0,""makespan"":104.534,""deadline_violation"":25.127,""machine_signature"":""c791fefafd85a5d5"",""weighted_score"":0.309524,""diversity_score"":1.034483}]"
prism_cc_time,hybrid_hetero,28,maddid0000037|maddid0000056|mbackgroundid0000013|mbackgroundid0000014|mbackgroundid0000015|mbackgroundid0000016|mbackgroundid0000032|mbackgroundid0000035|mbackgroundid0000053|mbackgroundid0000054|mbgmodelid0000012|mbgmodelid0000050|mconcatfitid0000030|mdifffitid0000005|mdifffitid0000009|mdifffitid0000010|mdifffitid0000024|mdifffitid0000028|mdifffitid0000044|mdifffitid0000046|mimgtblid0000036|mprojectid0000001|mprojectid0000002|mprojectid0000004|mprojectid0000040|mprojectid0000041|mprojectid0000042|mviewerid0000019|mviewerid0000057,0.200000,104.534000,0.309524,0.348827,79.406640,0.000000,25.127000,false,53.792000,34,187.621000,"{""h3-standard-88-2"":2,""h4d-standard-192-7"":56}","{""bora011"":0,""diablo03"":0,""h3-standard-88-2"":0.002299,""h4d-standard-192-7"":0.0181}","[{""rank"":1,""recommended"":true,""feasible"":false,""budget_used"":0.309524,""budget_violation"":0,""makespan"":104.534,""deadline_violation"":25.127,""machine_signature"":""c791fefafd85a5d5"",""weighted_score"":1,""diversity_score"":1.034483}]"
heft_colocation,hybrid_homo,28,maddid0000037|maddid0000056|mbackgroundid0000013|mbackgroundid0000014|mbackgroundid0000015|mbackgroundid0000016|mbackgroundid0000032|mbackgroundid0000035|mbackgroundid0000053|mbackgroundid0000054|mbgmodelid0000012|mbgmodelid0000050|mconcatfitid0000030|mdifffitid0000005|mdifffitid0000009|mdifffitid0000010|mdifffitid0000024|mdifffitid0000028|mdifffitid0000044|mdifffitid0000046|mimgtblid0000036|mprojectid0000001|mprojectid0000002|mprojectid0000004|mprojectid0000040|mprojectid0000041|mprojectid0000042|mviewerid0000019|mviewerid0000057,0.200000,103.641000,0.516754,0.607531,78.742107,0.000000,24.899000,false,25.794000,16,1.820000,"{""h4d-standard-192-5"":15,""h4d-standard-192-6"":43}","{""bora009"":0,""bora010"":0,""h4d-standard-192-5"":0.007431,""h4d-standard-192-6"":0.00996}",[]
prism_cc_cost,hybrid_homo,28,maddid0000037|maddid0000056|mbackgroundid0000013|mbackgroundid0000014|mbackgroundid0000015|mbackgroundid0000016|mbackgroundid0000032|mbackgroundid0000035|mbackgroundid0000053|mbackgroundid0000054|mbgmodelid0000012|mbgmodelid0000050|mconcatfitid0000030|mdifffitid0000005|mdifffitid0000009|mdifffitid0000010|mdifffitid0000024|mdifffitid0000028|mdifffitid0000044|mdifffitid0000046|mimgtblid0000036|mprojectid0000001|mprojectid0000002|mprojectid0000004|mprojectid0000040|mprojectid0000041|mprojectid0000042|mviewerid0000019|mviewerid0000057,0.200000,103.641000,0.516754,0.607531,78.742107,0.000000,24.899000,false,25.794000,16,280.049000,"{""h4d-standard-192-5"":15,""h4d-standard-192-6"":43}","{""bora009"":0,""bora010"":0,""h4d-standard-192-5"":0.007431,""h4d-standard-192-6"":0.00996}","[{""rank"":1,""recommended"":true,""feasible"":false,""budget_used"":0.516754,""budget_violation"":0,""makespan"":103.641,""deadline_violation"":24.899,""machine_signature"":""1b9ce9cf1e431b02"",""weighted_score"":0.516754,""diversity_score"":1.258621}]"
prism_cc_time,hybrid_homo,28,maddid0000037|maddid0000056|mbackgroundid0000013|mbackgroundid0000014|mbackgroundid0000015|mbackgroundid0000016|mbackgroundid0000032|mbackgroundid0000035|mbackgroundid0000053|mbackgroundid0000054|mbgmodelid0000012|mbgmodelid0000050|mconcatfitid0000030|mdifffitid0000005|mdifffitid0000009|mdifffitid0000010|mdifffitid0000024|mdifffitid0000028|mdifffitid0000044|mdifffitid0000046|mimgtblid0000036|mprojectid0000001|mprojectid0000002|mprojectid0000004|mprojectid0000040|mprojectid0000041|mprojectid0000042|mviewerid0000019|mviewerid0000057,0.200000,103.641000,0.516754,0.607531,78.742107,0.000000,24.899000,false,25.794000,16,280.049000,"{""h4d-standard-192-5"":15,""h4d-standard-192-6"":43}","{""bora009"":0,""bora010"":0,""h4d-standard-192-5"":0.007431,""h4d-standard-192-6"":0.00996}","[{""rank"":1,""recommended"":true,""feasible"":false,""budget_used"":0.516754,""budget_violation"":0,""makespan"":103.641,""deadline_violation"":24.899,""machine_signature"":""1b9ce9cf1e431b02"",""weighted_score"":1,""diversity_score"":1.258621}]"
heft_colocation,hybrid_raspberry_500mbps,28,maddid0000037|maddid0000056|mbackgroundid0000013|mbackgroundid0000014|mbackgroundid0000015|mbackgroundid0000016|mbackgroundid0000032|mbackgroundid0000035|mbackgroundid0000053|mbackgroundid0000054|mbgmodelid0000012|mbgmodelid0000050|mconcatfitid0000030|mdifffitid0000005|mdifffitid0000009|mdifffitid0000010|mdifffitid0000024|mdifffitid0000028|mdifffitid0000044|mdifffitid0000046|mimgtblid0000036|mprojectid0000001|mprojectid0000002|mprojectid0000004|mprojectid0000040|mprojectid0000041|mprojectid0000042|mviewerid0000019|mviewerid0000057,0.200000,160.161000,0.387495,0.533583,119.533547,0.000000,40.627000,false,80.204000,43,2.382000,"{""cloud-node-02"":54,""hpc-node-02"":4}","{""cloud-node-01"":0,""cloud-node-02"":0.062273,""hpc-node-01"":0,""hpc-node-02"":0.022081,""rpi-edge-01"":0,""rpi-edge-02"":0,""rpi-edge-03"":0,""rpi-edge-04"":0,""rpi-edge-05"":0,""rpi-edge-06"":0,""rpi-edge-07"":0,""rpi-edge-08"":0,""rpi-edge-09"":0,""rpi-edge-10"":0}",[]
prism_cc_cost,hybrid_raspberry_500mbps,28,maddid0000037|maddid0000056|mbackgroundid0000013|mbackgroundid0000014|mbackgroundid0000015|mbackgroundid0000016|mbackgroundid0000032|mbackgroundid0000035|mbackgroundid0000053|mbackgroundid0000054|mbgmodelid0000012|mbgmodelid0000050|mconcatfitid0000030|mdifffitid0000005|mdifffitid0000009|mdifffitid0000010|mdifffitid0000024|mdifffitid0000028|mdifffitid0000044|mdifffitid0000046|mimgtblid0000036|mprojectid0000001|mprojectid0000002|mprojectid0000004|mprojectid0000040|mprojectid0000041|mprojectid0000042|mviewerid0000019|mviewerid0000057,0.200000,160.161000,0.387495,0.533583,119.533547,0.000000,40.627000,false,80.204000,43,411.774000,"{""cloud-node-02"":54,""hpc-node-02"":4}","{""cloud-node-01"":0,""cloud-node-02"":0.062273,""hpc-node-01"":0,""hpc-node-02"":0.022081,""rpi-edge-01"":0,""rpi-edge-02"":0,""rpi-edge-03"":0,""rpi-edge-04"":0,""rpi-edge-05"":0,""rpi-edge-06"":0,""rpi-edge-07"":0,""rpi-edge-08"":0,""rpi-edge-09"":0,""rpi-edge-10"":0}","[{""rank"":1,""recommended"":true,""feasible"":false,""budget_used"":0.387495,""budget_violation"":0,""makespan"":160.161,""deadline_violation"":40.627,""machine_signature"":""393d10e3715f35d7"",""weighted_score"":0.387495,""diversity_score"":1.068966}]"
prism_cc_time,hybrid_raspberry_500mbps,28,maddid0000037|maddid0000056|mbackgroundid0000013|mbackgroundid0000014|mbackgroundid0000015|mbackgroundid0000016|mbackgroundid0000032|mbackgroundid0000035|mbackgroundid0000053|mbackgroundid0000054|mbgmodelid0000012|mbgmodelid0000050|mconcatfitid0000030|mdifffitid0000005|mdifffitid0000009|mdifffitid0000010|mdifffitid0000024|mdifffitid0000028|mdifffitid0000044|mdifffitid0000046|mimgtblid0000036|mprojectid0000001|mprojectid0000002|mprojectid0000004|mprojectid0000040|mprojectid0000041|mprojectid0000042|mviewerid0000019|mviewerid0000057,0.200000,160.161000,0.387495,0.533583,119.533547,0.000000,40.627000,false,80.204000,43,411.774000,"{""cloud-node-02"":54,""hpc-node-02"":4}","{""cloud-node-01"":0,""cloud-node-02"":0.062273,""hpc-node-01"":0,""hpc-node-02"":0.022081,""rpi-edge-01"":0,""rpi-edge-02"":0,""rpi-edge-03"":0,""rpi-edge-04"":0,""rpi-edge-05"":0,""rpi-edge-06"":0,""rpi-edge-07"":0,""rpi-edge-08"":0,""rpi-edge-09"":0,""rpi-edge-10"":0}","[{""rank"":1,""recommended"":true,""feasible"":false,""budget_used"":0.387495,""budget_violation"":0,""makespan"":160.161,""deadline_violation"":40.627,""machine_signature"":""393d10e3715f35d7"",""weighted_score"":1,""diversity_score"":1.068966}]"
heft_colocation,cloud_hetero,29,maddid0000037|maddid0000056|mbackgroundid0000013|mbackgroundid0000016|mbackgroundid0000033|mbgmodelid0000050|mconcatfitid0000011|mconcatfitid0000049|mdifffitid0000006|mdifffitid0000007|mdifffitid0000008|mdifffitid0000009|mdifffitid0000010|mdifffitid0000024|mdifffitid0000025|mdifffitid0000027|mdifffitid0000028|mdifffitid0000029|mdifffitid0000044|mdifffitid0000047|mimgtblid0000017|mprojectid0000001|mprojectid0000003|mprojectid0000020|mprojectid0000039|mprojectid0000040|mprojectid0000042|mviewerid0000019|mviewerid0000038,0.200000,104.495000,0.590503,0.641828,78.742107,0.000000,25.753000,false,28.906000,25,3.035000,"{""h4d-highmem-192-1"":31,""h4d-standard-192-1"":27}","{""h3-standard-88-1"":0,""h3-standard-88-2"":0,""h4d-highmem-192-1"":0.008125,""h4d-standard-192-1"":0.009278}",[]
prism_cc_cost,cloud_hetero,29,maddid0000037|maddid0000056|mbackgroundid0000013|mbackgroundid0000016|mbackgroundid0000033|mbgmodelid0000050|mconcatfitid0000011|mconcatfitid0000049|mdifffitid0000006|mdifffitid0000007|mdifffitid0000008|mdifffitid0000009|mdifffitid0000010|mdifffitid0000024|mdifffitid0000025|mdifffitid0000027|mdifffitid0000028|mdifffitid0000029|mdifffitid0000044|mdifffitid0000047|mimgtblid0000017|mprojectid0000001|mprojectid0000003|mprojectid0000020|mprojectid0000039|mprojectid0000040|mprojectid0000042|mviewerid0000019|mviewerid0000038,0.200000,104.495000,0.590503,0.641828,78.742107,0.000000,25.753000,false,28.906000,25,255.349000,"{""h4d-highmem-192-1"":31,""h4d-standard-192-1"":27}","{""h3-standard-88-1"":0,""h3-standard-88-2"":0,""h4d-highmem-192-1"":0.008125,""h4d-standard-192-1"":0.009278}","[{""rank"":1,""recommended"":true,""feasible"":false,""budget_used"":0.590503,""budget_violation"":0,""makespan"":104.495,""deadline_violation"":25.753,""machine_signature"":""14a13f13103d47f7"",""weighted_score"":0.590503,""diversity_score"":1.465517}]"
prism_cc_time,cloud_hetero,29,maddid0000037|maddid0000056|mbackgroundid0000013|mbackgroundid0000016|mbackgroundid0000033|mbgmodelid0000050|mconcatfitid0000011|mconcatfitid0000049|mdifffitid0000006|mdifffitid0000007|mdifffitid0000008|mdifffitid0000009|mdifffitid0000010|mdifffitid0000024|mdifffitid0000025|mdifffitid0000027|mdifffitid0000028|mdifffitid0000029|mdifffitid0000044|mdifffitid0000047|mimgtblid0000017|mprojectid0000001|mprojectid0000003|mprojectid0000020|mprojectid0000039|mprojectid0000040|mprojectid0000042|mviewerid0000019|mviewerid0000038,0.200000,104.495000,0.590503,0.641828,78.742107,0.000000,25.753000,false,28.906000,25,255.349000,"{""h4d-highmem-192-1"":31,""h4d-standard-192-1"":27}","{""h3-standard-88-1"":0,""h3-standard-88-2"":0,""h4d-highmem-192-1"":0.008125,""h4d-standard-192-1"":0.009278}","[{""rank"":1,""recommended"":true,""feasible"":false,""budget_used"":0.590503,""budget_violation"":0,""makespan"":104.495,""deadline_violation"":25.753,""machine_signature"":""14a13f13103d47f7"",""weighted_score"":1,""diversity_score"":1.465517}]"
heft_colocation,cloud_homo,29,maddid0000037|maddid0000056|mbackgroundid0000013|mbackgroundid0000016|mbackgroundid0000033|mbgmodelid0000050|mconcatfitid0000011|mconcatfitid0000049|mdifffitid0000006|mdifffitid0000007|mdifffitid0000008|mdifffitid0000009|mdifffitid0000010|mdifffitid0000024|mdifffitid0000025|mdifffitid0000027|mdifffitid0000028|mdifffitid0000029|mdifffitid0000044|mdifffitid0000047|mimgtblid0000017|mprojectid0000001|mprojectid0000003|mprojectid0000020|mprojectid0000039|mprojectid0000040|mprojectid0000042|mviewerid0000019|mviewerid0000038,0.200000,99.922000,0.876137,1.059152,79.706000,0.000000,20.216000,false,6.457000,14,3.433000,"{""h4d-standard-192-1"":16,""h4d-standard-192-2"":28,""h4d-standard-192-3"":8,""h4d-standard-192-4"":6}","{""h4d-standard-192-1"":0.003107,""h4d-standard-192-2"":0.006218,""h4d-standard-192-3"":0.003735,""h4d-standard-192-4"":0.00397}",[]
prism_cc_cost,cloud_homo,29,maddid0000037|maddid0000056|mbackgroundid0000013|mbackgroundid0000016|mbackgroundid0000033|mbgmodelid0000050|mconcatfitid0000011|mconcatfitid0000049|mdifffitid0000006|mdifffitid0000007|mdifffitid0000008|mdifffitid0000009|mdifffitid0000010|mdifffitid0000024|mdifffitid0000025|mdifffitid0000027|mdifffitid0000028|mdifffitid0000029|mdifffitid0000044|mdifffitid0000047|mimgtblid0000017|mprojectid0000001|mprojectid0000003|mprojectid0000020|mprojectid0000039|mprojectid0000040|mprojectid0000042|mviewerid0000019|mviewerid0000038,0.200000,99.922000,0.876137,1.059152,79.706000,0.000000,20.216000,false,6.457000,14,279.699000,"{""h4d-standard-192-1"":16,""h4d-standard-192-2"":28,""h4d-standard-192-3"":8,""h4d-standard-192-4"":6}","{""h4d-standard-192-1"":0.003107,""h4d-standard-192-2"":0.006218,""h4d-standard-192-3"":0.003735,""h4d-standard-192-4"":0.00397}","[{""rank"":1,""recommended"":true,""feasible"":false,""budget_used"":0.876137,""budget_violation"":0,""makespan"":99.922,""deadline_violation"":20.216,""machine_signature"":""3e3059aeade2e78d"",""weighted_score"":0.876137,""diversity_score"":3.517241}]"
prism_cc_time,cloud_homo,29,maddid0000037|maddid0000056|mbackgroundid0000013|mbackgroundid0000016|mbackgroundid0000033|mbgmodelid0000050|mconcatfitid0000011|mconcatfitid0000049|mdifffitid0000006|mdifffitid0000007|mdifffitid0000008|mdifffitid0000009|mdifffitid0000010|mdifffitid0000024|mdifffitid0000025|mdifffitid0000027|mdifffitid0000028|mdifffitid0000029|mdifffitid0000044|mdifffitid0000047|mimgtblid0000017|mprojectid0000001|mprojectid0000003|mprojectid0000020|mprojectid0000039|mprojectid0000040|mprojectid0000042|mviewerid0000019|mviewerid0000038,0.200000,99.922000,0.876137,1.059152,79.706000,0.000000,20.216000,false,6.457000,14,279.699000,"{""h4d-standard-192-1"":16,""h4d-standard-192-2"":28,""h4d-standard-192-3"":8,""h4d-standard-192-4"":6}","{""h4d-standard-192-1"":0.003107,""h4d-standard-192-2"":0.006218,""h4d-standard-192-3"":0.003735,""h4d-standard-192-4"":0.00397}","[{""rank"":1,""recommended"":true,""feasible"":false,""budget_used"":0.876137,""budget_violation"":0,""makespan"":99.922,""deadline_violation"":20.216,""machine_signature"":""3e3059aeade2e78d"",""weighted_score"":1,""diversity_score"":3.517241}]"
heft_colocation,cluster_hetero,29,maddid0000037|maddid0000056|mbackgroundid0000013|mbackgroundid0000016|mbackgroundid0000033|mbgmodelid0000050|mconcatfitid0000011|mconcatfitid0000049|mdifffitid0000006|mdifffitid0000007|mdifffitid0000008|mdifffitid0000009|mdifffitid0000010|mdifffitid0000024|mdifffitid0000025|mdifffitid0000027|mdifffitid0000028|mdifffitid0000029|mdifffitid0000044|mdifffitid0000047|mimgtblid0000017|mprojectid0000001|mprojectid0000003|mprojectid0000020|mprojectid0000039|mprojectid0000040|mprojectid0000042|mviewerid0000019|mviewerid0000038,0.200000,312.716000,0.000000,0.000000,235.839680,0.000000,76.876000,false,99.551000,31,1.055000,"{""bora005"":31,""bora006"":22,""diablo01"":3,""diablo02"":2}","{""bora005"":0.063487,""bora006"":0.088795,""diablo01"":0.005005,""diablo02"":0.004917}",[]
prism_cc_cost,cluster_hetero,29,maddid0000037|maddid0000056|mbackgroundid0000013|mbackgroundid0000016|mbackgroundid0000033|mbgmodelid0000050|mconcatfitid0000011|mconcatfitid0000049|mdifffitid0000006|mdifffitid0000007|mdifffitid0000008|mdifffitid0000009|mdifffitid0000010|mdifffitid0000024|mdifffitid0000025|mdifffitid0000027|mdifffitid0000028|mdifffitid0000029|mdifffitid0000044|mdifffitid0000047|mimgtblid0000017|mprojectid0000001|mprojectid0000003|mprojectid0000020|mprojectid0000039|mprojectid0000040|mprojectid0000042|mviewerid0000019|mviewerid0000038,0.200000,312.716000,0.000000,0.000000,235.839680,0.000000,76.876000,false,99.551000,31,179.751000,"{""bora005"":31,""bora006"":22,""diablo01"":3,""diablo02"":2}","{""bora005"":0.063487,""bora006"":0.088795,""diablo01"":0.005005,""diablo02"":0.004917}","[{""rank"":1,""recommended"":true,""feasible"":false,""budget_used"":0,""budget_violation"":0,""makespan"":312.716,""deadline_violation"":76.876,""machine_signature"":""ccab614a68e09088"",""weighted_score"":0,""diversity_score"":3.465517}]"
prism_cc_time,cluster_hetero,29,maddid0000037|maddid0000056|mbackgroundid0000013|mbackgroundid0000016|mbackgroundid0000033|mbgmodelid0000050|mconcatfitid0000011|mconcatfitid0000049|mdifffitid0000006|mdifffitid0000007|mdifffitid0000008|mdifffitid0000009|mdifffitid0000010|mdifffitid0000024|mdifffitid0000025|mdifffitid0000027|mdifffitid0000028|mdifffitid0000029|mdifffitid0000044|mdifffitid0000047|mimgtblid0000017|mprojectid0000001|mprojectid0000003|mprojectid0000020|mprojectid0000039|mprojectid0000040|mprojectid0000042|mviewerid0000019|mviewerid0000038,0.200000,312.716000,0.000000,0.000000,235.839680,0.000000,76.876000,false,99.551000,31,179.751000,"{""bora005"":31,""bora006"":22,""diablo01"":3,""diablo02"":2}","{""bora005"":0.063487,""bora006"":0.088795,""diablo01"":0.005005,""diablo02"":0.004917}","[{""rank"":1,""recommended"":true,""feasible"":false,""budget_used"":0,""budget_violation"":0,""makespan"":312.716,""deadline_violation"":76.876,""machine_signature"":""ccab614a68e09088"",""weighted_score"":1,""diversity_score"":3.465517}]"
heft_colocation,cluster_homo,29,maddid0000037|maddid0000056|mbackgroundid0000013|mbackgroundid0000016|mbackgroundid0000033|mbgmodelid0000050|mconcatfitid0000011|mconcatfitid0000049|mdifffitid0000006|mdifffitid0000007|mdifffitid0000008|mdifffitid0000009|mdifffitid0000010|mdifffitid0000024|mdifffitid0000025|mdifffitid0000027|mdifffitid0000028|mdifffitid0000029|mdifffitid0000044|mdifffitid0000047|mimgtblid0000017|mprojectid0000001|mprojectid0000003|mprojectid0000020|mprojectid0000039|mprojectid0000040|mprojectid0000042|mviewerid0000019|mviewerid0000038,0.200000,287.957000,0.000000,0.000000,230.365600,0.000000,57.591000,false,38.282000,21,0.953000,"{""bora001"":16,""bora002"":19,""bora003"":20,""bora004"":3}","{""bora001"":0.033941,""bora002"":0.060638,""bora003"":0.048886,""bora004"":0.031348}",[]
prism_cc_cost,cluster_homo,29,maddid0000037|maddid0000056|mbackgroundid0000013|mbackgroundid0000016|mbackgroundid0000033|mbgmodelid0000050|mconcatfitid0000011|mconcatfitid0000049|mdifffitid0000006|mdifffitid0000007|mdifffitid0000008|mdifffitid0000009|mdifffitid0000010|mdifffitid0000024|mdifffitid0000025|mdifffitid0000027|mdifffitid0000028|mdifffitid0000029|mdifffitid0000044|mdifffitid0000047|mimgtblid0000017|mprojectid0000001|mprojectid0000003|mprojectid0000020|mprojectid0000039|mprojectid0000040|mprojectid0000042|mviewerid0000019|mviewerid0000038,0.200000,287.957000,0.000000,0.000000,230.365600,0.000000,57.591000,false,38.282000,21,137.672000,"{""bora001"":16,""bora002"":19,""bora003"":20,""bora004"":3}","{""bora001"":0.033941,""bora002"":0.060638,""bora003"":0.048886,""bora004"":0.031348}","[{""rank"":1,""recommended"":true,""feasible"":false,""budget_used"":0,""budget_violation"":0,""makespan"":287.957,""deadline_violation"":57.591,""machine_signature"":""c15ab50770aec501"",""weighted_score"":0,""diversity_score"":3.655172}]"
prism_cc_time,cluster_homo,29,maddid0000037|maddid0000056|mbackgroundid0000013|mbackgroundid0000016|mbackgroundid0000033|mbgmodelid0000050|mconcatfitid0000011|mconcatfitid0000049|mdifffitid0000006|mdifffitid0000007|mdifffitid0000008|mdifffitid0000009|mdifffitid0000010|mdifffitid0000024|mdifffitid0000025|mdifffitid0000027|mdifffitid0000028|mdifffitid0000029|mdifffitid0000044|mdifffitid0000047|mimgtblid0000017|mprojectid0000001|mprojectid0000003|mprojectid0000020|mprojectid0000039|mprojectid0000040|mprojectid0000042|mviewerid0000019|mviewerid0000038,0.200000,287.957000,0.000000,0.000000,230.365600,0.000000,57.591000,false,38.282000,21,137.672000,"{""bora001"":16,""bora002"":19,""bora003"":20,""bora004"":3}","{""bora001"":0.033941,""bora002"":0.060638,""bora003"":0.048886,""bora004"":0.031348}","[{""rank"":1,""recommended"":true,""feasible"":false,""budget_used"":0,""budget_violation"":0,""makespan"":287.957,""deadline_violation"":57.591,""machine_signature"":""c15ab50770aec501"",""weighted_score"":1,""diversity_score"":3.655172}]"
heft_colocation,hybrid_hetero,29,maddid0000037|maddid0000056|mbackgroundid0000013|mbackgroundid0000016|mbackgroundid0000033|mbgmodelid0000050|mconcatfitid0000011|mconcatfitid0000049|mdifffitid0000006|mdifffitid0000007|mdifffitid0000008|mdifffitid0000009|mdifffitid0000010|mdifffitid0000024|mdifffitid0000025|mdifffitid0000027|mdifffitid0000028|mdifffitid0000029|mdifffitid0000044|mdifffitid0000047|mimgtblid0000017|mprojectid0000001|mprojectid0000003|mprojectid0000020|mprojectid0000039|mprojectid0000040|mprojectid0000042|mviewerid0000019|mviewerid0000038,0.200000,112.408000,0.390778,0.348827,79.406640,0.042000,33.001000,false,61.680000,44,2.565000,"{""h3-standard-88-2"":13,""h4d-standard-192-7"":45}","{""bora011"":0,""diablo03"":0,""h3-standard-88-2"":0.003558,""h4d-standard-192-7"":0.016866}",[]
prism_cc_cost,hybrid_hetero,29,maddid0000037|maddid0000056|mbackgroundid0000013|mbackgroundid0000016|mbackgroundid0000033|mbgmodelid0000050|mconcatfitid0000011|mconcatfitid0000049|mdifffitid0000006|mdifffitid0000007|mdifffitid0000008|mdifffitid0000009|mdifffitid0000010|mdifffitid0000024|mdifffitid0000025|mdifffitid0000027|mdifffitid0000028|mdifffitid0000029|mdifffitid0000044|mdifffitid0000047|mimgtblid0000017|mprojectid0000001|mprojectid0000003|mprojectid0000020|mprojectid0000039|mprojectid0000040|mprojectid0000042|mviewerid0000019|mviewerid0000038,0.200000,112.408000,0.390778,0.348827,79.406640,0.042000,33.001000,false,61.680000,44,205.886000,"{""h3-standard-88-2"":13,""h4d-standard-192-7"":45}","{""bora011"":0,""diablo03"":0,""h3-standard-88-2"":0.003558,""h4d-standard-192-7"":0.016866}","[{""rank"":1,""recommended"":true,""feasible"":false,""budget_used"":0.367722,""budget_violation"":0.0189,""makespan"":112.408,""deadline_violation"":33.001,""machine_signature"":""def69e3ce225096d"",""weighted_score"":0.367722,""diversity_score"":2.224138},{""rank"":2,""recommended"":false,""feasible"":false,""budget_used"":0.390778,""budget_violation"":0.042,""makespan"":112.408,""deadline_violation"":33.001,""machine_signature"":""f98ebc0304ea82da"",""weighted_score"":0.390778,""diversity_score"":1.224138}]"
prism_cc_time,hybrid_hetero,29,maddid0000037|maddid0000056|mbackgroundid0000013|mbackgroundid0000016|mbackgroundid0000033|mbgmodelid0000050|mconcatfitid0000011|mconcatfitid0000049|mdifffitid0000006|mdifffitid0000007|mdifffitid0000008|mdifffitid0000009|mdifffitid0000010|mdifffitid0000024|mdifffitid0000025|mdifffitid0000027|mdifffitid0000028|mdifffitid0000029|mdifffitid0000044|mdifffitid0000047|mimgtblid0000017|mprojectid0000001|mprojectid0000003|mprojectid0000020|mprojectid0000039|mprojectid0000040|mprojectid0000042|mviewerid0000019|mviewerid0000038,0.200000,112.408000,0.390778,0.348827,79.406640,0.042000,33.001000,false,61.680000,44,205.886000,"{""h3-standard-88-2"":13,""h4d-standard-192-7"":45}","{""bora011"":0,""diablo03"":0,""h3-standard-88-2"":0.003558,""h4d-standard-192-7"":0.016866}","[{""rank"":1,""recommended"":true,""feasible"":false,""budget_used"":0.367722,""budget_violation"":0.0189,""makespan"":112.408,""deadline_violation"":33.001,""machine_signature"":""def69e3ce225096d"",""weighted_score"":1,""diversity_score"":2.224138},{""rank"":2,""recommended"":false,""feasible"":false,""budget_used"":0.390778,""budget_violation"":0.042,""makespan"":112.408,""deadline_violation"":33.001,""machine_signature"":""f98ebc0304ea82da"",""weighted_score"":1,""diversity_score"":1.224138}]"
heft_colocation,hybrid_homo,29,maddid0000037|maddid0000056|mbackgroundid0000013|mbackgroundid0000016|mbackgroundid0000033|mbgmodelid0000050|mconcatfitid0000011|mconcatfitid0000049|mdifffitid0000006|mdifffitid0000007|mdifffitid0000008|mdifffitid0000009|mdifffitid0000010|mdifffitid0000024|mdifffitid0000025|mdifffitid0000027|mdifffitid0000028|mdifffitid0000029|mdifffitid0000044|mdifffitid0000047|mimgtblid0000017|mprojectid0000001|mprojectid0000003|mprojectid0000020|mprojectid0000039|mprojectid0000040|mprojectid0000042|mviewerid0000019|mviewerid0000038,0.200000,104.495000,0.563937,0.607531,78.742107,0.000000,25.753000,false,28.906000,25,2.041000,"{""h4d-standard-192-5"":27,""h4d-standard-192-6"":31}","{""bora009"":0,""bora010"":0,""h4d-standard-192-5"":0.009278,""h4d-standard-192-6"":0.008125}",[]
prism_cc_cost,hybrid_homo,29,maddid0000037|maddid0000056|mbackgroundid0000013|mbackgroundid0000016|mbackgroundid0000033|mbgmodelid0000050|mconcatfitid0000011|mconcatfitid0000049|mdifffitid0000006|mdifffitid0000007|mdifffitid0000008|mdifffitid0000009|mdifffitid0000010|mdifffitid0000024|mdifffitid0000025|mdifffitid0000027|mdifffitid0000028|mdifffitid0000029|mdifffitid0000044|mdifffitid0000047|mimgtblid0000017|mprojectid0000001|mprojectid0000003|mprojectid0000020|mprojectid0000039|mprojectid0000040|mprojectid0000042|mviewerid0000019|mviewerid0000038,0.200000,104.495000,0.563937,0.607531,78.742107,0.000000,25.753000,false,28.906000,25,254.275000,"{""h4d-standard-192-5"":27,""h4d-standard-192-6"":31}","{""bora009"":0,""bora010"":0,""h4d-standard-192-5"":0.009278,""h4d-standard-192-6"":0.008125}","[{""rank"":1,""recommended"":true,""feasible"":false,""budget_used"":0.563937,""budget_violation"":0,""makespan"":104.495,""deadline_violation"":25.753,""machine_signature"":""a77a8a363be58f2f"",""weighted_score"":0.563937,""diversity_score"":1.465517}]"
prism_cc_time,hybrid_homo,29,maddid0000037|maddid0000056|mbackgroundid0000013|mbackgroundid0000016|mbackgroundid0000033|mbgmodelid0000050|mconcatfitid0000011|mconcatfitid0000049|mdifffitid0000006|mdifffitid0000007|mdifffitid0000008|mdifffitid0000009|mdifffitid0000010|mdifffitid0000024|mdifffitid0000025|mdifffitid0000027|mdifffitid0000028|mdifffitid0000029|mdifffitid0000044|mdifffitid0000047|mimgtblid0000017|mprojectid0000001|mprojectid0000003|mprojectid0000020|mprojectid0000039|mprojectid0000040|mprojectid0000042|mviewerid0000019|mviewerid0000038,0.200000,104.495000,0.563937,0.607531,78.742107,0.000000,25.753000,false,28.906000,25,254.275000,"{""h4d-standard-192-5"":27,""h4d-standard-192-6"":31}","{""bora009"":0,""bora010"":0,""h4d-standard-192-5"":0.009278,""h4d-standard-192-6"":0.008125}","[{""rank"":1,""recommended"":true,""feasible"":false,""budget_used"":0.563937,""budget_violation"":0,""makespan"":104.495,""deadline_violation"":25.753,""machine_signature"":""a77a8a363be58f2f"",""weighted_score"":1,""diversity_score"":1.465517}]"
heft_colocation,hybrid_raspberry_500mbps,29,maddid0000037|maddid0000056|mbackgroundid0000013|mbackgroundid0000016|mbackgroundid0000033|mbgmodelid0000050|mconcatfitid0000011|mconcatfitid0000049|mdifffitid0000006|mdifffitid0000007|mdifffitid0000008|mdifffitid0000009|mdifffitid0000010|mdifffitid0000024|mdifffitid0000025|mdifffitid0000027|mdifffitid0000028|mdifffitid0000029|mdifffitid0000044|mdifffitid0000047|mimgtblid0000017|mprojectid0000001|mprojectid0000003|mprojectid0000020|mprojectid0000039|mprojectid0000040|mprojectid0000042|mviewerid0000019|mviewerid0000038,0.200000,175.500000,0.534767,0.533583,119.533547,0.001200,55.966000,false,77.929000,49,2.996000,"{""cloud-node-02"":41,""hpc-node-02"":17}","{""cloud-node-01"":0,""cloud-node-02"":0.052035,""hpc-node-01"":0,""hpc-node-02"":0.035147,""rpi-edge-01"":0,""rpi-edge-02"":0,""rpi-edge-03"":0,""rpi-edge-04"":0,""rpi-edge-05"":0,""rpi-edge-06"":0,""rpi-edge-07"":0,""rpi-edge-08"":0,""rpi-edge-09"":0,""rpi-edge-10"":0}",[]
prism_cc_cost,hybrid_raspberry_500mbps,29,maddid0000037|maddid0000056|mbackgroundid0000013|mbackgroundid0000016|mbackgroundid0000033|mbgmodelid0000050|mconcatfitid0000011|mconcatfitid0000049|mdifffitid0000006|mdifffitid0000007|mdifffitid0000008|mdifffitid0000009|mdifffitid0000010|mdifffitid0000024|mdifffitid0000025|mdifffitid0000027|mdifffitid0000028|mdifffitid0000029|mdifffitid0000044|mdifffitid0000047|mimgtblid0000017|mprojectid0000001|mprojectid0000003|mprojectid0000020|mprojectid0000039|mprojectid0000040|mprojectid0000042|mviewerid0000019|mviewerid0000038,0.200000,175.500000,0.534767,0.533583,119.533547,0.001200,55.966000,false,77.929000,49,398.630000,"{""cloud-node-02"":41,""hpc-node-02"":17}","{""cloud-node-01"":0,""cloud-node-02"":0.052035,""hpc-node-01"":0,""hpc-node-02"":0.035147,""rpi-edge-01"":0,""rpi-edge-02"":0,""rpi-edge-03"":0,""rpi-edge-04"":0,""rpi-edge-05"":0,""rpi-edge-06"":0,""rpi-edge-07"":0,""rpi-edge-08"":0,""rpi-edge-09"":0,""rpi-edge-10"":0}","[{""rank"":1,""recommended"":true,""feasible"":false,""budget_used"":0.534767,""budget_violation"":0.0012,""makespan"":175.5,""deadline_violation"":55.966,""machine_signature"":""8db205877c9b8123"",""weighted_score"":0.534767,""diversity_score"":1.293103}]"
prism_cc_time,hybrid_raspberry_500mbps,29,maddid0000037|maddid0000056|mbackgroundid0000013|mbackgroundid0000016|mbackgroundid0000033|mbgmodelid0000050|mconcatfitid0000011|mconcatfitid0000049|mdifffitid0000006|mdifffitid0000007|mdifffitid0000008|mdifffitid0000009|mdifffitid0000010|mdifffitid0000024|mdifffitid0000025|mdifffitid0000027|mdifffitid0000028|mdifffitid0000029|mdifffitid0000044|mdifffitid0000047|mimgtblid0000017|mprojectid0000001|mprojectid0000003|mprojectid0000020|mprojectid0000039|mprojectid0000040|mprojectid0000042|mviewerid0000019|mviewerid0000038,0.200000,175.500000,0.534767,0.533583,119.533547,0.001200,55.966000,false,77.929000,49,398.630000,"{""cloud-node-02"":41,""hpc-node-02"":17}","{""cloud-node-01"":0,""cloud-node-02"":0.052035,""hpc-node-01"":0,""hpc-node-02"":0.035147,""rpi-edge-01"":0,""rpi-edge-02"":0,""rpi-edge-03"":0,""rpi-edge-04"":0,""rpi-edge-05"":0,""rpi-edge-06"":0,""rpi-edge-07"":0,""rpi-edge-08"":0,""rpi-edge-09"":0,""rpi-edge-10"":0}","[{""rank"":1,""recommended"":true,""feasible"":false,""budget_used"":0.534767,""budget_violation"":0.0012,""makespan"":175.5,""deadline_violation"":55.966,""machine_signature"":""8db205877c9b8123"",""weighted_score"":1,""diversity_score"":1.293103}]"
heft_colocation,cloud_hetero,30,mbackgroundid0000014|mbackgroundid0000032|mbackgroundid0000033|mbackgroundid0000034|mbackgroundid0000052|mbgmodelid0000031|mconcatfitid0000011|mconcatfitid0000030|mdifffitid0000005|mdifffitid0000006|mdifffitid0000007|mdifffitid0000010|mdifffitid0000026|mdifffitid0000028|mdifffitid0000029|mdifffitid0000043|mdifffitid0000044|mdifffitid0000045|mdifffitid0000046|mdifffitid0000048|mprojectid0000001|mprojectid0000002|mprojectid0000020|mprojectid0000039|mprojectid0000040|mprojectid0000041|mprojectid0000042|mviewerid0000038|mviewerid0000058,0.200000,104.495000,0.579862,0.641828,78.742107,0.000000,25.753000,false,37.234000,26,1.899000,"{""h4d-highmem-192-1"":29,""h4d-standard-192-1"":29}","{""h3-standard-88-1"":0,""h3-standard-88-2"":0,""h4d-highmem-192-1"":0.008159,""h4d-standard-192-1"":0.00966}",[]
prism_cc_cost,cloud_hetero,30,mbackgroundid0000014|mbackgroundid0000032|mbackgroundid0000033|mbackgroundid0000034|mbackgroundid0000052|mbgmodelid0000031|mconcatfitid0000011|mconcatfitid0000030|mdifffitid0000005|mdifffitid0000006|mdifffitid0000007|mdifffitid0000010|mdifffitid0000026|mdifffitid0000028|mdifffitid0000029|mdifffitid0000043|mdifffitid0000044|mdifffitid0000045|mdifffitid0000046|mdifffitid0000048|mprojectid0000001|mprojectid0000002|mprojectid0000020|mprojectid0000039|mprojectid0000040|mprojectid0000041|mprojectid0000042|mviewerid0000038|mviewerid0000058,0.200000,104.495000,0.579862,0.641828,78.742107,0.000000,25.753000,false,37.234000,26,265.212000,"{""h4d-highmem-192-1"":29,""h4d-standard-192-1"":29}","{""h3-standard-88-1"":0,""h3-standard-88-2"":0,""h4d-highmem-192-1"":0.008159,""h4d-standard-192-1"":0.00966}","[{""rank"":1,""recommended"":true,""feasible"":false,""budget_used"":0.579862,""budget_violation"":0,""makespan"":104.495,""deadline_violation"":25.753,""machine_signature"":""9bead71b0d1e4769"",""weighted_score"":0.579862,""diversity_score"":1.5}]"
prism_cc_time,cloud_hetero,30,mbackgroundid0000014|mbackgroundid0000032|mbackgroundid0000033|mbackgroundid0000034|mbackgroundid0000052|mbgmodelid0000031|mconcatfitid0000011|mconcatfitid0000030|mdifffitid0000005|mdifffitid0000006|mdifffitid0000007|mdifffitid0000010|mdifffitid0000026|mdifffitid0000028|mdifffitid0000029|mdifffitid0000043|mdifffitid0000044|mdifffitid0000045|mdifffitid0000046|mdifffitid0000048|mprojectid0000001|mprojectid0000002|mprojectid0000020|mprojectid0000039|mprojectid0000040|mprojectid0000041|mprojectid0000042|mviewerid0000038|mviewerid0000058,0.200000,104.495000,0.579862,0.641828,78.742107,0.000000,25.753000,false,37.234000,26,265.212000,"{""h4d-highmem-192-1"":29,""h4d-standard-192-1"":29}","{""h3-standard-88-1"":0,""h3-standard-88-2"":0,""h4d-highmem-192-1"":0.008159,""h4d-standard-192-1"":0.00966}","[{""rank"":1,""recommended"":true,""feasible"":false,""budget_used"":0.579862,""budget_violation"":0,""makespan"":104.495,""deadline_violation"":25.753,""machine_signature"":""9bead71b0d1e4769"",""weighted_score"":1,""diversity_score"":1.5}]"
heft_colocation,cloud_homo,30,mbackgroundid0000014|mbackgroundid0000032|mbackgroundid0000033|mbackgroundid0000034|mbackgroundid0000052|mbgmodelid0000031|mconcatfitid0000011|mconcatfitid0000030|mdifffitid0000005|mdifffitid0000006|mdifffitid0000007|mdifffitid0000010|mdifffitid0000026|mdifffitid0000028|mdifffitid0000029|mdifffitid0000043|mdifffitid0000044|mdifffitid0000045|mdifffitid0000046|mdifffitid0000048|mprojectid0000001|mprojectid0000002|mprojectid0000020|mprojectid0000039|mprojectid0000040|mprojectid0000041|mprojectid0000042|mviewerid0000038|mviewerid0000058,0.200000,99.922000,0.876494,1.059152,79.706000,0.000000,20.216000,false,9.462000,12,2.909000,"{""h4d-standard-192-1"":18,""h4d-standard-192-2"":28,""h4d-standard-192-3"":8,""h4d-standard-192-4"":4}","{""h4d-standard-192-1"":0.003849,""h4d-standard-192-2"":0.006326,""h4d-standard-192-3"":0.003732,""h4d-standard-192-4"":0.003279}",[]
prism_cc_cost,cloud_homo,30,mbackgroundid0000014|mbackgroundid0000032|mbackgroundid0000033|mbackgroundid0000034|mbackgroundid0000052|mbgmodelid0000031|mconcatfitid0000011|mconcatfitid0000030|mdifffitid0000005|mdifffitid0000006|mdifffitid0000007|mdifffitid0000010|mdifffitid0000026|mdifffitid0000028|mdifffitid0000029|mdifffitid0000043|mdifffitid0000044|mdifffitid0000045|mdifffitid0000046|mdifffitid0000048|mprojectid0000001|mprojectid0000002|mprojectid0000020|mprojectid0000039|mprojectid0000040|mprojectid0000041|mprojectid0000042|mviewerid0000038|mviewerid0000058,0.200000,99.922000,0.876494,1.059152,79.706000,0.000000,20.216000,false,9.462000,12,312.523000,"{""h4d-standard-192-1"":18,""h4d-standard-192-2"":28,""h4d-standard-192-3"":8,""h4d-standard-192-4"":4}","{""h4d-standard-192-1"":0.003849,""h4d-standard-192-2"":0.006326,""h4d-standard-192-3"":0.003732,""h4d-standard-192-4"":0.003279}","[{""rank"":1,""recommended"":true,""feasible"":false,""budget_used"":0.876494,""budget_violation"":0,""makespan"":99.922,""deadline_violation"":20.216,""machine_signature"":""c7e6fd6fdff09afe"",""weighted_score"":0.876494,""diversity_score"":3.517241}]"
prism_cc_time,cloud_homo,30,mbackgroundid0000014|mbackgroundid0000032|mbackgroundid0000033|mbackgroundid0000034|mbackgroundid0000052|mbgmodelid0000031|mconcatfitid0000011|mconcatfitid0000030|mdifffitid0000005|mdifffitid0000006|mdifffitid0000007|mdifffitid0000010|mdifffitid0000026|mdifffitid0000028|mdifffitid0000029|mdifffitid0000043|mdifffitid0000044|mdifffitid0000045|mdifffitid0000046|mdifffitid0000048|mprojectid0000001|mprojectid0000002|mprojectid0000020|mprojectid0000039|mprojectid0000040|mprojectid0000041|mprojectid0000042|mviewerid0000038|mviewerid0000058,0.200000,99.922000,0.876494,1.059152,79.706000,0.000000,20.216000,false,9.462000,12,312.523000,"{""h4d-standard-192-1"":18,""h4d-standard-192-2"":28,""h4d-standard-192-3"":8,""h4d-standard-192-4"":4}","{""h4d-standard-192-1"":0.003849,""h4d-standard-192-2"":0.006326,""h4d-standard-192-3"":0.003732,""h4d-standard-192-4"":0.003279}","[{""rank"":1,""recommended"":true,""feasible"":false,""budget_used"":0.876494,""budget_violation"":0,""makespan"":99.922,""deadline_violation"":20.216,""machine_signature"":""c7e6fd6fdff09afe"",""weighted_score"":1,""diversity_score"":3.517241}]"
heft_colocation,cluster_hetero,30,mbackgroundid0000014|mbackgroundid0000032|mbackgroundid0000033|mbackgroundid0000034|mbackgroundid0000052|mbgmodelid0000031|mconcatfitid0000011|mconcatfitid0000030|mdifffitid0000005|mdifffitid0000006|mdifffitid0000007|mdifffitid0000010|mdifffitid0000026|mdifffitid0000028|mdifffitid0000029|mdifffitid0000043|mdifffitid0000044|mdifffitid0000045|mdifffitid0000046|mdifffitid0000048|mprojectid0000001|mprojectid0000002|mprojectid0000020|mprojectid0000039|mprojectid0000040|mprojectid0000041|mprojectid0000042|mviewerid0000038|mviewerid0000058,0.200000,312.716000,0.000000,0.000000,235.839680,0.000000,76.876000,false,123.247000,32,1.388000,"{""bora005"":32,""bora006"":22,""diablo01"":3,""diablo02"":1}","{""bora005"":0.07038,""bora006"":0.081576,""diablo01"":0.005005,""diablo02"":0.006624}",[]
prism_cc_cost,cluster_hetero,30,mbackgroundid0000014|mbackgroundid0000032|mbackgroundid0000033|mbackgroundid0000034|mbackgroundid0000052|mbgmodelid0000031|mconcatfitid0000011|mconcatfitid0000030|mdifffitid0000005|mdifffitid0000006|mdifffitid0000007|mdifffitid0000010|mdifffitid0000026|mdifffitid0000028|mdifffitid0000029|mdifffitid0000043|mdifffitid0000044|mdifffitid0000045|mdifffitid0000046|mdifffitid0000048|mprojectid0000001|mprojectid0000002|mprojectid0000020|mprojectid0000039|mprojectid0000040|mprojectid0000041|mprojectid0000042|mviewerid0000038|mviewerid0000058,0.200000,312.716000,0.000000,0.000000,235.839680,0.000000,76.876000,false,123.247000,32,134.372000,"{""bora005"":32,""bora006"":22,""diablo01"":3,""diablo02"":1}","{""bora005"":0.07038,""bora006"":0.081576,""diablo01"":0.005005,""diablo02"":0.006624}","[{""rank"":1,""recommended"":true,""feasible"":false,""budget_used"":0,""budget_violation"":0,""makespan"":312.716,""deadline_violation"":76.876,""machine_signature"":""917559a964fa835f"",""weighted_score"":0,""diversity_score"":3.448276}]"
prism_cc_time,cluster_hetero,30,mbackgroundid0000014|mbackgroundid0000032|mbackgroundid0000033|mbackgroundid0000034|mbackgroundid0000052|mbgmodelid0000031|mconcatfitid0000011|mconcatfitid0000030|mdifffitid0000005|mdifffitid0000006|mdifffitid0000007|mdifffitid0000010|mdifffitid0000026|mdifffitid0000028|mdifffitid0000029|mdifffitid0000043|mdifffitid0000044|mdifffitid0000045|mdifffitid0000046|mdifffitid0000048|mprojectid0000001|mprojectid0000002|mprojectid0000020|mprojectid0000039|mprojectid0000040|mprojectid0000041|mprojectid0000042|mviewerid0000038|mviewerid0000058,0.200000,312.716000,0.000000,0.000000,235.839680,0.000000,76.876000,false,123.247000,32,134.372000,"{""bora005"":32,""bora006"":22,""diablo01"":3,""diablo02"":1}","{""bora005"":0.07038,""bora006"":0.081576,""diablo01"":0.005005,""diablo02"":0.006624}","[{""rank"":1,""recommended"":true,""feasible"":false,""budget_used"":0,""budget_violation"":0,""makespan"":312.716,""deadline_violation"":76.876,""machine_signature"":""917559a964fa835f"",""weighted_score"":1,""diversity_score"":3.448276}]"
heft_colocation,cluster_homo,30,mbackgroundid0000014|mbackgroundid0000032|mbackgroundid0000033|mbackgroundid0000034|mbackgroundid0000052|mbgmodelid0000031|mconcatfitid0000011|mconcatfitid0000030|mdifffitid0000005|mdifffitid0000006|mdifffitid0000007|mdifffitid0000010|mdifffitid0000026|mdifffitid0000028|mdifffitid0000029|mdifffitid0000043|mdifffitid0000044|mdifffitid0000045|mdifffitid0000046|mdifffitid0000048|mprojectid0000001|mprojectid0000002|mprojectid0000020|mprojectid0000039|mprojectid0000040|mprojectid0000041|mprojectid0000042|mviewerid0000038|mviewerid0000058,0.200000,287.957000,0.000000,0.000000,230.365600,0.000000,57.591000,false,54.391000,17,0.894000,"{""bora001"":18,""bora002"":19,""bora003"":18,""bora004"":3}","{""bora001"":0.041302,""bora002"":0.061672,""bora003"":0.039996,""bora004"":0.033397}",[]
prism_cc_cost,cluster_homo,30,mbackgroundid0000014|mbackgroundid0000032|mbackgroundid0000033|mbackgroundid0000034|mbackgroundid0000052|mbgmodelid0000031|mconcatfitid0000011|mconcatfitid0000030|mdifffitid0000005|mdifffitid0000006|mdifffitid0000007|mdifffitid0000010|mdifffitid0000026|mdifffitid0000028|mdifffitid0000029|mdifffitid0000043|mdifffitid0000044|mdifffitid0000045|mdifffitid0000046|mdifffitid0000048|mprojectid0000001|mprojectid0000002|mprojectid0000020|mprojectid0000039|mprojectid0000040|mprojectid0000041|mprojectid0000042|mviewerid0000038|mviewerid0000058,0.200000,287.957000,0.000000,0.000000,230.365600,0.000000,57.591000,false,54.391000,17,134.852000,"{""bora001"":18,""bora002"":19,""bora003"":18,""bora004"":3}","{""bora001"":0.041302,""bora002"":0.061672,""bora003"":0.039996,""bora004"":0.033397}","[{""rank"":1,""recommended"":true,""feasible"":false,""budget_used"":0,""budget_violation"":0,""makespan"":287.957,""deadline_violation"":57.591,""machine_signature"":""00e4780b07b315cc"",""weighted_score"":0,""diversity_score"":3.672414}]"
prism_cc_time,cluster_homo,30,mbackgroundid0000014|mbackgroundid0000032|mbackgroundid0000033|mbackgroundid0000034|mbackgroundid0000052|mbgmodelid0000031|mconcatfitid0000011|mconcatfitid0000030|mdifffitid0000005|mdifffitid0000006|mdifffitid0000007|mdifffitid0000010|mdifffitid0000026|mdifffitid0000028|mdifffitid0000029|mdifffitid0000043|mdifffitid0000044|mdifffitid0000045|mdifffitid0000046|mdifffitid0000048|mprojectid0000001|mprojectid0000002|mprojectid0000020|mprojectid0000039|mprojectid0000040|mprojectid0000041|mprojectid0000042|mviewerid0000038|mviewerid0000058,0.200000,287.957000,0.000000,0.000000,230.365600,0.000000,57.591000,false,54.391000,17,134.852000,"{""bora001"":18,""bora002"":19,""bora003"":18,""bora004"":3}","{""bora001"":0.041302,""bora002"":0.061672,""bora003"":0.039996,""bora004"":0.033397}","[{""rank"":1,""recommended"":true,""feasible"":false,""budget_used"":0,""budget_violation"":0,""makespan"":287.957,""deadline_violation"":57.591,""machine_signature"":""00e4780b07b315cc"",""weighted_score"":1,""diversity_score"":3.672414}]"
heft_colocation,hybrid_hetero,30,mbackgroundid0000014|mbackgroundid0000032|mbackgroundid0000033|mbackgroundid0000034|mbackgroundid0000052|mbgmodelid0000031|mconcatfitid0000011|mconcatfitid0000030|mdifffitid0000005|mdifffitid0000006|mdifffitid0000007|mdifffitid0000010|mdifffitid0000026|mdifffitid0000028|mdifffitid0000029|mdifffitid0000043|mdifffitid0000044|mdifffitid0000045|mdifffitid0000046|mdifffitid0000048|mprojectid0000001|mprojectid0000002|mprojectid0000020|mprojectid0000039|mprojectid0000040|mprojectid0000041|mprojectid0000042|mviewerid0000038|mviewerid0000058,0.200000,112.408000,0.391538,0.348827,79.406640,0.042700,33.001000,false,77.012000,47,1.674000,"{""h3-standard-88-2"":13,""h4d-standard-192-7"":45}","{""bora011"":0,""diablo03"":0,""h3-standard-88-2"":0.00363,""h4d-standard-192-7"":0.017544}",[]
prism_cc_cost,hybrid_hetero,30,mbackgroundid0000014|mbackgroundid0000032|mbackgroundid0000033|mbackgroundid0000034|mbackgroundid0000052|mbgmodelid0000031|mconcatfitid0000011|mconcatfitid0000030|mdifffitid0000005|mdifffitid0000006|mdifffitid0000007|mdifffitid0000010|mdifffitid0000026|mdifffitid0000028|mdifffitid0000029|mdifffitid0000043|mdifffitid0000044|mdifffitid0000045|mdifffitid0000046|mdifffitid0000048|mprojectid0000001|mprojectid0000002|mprojectid0000020|mprojectid0000039|mprojectid0000040|mprojectid0000041|mprojectid0000042|mviewerid0000038|mviewerid0000058,0.200000,112.408000,0.391538,0.348827,79.406640,0.042700,33.001000,false,77.012000,47,179.180000,"{""h3-standard-88-2"":13,""h4d-standard-192-7"":45}","{""bora011"":0,""diablo03"":0,""h3-standard-88-2"":0.00363,""h4d-standard-192-7"":0.017544}","[{""rank"":1,""recommended"":true,""feasible"":false,""budget_used"":0.375092,""budget_violation"":0.0263,""makespan"":112.408,""deadline_violation"":33.001,""machine_signature"":""38834953dd8ea03c"",""weighted_score"":0.375092,""diversity_score"":2.224138},{""rank"":2,""recommended"":false,""feasible"":false,""budget_used"":0.391538,""budget_violation"":0.0427,""makespan"":112.408,""deadline_violation"":33.001,""machine_signature"":""b43912a5ef95a3b7"",""weighted_score"":0.391538,""diversity_score"":1.224138}]"
prism_cc_time,hybrid_hetero,30,mbackgroundid0000014|mbackgroundid0000032|mbackgroundid0000033|mbackgroundid0000034|mbackgroundid0000052|mbgmodelid0000031|mconcatfitid0000011|mconcatfitid0000030|mdifffitid0000005|mdifffitid0000006|mdifffitid0000007|mdifffitid0000010|mdifffitid0000026|mdifffitid0000028|mdifffitid0000029|mdifffitid0000043|mdifffitid0000044|mdifffitid0000045|mdifffitid0000046|mdifffitid0000048|mprojectid0000001|mprojectid0000002|mprojectid0000020|mprojectid0000039|mprojectid0000040|mprojectid0000041|mprojectid0000042|mviewerid0000038|mviewerid0000058,0.200000,112.408000,0.391538,0.348827,79.406640,0.042700,33.001000,false,77.012000,47,179.180000,"{""h3-standard-88-2"":13,""h4d-standard-192-7"":45}","{""bora011"":0,""diablo03"":0,""h3-standard-88-2"":0.00363,""h4d-standard-192-7"":0.017544}","[{""rank"":1,""recommended"":true,""feasible"":false,""budget_used"":0.375092,""budget_violation"":0.0263,""makespan"":112.408,""deadline_violation"":33.001,""machine_signature"":""38834953dd8ea03c"",""weighted_score"":1,""diversity_score"":2.224138},{""rank"":2,""recommended"":false,""feasible"":false,""budget_used"":0.391538,""budget_violation"":0.0427,""makespan"":112.408,""deadline_violation"":33.001,""machine_signature"":""b43912a5ef95a3b7"",""weighted_score"":1,""diversity_score"":1.224138}]"
heft_colocation,hybrid_homo,30,mbackgroundid0000014|mbackgroundid0000032|mbackgroundid0000033|mbackgroundid0000034|mbackgroundid0000052|mbgmodelid0000031|mconcatfitid0000011|mconcatfitid0000030|mdifffitid0000005|mdifffitid0000006|mdifffitid0000007|mdifffitid0000010|mdifffitid0000026|mdifffitid0000028|mdifffitid0000029|mdifffitid0000043|mdifffitid0000044|mdifffitid0000045|mdifffitid0000046|mdifffitid0000048|mprojectid0000001|mprojectid0000002|mprojectid0000020|mprojectid0000039|mprojectid0000040|mprojectid0000041|mprojectid0000042|mviewerid0000038|mviewerid0000058,0.200000,104.495000,0.553307,0.607531,78.742107,0.000000,25.753000,false,37.234000,26,1.679000,"{""h4d-standard-192-5"":29,""h4d-standard-192-6"":29}","{""bora009"":0,""bora010"":0,""h4d-standard-192-5"":0.00966,""h4d-standard-192-6"":0.008159}",[]
prism_cc_cost,hybrid_homo,30,mbackgroundid0000014|mbackgroundid0000032|mbackgroundid0000033|mbackgroundid0000034|mbackgroundid0000052|mbgmodelid0000031|mconcatfitid0000011|mconcatfitid0000030|mdifffitid0000005|mdifffitid0000006|mdifffitid0000007|mdifffitid0000010|mdifffitid0000026|mdifffitid0000028|mdifffitid0000029|mdifffitid0000043|mdifffitid0000044|mdifffitid0000045|mdifffitid0000046|mdifffitid0000048|mprojectid0000001|mprojectid0000002|mprojectid0000020|mprojectid0000039|mprojectid0000040|mprojectid0000041|mprojectid0000042|mviewerid0000038|mviewerid0000058,0.200000,104.495000,0.553307,0.607531,78.742107,0.000000,25.753000,false,37.234000,26,260.994000,"{""h4d-standard-192-5"":29,""h4d-standard-192-6"":29}","{""bora009"":0,""bora010"":0,""h4d-standard-192-5"":0.00966,""h4d-standard-192-6"":0.008159}","[{""rank"":1,""recommended"":true,""feasible"":false,""budget_used"":0.553307,""budget_violation"":0,""makespan"":104.495,""deadline_violation"":25.753,""machine_signature"":""c7b1b11d09adb462"",""weighted_score"":0.553307,""diversity_score"":1.5}]"
prism_cc_time,hybrid_homo,30,mbackgroundid0000014|mbackgroundid0000032|mbackgroundid0000033|mbackgroundid0000034|mbackgroundid0000052|mbgmodelid0000031|mconcatfitid0000011|mconcatfitid0000030|mdifffitid0000005|mdifffitid0000006|mdifffitid0000007|mdifffitid0000010|mdifffitid0000026|mdifffitid0000028|mdifffitid0000029|mdifffitid0000043|mdifffitid0000044|mdifffitid0000045|mdifffitid0000046|mdifffitid0000048|mprojectid0000001|mprojectid0000002|mprojectid0000020|mprojectid0000039|mprojectid0000040|mprojectid0000041|mprojectid0000042|mviewerid0000038|mviewerid0000058,0.200000,104.495000,0.553307,0.607531,78.742107,0.000000,25.753000,false,37.234000,26,260.994000,"{""h4d-standard-192-5"":29,""h4d-standard-192-6"":29}","{""bora009"":0,""bora010"":0,""h4d-standard-192-5"":0.00966,""h4d-standard-192-6"":0.008159}","[{""rank"":1,""recommended"":true,""feasible"":false,""budget_used"":0.553307,""budget_violation"":0,""makespan"":104.495,""deadline_violation"":25.753,""machine_signature"":""c7b1b11d09adb462"",""weighted_score"":1,""diversity_score"":1.5}]"
heft_colocation,hybrid_raspberry_500mbps,30,mbackgroundid0000014|mbackgroundid0000032|mbackgroundid0000033|mbackgroundid0000034|mbackgroundid0000052|mbgmodelid0000031|mconcatfitid0000011|mconcatfitid0000030|mdifffitid0000005|mdifffitid0000006|mdifffitid0000007|mdifffitid0000010|mdifffitid0000026|mdifffitid0000028|mdifffitid0000029|mdifffitid0000043|mdifffitid0000044|mdifffitid0000045|mdifffitid0000046|mdifffitid0000048|mprojectid0000001|mprojectid0000002|mprojectid0000020|mprojectid0000039|mprojectid0000040|mprojectid0000041|mprojectid0000042|mviewerid0000038|mviewerid0000058,0.200000,175.500000,0.598888,0.533583,119.533547,0.065300,55.966000,false,99.292000,53,2.454000,"{""cloud-node-02"":39,""hpc-node-02"":19}","{""cloud-node-01"":0,""cloud-node-02"":0.05097,""hpc-node-01"":0,""hpc-node-02"":0.043456,""rpi-edge-01"":0,""rpi-edge-02"":0,""rpi-edge-03"":0,""rpi-edge-04"":0,""rpi-edge-05"":0,""rpi-edge-06"":0,""rpi-edge-07"":0,""rpi-edge-08"":0,""rpi-edge-09"":0,""rpi-edge-10"":0}",[]
prism_cc_cost,hybrid_raspberry_500mbps,30,mbackgroundid0000014|mbackgroundid0000032|mbackgroundid0000033|mbackgroundid0000034|mbackgroundid0000052|mbgmodelid0000031|mconcatfitid0000011|mconcatfitid0000030|mdifffitid0000005|mdifffitid0000006|mdifffitid0000007|mdifffitid0000010|mdifffitid0000026|mdifffitid0000028|mdifffitid0000029|mdifffitid0000043|mdifffitid0000044|mdifffitid0000045|mdifffitid0000046|mdifffitid0000048|mprojectid0000001|mprojectid0000002|mprojectid0000020|mprojectid0000039|mprojectid0000040|mprojectid0000041|mprojectid0000042|mviewerid0000038|mviewerid0000058,0.200000,175.500000,0.598888,0.533583,119.533547,0.065300,55.966000,false,99.292000,53,264.804000,"{""cloud-node-02"":39,""hpc-node-02"":19}","{""cloud-node-01"":0,""cloud-node-02"":0.05097,""hpc-node-01"":0,""hpc-node-02"":0.043456,""rpi-edge-01"":0,""rpi-edge-02"":0,""rpi-edge-03"":0,""rpi-edge-04"":0,""rpi-edge-05"":0,""rpi-edge-06"":0,""rpi-edge-07"":0,""rpi-edge-08"":0,""rpi-edge-09"":0,""rpi-edge-10"":0}","[{""rank"":1,""recommended"":true,""feasible"":false,""budget_used"":0.598888,""budget_violation"":0.0653,""makespan"":175.5,""deadline_violation"":55.966,""machine_signature"":""36ce531f87070e8b"",""weighted_score"":0.598888,""diversity_score"":1.327586},{""rank"":2,""recommended"":false,""feasible"":false,""budget_used"":0.598888,""budget_violation"":0.0653,""makespan"":175.5,""deadline_violation"":55.966,""machine_signature"":""7c8c6d15c0afdd29"",""weighted_score"":0.598888,""diversity_score"":1.327586}]"
prism_cc_time,hybrid_raspberry_500mbps,30,mbackgroundid0000014|mbackgroundid0000032|mbackgroundid0000033|mbackgroundid0000034|mbackgroundid0000052|mbgmodelid0000031|mconcatfitid0000011|mconcatfitid0000030|mdifffitid0000005|mdifffitid0000006|mdifffitid0000007|mdifffitid0000010|mdifffitid0000026|mdifffitid0000028|mdifffitid0000029|mdifffitid0000043|mdifffitid0000044|mdifffitid0000045|mdifffitid0000046|mdifffitid0000048|mprojectid0000001|mprojectid0000002|mprojectid0000020|mprojectid0000039|mprojectid0000040|mprojectid0000041|mprojectid0000042|mviewerid0000038|mviewerid0000058,0.200000,175.500000,0.598888,0.533583,119.533547,0.065300,55.966000,false,99.292000,53,264.804000,"{""cloud-node-02"":39,""hpc-node-02"":19}","{""cloud-node-01"":0,""cloud-node-02"":0.05097,""hpc-node-01"":0,""hpc-node-02"":0.043456,""rpi-edge-01"":0,""rpi-edge-02"":0,""rpi-edge-03"":0,""rpi-edge-04"":0,""rpi-edge-05"":0,""rpi-edge-06"":0,""rpi-edge-07"":0,""rpi-edge-08"":0,""rpi-edge-09"":0,""rpi-edge-10"":0}","[{""rank"":1,""recommended"":true,""feasible"":false,""budget_used"":0.598888,""budget_violation"":0.0653,""makespan"":175.5,""deadline_violation"":55.966,""machine_signature"":""36ce531f87070e8b"",""weighted_score"":1,""diversity_score"":1.327586},{""rank"":2,""recommended"":false,""feasible"":false,""budget_used"":0.598888,""budget_violation"":0.0653,""makespan"":175.5,""deadline_violation"":55.966,""machine_signature"":""7c8c6d15c0afdd29"",""weighted_score"":1,""diversity_score"":1.327586}]"
