algorithm,scenario_id,interference_seed,interference_activity_ids,interference_rate,makespan,budget_used,budget_limit,deadline_limit,budget_violation,deadline_violation,feasible,interference_time,interference_pairs,algorithm_milliseconds,machine_distribution,machine_utilization
heft,cluster_homo,1,maddid0000018|maddid0000037|maddid0000056|mbackgroundid0000015|mbackgroundid0000035|mbgmodelid0000012|mbgmodelid0000031|mconcatfitid0000011|mconcatfitid0000030|mdifffitid0000005|mdifffitid0000007|mdifffitid0000010|mdifffitid0000025|mdifffitid0000026|mdifffitid0000028|mdifffitid0000029|mdifffitid0000044|mimgtblid0000017|mimgtblid0000036|mimgtblid0000055|mprojectid0000003|mprojectid0000020|mprojectid0000022|mprojectid0000023|mprojectid0000040|mprojectid0000041|mviewerid0000038|mviewerid0000057|mviewerid0000058,0.2,292.983000,0.000000,0.503637,170.729550,0.000000,122.253000,false,32.918000,6,0.952000,"{""bora001"":19,""bora002"":16,""bora003"":10,""bora004"":13}","{""bora001"":0.086578,""bora002"":0.029057,""bora003"":0.018418,""bora004"":0.042441}"
heft,cluster_hetero,1,maddid0000018|maddid0000037|maddid0000056|mbackgroundid0000015|mbackgroundid0000035|mbgmodelid0000012|mbgmodelid0000031|mconcatfitid0000011|mconcatfitid0000030|mdifffitid0000005|mdifffitid0000007|mdifffitid0000010|mdifffitid0000025|mdifffitid0000026|mdifffitid0000028|mdifffitid0000029|mdifffitid0000044|mimgtblid0000017|mimgtblid0000036|mimgtblid0000055|mprojectid0000003|mprojectid0000020|mprojectid0000022|mprojectid0000023|mprojectid0000040|mprojectid0000041|mviewerid0000038|mviewerid0000057|mviewerid0000058,0.2,293.451000,0.000000,0.503637,170.729550,0.000000,122.721000,false,55.224000,7,1.078000,"{""bora005"":21,""bora006"":20,""diablo01"":7,""diablo02"":10}","{""bora005"":0.111822,""bora006"":0.048382,""diablo01"":0.006257,""diablo02"":0.006387}"
heft,cloud_homo,1,maddid0000018|maddid0000037|maddid0000056|mbackgroundid0000015|mbackgroundid0000035|mbgmodelid0000012|mbgmodelid0000031|mconcatfitid0000011|mconcatfitid0000030|mdifffitid0000005|mdifffitid0000007|mdifffitid0000010|mdifffitid0000025|mdifffitid0000026|mdifffitid0000028|mdifffitid0000029|mdifffitid0000044|mimgtblid0000017|mimgtblid0000036|mimgtblid0000055|mprojectid0000003|mprojectid0000020|mprojectid0000022|mprojectid0000023|mprojectid0000040|mprojectid0000041|mviewerid0000038|mviewerid0000057|mviewerid0000058,0.2,100.183000,1.193940,0.503637,170.729550,0.690300,0.000000,false,6.350000,4,3.359000,"{""h4d-standard-192-1"":19,""h4d-standard-192-2"":17,""h4d-standard-192-3"":9,""h4d-standard-192-4"":13}","{""h4d-standard-192-1"":0.009515,""h4d-standard-192-2"":0.003466,""h4d-standard-192-3"":0.002339,""h4d-standard-192-4"":0.004514}"
heft,cloud_hetero,1,maddid0000018|maddid0000037|maddid0000056|mbackgroundid0000015|mbackgroundid0000035|mbgmodelid0000012|mbgmodelid0000031|mconcatfitid0000011|mconcatfitid0000030|mdifffitid0000005|mdifffitid0000007|mdifffitid0000010|mdifffitid0000025|mdifffitid0000026|mdifffitid0000028|mdifffitid0000029|mdifffitid0000044|mimgtblid0000017|mimgtblid0000036|mimgtblid0000055|mprojectid0000003|mprojectid0000020|mprojectid0000022|mprojectid0000023|mprojectid0000040|mprojectid0000041|mviewerid0000038|mviewerid0000057|mviewerid0000058,0.2,108.171000,0.741399,0.503637,170.729550,0.237800,0.000000,false,25.067000,15,3.120000,"{""h4d-highmem-192-1"":34,""h4d-standard-192-1"":24}","{""h3-standard-88-1"":0,""h3-standard-88-2"":0,""h4d-highmem-192-1"":0.01085,""h4d-standard-192-1"":0.010365}"
heft,hybrid_homo,1,maddid0000018|maddid0000037|maddid0000056|mbackgroundid0000015|mbackgroundid0000035|mbgmodelid0000012|mbgmodelid0000031|mconcatfitid0000011|mconcatfitid0000030|mdifffitid0000005|mdifffitid0000007|mdifffitid0000010|mdifffitid0000025|mdifffitid0000026|mdifffitid0000028|mdifffitid0000029|mdifffitid0000044|mimgtblid0000017|mimgtblid0000036|mimgtblid0000055|mprojectid0000003|mprojectid0000020|mprojectid0000022|mprojectid0000023|mprojectid0000040|mprojectid0000041|mviewerid0000038|mviewerid0000057|mviewerid0000058,0.2,106.934000,0.538539,0.503637,170.729550,0.034900,0.000000,false,23.733000,11,1.682000,"{""bora009"":5,""bora010"":7,""h4d-standard-192-5"":19,""h4d-standard-192-6"":27}","{""bora009"":0.002816,""bora010"":0.003476,""h4d-standard-192-5"":0.009906,""h4d-standard-192-6"":0.010049}"
heft,hybrid_hetero,1,maddid0000018|maddid0000037|maddid0000056|mbackgroundid0000015|mbackgroundid0000035|mbgmodelid0000012|mbgmodelid0000031|mconcatfitid0000011|mconcatfitid0000030|mdifffitid0000005|mdifffitid0000007|mdifffitid0000010|mdifffitid0000025|mdifffitid0000026|mdifffitid0000028|mdifffitid0000029|mdifffitid0000044|mimgtblid0000017|mimgtblid0000036|mimgtblid0000055|mprojectid0000003|mprojectid0000020|mprojectid0000022|mprojectid0000023|mprojectid0000040|mprojectid0000041|mviewerid0000038|mviewerid0000057|mviewerid0000058,0.2,110.569000,0.230417,0.503637,170.729550,0.000000,0.000000,true,60.397000,28,1.938000,"{""bora011"":9,""diablo03"":6,""h4d-standard-192-7"":43}","{""bora011"":0.005954,""diablo03"":0.001481,""h3-standard-88-2"":0,""h4d-standard-192-7"":0.020961}"
heft,cluster_homo,2,maddid0000037|mbackgroundid0000013|mbackgroundid0000014|mbackgroundid0000032|mbackgroundid0000033|mbackgroundid0000051|mbackgroundid0000052|mbackgroundid0000053|mbackgroundid0000054|mconcatfitid0000049|mdifffitid0000008|mdifffitid0000009|mdifffitid0000010|mdifffitid0000025|mdifffitid0000027|mdifffitid0000029|mdifffitid0000045|mdifffitid0000046|mdifffitid0000048|mimgtblid0000055|mprojectid0000001|mprojectid0000002|mprojectid0000020|mprojectid0000021|mprojectid0000022|mprojectid0000040|mviewerid0000038|mviewerid0000057|mviewerid0000058,0.2,292.983000,0.000000,0.503637,170.729550,0.000000,122.253000,false,26.224000,10,0.949000,"{""bora001"":16,""bora002"":18,""bora003"":11,""bora004"":13}","{""bora001"":0.077546,""bora002"":0.030786,""bora003"":0.033419,""bora004"":0.034233}"
heft,cluster_hetero,2,maddid0000037|mbackgroundid0000013|mbackgroundid0000014|mbackgroundid0000032|mbackgroundid0000033|mbackgroundid0000051|mbackgroundid0000052|mbackgroundid0000053|mbackgroundid0000054|mconcatfitid0000049|mdifffitid0000008|mdifffitid0000009|mdifffitid0000010|mdifffitid0000025|mdifffitid0000027|mdifffitid0000029|mdifffitid0000045|mdifffitid0000046|mdifffitid0000048|mimgtblid0000055|mprojectid0000001|mprojectid0000002|mprojectid0000020|mprojectid0000021|mprojectid0000022|mprojectid0000040|mviewerid0000038|mviewerid0000057|mviewerid0000058,0.2,293.451000,0.000000,0.503637,170.729550,0.000000,122.721000,false,50.532000,9,1.109000,"{""bora005"":20,""bora006"":21,""diablo01"":7,""diablo02"":10}","{""bora005"":0.120101,""bora006"":0.043879,""diablo01"":0.004686,""diablo02"":0.00518}"
heft,cloud_homo,2,maddid0000037|mbackgroundid0000013|mbackgroundid0000014|mbackgroundid0000032|mbackgroundid0000033|mbackgroundid0000051|mbackgroundid0000052|mbackgroundid0000053|mbackgroundid0000054|mconcatfitid0000049|mdifffitid0000008|mdifffitid0000009|mdifffitid0000010|mdifffitid0000025|mdifffitid0000027|mdifffitid0000029|mdifffitid0000045|mdifffitid0000046|mdifffitid0000048|mimgtblid0000055|mprojectid0000001|mprojectid0000002|mprojectid0000020|mprojectid0000021|mprojectid0000022|mprojectid0000040|mviewerid0000038|mviewerid0000057|mviewerid0000058,0.2,100.183000,1.198007,0.503637,170.729550,0.694400,0.000000,false,5.936000,9,2.755000,"{""h4d-standard-192-1"":15,""h4d-standard-192-2"":18,""h4d-standard-192-3"":10,""h4d-standard-192-4"":15}","{""h4d-standard-192-1"":0.008385,""h4d-standard-192-2"":0.003689,""h4d-standard-192-3"":0.0039,""h4d-standard-192-4"":0.00391}"
heft,cloud_hetero,2,maddid0000037|mbackgroundid0000013|mbackgroundid0000014|mbackgroundid0000032|mbackgroundid0000033|mbackgroundid0000051|mbackgroundid0000052|mbackgroundid0000053|mbackgroundid0000054|mconcatfitid0000049|mdifffitid0000008|mdifffitid0000009|mdifffitid0000010|mdifffitid0000025|mdifffitid0000027|mdifffitid0000029|mdifffitid0000045|mdifffitid0000046|mdifffitid0000048|mimgtblid0000055|mprojectid0000001|mprojectid0000002|mprojectid0000020|mprojectid0000021|mprojectid0000022|mprojectid0000040|mviewerid0000038|mviewerid0000057|mviewerid0000058,0.2,107.731000,0.762872,0.503637,170.729550,0.259200,0.000000,false,22.102000,18,2.004000,"{""h4d-highmem-192-1"":32,""h4d-standard-192-1"":26}","{""h3-standard-88-1"":0,""h3-standard-88-2"":0,""h4d-highmem-192-1"":0.009699,""h4d-standard-192-1"":0.011219}"
heft,hybrid_homo,2,maddid0000037|mbackgroundid0000013|mbackgroundid0000014|mbackgroundid0000032|mbackgroundid0000033|mbackgroundid0000051|mbackgroundid0000052|mbackgroundid0000053|mbackgroundid0000054|mconcatfitid0000049|mdifffitid0000008|mdifffitid0000009|mdifffitid0000010|mdifffitid0000025|mdifffitid0000027|mdifffitid0000029|mdifffitid0000045|mdifffitid0000046|mdifffitid0000048|mimgtblid0000055|mprojectid0000001|mprojectid0000002|mprojectid0000020|mprojectid0000021|mprojectid0000022|mprojectid0000040|mviewerid0000038|mviewerid0000057|mviewerid0000058,0.2,106.934000,0.553683,0.503637,170.729550,0.050000,0.000000,false,20.036000,12,1.838000,"{""bora009"":5,""bora010"":7,""h4d-standard-192-5"":19,""h4d-standard-192-6"":27}","{""bora009"":0.002994,""bora010"":0.004028,""h4d-standard-192-5"":0.010438,""h4d-standard-192-6"":0.008956}"
heft,hybrid_hetero,2,maddid0000037|mbackgroundid0000013|mbackgroundid0000014|mbackgroundid0000032|mbackgroundid0000033|mbackgroundid0000051|mbackgroundid0000052|mbackgroundid0000053|mbackgroundid0000054|mconcatfitid0000049|mdifffitid0000008|mdifffitid0000009|mdifffitid0000010|mdifffitid0000025|mdifffitid0000027|mdifffitid0000029|mdifffitid0000045|mdifffitid0000046|mdifffitid0000048|mimgtblid0000055|mprojectid0000001|mprojectid0000002|mprojectid0000020|mprojectid0000021|mprojectid0000022|mprojectid0000040|mviewerid0000038|mviewerid0000057|mviewerid0000058,0.2,110.992000,0.504122,0.503637,170.729550,0.000500,0.000000,false,39.625000,22,1.506000,"{""bora011"":7,""diablo03"":5,""h3-standard-88-2"":11,""h4d-standard-192-7"":35}","{""bora011"":0.004474,""diablo03"":0.001921,""h3-standard-88-2"":0.004107,""h4d-standard-192-7"":0.018312}"
heft,cluster_homo,3,maddid0000018|maddid0000037|mbackgroundid0000013|mbackgroundid0000014|mbackgroundid0000016|mbackgroundid0000032|mbackgroundid0000033|mbackgroundid0000034|mbackgroundid0000035|mbackgroundid0000052|mbackgroundid0000053|mbackgroundid0000054|mbgmodelid0000050|mconcatfitid0000011|mconcatfitid0000030|mdifffitid0000005|mdifffitid0000010|mdifffitid0000025|mdifffitid0000027|mdifffitid0000029|mdifffitid0000043|mdifffitid0000044|mdifffitid0000048|mimgtblid0000017|mimgtblid0000036|mprojectid0000004|mprojectid0000039|mviewerid0000038|mviewerid0000058,0.2,292.983000,0.000000,0.503637,170.729550,0.000000,122.253000,false,4.213000,7,0.996000,"{""bora001"":16,""bora002"":19,""bora003"":9,""bora004"":14}","{""bora001"":0.077549,""bora002"":0.044699,""bora003"":0.01816,""bora004"":0.033329}"
heft,cluster_hetero,3,maddid0000018|maddid0000037|mbackgroundid0000013|mbackgroundid0000014|mbackgroundid0000016|mbackgroundid0000032|mbackgroundid0000033|mbackgroundid0000034|mbackgroundid0000035|mbackgroundid0000052|mbackgroundid0000053|mbackgroundid0000054|mbgmodelid0000050|mconcatfitid0000011|mconcatfitid0000030|mdifffitid0000005|mdifffitid0000010|mdifffitid0000025|mdifffitid0000027|mdifffitid0000029|mdifffitid0000043|mdifffitid0000044|mdifffitid0000048|mimgtblid0000017|mimgtblid0000036|mprojectid0000004|mprojectid0000039|mviewerid0000038|mviewerid0000058,0.2,293.451000,0.000000,0.503637,170.729550,0.000000,122.721000,false,3.973000,7,1.111000,"{""bora005"":20,""bora006"":22,""diablo01"":6,""diablo02"":10}","{""bora005"":0.113237,""bora006"":0.056856,""diablo01"":0.001141,""diablo02"":0.001436}"
heft,cloud_homo,3,maddid0000018|maddid0000037|mbackgroundid0000013|mbackgroundid0000014|mbackgroundid0000016|mbackgroundid0000032|mbackgroundid0000033|mbackgroundid0000034|mbackgroundid0000035|mbackgroundid0000052|mbackgroundid0000053|mbackgroundid0000054|mbgmodelid0000050|mconcatfitid0000011|mconcatfitid0000030|mdifffitid0000005|mdifffitid0000010|mdifffitid0000025|mdifffitid0000027|mdifffitid0000029|mdifffitid0000043|mdifffitid0000044|mdifffitid0000048|mimgtblid0000017|mimgtblid0000036|mprojectid0000004|mprojectid0000039|mviewerid0000038|mviewerid0000058,0.2,100.183000,1.203861,0.503637,170.729550,0.700200,0.000000,false,0.787000,3,3.205000,"{""h4d-standard-192-1"":16,""h4d-standard-192-2"":20,""h4d-standard-192-3"":8,""h4d-standard-192-4"":14}","{""h4d-standard-192-1"":0.008463,""h4d-standard-192-2"":0.005249,""h4d-standard-192-3"":0.002115,""h4d-standard-192-4"":0.003675}"
heft,cloud_hetero,3,maddid0000018|maddid0000037|mbackgroundid0000013|mbackgroundid0000014|mbackgroundid0000016|mbackgroundid0000032|mbackgroundid0000033|mbackgroundid0000034|mbackgroundid0000035|mbackgroundid0000052|mbackgroundid0000053|mbackgroundid0000054|mbgmodelid0000050|mconcatfitid0000011|mconcatfitid0000030|mdifffitid0000005|mdifffitid0000010|mdifffitid0000025|mdifffitid0000027|mdifffitid0000029|mdifffitid0000043|mdifffitid0000044|mdifffitid0000048|mimgtblid0000017|mimgtblid0000036|mprojectid0000004|mprojectid0000039|mviewerid0000038|mviewerid0000058,0.2,107.731000,0.810043,0.503637,170.729550,0.306400,0.000000,false,5.122000,14,1.906000,"{""h4d-highmem-192-1"":32,""h4d-standard-192-1"":26}","{""h3-standard-88-1"":0,""h3-standard-88-2"":0,""h4d-highmem-192-1"":0.008988,""h4d-standard-192-1"":0.011192}"
heft,hybrid_homo,3,maddid0000018|maddid0000037|mbackgroundid0000013|mbackgroundid0000014|mbackgroundid0000016|mbackgroundid0000032|mbackgroundid0000033|mbackgroundid0000034|mbackgroundid0000035|mbackgroundid0000052|mbackgroundid0000053|mbackgroundid0000054|mbgmodelid0000050|mconcatfitid0000011|mconcatfitid0000030|mdifffitid0000005|mdifffitid0000010|mdifffitid0000025|mdifffitid0000027|mdifffitid0000029|mdifffitid0000043|mdifffitid0000044|mdifffitid0000048|mimgtblid0000017|mimgtblid0000036|mprojectid0000004|mprojectid0000039|mviewerid0000038|mviewerid0000058,0.2,106.934000,0.573512,0.503637,170.729550,0.069900,0.000000,false,0.942000,3,1.731000,"{""bora009"":6,""bora010"":6,""h4d-standard-192-5"":19,""h4d-standard-192-6"":27}","{""bora009"":0.003522,""bora010"":0.003097,""h4d-standard-192-5"":0.010532,""h4d-standard-192-6"":0.008161}"
heft,hybrid_hetero,3,maddid0000018|maddid0000037|mbackgroundid0000013|mbackgroundid0000014|mbackgroundid0000016|mbackgroundid0000032|mbackgroundid0000033|mbackgroundid0000034|mbackgroundid0000035|mbackgroundid0000052|mbackgroundid0000053|mbackgroundid0000054|mbgmodelid0000050|mconcatfitid0000011|mconcatfitid0000030|mdifffitid0000005|mdifffitid0000010|mdifffitid0000025|mdifffitid0000027|mdifffitid0000029|mdifffitid0000043|mdifffitid0000044|mdifffitid0000048|mimgtblid0000017|mimgtblid0000036|mprojectid0000004|mprojectid0000039|mviewerid0000038|mviewerid0000058,0.2,110.569000,0.228716,0.503637,170.729550,0.000000,0.000000,true,8.910000,11,1.484000,"{""bora011"":10,""diablo03"":7,""h4d-standard-192-7"":41}","{""bora011"":0.007745,""diablo03"":0.001985,""h3-standard-88-2"":0,""h4d-standard-192-7"":0.018278}"
heft,cluster_homo,4,maddid0000056|mbackgroundid0000013|mbackgroundid0000016|mbackgroundid0000032|mbackgroundid0000033|mbackgroundid0000034|mbackgroundid0000052|mbackgroundid0000053|mdifffitid0000005|mdifffitid0000006|mdifffitid0000009|mdifffitid0000010|mdifffitid0000027|mdifffitid0000028|mdifffitid0000044|mdifffitid0000045|mdifffitid0000047|mdifffitid0000048|mimgtblid0000036|mimgtblid0000055|mprojectid0000001|mprojectid0000003|mprojectid0000021|mprojectid0000022|mprojectid0000023|mprojectid0000039|mprojectid0000040|mviewerid0000038|mviewerid0000058,0.2,292.983000,0.000000,0.503637,170.729550,0.000000,122.253000,false,63.542000,13,0.967000,"{""bora001"":18,""bora002"":17,""bora003"":10,""bora004"":13}","{""bora001"":0.063365,""bora002"":0.042599,""bora003"":0.018488,""bora004"":0.054926}"
heft,cluster_hetero,4,maddid0000056|mbackgroundid0000013|mbackgroundid0000016|mbackgroundid0000032|mbackgroundid0000033|mbackgroundid0000034|mbackgroundid0000052|mbackgroundid0000053|mdifffitid0000005|mdifffitid0000006|mdifffitid0000009|mdifffitid0000010|mdifffitid0000027|mdifffitid0000028|mdifffitid0000044|mdifffitid0000045|mdifffitid0000047|mdifffitid0000048|mimgtblid0000036|mimgtblid0000055|mprojectid0000001|mprojectid0000003|mprojectid0000021|mprojectid0000022|mprojectid0000023|mprojectid0000039|mprojectid0000040|mviewerid0000038|mviewerid0000058,0.2,310.818000,0.000000,0.503637,170.729550,0.000000,140.088000,false,104.921000,15,1.392000,"{""bora005"":21,""bora006"":20,""diablo01"":7,""diablo02"":10}","{""bora005"":0.093929,""bora006"":0.054332,""diablo01"":0.011127,""diablo02"":0.006021}"
heft,cloud_homo,4,maddid0000056|mbackgroundid0000013|mbackgroundid0000016|mbackgroundid0000032|mbackgroundid0000033|mbackgroundid0000034|mbackgroundid0000052|mbackgroundid0000053|mdifffitid0000005|mdifffitid0000006|mdifffitid0000009|mdifffitid0000010|mdifffitid0000027|mdifffitid0000028|mdifffitid0000044|mdifffitid0000045|mdifffitid0000047|mdifffitid0000048|mimgtblid0000036|mimgtblid0000055|mprojectid0000001|mprojectid0000003|mprojectid0000021|mprojectid0000022|mprojectid0000023|mprojectid0000039|mprojectid0000040|mviewerid0000038|mviewerid0000058,0.2,100.183000,1.211394,0.503637,170.729550,0.707800,0.000000,false,12.242000,8,5.664000,"{""h4d-standard-192-1"":18,""h4d-standard-192-2"":17,""h4d-standard-192-3"":9,""h4d-standard-192-4"":14}","{""h4d-standard-192-1"":0.007153,""h4d-standard-192-2"":0.004758,""h4d-standard-192-3"":0.002362,""h4d-standard-192-4"":0.005848}"
heft,cloud_hetero,4,maddid0000056|mbackgroundid0000013|mbackgroundid0000016|mbackgroundid0000032|mbackgroundid0000033|mbackgroundid0000034|mbackgroundid0000052|mbackgroundid0000053|mdifffitid0000005|mdifffitid0000006|mdifffitid0000009|mdifffitid0000010|mdifffitid0000027|mdifffitid0000028|mdifffitid0000044|mdifffitid0000045|mdifffitid0000047|mdifffitid0000048|mimgtblid0000036|mimgtblid0000055|mprojectid0000001|mprojectid0000003|mprojectid0000021|mprojectid0000022|mprojectid0000023|mprojectid0000039|mprojectid0000040|mviewerid0000038|mviewerid0000058,0.2,107.251000,0.981156,0.503637,170.729550,0.477500,0.000000,false,35.822000,22,1.958000,"{""h3-standard-88-2"":15,""h4d-highmem-192-1"":23,""h4d-standard-192-1"":20}","{""h3-standard-88-1"":0,""h3-standard-88-2"":0.003992,""h4d-highmem-192-1"":0.00927,""h4d-standard-192-1"":0.010391}"
heft,hybrid_homo,4,maddid0000056|mbackgroundid0000013|mbackgroundid0000016|mbackgroundid0000032|mbackgroundid0000033|mbackgroundid0000034|mbackgroundid0000052|mbackgroundid0000053|mdifffitid0000005|mdifffitid0000006|mdifffitid0000009|mdifffitid0000010|mdifffitid0000027|mdifffitid0000028|mdifffitid0000044|mdifffitid0000045|mdifffitid0000047|mdifffitid0000048|mimgtblid0000036|mimgtblid0000055|mprojectid0000001|mprojectid0000003|mprojectid0000021|mprojectid0000022|mprojectid0000023|mprojectid0000039|mprojectid0000040|mviewerid0000038|mviewerid0000058,0.2,109.844000,0.583279,0.503637,170.729550,0.079600,0.000000,false,41.723000,19,1.712000,"{""bora009"":6,""bora010"":6,""h4d-standard-192-5"":19,""h4d-standard-192-6"":27}","{""bora009"":0.003266,""bora010"":0.003015,""h4d-standard-192-5"":0.010942,""h4d-standard-192-6"":0.009124}"
heft,hybrid_hetero,4,maddid0000056|mbackgroundid0000013|mbackgroundid0000016|mbackgroundid0000032|mbackgroundid0000033|mbackgroundid0000034|mbackgroundid0000052|mbackgroundid0000053|mdifffitid0000005|mdifffitid0000006|mdifffitid0000009|mdifffitid0000010|mdifffitid0000027|mdifffitid0000028|mdifffitid0000044|mdifffitid0000045|mdifffitid0000047|mdifffitid0000048|mimgtblid0000036|mimgtblid0000055|mprojectid0000001|mprojectid0000003|mprojectid0000021|mprojectid0000022|mprojectid0000023|mprojectid0000039|mprojectid0000040|mviewerid0000038|mviewerid0000058,0.2,118.944000,0.535791,0.503637,170.729550,0.032200,0.000000,false,81.173000,27,1.636000,"{""bora011"":7,""diablo03"":5,""h3-standard-88-2"":11,""h4d-standard-192-7"":35}","{""bora011"":0.004319,""diablo03"":0.001308,""h3-standard-88-2"":0.004769,""h4d-standard-192-7"":0.018905}"
heft,cluster_homo,5,maddid0000037|maddid0000056|mbackgroundid0000013|mbackgroundid0000014|mbackgroundid0000016|mbackgroundid0000033|mbackgroundid0000034|mbackgroundid0000035|mbackgroundid0000051|mbgmodelid0000012|mbgmodelid0000050|mconcatfitid0000011|mconcatfitid0000030|mconcatfitid0000049|mdifffitid0000007|mdifffitid0000024|mdifffitid0000028|mdifffitid0000045|mdifffitid0000048|mimgtblid0000017|mimgtblid0000036|mprojectid0000001|mprojectid0000004|mprojectid0000021|mprojectid0000023|mprojectid0000041|mviewerid0000038|mviewerid0000057|mviewerid0000058,0.2,292.983000,0.000000,0.503637,170.729550,0.000000,122.253000,false,12.958000,5,1.239000,"{""bora001"":17,""bora002"":19,""bora003"":9,""bora004"":13}","{""bora001"":0.06762,""bora002"":0.055803,""bora003"":0.01816,""bora004"":0.032984}"
heft,cluster_hetero,5,maddid0000037|maddid0000056|mbackgroundid0000013|mbackgroundid0000014|mbackgroundid0000016|mbackgroundid0000033|mbackgroundid0000034|mbackgroundid0000035|mbackgroundid0000051|mbgmodelid0000012|mbgmodelid0000050|mconcatfitid0000011|mconcatfitid0000030|mconcatfitid0000049|mdifffitid0000007|mdifffitid0000024|mdifffitid0000028|mdifffitid0000045|mdifffitid0000048|mimgtblid0000017|mimgtblid0000036|mprojectid0000001|mprojectid0000004|mprojectid0000021|mprojectid0000023|mprojectid0000041|mviewerid0000038|mviewerid0000057|mviewerid0000058,0.2,293.451000,0.000000,0.503637,170.729550,0.000000,122.721000,false,47.225000,6,0.999000,"{""bora005"":21,""bora006"":21,""diablo01"":6,""diablo02"":10}","{""bora005"":0.101199,""bora006"":0.068275,""diablo01"":0.001141,""diablo02"":0.004795}"
heft,cloud_homo,5,maddid0000037|maddid0000056|mbackgroundid0000013|mbackgroundid0000014|mbackgroundid0000016|mbackgroundid0000033|mbackgroundid0000034|mbackgroundid0000035|mbackgroundid0000051|mbgmodelid0000012|mbgmodelid0000050|mconcatfitid0000011|mconcatfitid0000030|mconcatfitid0000049|mdifffitid0000007|mdifffitid0000024|mdifffitid0000028|mdifffitid0000045|mdifffitid0000048|mimgtblid0000017|mimgtblid0000036|mprojectid0000001|mprojectid0000004|mprojectid0000021|mprojectid0000023|mprojectid0000041|mviewerid0000038|mviewerid0000057|mviewerid0000058,0.2,100.183000,1.216795,0.503637,170.729550,0.713200,0.000000,false,2.779000,3,2.706000,"{""h4d-standard-192-1"":17,""h4d-standard-192-2"":21,""h4d-standard-192-3"":10,""h4d-standard-192-4"":10}","{""h4d-standard-192-1"":0.007446,""h4d-standard-192-2"":0.006585,""h4d-standard-192-3"":0.002187,""h4d-standard-192-4"":0.003451}"
heft,cloud_hetero,5,maddid0000037|maddid0000056|mbackgroundid0000013|mbackgroundid0000014|mbackgroundid0000016|mbackgroundid0000033|mbackgroundid0000034|mbackgroundid0000035|mbackgroundid0000051|mbgmodelid0000012|mbgmodelid0000050|mconcatfitid0000011|mconcatfitid0000030|mconcatfitid0000049|mdifffitid0000007|mdifffitid0000024|mdifffitid0000028|mdifffitid0000045|mdifffitid0000048|mimgtblid0000017|mimgtblid0000036|mprojectid0000001|mprojectid0000004|mprojectid0000021|mprojectid0000023|mprojectid0000041|mviewerid0000038|mviewerid0000057|mviewerid0000058,0.2,107.731000,0.750781,0.503637,170.729550,0.247100,0.000000,false,15.403000,10,1.935000,"{""h4d-highmem-192-1"":36,""h4d-standard-192-1"":22}","{""h3-standard-88-1"":0,""h3-standard-88-2"":0,""h4d-highmem-192-1"":0.011291,""h4d-standard-192-1"":0.009278}"
heft,hybrid_homo,5,maddid0000037|maddid0000056|mbackgroundid0000013|mbackgroundid0000014|mbackgroundid0000016|mbackgroundid0000033|mbackgroundid0000034|mbackgroundid0000035|mbackgroundid0000051|mbgmodelid0000012|mbgmodelid0000050|mconcatfitid0000011|mconcatfitid0000030|mconcatfitid0000049|mdifffitid0000007|mdifffitid0000024|mdifffitid0000028|mdifffitid0000045|mdifffitid0000048|mimgtblid0000017|mimgtblid0000036|mprojectid0000001|mprojectid0000004|mprojectid0000021|mprojectid0000023|mprojectid0000041|mviewerid0000038|mviewerid0000057|mviewerid0000058,0.2,106.934000,0.558168,0.503637,170.729550,0.054500,0.000000,false,14.267000,6,1.666000,"{""bora009"":4,""bora010"":6,""h4d-standard-192-5"":17,""h4d-standard-192-6"":31}","{""bora009"":0.002016,""bora010"":0.003097,""h4d-standard-192-5"":0.008746,""h4d-standard-192-6"":0.010699}"
heft,hybrid_hetero,5,maddid0000037|maddid0000056|mbackgroundid0000013|mbackgroundid0000014|mbackgroundid0000016|mbackgroundid0000033|mbackgroundid0000034|mbackgroundid0000035|mbackgroundid0000051|mbgmodelid0000012|mbgmodelid0000050|mconcatfitid0000011|mconcatfitid0000030|mconcatfitid0000049|mdifffitid0000007|mdifffitid0000024|mdifffitid0000028|mdifffitid0000045|mdifffitid0000048|mimgtblid0000017|mimgtblid0000036|mprojectid0000001|mprojectid0000004|mprojectid0000021|mprojectid0000023|mprojectid0000041|mviewerid0000038|mviewerid0000057|mviewerid0000058,0.2,109.556000,0.473327,0.503637,170.729550,0.000000,0.000000,true,30.745000,12,1.673000,"{""bora011"":5,""diablo03"":5,""h3-standard-88-2"":10,""h4d-standard-192-7"":38}","{""bora011"":0.002853,""diablo03"":0.001421,""h3-standard-88-2"":0.004129,""h4d-standard-192-7"":0.018551}"
heft,cluster_homo,6,maddid0000018|maddid0000056|mbackgroundid0000013|mbackgroundid0000016|mbackgroundid0000033|mbackgroundid0000034|mbackgroundid0000035|mbackgroundid0000053|mbgmodelid0000031|mconcatfitid0000030|mdifffitid0000005|mdifffitid0000007|mdifffitid0000008|mdifffitid0000009|mdifffitid0000010|mdifffitid0000024|mdifffitid0000025|mdifffitid0000027|mdifffitid0000028|mdifffitid0000045|mdifffitid0000046|mdifffitid0000048|mprojectid0000002|mprojectid0000004|mprojectid0000039|mprojectid0000040|mprojectid0000041|mviewerid0000019|mviewerid0000057,0.2,292.983000,0.000000,0.503637,170.729550,0.000000,122.253000,false,16.650000,9,1.197000,"{""bora001"":16,""bora002"":18,""bora003"":12,""bora004"":12}","{""bora001"":0.067486,""bora002"":0.044518,""bora003"":0.028962,""bora004"":0.033981}"
heft,cluster_hetero,6,maddid0000018|maddid0000056|mbackgroundid0000013|mbackgroundid0000016|mbackgroundid0000033|mbackgroundid0000034|mbackgroundid0000035|mbackgroundid0000053|mbgmodelid0000031|mconcatfitid0000030|mdifffitid0000005|mdifffitid0000007|mdifffitid0000008|mdifffitid0000009|mdifffitid0000010|mdifffitid0000024|mdifffitid0000025|mdifffitid0000027|mdifffitid0000028|mdifffitid0000045|mdifffitid0000046|mdifffitid0000048|mprojectid0000002|mprojectid0000004|mprojectid0000039|mprojectid0000040|mprojectid0000041|mviewerid0000019|mviewerid0000057,0.2,293.451000,0.000000,0.503637,170.729550,0.000000,122.721000,false,50.641000,10,1.012000,"{""bora005"":20,""bora006"":21,""diablo01"":7,""diablo02"":10}","{""bora005"":0.110819,""bora006"":0.057549,""diablo01"":0.001619,""diablo02"":0.00518}"
heft,cloud_homo,6,maddid0000018|maddid0000056|mbackgroundid0000013|mbackgroundid0000016|mbackgroundid0000033|mbackgroundid0000034|mbackgroundid0000035|mbackgroundid0000053|mbgmodelid0000031|mconcatfitid0000030|mdifffitid0000005|mdifffitid0000007|mdifffitid0000008|mdifffitid0000009|mdifffitid0000010|mdifffitid0000024|mdifffitid0000025|mdifffitid0000027|mdifffitid0000028|mdifffitid0000045|mdifffitid0000046|mdifffitid0000048|mprojectid0000002|mprojectid0000004|mprojectid0000039|mprojectid0000040|mprojectid0000041|mviewerid0000019|mviewerid0000057,0.2,100.183000,1.203216,0.503637,170.729550,0.699600,0.000000,false,4.422000,10,2.925000,"{""h4d-standard-192-1"":15,""h4d-standard-192-2"":18,""h4d-standard-192-3"":10,""h4d-standard-192-4"":15}","{""h4d-standard-192-1"":0.007327,""h4d-standard-192-2"":0.00499,""h4d-standard-192-3"":0.003491,""h4d-standard-192-4"":0.003928}"
heft,cloud_hetero,6,maddid0000018|maddid0000056|mbackgroundid0000013|mbackgroundid0000016|mbackgroundid0000033|mbackgroundid0000034|mbackgroundid0000035|mbackgroundid0000053|mbgmodelid0000031|mconcatfitid0000030|mdifffitid0000005|mdifffitid0000007|mdifffitid0000008|mdifffitid0000009|mdifffitid0000010|mdifffitid0000024|mdifffitid0000025|mdifffitid0000027|mdifffitid0000028|mdifffitid0000045|mdifffitid0000046|mdifffitid0000048|mprojectid0000002|mprojectid0000004|mprojectid0000039|mprojectid0000040|mprojectid0000041|mviewerid0000019|mviewerid0000057,0.2,108.117000,0.759760,0.503637,170.729550,0.256100,0.000000,false,18.088000,24,4.540000,"{""h4d-highmem-192-1"":34,""h4d-standard-192-1"":24}","{""h3-standard-88-1"":0,""h3-standard-88-2"":0,""h4d-highmem-192-1"":0.00864,""h4d-standard-192-1"":0.01214}"
heft,hybrid_homo,6,maddid0000018|maddid0000056|mbackgroundid0000013|mbackgroundid0000016|mbackgroundid0000033|mbackgroundid0000034|mbackgroundid0000035|mbackgroundid0000053|mbgmodelid0000031|mconcatfitid0000030|mdifffitid0000005|mdifffitid0000007|mdifffitid0000008|mdifffitid0000009|mdifffitid0000010|mdifffitid0000024|mdifffitid0000025|mdifffitid0000027|mdifffitid0000028|mdifffitid0000045|mdifffitid0000046|mdifffitid0000048|mprojectid0000002|mprojectid0000004|mprojectid0000039|mprojectid0000040|mprojectid0000041|mviewerid0000019|mviewerid0000057,0.2,106.934000,0.559736,0.503637,170.729550,0.056100,0.000000,false,16.935000,19,1.705000,"{""bora009"":5,""bora010"":6,""h4d-standard-192-5"":19,""h4d-standard-192-6"":28}","{""bora009"":0.002994,""bora010"":0.003097,""h4d-standard-192-5"":0.011696,""h4d-standard-192-6"":0.007873}"
heft,hybrid_hetero,6,maddid0000018|maddid0000056|mbackgroundid0000013|mbackgroundid0000016|mbackgroundid0000033|mbackgroundid0000034|mbackgroundid0000035|mbackgroundid0000053|mbgmodelid0000031|mconcatfitid0000030|mdifffitid0000005|mdifffitid0000007|mdifffitid0000008|mdifffitid0000009|mdifffitid0000010|mdifffitid0000024|mdifffitid0000025|mdifffitid0000027|mdifffitid0000028|mdifffitid0000045|mdifffitid0000046|mdifffitid0000048|mprojectid0000002|mprojectid0000004|mprojectid0000039|mprojectid0000040|mprojectid0000041|mviewerid0000019|mviewerid0000057,0.2,111.291000,0.241322,0.503637,170.729550,0.000000,0.000000,true,45.560000,35,1.596000,"{""bora011"":9,""diablo03"":8,""h4d-standard-192-7"":41}","{""bora011"":0.006153,""diablo03"":0.002604,""h3-standard-88-2"":0,""h4d-standard-192-7"":0.019937}"
heft,cluster_homo,7,maddid0000056|mbackgroundid0000013|mbackgroundid0000014|mbackgroundid0000033|mbackgroundid0000034|mbackgroundid0000035|mbackgroundid0000054|mbgmodelid0000012|mbgmodelid0000031|mconcatfitid0000030|mdifffitid0000005|mdifffitid0000008|mdifffitid0000009|mdifffitid0000010|mdifffitid0000027|mdifffitid0000028|mdifffitid0000043|mdifffitid0000046|mimgtblid0000017|mimgtblid0000055|mprojectid0000001|mprojectid0000002|mprojectid0000003|mprojectid0000020|mprojectid0000021|mprojectid0000022|mprojectid0000023|mviewerid0000019|mviewerid0000058,0.2,292.983000,0.000000,0.503637,170.729550,0.000000,122.253000,false,40.167000,8,0.942000,"{""bora001"":17,""bora002"":18,""bora003"":11,""bora004"":12}","{""bora001"":0.07769,""bora002"":0.045372,""bora003"":0.025222,""bora004"":0.02896}"
heft,cluster_hetero,7,maddid0000056|mbackgroundid0000013|mbackgroundid0000014|mbackgroundid0000033|mbackgroundid0000034|mbackgroundid0000035|mbackgroundid0000054|mbgmodelid0000012|mbgmodelid0000031|mconcatfitid0000030|mdifffitid0000005|mdifffitid0000008|mdifffitid0000009|mdifffitid0000010|mdifffitid0000027|mdifffitid0000028|mdifffitid0000043|mdifffitid0000046|mimgtblid0000017|mimgtblid0000055|mprojectid0000001|mprojectid0000002|mprojectid0000003|mprojectid0000020|mprojectid0000021|mprojectid0000022|mprojectid0000023|mviewerid0000019|mviewerid0000058,0.2,293.451000,0.000000,0.503637,170.729550,0.000000,122.721000,false,70.604000,8,1.043000,"{""bora005"":20,""bora006"":21,""diablo01"":7,""diablo02"":10}","{""bora005"":0.098025,""bora006"":0.065737,""diablo01"":0.005084,""diablo02"":0.006205}"
heft,cloud_homo,7,maddid0000056|mbackgroundid0000013|mbackgroundid0000014|mbackgroundid0000033|mbackgroundid0000034|mbackgroundid0000035|mbackgroundid0000054|mbgmodelid0000012|mbgmodelid0000031|mconcatfitid0000030|mdifffitid0000005|mdifffitid0000008|mdifffitid0000009|mdifffitid0000010|mdifffitid0000027|mdifffitid0000028|mdifffitid0000043|mdifffitid0000046|mimgtblid0000017|mimgtblid0000055|mprojectid0000001|mprojectid0000002|mprojectid0000003|mprojectid0000020|mprojectid0000021|mprojectid0000022|mprojectid0000023|mviewerid0000019|mviewerid0000058,0.2,100.183000,1.201867,0.503637,170.729550,0.698200,0.000000,false,8.369000,8,2.623000,"{""h4d-standard-192-1"":16,""h4d-standard-192-2"":18,""h4d-standard-192-3"":10,""h4d-standard-192-4"":14}","{""h4d-standard-192-1"":0.008429,""h4d-standard-192-2"":0.005077,""h4d-standard-192-3"":0.003092,""h4d-standard-192-4"":0.003397}"
heft,cloud_hetero,7,maddid0000056|mbackgroundid0000013|mbackgroundid0000014|mbackgroundid0000033|mbackgroundid0000034|mbackgroundid0000035|mbackgroundid0000054|mbgmodelid0000012|mbgmodelid0000031|mconcatfitid0000030|mdifffitid0000005|mdifffitid0000008|mdifffitid0000009|mdifffitid0000010|mdifffitid0000027|mdifffitid0000028|mdifffitid0000043|mdifffitid0000046|mimgtblid0000017|mimgtblid0000055|mprojectid0000001|mprojectid0000002|mprojectid0000003|mprojectid0000020|mprojectid0000021|mprojectid0000022|mprojectid0000023|mviewerid0000019|mviewerid0000058,0.2,104.185000,0.893241,0.503637,170.729550,0.389600,0.000000,false,20.748000,13,2.161000,"{""h3-standard-88-2"":14,""h4d-highmem-192-1"":26,""h4d-standard-192-1"":18}","{""h3-standard-88-1"":0,""h3-standard-88-2"":0.004164,""h4d-highmem-192-1"":0.010363,""h4d-standard-192-1"":0.009228}"
heft,hybrid_homo,7,maddid0000056|mbackgroundid0000013|mbackgroundid0000014|mbackgroundid0000033|mbackgroundid0000034|mbackgroundid0000035|mbackgroundid0000054|mbgmodelid0000012|mbgmodelid0000031|mconcatfitid0000030|mdifffitid0000005|mdifffitid0000008|mdifffitid0000009|mdifffitid0000010|mdifffitid0000027|mdifffitid0000028|mdifffitid0000043|mdifffitid0000046|mimgtblid0000017|mimgtblid0000055|mprojectid0000001|mprojectid0000002|mprojectid0000003|mprojectid0000020|mprojectid0000021|mprojectid0000022|mprojectid0000023|mviewerid0000019|mviewerid0000058,0.2,106.934000,0.570988,0.503637,170.729550,0.067400,0.000000,false,28.610000,17,1.775000,"{""bora009"":4,""bora010"":6,""h4d-standard-192-5"":19,""h4d-standard-192-6"":29}","{""bora009"":0.002016,""bora010"":0.003148,""h4d-standard-192-5"":0.009943,""h4d-standard-192-6"":0.010299}"
heft,hybrid_hetero,7,maddid0000056|mbackgroundid0000013|mbackgroundid0000014|mbackgroundid0000033|mbackgroundid0000034|mbackgroundid0000035|mbackgroundid0000054|mbgmodelid0000012|mbgmodelid0000031|mconcatfitid0000030|mdifffitid0000005|mdifffitid0000008|mdifffitid0000009|mdifffitid0000010|mdifffitid0000027|mdifffitid0000028|mdifffitid0000043|mdifffitid0000046|mimgtblid0000017|mimgtblid0000055|mprojectid0000001|mprojectid0000002|mprojectid0000003|mprojectid0000020|mprojectid0000021|mprojectid0000022|mprojectid0000023|mviewerid0000019|mviewerid0000058,0.2,109.556000,0.485526,0.503637,170.729550,0.000000,0.000000,true,53.931000,29,9.597000,"{""bora011"":6,""diablo03"":5,""h3-standard-88-2"":11,""h4d-standard-192-7"":36}","{""bora011"":0.003683,""diablo03"":0.001421,""h3-standard-88-2"":0.004469,""h4d-standard-192-7"":0.019529}"
heft,cluster_homo,8,maddid0000018|maddid0000037|maddid0000056|mbackgroundid0000014|mbackgroundid0000016|mbackgroundid0000032|mbackgroundid0000033|mbackgroundid0000035|mbackgroundid0000052|mbackgroundid0000053|mbgmodelid0000012|mbgmodelid0000031|mbgmodelid0000050|mdifffitid0000006|mdifffitid0000008|mdifffitid0000024|mdifffitid0000043|mdifffitid0000044|mdifffitid0000045|mimgtblid0000036|mprojectid0000003|mprojectid0000004|mprojectid0000020|mprojectid0000021|mprojectid0000039|mprojectid0000040|mprojectid0000042|mviewerid0000038|mviewerid0000057,0.2,292.983000,0.000000,0.503637,170.729550,0.000000,122.253000,false,44.607000,10,0.874000,"{""bora001"":18,""bora002"":17,""bora003"":11,""bora004"":12}","{""bora001"":0.065844,""bora002"":0.045265,""bora003"":0.029722,""bora004"":0.036948}"
heft,cluster_hetero,8,maddid0000018|maddid0000037|maddid0000056|mbackgroundid0000014|mbackgroundid0000016|mbackgroundid0000032|mbackgroundid0000033|mbackgroundid0000035|mbackgroundid0000052|mbackgroundid0000053|mbgmodelid0000012|mbgmodelid0000031|mbgmodelid0000050|mdifffitid0000006|mdifffitid0000008|mdifffitid0000024|mdifffitid0000043|mdifffitid0000044|mdifffitid0000045|mimgtblid0000036|mprojectid0000003|mprojectid0000004|mprojectid0000020|mprojectid0000021|mprojectid0000039|mprojectid0000040|mprojectid0000042|mviewerid0000038|mviewerid0000057,0.2,310.818000,0.000000,0.503637,170.729550,0.000000,140.088000,false,91.406000,12,1.241000,"{""bora005"":20,""bora006"":20,""diablo01"":8,""diablo02"":10}","{""bora005"":0.086131,""bora006"":0.067992,""diablo01"":0.006141,""diablo02"":0.006021}"
heft,cloud_homo,8,maddid0000018|maddid0000037|maddid0000056|mbackgroundid0000014|mbackgroundid0000016|mbackgroundid0000032|mbackgroundid0000033|mbackgroundid0000035|mbackgroundid0000052|mbackgroundid0000053|mbgmodelid0000012|mbgmodelid0000031|mbgmodelid0000050|mdifffitid0000006|mdifffitid0000008|mdifffitid0000024|mdifffitid0000043|mdifffitid0000044|mdifffitid0000045|mimgtblid0000036|mprojectid0000003|mprojectid0000004|mprojectid0000020|mprojectid0000021|mprojectid0000039|mprojectid0000040|mprojectid0000042|mviewerid0000038|mviewerid0000057,0.2,100.183000,1.172892,0.503637,170.729550,0.669300,0.000000,false,8.939000,6,2.540000,"{""h4d-standard-192-1"":18,""h4d-standard-192-2"":17,""h4d-standard-192-3"":15,""h4d-standard-192-4"":8}","{""h4d-standard-192-1"":0.007456,""h4d-standard-192-2"":0.005037,""h4d-standard-192-3"":0.0048,""h4d-standard-192-4"":0.00283}"
heft,cloud_hetero,8,maddid0000018|maddid0000037|maddid0000056|mbackgroundid0000014|mbackgroundid0000016|mbackgroundid0000032|mbackgroundid0000033|mbackgroundid0000035|mbackgroundid0000052|mbackgroundid0000053|mbgmodelid0000012|mbgmodelid0000031|mbgmodelid0000050|mdifffitid0000006|mdifffitid0000008|mdifffitid0000024|mdifffitid0000043|mdifffitid0000044|mdifffitid0000045|mimgtblid0000036|mprojectid0000003|mprojectid0000004|mprojectid0000020|mprojectid0000021|mprojectid0000039|mprojectid0000040|mprojectid0000042|mviewerid0000038|mviewerid0000057,0.2,107.251000,0.970707,0.503637,170.729550,0.467100,0.000000,false,28.658000,16,2.056000,"{""h3-standard-88-2"":14,""h4d-highmem-192-1"":22,""h4d-standard-192-1"":22}","{""h3-standard-88-1"":0,""h3-standard-88-2"":0.003814,""h4d-highmem-192-1"":0.007474,""h4d-standard-192-1"":0.012084}"
heft,hybrid_homo,8,maddid0000018|maddid0000037|maddid0000056|mbackgroundid0000014|mbackgroundid0000016|mbackgroundid0000032|mbackgroundid0000033|mbackgroundid0000035|mbackgroundid0000052|mbackgroundid0000053|mbgmodelid0000012|mbgmodelid0000031|mbgmodelid0000050|mdifffitid0000006|mdifffitid0000008|mdifffitid0000024|mdifffitid0000043|mdifffitid0000044|mdifffitid0000045|mimgtblid0000036|mprojectid0000003|mprojectid0000004|mprojectid0000020|mprojectid0000021|mprojectid0000039|mprojectid0000040|mprojectid0000042|mviewerid0000038|mviewerid0000057,0.2,109.993000,0.579941,0.503637,170.729550,0.076300,0.000000,false,35.932000,18,1.594000,"{""bora009"":5,""bora010"":6,""h4d-standard-192-5"":21,""h4d-standard-192-6"":26}","{""bora009"":0.002645,""bora010"":0.003011,""h4d-standard-192-5"":0.012576,""h4d-standard-192-6"":0.007516}"
heft,hybrid_hetero,8,maddid0000018|maddid0000037|maddid0000056|mbackgroundid0000014|mbackgroundid0000016|mbackgroundid0000032|mbackgroundid0000033|mbackgroundid0000035|mbackgroundid0000052|mbackgroundid0000053|mbgmodelid0000012|mbgmodelid0000031|mbgmodelid0000050|mdifffitid0000006|mdifffitid0000008|mdifffitid0000024|mdifffitid0000043|mdifffitid0000044|mdifffitid0000045|mimgtblid0000036|mprojectid0000003|mprojectid0000004|mprojectid0000020|mprojectid0000021|mprojectid0000039|mprojectid0000040|mprojectid0000042|mviewerid0000038|mviewerid0000057,0.2,118.944000,0.469892,0.503637,170.729550,0.000000,0.000000,true,66.604000,25,1.607000,"{""bora011"":7,""diablo03"":6,""h3-standard-88-2"":9,""h4d-standard-192-7"":36}","{""bora011"":0.004382,""diablo03"":0.001377,""h3-standard-88-2"":0.003625,""h4d-standard-192-7"":0.018481}"
heft,cluster_homo,9,maddid0000037|mbackgroundid0000013|mbackgroundid0000016|mbackgroundid0000032|mbackgroundid0000033|mbackgroundid0000052|mbackgroundid0000053|mbackgroundid0000054|mbgmodelid0000012|mbgmodelid0000031|mconcatfitid0000011|mconcatfitid0000030|mdifffitid0000005|mdifffitid0000008|mdifffitid0000009|mdifffitid0000010|mdifffitid0000028|mdifffitid0000029|mdifffitid0000046|mimgtblid0000055|mprojectid0000003|mprojectid0000004|mprojectid0000020|mprojectid0000022|mprojectid0000023|mprojectid0000040|mprojectid0000042|mviewerid0000038|mviewerid0000057,0.2,292.983000,0.000000,0.503637,170.729550,0.000000,122.253000,false,59.037000,12,0.956000,"{""bora001"":19,""bora002"":17,""bora003"":10,""bora004"":12}","{""bora001"":0.091301,""bora002"":0.029486,""bora003"":0.026889,""bora004"":0.031373}"
heft,cluster_hetero,9,maddid0000037|mbackgroundid0000013|mbackgroundid0000016|mbackgroundid0000032|mbackgroundid0000033|mbackgroundid0000052|mbackgroundid0000053|mbackgroundid0000054|mbgmodelid0000012|mbgmodelid0000031|mconcatfitid0000011|mconcatfitid0000030|mdifffitid0000005|mdifffitid0000008|mdifffitid0000009|mdifffitid0000010|mdifffitid0000028|mdifffitid0000029|mdifffitid0000046|mimgtblid0000055|mprojectid0000003|mprojectid0000004|mprojectid0000020|mprojectid0000022|mprojectid0000023|mprojectid0000040|mprojectid0000042|mviewerid0000038|mviewerid0000057,0.2,293.451000,0.000000,0.503637,170.729550,0.000000,122.721000,false,99.037000,13,1.057000,"{""bora005"":21,""bora006"":20,""diablo01"":7,""diablo02"":10}","{""bora005"":0.112081,""bora006"":0.048438,""diablo01"":0.006398,""diablo02"":0.009011}"
heft,cloud_homo,9,maddid0000037|mbackgroundid0000013|mbackgroundid0000016|mbackgroundid0000032|mbackgroundid0000033|mbackgroundid0000052|mbackgroundid0000053|mbackgroundid0000054|mbgmodelid0000012|mbgmodelid0000031|mconcatfitid0000011|mconcatfitid0000030|mdifffitid0000005|mdifffitid0000008|mdifffitid0000009|mdifffitid0000010|mdifffitid0000028|mdifffitid0000029|mdifffitid0000046|mimgtblid0000055|mprojectid0000003|mprojectid0000004|mprojectid0000020|mprojectid0000022|mprojectid0000023|mprojectid0000040|mprojectid0000042|mviewerid0000038|mviewerid0000057,0.2,100.183000,1.187021,0.503637,170.729550,0.683400,0.000000,false,11.967000,9,11.858000,"{""h4d-standard-192-1"":18,""h4d-standard-192-2"":17,""h4d-standard-192-3"":10,""h4d-standard-192-4"":13}","{""h4d-standard-192-1"":0.009838,""h4d-standard-192-2"":0.003466,""h4d-standard-192-3"":0.003396,""h4d-standard-192-4"":0.003458}"
heft,cloud_hetero,9,maddid0000037|mbackgroundid0000013|mbackgroundid0000016|mbackgroundid0000032|mbackgroundid0000033|mbackgroundid0000052|mbackgroundid0000053|mbackgroundid0000054|mbgmodelid0000012|mbgmodelid0000031|mconcatfitid0000011|mconcatfitid0000030|mdifffitid0000005|mdifffitid0000008|mdifffitid0000009|mdifffitid0000010|mdifffitid0000028|mdifffitid0000029|mdifffitid0000046|mimgtblid0000055|mprojectid0000003|mprojectid0000004|mprojectid0000020|mprojectid0000022|mprojectid0000023|mprojectid0000040|mprojectid0000042|mviewerid0000038|mviewerid0000057,0.2,107.731000,0.781177,0.503637,170.729550,0.277500,0.000000,false,38.743000,22,14.269000,"{""h4d-highmem-192-1"":34,""h4d-standard-192-1"":24}","{""h3-standard-88-1"":0,""h3-standard-88-2"":0,""h4d-highmem-192-1"":0.011975,""h4d-standard-192-1"":0.009805}"
heft,hybrid_homo,9,maddid0000037|mbackgroundid0000013|mbackgroundid0000016|mbackgroundid0000032|mbackgroundid0000033|mbackgroundid0000052|mbackgroundid0000053|mbackgroundid0000054|mbgmodelid0000012|mbgmodelid0000031|mconcatfitid0000011|mconcatfitid0000030|mdifffitid0000005|mdifffitid0000008|mdifffitid0000009|mdifffitid0000010|mdifffitid0000028|mdifffitid0000029|mdifffitid0000046|mimgtblid0000055|mprojectid0000003|mprojectid0000004|mprojectid0000020|mprojectid0000022|mprojectid0000023|mprojectid0000040|mprojectid0000042|mviewerid0000038|mviewerid0000057,0.2,106.934000,0.569951,0.503637,170.729550,0.066300,0.000000,false,36.849000,17,1.657000,"{""bora009"":6,""bora010"":6,""h4d-standard-192-5"":18,""h4d-standard-192-6"":28}","{""bora009"":0.003558,""bora010"":0.003097,""h4d-standard-192-5"":0.009237,""h4d-standard-192-6"":0.011139}"
heft,hybrid_hetero,9,maddid0000037|mbackgroundid0000013|mbackgroundid0000016|mbackgroundid0000032|mbackgroundid0000033|mbackgroundid0000052|mbackgroundid0000053|mbackgroundid0000054|mbgmodelid0000012|mbgmodelid0000031|mconcatfitid0000011|mconcatfitid0000030|mdifffitid0000005|mdifffitid0000008|mdifffitid0000009|mdifffitid0000010|mdifffitid0000028|mdifffitid0000029|mdifffitid0000046|mimgtblid0000055|mprojectid0000003|mprojectid0000004|mprojectid0000020|mprojectid0000022|mprojectid0000023|mprojectid0000040|mprojectid0000042|mviewerid0000038|mviewerid0000057,0.2,110.825000,0.518051,0.503637,170.729550,0.014400,0.000000,false,72.386000,29,11.834000,"{""bora011"":7,""diablo03"":5,""h3-standard-88-2"":10,""h4d-standard-192-7"":36}","{""bora011"":0.004414,""diablo03"":0.001417,""h3-standard-88-2"":0.00492,""h4d-standard-192-7"":0.019961}"
heft,cluster_homo,10,maddid0000018|maddid0000056|mbackgroundid0000013|mbackgroundid0000015|mbackgroundid0000016|mbackgroundid0000034|mbackgroundid0000052|mbackgroundid0000053|mbackgroundid0000054|mbgmodelid0000012|mbgmodelid0000031|mconcatfitid0000011|mconcatfitid0000049|mdifffitid0000006|mdifffitid0000026|mdifffitid0000027|mdifffitid0000044|mdifffitid0000045|mdifffitid0000046|mimgtblid0000017|mprojectid0000001|mprojectid0000003|mprojectid0000020|mprojectid0000021|mprojectid0000039|mprojectid0000041|mprojectid0000042|mviewerid0000019|mviewerid0000038,0.2,292.983000,0.000000,0.503637,170.729550,0.000000,122.253000,false,44.065000,9,14.379000,"{""bora001"":15,""bora002"":19,""bora003"":9,""bora004"":15}","{""bora001"":0.034581,""bora002"":0.066199,""bora003"":0.03849,""bora004"":0.038632}"
heft,cluster_hetero,10,maddid0000018|maddid0000056|mbackgroundid0000013|mbackgroundid0000015|mbackgroundid0000016|mbackgroundid0000034|mbackgroundid0000052|mbackgroundid0000053|mbackgroundid0000054|mbgmodelid0000012|mbgmodelid0000031|mconcatfitid0000011|mconcatfitid0000049|mdifffitid0000006|mdifffitid0000026|mdifffitid0000027|mdifffitid0000044|mdifffitid0000045|mdifffitid0000046|mimgtblid0000017|mprojectid0000001|mprojectid0000003|mprojectid0000020|mprojectid0000021|mprojectid0000039|mprojectid0000041|mprojectid0000042|mviewerid0000019|mviewerid0000038,0.2,314.550000,0.000000,0.503637,170.729550,0.000000,143.820000,false,89.454000,8,1.076000,"{""bora005"":16,""bora006"":21,""diablo01"":9,""diablo02"":12}","{""bora005"":0.076748,""bora006"":0.074789,""diablo01"":0.006386,""diablo02"":0.006232}"
heft,cloud_homo,10,maddid0000018|maddid0000056|mbackgroundid0000013|mbackgroundid0000015|mbackgroundid0000016|mbackgroundid0000034|mbackgroundid0000052|mbackgroundid0000053|mbackgroundid0000054|mbgmodelid0000012|mbgmodelid0000031|mconcatfitid0000011|mconcatfitid0000049|mdifffitid0000006|mdifffitid0000026|mdifffitid0000027|mdifffitid0000044|mdifffitid0000045|mdifffitid0000046|mimgtblid0000017|mprojectid0000001|mprojectid0000003|mprojectid0000020|mprojectid0000021|mprojectid0000039|mprojectid0000041|mprojectid0000042|mviewerid0000019|mviewerid0000038,0.2,100.183000,1.194507,0.503637,170.729550,0.690900,0.000000,false,8.752000,5,2.814000,"{""h4d-standard-192-1"":15,""h4d-standard-192-2"":20,""h4d-standard-192-3"":9,""h4d-standard-192-4"":14}","{""h4d-standard-192-1"":0.004131,""h4d-standard-192-2"":0.007444,""h4d-standard-192-3"":0.004344,""h4d-standard-192-4"":0.004267}"
heft,cloud_hetero,10,maddid0000018|maddid0000056|mbackgroundid0000013|mbackgroundid0000015|mbackgroundid0000016|mbackgroundid0000034|mbackgroundid0000052|mbackgroundid0000053|mbackgroundid0000054|mbgmodelid0000012|mbgmodelid0000031|mconcatfitid0000011|mconcatfitid0000049|mdifffitid0000006|mdifffitid0000026|mdifffitid0000027|mdifffitid0000044|mdifffitid0000045|mdifffitid0000046|mimgtblid0000017|mprojectid0000001|mprojectid0000003|mprojectid0000020|mprojectid0000021|mprojectid0000039|mprojectid0000041|mprojectid0000042|mviewerid0000019|mviewerid0000038,0.2,108.672000,0.968540,0.503637,170.729550,0.464900,0.000000,false,27.331000,13,1.916000,"{""h3-standard-88-2"":15,""h4d-highmem-192-1"":26,""h4d-standard-192-1"":17}","{""h3-standard-88-1"":0,""h3-standard-88-2"":0.003897,""h4d-highmem-192-1"":0.010676,""h4d-standard-192-1"":0.008351}"
heft,hybrid_homo,10,maddid0000018|maddid0000056|mbackgroundid0000013|mbackgroundid0000015|mbackgroundid0000016|mbackgroundid0000034|mbackgroundid0000052|mbackgroundid0000053|mbackgroundid0000054|mbgmodelid0000012|mbgmodelid0000031|mconcatfitid0000011|mconcatfitid0000049|mdifffitid0000006|mdifffitid0000026|mdifffitid0000027|mdifffitid0000044|mdifffitid0000045|mdifffitid0000046|mimgtblid0000017|mprojectid0000001|mprojectid0000003|mprojectid0000020|mprojectid0000021|mprojectid0000039|mprojectid0000041|mprojectid0000042|mviewerid0000019|mviewerid0000038,0.2,111.266000,0.569834,0.503637,170.729550,0.066200,0.000000,false,35.228000,16,1.690000,"{""bora009"":4,""bora010"":7,""h4d-standard-192-5"":18,""h4d-standard-192-6"":29}","{""bora009"":0.001937,""bora010"":0.003341,""h4d-standard-192-5"":0.009173,""h4d-standard-192-6"":0.010558}"
heft,hybrid_hetero,10,maddid0000018|maddid0000056|mbackgroundid0000013|mbackgroundid0000015|mbackgroundid0000016|mbackgroundid0000034|mbackgroundid0000052|mbackgroundid0000053|mbackgroundid0000054|mbgmodelid0000012|mbgmodelid0000031|mconcatfitid0000011|mconcatfitid0000049|mdifffitid0000006|mdifffitid0000026|mdifffitid0000027|mdifffitid0000044|mdifffitid0000045|mdifffitid0000046|mimgtblid0000017|mprojectid0000001|mprojectid0000003|mprojectid0000020|mprojectid0000021|mprojectid0000039|mprojectid0000041|mprojectid0000042|mviewerid0000019|mviewerid0000038,0.2,120.668000,0.452696,0.503637,170.729550,0.000000,0.000000,true,67.588000,23,1.502000,"{""bora011"":6,""diablo03"":5,""h3-standard-88-2"":7,""h4d-standard-192-7"":40}","{""bora011"":0.003601,""diablo03"":0.00129,""h3-standard-88-2"":0.003234,""h4d-standard-192-7"":0.018639}"
heft,cluster_homo,11,maddid0000018|maddid0000037|mbackgroundid0000014|mbackgroundid0000032|mbackgroundid0000034|mbackgroundid0000053|mbackgroundid0000054|mbgmodelid0000031|mconcatfitid0000030|mconcatfitid0000049|mdifffitid0000005|mdifffitid0000006|mdifffitid0000009|mdifffitid0000010|mdifffitid0000026|mdifffitid0000029|mdifffitid0000045|mdifffitid0000047|mdifffitid0000048|mimgtblid0000017|mprojectid0000001|mprojectid0000002|mprojectid0000003|mprojectid0000021|mprojectid0000039|mprojectid0000041|mprojectid0000042|mviewerid0000019|mviewerid0000038,0.2,292.983000,0.000000,0.503637,170.729550,0.000000,122.253000,false,42.856000,13,0.947000,"{""bora001"":15,""bora002"":19,""bora003"":10,""bora004"":14}","{""bora001"":0.026206,""bora002"":0.066246,""bora003"":0.045351,""bora004"":0.039876}"
heft,cluster_hetero,11,maddid0000018|maddid0000037|mbackgroundid0000014|mbackgroundid0000032|mbackgroundid0000034|mbackgroundid0000053|mbackgroundid0000054|mbgmodelid0000031|mconcatfitid0000030|mconcatfitid0000049|mdifffitid0000005|mdifffitid0000006|mdifffitid0000009|mdifffitid0000010|mdifffitid0000026|mdifffitid0000029|mdifffitid0000045|mdifffitid0000047|mdifffitid0000048|mimgtblid0000017|mprojectid0000001|mprojectid0000002|mprojectid0000003|mprojectid0000021|mprojectid0000039|mprojectid0000041|mprojectid0000042|mviewerid0000019|mviewerid0000038,0.2,314.315000,0.000000,0.503637,170.729550,0.000000,143.585000,false,92.228000,13,1.047000,"{""bora005"":18,""bora006"":22,""diablo01"":8,""diablo02"":10}","{""bora005"":0.07896,""bora006"":0.075219,""diablo01"":0.005132,""diablo02"":0.005954}"
heft,cloud_homo,11,maddid0000018|maddid0000037|mbackgroundid0000014|mbackgroundid0000032|mbackgroundid0000034|mbackgroundid0000053|mbackgroundid0000054|mbgmodelid0000031|mconcatfitid0000030|mconcatfitid0000049|mdifffitid0000005|mdifffitid0000006|mdifffitid0000009|mdifffitid0000010|mdifffitid0000026|mdifffitid0000029|mdifffitid0000045|mdifffitid0000047|mdifffitid0000048|mimgtblid0000017|mprojectid0000001|mprojectid0000002|mprojectid0000003|mprojectid0000021|mprojectid0000039|mprojectid0000041|mprojectid0000042|mviewerid0000019|mviewerid0000038,0.2,100.183000,1.208854,0.503637,170.729550,0.705200,0.000000,false,9.553000,11,2.711000,"{""h4d-standard-192-1"":14,""h4d-standard-192-2"":20,""h4d-standard-192-3"":14,""h4d-standard-192-4"":10}","{""h4d-standard-192-1"":0.003152,""h4d-standard-192-2"":0.007369,""h4d-standard-192-3"":0.005463,""h4d-standard-192-4"":0.004313}"
heft,cloud_hetero,11,maddid0000018|maddid0000037|mbackgroundid0000014|mbackgroundid0000032|mbackgroundid0000034|mbackgroundid0000053|mbackgroundid0000054|mbgmodelid0000031|mconcatfitid0000030|mconcatfitid0000049|mdifffitid0000005|mdifffitid0000006|mdifffitid0000009|mdifffitid0000010|mdifffitid0000026|mdifffitid0000029|mdifffitid0000045|mdifffitid0000047|mdifffitid0000048|mimgtblid0000017|mprojectid0000001|mprojectid0000002|mprojectid0000003|mprojectid0000021|mprojectid0000039|mprojectid0000041|mprojectid0000042|mviewerid0000019|mviewerid0000038,0.2,108.672000,0.966285,0.503637,170.729550,0.462600,0.000000,false,28.139000,20,11.303000,"{""h3-standard-88-2"":15,""h4d-highmem-192-1"":26,""h4d-standard-192-1"":17}","{""h3-standard-88-1"":0,""h3-standard-88-2"":0.003882,""h4d-highmem-192-1"":0.010987,""h4d-standard-192-1"":0.008024}"
heft,hybrid_homo,11,maddid0000018|maddid0000037|mbackgroundid0000014|mbackgroundid0000032|mbackgroundid0000034|mbackgroundid0000053|mbackgroundid0000054|mbgmodelid0000031|mconcatfitid0000030|mconcatfitid0000049|mdifffitid0000005|mdifffitid0000006|mdifffitid0000009|mdifffitid0000010|mdifffitid0000026|mdifffitid0000029|mdifffitid0000045|mdifffitid0000047|mdifffitid0000048|mimgtblid0000017|mprojectid0000001|mprojectid0000002|mprojectid0000003|mprojectid0000021|mprojectid0000039|mprojectid0000041|mprojectid0000042|mviewerid0000019|mviewerid0000038,0.2,111.266000,0.580514,0.503637,170.729550,0.076900,0.000000,false,32.837000,19,11.912000,"{""bora009"":6,""bora010"":6,""h4d-standard-192-5"":19,""h4d-standard-192-6"":27}","{""bora009"":0.003419,""bora010"":0.002976,""h4d-standard-192-5"":0.008788,""h4d-standard-192-6"":0.010467}"
heft,hybrid_hetero,11,maddid0000018|maddid0000037|mbackgroundid0000014|mbackgroundid0000032|mbackgroundid0000034|mbackgroundid0000053|mbackgroundid0000054|mbgmodelid0000031|mconcatfitid0000030|mconcatfitid0000049|mdifffitid0000005|mdifffitid0000006|mdifffitid0000009|mdifffitid0000010|mdifffitid0000026|mdifffitid0000029|mdifffitid0000045|mdifffitid0000047|mdifffitid0000048|mimgtblid0000017|mprojectid0000001|mprojectid0000002|mprojectid0000003|mprojectid0000021|mprojectid0000039|mprojectid0000041|mprojectid0000042|mviewerid0000019|mviewerid0000038,0.2,120.668000,0.471620,0.503637,170.729550,0.000000,0.000000,true,65.298000,25,13.242000,"{""bora011"":8,""diablo03"":6,""h3-standard-88-2"":9,""h4d-standard-192-7"":35}","{""bora011"":0.004889,""diablo03"":0.001751,""h3-standard-88-2"":0.003715,""h4d-standard-192-7"":0.018001}"
heft,cluster_homo,12,mbackgroundid0000013|mbackgroundid0000014|mbackgroundid0000032|mbackgroundid0000033|mbgmodelid0000050|mconcatfitid0000011|mdifffitid0000005|mdifffitid0000006|mdifffitid0000007|mdifffitid0000008|mdifffitid0000009|mdifffitid0000010|mdifffitid0000026|mdifffitid0000027|mdifffitid0000043|mdifffitid0000044|mdifffitid0000045|mdifffitid0000048|mimgtblid0000017|mimgtblid0000036|mimgtblid0000055|mprojectid0000001|mprojectid0000004|mprojectid0000020|mprojectid0000021|mprojectid0000022|mviewerid0000019|mviewerid0000038|mviewerid0000058,0.2,292.983000,0.000000,0.503637,170.729550,0.000000,122.253000,false,13.487000,7,0.940000,"{""bora001"":17,""bora002"":18,""bora003"":10,""bora004"":13}","{""bora001"":0.077815,""bora002"":0.045372,""bora003"":0.025418,""bora004"":0.026233}"
heft,cluster_hetero,12,mbackgroundid0000013|mbackgroundid0000014|mbackgroundid0000032|mbackgroundid0000033|mbgmodelid0000050|mconcatfitid0000011|mdifffitid0000005|mdifffitid0000006|mdifffitid0000007|mdifffitid0000008|mdifffitid0000009|mdifffitid0000010|mdifffitid0000026|mdifffitid0000027|mdifffitid0000043|mdifffitid0000044|mdifffitid0000045|mdifffitid0000048|mimgtblid0000017|mimgtblid0000036|mimgtblid0000055|mprojectid0000001|mprojectid0000004|mprojectid0000020|mprojectid0000021|mprojectid0000022|mviewerid0000019|mviewerid0000038|mviewerid0000058,0.2,293.451000,0.000000,0.503637,170.729550,0.000000,122.721000,false,43.079000,10,2.282000,"{""bora005"":22,""bora006"":20,""diablo01"":6,""diablo02"":10}","{""bora005"":0.119801,""bora006"":0.049279,""diablo01"":0.001141,""diablo02"":0.004795}"
heft,cloud_homo,12,mbackgroundid0000013|mbackgroundid0000014|mbackgroundid0000032|mbackgroundid0000033|mbgmodelid0000050|mconcatfitid0000011|mdifffitid0000005|mdifffitid0000006|mdifffitid0000007|mdifffitid0000008|mdifffitid0000009|mdifffitid0000010|mdifffitid0000026|mdifffitid0000027|mdifffitid0000043|mdifffitid0000044|mdifffitid0000045|mdifffitid0000048|mimgtblid0000017|mimgtblid0000036|mimgtblid0000055|mprojectid0000001|mprojectid0000004|mprojectid0000020|mprojectid0000021|mprojectid0000022|mviewerid0000019|mviewerid0000038|mviewerid0000058,0.2,100.183000,1.192952,0.503637,170.729550,0.689300,0.000000,false,2.619000,4,3.240000,"{""h4d-standard-192-1"":16,""h4d-standard-192-2"":18,""h4d-standard-192-3"":10,""h4d-standard-192-4"":14}","{""h4d-standard-192-1"":0.008422,""h4d-standard-192-2"":0.005077,""h4d-standard-192-3"":0.0032,""h4d-standard-192-4"":0.003065}"
heft,cloud_hetero,12,mbackgroundid0000013|mbackgroundid0000014|mbackgroundid0000032|mbackgroundid0000033|mbgmodelid0000050|mconcatfitid0000011|mdifffitid0000005|mdifffitid0000006|mdifffitid0000007|mdifffitid0000008|mdifffitid0000009|mdifffitid0000010|mdifffitid0000026|mdifffitid0000027|mdifffitid0000043|mdifffitid0000044|mdifffitid0000045|mdifffitid0000048|mimgtblid0000017|mimgtblid0000036|mimgtblid0000055|mprojectid0000001|mprojectid0000004|mprojectid0000020|mprojectid0000021|mprojectid0000022|mviewerid0000019|mviewerid0000038|mviewerid0000058,0.2,108.089000,0.746814,0.503637,170.729550,0.243200,0.000000,false,15.522000,16,2.913000,"{""h4d-highmem-192-1"":33,""h4d-standard-192-1"":25}","{""h3-standard-88-1"":0,""h3-standard-88-2"":0,""h4d-highmem-192-1"":0.010285,""h4d-standard-192-1"":0.010312}"
heft,hybrid_homo,12,mbackgroundid0000013|mbackgroundid0000014|mbackgroundid0000032|mbackgroundid0000033|mbgmodelid0000050|mconcatfitid0000011|mdifffitid0000005|mdifffitid0000006|mdifffitid0000007|mdifffitid0000008|mdifffitid0000009|mdifffitid0000010|mdifffitid0000026|mdifffitid0000027|mdifffitid0000043|mdifffitid0000044|mdifffitid0000045|mdifffitid0000048|mimgtblid0000017|mimgtblid0000036|mimgtblid0000055|mprojectid0000001|mprojectid0000004|mprojectid0000020|mprojectid0000021|mprojectid0000022|mviewerid0000019|mviewerid0000038|mviewerid0000058,0.2,106.934000,0.535077,0.503637,170.729550,0.031400,0.000000,false,14.847000,12,1.895000,"{""bora009"":5,""bora010"":7,""h4d-standard-192-5"":19,""h4d-standard-192-6"":27}","{""bora009"":0.002614,""bora010"":0.003909,""h4d-standard-192-5"":0.009766,""h4d-standard-192-6"":0.009597}"
heft,hybrid_hetero,12,mbackgroundid0000013|mbackgroundid0000014|mbackgroundid0000032|mbackgroundid0000033|mbgmodelid0000050|mconcatfitid0000011|mdifffitid0000005|mdifffitid0000006|mdifffitid0000007|mdifffitid0000008|mdifffitid0000009|mdifffitid0000010|mdifffitid0000026|mdifffitid0000027|mdifffitid0000043|mdifffitid0000044|mdifffitid0000045|mdifffitid0000048|mimgtblid0000017|mimgtblid0000036|mimgtblid0000055|mprojectid0000001|mprojectid0000004|mprojectid0000020|mprojectid0000021|mprojectid0000022|mviewerid0000019|mviewerid0000038|mviewerid0000058,0.2,109.688000,0.474428,0.503637,170.729550,0.000000,0.000000,true,26.535000,17,1.661000,"{""bora011"":7,""diablo03"":5,""h3-standard-88-2"":12,""h4d-standard-192-7"":34}","{""bora011"":0.004156,""diablo03"":0.001419,""h3-standard-88-2"":0.004688,""h4d-standard-192-7"":0.017953}"
heft,cluster_homo,13,maddid0000037|mbackgroundid0000013|mbackgroundid0000016|mbackgroundid0000034|mbackgroundid0000052|mbgmodelid0000012|mbgmodelid0000031|mconcatfitid0000030|mdifffitid0000005|mdifffitid0000006|mdifffitid0000007|mdifffitid0000008|mdifffitid0000009|mdifffitid0000010|mdifffitid0000025|mdifffitid0000026|mdifffitid0000027|mdifffitid0000028|mdifffitid0000029|mdifffitid0000043|mdifffitid0000044|mdifffitid0000045|mimgtblid0000017|mprojectid0000002|mprojectid0000004|mprojectid0000039|mprojectid0000040|mprojectid0000041|mviewerid0000057,0.2,292.983000,0.000000,0.503637,170.729550,0.000000,122.253000,false,16.411000,9,0.992000,"{""bora001"":15,""bora002"":19,""bora003"":10,""bora004"":14}","{""bora001"":0.067275,""bora002"":0.044749,""bora003"":0.028337,""bora004"":0.034533}"
heft,cluster_hetero,13,maddid0000037|mbackgroundid0000013|mbackgroundid0000016|mbackgroundid0000034|mbackgroundid0000052|mbgmodelid0000012|mbgmodelid0000031|mconcatfitid0000030|mdifffitid0000005|mdifffitid0000006|mdifffitid0000007|mdifffitid0000008|mdifffitid0000009|mdifffitid0000010|mdifffitid0000025|mdifffitid0000026|mdifffitid0000027|mdifffitid0000028|mdifffitid0000029|mdifffitid0000043|mdifffitid0000044|mdifffitid0000045|mimgtblid0000017|mprojectid0000002|mprojectid0000004|mprojectid0000039|mprojectid0000040|mprojectid0000041|mviewerid0000057,0.2,293.451000,0.000000,0.503637,170.729550,0.000000,122.721000,false,48.918000,8,1.147000,"{""bora005"":20,""bora006"":20,""diablo01"":7,""diablo02"":11}","{""bora005"":0.110958,""bora006"":0.057141,""diablo01"":0.001555,""diablo02"":0.005322}"
heft,cloud_homo,13,maddid0000037|mbackgroundid0000013|mbackgroundid0000016|mbackgroundid0000034|mbackgroundid0000052|mbgmodelid0000012|mbgmodelid0000031|mconcatfitid0000030|mdifffitid0000005|mdifffitid0000006|mdifffitid0000007|mdifffitid0000008|mdifffitid0000009|mdifffitid0000010|mdifffitid0000025|mdifffitid0000026|mdifffitid0000027|mdifffitid0000028|mdifffitid0000029|mdifffitid0000043|mdifffitid0000044|mdifffitid0000045|mimgtblid0000017|mprojectid0000002|mprojectid0000004|mprojectid0000039|mprojectid0000040|mprojectid0000041|mviewerid0000057,0.2,100.183000,1.194333,0.503637,170.729550,0.690700,0.000000,false,3.848000,8,2.975000,"{""h4d-standard-192-1"":14,""h4d-standard-192-2"":19,""h4d-standard-192-3"":10,""h4d-standard-192-4"":15}","{""h4d-standard-192-1"":0.00726,""h4d-standard-192-2"":0.005058,""h4d-standard-192-3"":0.003467,""h4d-standard-192-4"":0.003922}"
heft,cloud_hetero,13,maddid0000037|mbackgroundid0000013|mbackgroundid0000016|mbackgroundid0000034|mbackgroundid0000052|mbgmodelid0000012|mbgmodelid0000031|mconcatfitid0000030|mdifffitid0000005|mdifffitid0000006|mdifffitid0000007|mdifffitid0000008|mdifffitid0000009|mdifffitid0000010|mdifffitid0000025|mdifffitid0000026|mdifffitid0000027|mdifffitid0000028|mdifffitid0000029|mdifffitid0000043|mdifffitid0000044|mdifffitid0000045|mimgtblid0000017|mprojectid0000002|mprojectid0000004|mprojectid0000039|mprojectid0000040|mprojectid0000041|mviewerid0000057,0.2,108.053000,0.748678,0.503637,170.729550,0.245000,0.000000,false,18.501000,24,1.952000,"{""h4d-highmem-192-1"":32,""h4d-standard-192-1"":26}","{""h3-standard-88-1"":0,""h3-standard-88-2"":0,""h4d-highmem-192-1"":0.00832,""h4d-standard-192-1"":0.012476}"
heft,hybrid_homo,13,maddid0000037|mbackgroundid0000013|mbackgroundid0000016|mbackgroundid0000034|mbackgroundid0000052|mbgmodelid0000012|mbgmodelid0000031|mconcatfitid0000030|mdifffitid0000005|mdifffitid0000006|mdifffitid0000007|mdifffitid0000008|mdifffitid0000009|mdifffitid0000010|mdifffitid0000025|mdifffitid0000026|mdifffitid0000027|mdifffitid0000028|mdifffitid0000029|mdifffitid0000043|mdifffitid0000044|mdifffitid0000045|mimgtblid0000017|mprojectid0000002|mprojectid0000004|mprojectid0000039|mprojectid0000040|mprojectid0000041|mviewerid0000057,0.2,106.934000,0.539534,0.503637,170.729550,0.035900,0.000000,false,16.792000,19,1.739000,"{""bora009"":6,""bora010"":7,""h4d-standard-192-5"":19,""h4d-standard-192-6"":26}","{""bora009"":0.003592,""bora010"":0.003904,""h4d-standard-192-5"":0.011753,""h4d-standard-192-6"":0.007562}"
heft,hybrid_hetero,13,maddid0000037|mbackgroundid0000013|mbackgroundid0000016|mbackgroundid0000034|mbackgroundid0000052|mbgmodelid0000012|mbgmodelid0000031|mconcatfitid0000030|mdifffitid0000005|mdifffitid0000006|mdifffitid0000007|mdifffitid0000008|mdifffitid0000009|mdifffitid0000010|mdifffitid0000025|mdifffitid0000026|mdifffitid0000027|mdifffitid0000028|mdifffitid0000029|mdifffitid0000043|mdifffitid0000044|mdifffitid0000045|mimgtblid0000017|mprojectid0000002|mprojectid0000004|mprojectid0000039|mprojectid0000040|mprojectid0000041|mviewerid0000057,0.2,111.790000,0.242408,0.503637,170.729550,0.000000,0.000000,true,46.111000,35,1.541000,"{""bora011"":12,""diablo03"":8,""h4d-standard-192-7"":38}","{""bora011"":0.008663,""diablo03"":0.002427,""h3-standard-88-2"":0,""h4d-standard-192-7"":0.019464}"
heft,cluster_homo,14,maddid0000018|maddid0000056|mbackgroundid0000013|mbackgroundid0000033|mbackgroundid0000052|mbackgroundid0000053|mbgmodelid0000031|mconcatfitid0000030|mconcatfitid0000049|mdifffitid0000005|mdifffitid0000007|mdifffitid0000008|mdifffitid0000010|mdifffitid0000025|mdifffitid0000044|mdifffitid0000045|mdifffitid0000046|mdifffitid0000047|mdifffitid0000048|mimgtblid0000017|mimgtblid0000055|mprojectid0000001|mprojectid0000003|mprojectid0000020|mprojectid0000021|mprojectid0000023|mprojectid0000039|mprojectid0000041|mviewerid0000058,0.2,292.983000,0.000000,0.503637,170.729550,0.000000,122.253000,false,44.739000,11,0.979000,"{""bora001"":17,""bora002"":19,""bora003"":10,""bora004"":12}","{""bora001"":0.055531,""bora002"":0.066275,""bora003"":0.018338,""bora004"":0.037568}"
heft,cluster_hetero,14,maddid0000018|maddid0000056|mbackgroundid0000013|mbackgroundid0000033|mbackgroundid0000052|mbackgroundid0000053|mbgmodelid0000031|mconcatfitid0000030|mconcatfitid0000049|mdifffitid0000005|mdifffitid0000007|mdifffitid0000008|mdifffitid0000010|mdifffitid0000025|mdifffitid0000044|mdifffitid0000045|mdifffitid0000046|mdifffitid0000047|mdifffitid0000048|mimgtblid0000017|mimgtblid0000055|mprojectid0000001|mprojectid0000003|mprojectid0000020|mprojectid0000021|mprojectid0000023|mprojectid0000039|mprojectid0000041|mviewerid0000058,0.2,293.451000,0.000000,0.503637,170.729550,0.000000,122.721000,false,80.692000,12,1.153000,"{""bora005"":19,""bora006"":24,""diablo01"":6,""diablo02"":9}","{""bora005"":0.081916,""bora006"":0.081599,""diablo01"":0.005962,""diablo02"":0.006236}"
heft,cloud_homo,14,maddid0000018|maddid0000056|mbackgroundid0000013|mbackgroundid0000033|mbackgroundid0000052|mbackgroundid0000053|mbgmodelid0000031|mconcatfitid0000030|mconcatfitid0000049|mdifffitid0000005|mdifffitid0000007|mdifffitid0000008|mdifffitid0000010|mdifffitid0000025|mdifffitid0000044|mdifffitid0000045|mdifffitid0000046|mdifffitid0000047|mdifffitid0000048|mimgtblid0000017|mimgtblid0000055|mprojectid0000001|mprojectid0000003|mprojectid0000020|mprojectid0000021|mprojectid0000023|mprojectid0000039|mprojectid0000041|mviewerid0000058,0.2,100.183000,1.190095,0.503637,170.729550,0.686500,0.000000,false,9.578000,9,3.393000,"{""h4d-standard-192-1"":17,""h4d-standard-192-2"":19,""h4d-standard-192-3"":12,""h4d-standard-192-4"":10}","{""h4d-standard-192-1"":0.006226,""h4d-standard-192-2"":0.007252,""h4d-standard-192-3"":0.002521,""h4d-standard-192-4"":0.004049}"
heft,cloud_hetero,14,maddid0000018|maddid0000056|mbackgroundid0000013|mbackgroundid0000033|mbackgroundid0000052|mbackgroundid0000053|mbgmodelid0000031|mconcatfitid0000030|mconcatfitid0000049|mdifffitid0000005|mdifffitid0000007|mdifffitid0000008|mdifffitid0000010|mdifffitid0000025|mdifffitid0000044|mdifffitid0000045|mdifffitid0000046|mdifffitid0000047|mdifffitid0000048|mimgtblid0000017|mimgtblid0000055|mprojectid0000001|mprojectid0000003|mprojectid0000020|mprojectid0000021|mprojectid0000023|mprojectid0000039|mprojectid0000041|mviewerid0000058,0.2,104.185000,0.916675,0.503637,170.729550,0.413000,0.000000,false,24.006000,13,2.096000,"{""h3-standard-88-2"":19,""h4d-highmem-192-1"":22,""h4d-standard-192-1"":17}","{""h3-standard-88-1"":0,""h3-standard-88-2"":0.005074,""h4d-highmem-192-1"":0.009407,""h4d-standard-192-1"":0.009964}"
heft,hybrid_homo,14,maddid0000018|maddid0000056|mbackgroundid0000013|mbackgroundid0000033|mbackgroundid0000052|mbackgroundid0000053|mbgmodelid0000031|mconcatfitid0000030|mconcatfitid0000049|mdifffitid0000005|mdifffitid0000007|mdifffitid0000008|mdifffitid0000010|mdifffitid0000025|mdifffitid0000044|mdifffitid0000045|mdifffitid0000046|mdifffitid0000047|mdifffitid0000048|mimgtblid0000017|mimgtblid0000055|mprojectid0000001|mprojectid0000003|mprojectid0000020|mprojectid0000021|mprojectid0000023|mprojectid0000039|mprojectid0000041|mviewerid0000058,0.2,106.934000,0.539551,0.503637,170.729550,0.035900,0.000000,false,31.119000,16,1.688000,"{""bora009"":6,""bora010"":6,""h4d-standard-192-5"":18,""h4d-standard-192-6"":28}","{""bora009"":0.003592,""bora010"":0.003097,""h4d-standard-192-5"":0.010602,""h4d-standard-192-6"":0.009659}"
heft,hybrid_hetero,14,maddid0000018|maddid0000056|mbackgroundid0000013|mbackgroundid0000033|mbackgroundid0000052|mbackgroundid0000053|mbgmodelid0000031|mconcatfitid0000030|mconcatfitid0000049|mdifffitid0000005|mdifffitid0000007|mdifffitid0000008|mdifffitid0000010|mdifffitid0000025|mdifffitid0000044|mdifffitid0000045|mdifffitid0000046|mdifffitid0000047|mdifffitid0000048|mimgtblid0000017|mimgtblid0000055|mprojectid0000001|mprojectid0000003|mprojectid0000020|mprojectid0000021|mprojectid0000023|mprojectid0000039|mprojectid0000041|mviewerid0000058,0.2,112.247000,0.501022,0.503637,170.729550,0.000000,0.000000,true,62.318000,28,2.029000,"{""bora011"":7,""diablo03"":5,""h3-standard-88-2"":11,""h4d-standard-192-7"":35}","{""bora011"":0.004287,""diablo03"":0.001386,""h3-standard-88-2"":0.004219,""h4d-standard-192-7"":0.019307}"
heft,cluster_homo,15,maddid0000037|maddid0000056|mbackgroundid0000014|mbackgroundid0000032|mbackgroundid0000034|mbackgroundid0000051|mbackgroundid0000052|mbgmodelid0000031|mbgmodelid0000050|mconcatfitid0000011|mconcatfitid0000030|mconcatfitid0000049|mdifffitid0000006|mdifffitid0000008|mdifffitid0000025|mdifffitid0000026|mdifffitid0000027|mdifffitid0000046|mdifffitid0000047|mimgtblid0000055|mprojectid0000001|mprojectid0000003|mprojectid0000004|mprojectid0000021|mprojectid0000023|mprojectid0000039|mprojectid0000041|mviewerid0000038|mviewerid0000057,0.2,292.983000,0.000000,0.503637,170.729550,0.000000,122.253000,false,50.973000,10,0.830000,"{""bora001"":16,""bora002"":19,""bora003"":9,""bora004"":14}","{""bora001"":0.05899,""bora002"":0.066246,""bora003"":0.018061,""bora004"":0.03484}"
heft,cluster_hetero,15,maddid0000037|maddid0000056|mbackgroundid0000014|mbackgroundid0000032|mbackgroundid0000034|mbackgroundid0000051|mbackgroundid0000052|mbgmodelid0000031|mbgmodelid0000050|mconcatfitid0000011|mconcatfitid0000030|mconcatfitid0000049|mdifffitid0000006|mdifffitid0000008|mdifffitid0000025|mdifffitid0000026|mdifffitid0000027|mdifffitid0000046|mdifffitid0000047|mimgtblid0000055|mprojectid0000001|mprojectid0000003|mprojectid0000004|mprojectid0000021|mprojectid0000023|mprojectid0000039|mprojectid0000041|mviewerid0000038|mviewerid0000057,0.2,293.451000,0.000000,0.503637,170.729550,0.000000,122.721000,false,80.550000,11,2.226000,"{""bora005"":18,""bora006"":22,""diablo01"":7,""diablo02"":11}","{""bora005"":0.077875,""bora006"":0.081556,""diablo01"":0.008316,""diablo02"":0.006599}"
heft,cloud_homo,15,maddid0000037|maddid0000056|mbackgroundid0000014|mbackgroundid0000032|mbackgroundid0000034|mbackgroundid0000051|mbackgroundid0000052|mbgmodelid0000031|mbgmodelid0000050|mconcatfitid0000011|mconcatfitid0000030|mconcatfitid0000049|mdifffitid0000006|mdifffitid0000008|mdifffitid0000025|mdifffitid0000026|mdifffitid0000027|mdifffitid0000046|mdifffitid0000047|mimgtblid0000055|mprojectid0000001|mprojectid0000003|mprojectid0000004|mprojectid0000021|mprojectid0000023|mprojectid0000039|mprojectid0000041|mviewerid0000038|mviewerid0000057,0.2,100.183000,1.216753,0.503637,170.729550,0.713100,0.000000,false,9.935000,5,4.309000,"{""h4d-standard-192-1"":16,""h4d-standard-192-2"":20,""h4d-standard-192-3"":8,""h4d-standard-192-4"":14}","{""h4d-standard-192-1"":0.006562,""h4d-standard-192-2"":0.00746,""h4d-standard-192-3"":0.002115,""h4d-standard-192-4"":0.003822}"
heft,cloud_hetero,15,maddid0000037|maddid0000056|mbackgroundid0000014|mbackgroundid0000032|mbackgroundid0000034|mbackgroundid0000051|mbackgroundid0000052|mbgmodelid0000031|mbgmodelid0000050|mconcatfitid0000011|mconcatfitid0000030|mconcatfitid0000049|mdifffitid0000006|mdifffitid0000008|mdifffitid0000025|mdifffitid0000026|mdifffitid0000027|mdifffitid0000046|mdifffitid0000047|mimgtblid0000055|mprojectid0000001|mprojectid0000003|mprojectid0000004|mprojectid0000021|mprojectid0000023|mprojectid0000039|mprojectid0000041|mviewerid0000038|mviewerid0000057,0.2,104.185000,0.933005,0.503637,170.729550,0.429400,0.000000,false,26.132000,11,3.639000,"{""h3-standard-88-2"":19,""h4d-highmem-192-1"":23,""h4d-standard-192-1"":16}","{""h3-standard-88-1"":0,""h3-standard-88-2"":0.005037,""h4d-highmem-192-1"":0.009152,""h4d-standard-192-1"":0.010095}"
heft,hybrid_homo,15,maddid0000037|maddid0000056|mbackgroundid0000014|mbackgroundid0000032|mbackgroundid0000034|mbackgroundid0000051|mbackgroundid0000052|mbgmodelid0000031|mbgmodelid0000050|mconcatfitid0000011|mconcatfitid0000030|mconcatfitid0000049|mdifffitid0000006|mdifffitid0000008|mdifffitid0000025|mdifffitid0000026|mdifffitid0000027|mdifffitid0000046|mdifffitid0000047|mimgtblid0000055|mprojectid0000001|mprojectid0000003|mprojectid0000004|mprojectid0000021|mprojectid0000023|mprojectid0000039|mprojectid0000041|mviewerid0000038|mviewerid0000057,0.2,106.934000,0.562269,0.503637,170.729550,0.058600,0.000000,false,33.848000,15,1.971000,"{""bora009"":5,""bora010"":7,""h4d-standard-192-5"":19,""h4d-standard-192-6"":27}","{""bora009"":0.002994,""bora010"":0.003476,""h4d-standard-192-5"":0.011025,""h4d-standard-192-6"":0.009174}"
heft,hybrid_hetero,15,maddid0000037|maddid0000056|mbackgroundid0000014|mbackgroundid0000032|mbackgroundid0000034|mbackgroundid0000051|mbackgroundid0000052|mbgmodelid0000031|mbgmodelid0000050|mconcatfitid0000011|mconcatfitid0000030|mconcatfitid0000049|mdifffitid0000006|mdifffitid0000008|mdifffitid0000025|mdifffitid0000026|mdifffitid0000027|mdifffitid0000046|mdifffitid0000047|mimgtblid0000055|mprojectid0000001|mprojectid0000003|mprojectid0000004|mprojectid0000021|mprojectid0000023|mprojectid0000039|mprojectid0000041|mviewerid0000038|mviewerid0000057,0.2,112.247000,0.498430,0.503637,170.729550,0.000000,0.000000,true,61.720000,28,1.841000,"{""bora011"":6,""diablo03"":5,""h3-standard-88-2"":11,""h4d-standard-192-7"":36}","{""bora011"":0.003717,""diablo03"":0.001386,""h3-standard-88-2"":0.006417,""h4d-standard-192-7"":0.018785}"
heft,cluster_homo,16,maddid0000056|mbackgroundid0000013|mbackgroundid0000014|mbackgroundid0000033|mbackgroundid0000034|mbackgroundid0000051|mbackgroundid0000053|mbgmodelid0000012|mbgmodelid0000031|mconcatfitid0000011|mconcatfitid0000030|mdifffitid0000006|mdifffitid0000007|mdifffitid0000009|mdifffitid0000010|mdifffitid0000024|mdifffitid0000025|mdifffitid0000027|mdifffitid0000028|mdifffitid0000029|mdifffitid0000045|mdifffitid0000046|mimgtblid0000017|mprojectid0000004|mprojectid0000020|mprojectid0000041|mprojectid0000042|mviewerid0000019|mviewerid0000038,0.2,292.983000,0.000000,0.503637,170.729550,0.000000,122.253000,false,3.604000,5,1.245000,"{""bora001"":15,""bora002"":20,""bora003"":11,""bora004"":12}","{""bora001"":0.067227,""bora002"":0.052105,""bora003"":0.028724,""bora004"":0.025906}"
heft,cluster_hetero,16,maddid0000056|mbackgroundid0000013|mbackgroundid0000014|mbackgroundid0000033|mbackgroundid0000034|mbackgroundid0000051|mbackgroundid0000053|mbgmodelid0000012|mbgmodelid0000031|mconcatfitid0000011|mconcatfitid0000030|mdifffitid0000006|mdifffitid0000007|mdifffitid0000009|mdifffitid0000010|mdifffitid0000024|mdifffitid0000025|mdifffitid0000027|mdifffitid0000028|mdifffitid0000029|mdifffitid0000045|mdifffitid0000046|mimgtblid0000017|mprojectid0000004|mprojectid0000020|mprojectid0000041|mprojectid0000042|mviewerid0000019|mviewerid0000038,0.2,293.451000,0.000000,0.503637,170.729550,0.000000,122.721000,false,41.150000,8,1.157000,"{""bora005"":19,""bora006"":23,""diablo01"":6,""diablo02"":10}","{""bora005"":0.108072,""bora006"":0.065721,""diablo01"":0.001141,""diablo02"":0.001436}"
heft,cloud_homo,16,maddid0000056|mbackgroundid0000013|mbackgroundid0000014|mbackgroundid0000033|mbackgroundid0000034|mbackgroundid0000051|mbackgroundid0000053|mbgmodelid0000012|mbgmodelid0000031|mconcatfitid0000011|mconcatfitid0000030|mdifffitid0000006|mdifffitid0000007|mdifffitid0000009|mdifffitid0000010|mdifffitid0000024|mdifffitid0000025|mdifffitid0000027|mdifffitid0000028|mdifffitid0000029|mdifffitid0000045|mdifffitid0000046|mimgtblid0000017|mprojectid0000004|mprojectid0000020|mprojectid0000041|mprojectid0000042|mviewerid0000019|mviewerid0000038,0.2,100.183000,1.194518,0.503637,170.729550,0.690900,0.000000,false,1.032000,5,3.106000,"{""h4d-standard-192-1"":14,""h4d-standard-192-2"":21,""h4d-standard-192-3"":9,""h4d-standard-192-4"":14}","{""h4d-standard-192-1"":0.007245,""h4d-standard-192-2"":0.006149,""h4d-standard-192-3"":0.003243,""h4d-standard-192-4"":0.003063}"
heft,cloud_hetero,16,maddid0000056|mbackgroundid0000013|mbackgroundid0000014|mbackgroundid0000033|mbackgroundid0000034|mbackgroundid0000051|mbackgroundid0000053|mbgmodelid0000012|mbgmodelid0000031|mconcatfitid0000011|mconcatfitid0000030|mdifffitid0000006|mdifffitid0000007|mdifffitid0000009|mdifffitid0000010|mdifffitid0000024|mdifffitid0000025|mdifffitid0000027|mdifffitid0000028|mdifffitid0000029|mdifffitid0000045|mdifffitid0000046|mimgtblid0000017|mprojectid0000004|mprojectid0000020|mprojectid0000041|mprojectid0000042|mviewerid0000019|mviewerid0000038,0.2,107.731000,0.771583,0.503637,170.729550,0.267900,0.000000,false,10.634000,11,2.122000,"{""h4d-highmem-192-1"":35,""h4d-standard-192-1"":23}","{""h3-standard-88-1"":0,""h3-standard-88-2"":0,""h4d-highmem-192-1"":0.010307,""h4d-standard-192-1"":0.0101}"
heft,hybrid_homo,16,maddid0000056|mbackgroundid0000013|mbackgroundid0000014|mbackgroundid0000033|mbackgroundid0000034|mbackgroundid0000051|mbackgroundid0000053|mbgmodelid0000012|mbgmodelid0000031|mconcatfitid0000011|mconcatfitid0000030|mdifffitid0000006|mdifffitid0000007|mdifffitid0000009|mdifffitid0000010|mdifffitid0000024|mdifffitid0000025|mdifffitid0000027|mdifffitid0000028|mdifffitid0000029|mdifffitid0000045|mdifffitid0000046|mimgtblid0000017|mprojectid0000004|mprojectid0000020|mprojectid0000041|mprojectid0000042|mviewerid0000019|mviewerid0000038,0.2,106.934000,0.554498,0.503637,170.729550,0.050900,0.000000,false,9.812000,9,1.823000,"{""bora009"":5,""bora010"":6,""h4d-standard-192-5"":17,""h4d-standard-192-6"":30}","{""bora009"":0.002816,""bora010"":0.00322,""h4d-standard-192-5"":0.009379,""h4d-standard-192-6"":0.009656}"
heft,hybrid_hetero,16,maddid0000056|mbackgroundid0000013|mbackgroundid0000014|mbackgroundid0000033|mbackgroundid0000034|mbackgroundid0000051|mbackgroundid0000053|mbgmodelid0000012|mbgmodelid0000031|mconcatfitid0000011|mconcatfitid0000030|mdifffitid0000006|mdifffitid0000007|mdifffitid0000009|mdifffitid0000010|mdifffitid0000024|mdifffitid0000025|mdifffitid0000027|mdifffitid0000028|mdifffitid0000029|mdifffitid0000045|mdifffitid0000046|mimgtblid0000017|mprojectid0000004|mprojectid0000020|mprojectid0000041|mprojectid0000042|mviewerid0000019|mviewerid0000038,0.2,110.569000,0.228939,0.503637,170.729550,0.000000,0.000000,true,26.855000,18,1.537000,"{""bora011"":9,""diablo03"":9,""h4d-standard-192-7"":40}","{""bora011"":0.00605,""diablo03"":0.003194,""h3-standard-88-2"":0,""h4d-standard-192-7"":0.019031}"
heft,cluster_homo,17,maddid0000018|maddid0000037|maddid0000056|mbackgroundid0000013|mbackgroundid0000015|mbackgroundid0000032|mbackgroundid0000033|mbackgroundid0000034|mbackgroundid0000035|mbackgroundid0000052|mbackgroundid0000053|mbgmodelid0000031|mconcatfitid0000030|mdifffitid0000006|mdifffitid0000007|mdifffitid0000008|mdifffitid0000009|mdifffitid0000024|mdifffitid0000026|mdifffitid0000029|mdifffitid0000043|mdifffitid0000044|mimgtblid0000036|mprojectid0000003|mprojectid0000004|mprojectid0000020|mprojectid0000022|mprojectid0000023|mprojectid0000042,0.2,292.983000,0.000000,0.503637,170.729550,0.000000,122.253000,false,35.523000,10,1.058000,"{""bora001"":17,""bora002"":19,""bora003"":9,""bora004"":13}","{""bora001"":0.086202,""bora002"":0.044709,""bora003"":0.01816,""bora004"":0.027686}"
heft,cluster_hetero,17,maddid0000018|maddid0000037|maddid0000056|mbackgroundid0000013|mbackgroundid0000015|mbackgroundid0000032|mbackgroundid0000033|mbackgroundid0000034|mbackgroundid0000035|mbackgroundid0000052|mbackgroundid0000053|mbgmodelid0000031|mconcatfitid0000030|mdifffitid0000006|mdifffitid0000007|mdifffitid0000008|mdifffitid0000009|mdifffitid0000024|mdifffitid0000026|mdifffitid0000029|mdifffitid0000043|mdifffitid0000044|mimgtblid0000036|mprojectid0000003|mprojectid0000004|mprojectid0000020|mprojectid0000022|mprojectid0000023|mprojectid0000042,0.2,293.451000,0.000000,0.503637,170.729550,0.000000,122.721000,false,59.698000,10,1.125000,"{""bora005"":18,""bora006"":22,""diablo01"":7,""diablo02"":11}","{""bora005"":0.09624,""bora006"":0.064212,""diablo01"":0.006257,""diablo02"":0.00658}"
heft,cloud_homo,17,maddid0000018|maddid0000037|maddid0000056|mbackgroundid0000013|mbackgroundid0000015|mbackgroundid0000032|mbackgroundid0000033|mbackgroundid0000034|mbackgroundid0000035|mbackgroundid0000052|mbackgroundid0000053|mbgmodelid0000031|mconcatfitid0000030|mdifffitid0000006|mdifffitid0000007|mdifffitid0000008|mdifffitid0000009|mdifffitid0000024|mdifffitid0000026|mdifffitid0000029|mdifffitid0000043|mdifffitid0000044|mimgtblid0000036|mprojectid0000003|mprojectid0000004|mprojectid0000020|mprojectid0000022|mprojectid0000023|mprojectid0000042,0.2,100.183000,1.172639,0.503637,170.729550,0.669000,0.000000,false,6.875000,5,3.152000,"{""h4d-standard-192-1"":17,""h4d-standard-192-2"":19,""h4d-standard-192-3"":9,""h4d-standard-192-4"":13}","{""h4d-standard-192-1"":0.009345,""h4d-standard-192-2"":0.005058,""h4d-standard-192-3"":0.002362,""h4d-standard-192-4"":0.003095}"
heft,cloud_hetero,17,maddid0000018|maddid0000037|maddid0000056|mbackgroundid0000013|mbackgroundid0000015|mbackgroundid0000032|mbackgroundid0000033|mbackgroundid0000034|mbackgroundid0000035|mbackgroundid0000052|mbackgroundid0000053|mbgmodelid0000031|mconcatfitid0000030|mdifffitid0000006|mdifffitid0000007|mdifffitid0000008|mdifffitid0000009|mdifffitid0000024|mdifffitid0000026|mdifffitid0000029|mdifffitid0000043|mdifffitid0000044|mimgtblid0000036|mprojectid0000003|mprojectid0000004|mprojectid0000020|mprojectid0000022|mprojectid0000023|mprojectid0000042,0.2,107.813000,0.764757,0.503637,170.729550,0.261100,0.000000,false,26.496000,20,2.535000,"{""h4d-highmem-192-1"":33,""h4d-standard-192-1"":25}","{""h3-standard-88-1"":0,""h3-standard-88-2"":0,""h4d-highmem-192-1"":0.011207,""h4d-standard-192-1"":0.010064}"
heft,hybrid_homo,17,maddid0000018|maddid0000037|maddid0000056|mbackgroundid0000013|mbackgroundid0000015|mbackgroundid0000032|mbackgroundid0000033|mbackgroundid0000034|mbackgroundid0000035|mbackgroundid0000052|mbackgroundid0000053|mbgmodelid0000031|mconcatfitid0000030|mdifffitid0000006|mdifffitid0000007|mdifffitid0000008|mdifffitid0000009|mdifffitid0000024|mdifffitid0000026|mdifffitid0000029|mdifffitid0000043|mdifffitid0000044|mimgtblid0000036|mprojectid0000003|mprojectid0000004|mprojectid0000020|mprojectid0000022|mprojectid0000023|mprojectid0000042,0.2,106.934000,0.547166,0.503637,170.729550,0.043500,0.000000,false,25.835000,16,2.050000,"{""bora009"":5,""bora010"":6,""h4d-standard-192-5"":18,""h4d-standard-192-6"":29}","{""bora009"":0.002721,""bora010"":0.003097,""h4d-standard-192-5"":0.009456,""h4d-standard-192-6"":0.010688}"
heft,hybrid_hetero,17,maddid0000018|maddid0000037|maddid0000056|mbackgroundid0000013|mbackgroundid0000015|mbackgroundid0000032|mbackgroundid0000033|mbackgroundid0000034|mbackgroundid0000035|mbackgroundid0000052|mbackgroundid0000053|mbgmodelid0000031|mconcatfitid0000030|mdifffitid0000006|mdifffitid0000007|mdifffitid0000008|mdifffitid0000009|mdifffitid0000024|mdifffitid0000026|mdifffitid0000029|mdifffitid0000043|mdifffitid0000044|mimgtblid0000036|mprojectid0000003|mprojectid0000004|mprojectid0000020|mprojectid0000022|mprojectid0000023|mprojectid0000042,0.2,110.569000,0.231052,0.503637,170.729550,0.000000,0.000000,true,60.798000,28,1.934000,"{""bora011"":9,""diablo03"":7,""h4d-standard-192-7"":42}","{""bora011"":0.005954,""diablo03"":0.002049,""h3-standard-88-2"":0,""h4d-standard-192-7"":0.020837}"
heft,cluster_homo,18,maddid0000018|maddid0000056|mbackgroundid0000014|mbackgroundid0000015|mbackgroundid0000035|mbackgroundid0000053|mbgmodelid0000012|mbgmodelid0000050|mconcatfitid0000030|mconcatfitid0000049|mdifffitid0000006|mdifffitid0000007|mdifffitid0000008|mdifffitid0000010|mdifffitid0000024|mdifffitid0000026|mdifffitid0000027|mdifffitid0000046|mdifffitid0000048|mprojectid0000001|mprojectid0000002|mprojectid0000020|mprojectid0000021|mprojectid0000039|mprojectid0000041|mprojectid0000042|mviewerid0000038|mviewerid0000057|mviewerid0000058,0.2,292.983000,0.000000,0.503637,170.729550,0.000000,122.253000,false,41.912000,12,1.124000,"{""bora001"":14,""bora002"":19,""bora003"":11,""bora004"":14}","{""bora001"":0.025919,""bora002"":0.066312,""bora003"":0.045876,""bora004"":0.039698}"
heft,cluster_hetero,18,maddid0000018|maddid0000056|mbackgroundid0000014|mbackgroundid0000015|mbackgroundid0000035|mbackgroundid0000053|mbgmodelid0000012|mbgmodelid0000050|mconcatfitid0000030|mconcatfitid0000049|mdifffitid0000006|mdifffitid0000007|mdifffitid0000008|mdifffitid0000010|mdifffitid0000024|mdifffitid0000026|mdifffitid0000027|mdifffitid0000046|mdifffitid0000048|mprojectid0000001|mprojectid0000002|mprojectid0000020|mprojectid0000021|mprojectid0000039|mprojectid0000041|mprojectid0000042|mviewerid0000038|mviewerid0000057|mviewerid0000058,0.2,314.315000,0.000000,0.503637,170.729550,0.000000,143.585000,false,92.947000,14,1.215000,"{""bora005"":17,""bora006"":22,""diablo01"":8,""diablo02"":11}","{""bora005"":0.079086,""bora006"":0.075537,""diablo01"":0.004909,""diablo02"":0.006023}"
heft,cloud_homo,18,maddid0000018|maddid0000056|mbackgroundid0000014|mbackgroundid0000015|mbackgroundid0000035|mbackgroundid0000053|mbgmodelid0000012|mbgmodelid0000050|mconcatfitid0000030|mconcatfitid0000049|mdifffitid0000006|mdifffitid0000007|mdifffitid0000008|mdifffitid0000010|mdifffitid0000024|mdifffitid0000026|mdifffitid0000027|mdifffitid0000046|mdifffitid0000048|mprojectid0000001|mprojectid0000002|mprojectid0000020|mprojectid0000021|mprojectid0000039|mprojectid0000041|mprojectid0000042|mviewerid0000038|mviewerid0000057|mviewerid0000058,0.2,100.183000,1.204899,0.503637,170.729550,0.701300,0.000000,false,8.761000,8,3.097000,"{""h4d-standard-192-1"":14,""h4d-standard-192-2"":19,""h4d-standard-192-3"":11,""h4d-standard-192-4"":14}","{""h4d-standard-192-1"":0.003172,""h4d-standard-192-2"":0.007269,""h4d-standard-192-3"":0.005297,""h4d-standard-192-4"":0.004464}"
heft,cloud_hetero,18,maddid0000018|maddid0000056|mbackgroundid0000014|mbackgroundid0000015|mbackgroundid0000035|mbackgroundid0000053|mbgmodelid0000012|mbgmodelid0000050|mconcatfitid0000030|mconcatfitid0000049|mdifffitid0000006|mdifffitid0000007|mdifffitid0000008|mdifffitid0000010|mdifffitid0000024|mdifffitid0000026|mdifffitid0000027|mdifffitid0000046|mdifffitid0000048|mprojectid0000001|mprojectid0000002|mprojectid0000020|mprojectid0000021|mprojectid0000039|mprojectid0000041|mprojectid0000042|mviewerid0000038|mviewerid0000057|mviewerid0000058,0.2,108.672000,0.954227,0.503637,170.729550,0.450600,0.000000,false,27.313000,22,2.531000,"{""h3-standard-88-2"":15,""h4d-highmem-192-1"":25,""h4d-standard-192-1"":18}","{""h3-standard-88-1"":0,""h3-standard-88-2"":0.003882,""h4d-highmem-192-1"":0.010761,""h4d-standard-192-1"":0.008265}"
heft,hybrid_homo,18,maddid0000018|maddid0000056|mbackgroundid0000014|mbackgroundid0000015|mbackgroundid0000035|mbackgroundid0000053|mbgmodelid0000012|mbgmodelid0000050|mconcatfitid0000030|mconcatfitid0000049|mdifffitid0000006|mdifffitid0000007|mdifffitid0000008|mdifffitid0000010|mdifffitid0000024|mdifffitid0000026|mdifffitid0000027|mdifffitid0000046|mdifffitid0000048|mprojectid0000001|mprojectid0000002|mprojectid0000020|mprojectid0000021|mprojectid0000039|mprojectid0000041|mprojectid0000042|mviewerid0000038|mviewerid0000057|mviewerid0000058,0.2,111.266000,0.593274,0.503637,170.729550,0.089600,0.000000,false,34.497000,24,1.613000,"{""bora009"":4,""bora010"":6,""h4d-standard-192-5"":19,""h4d-standard-192-6"":29}","{""bora009"":0.001937,""bora010"":0.002976,""h4d-standard-192-5"":0.008888,""h4d-standard-192-6"":0.010794}"
heft,hybrid_hetero,18,maddid0000018|maddid0000056|mbackgroundid0000014|mbackgroundid0000015|mbackgroundid0000035|mbackgroundid0000053|mbgmodelid0000012|mbgmodelid0000050|mconcatfitid0000030|mconcatfitid0000049|mdifffitid0000006|mdifffitid0000007|mdifffitid0000008|mdifffitid0000010|mdifffitid0000024|mdifffitid0000026|mdifffitid0000027|mdifffitid0000046|mdifffitid0000048|mprojectid0000001|mprojectid0000002|mprojectid0000020|mprojectid0000021|mprojectid0000039|mprojectid0000041|mprojectid0000042|mviewerid0000038|mviewerid0000057|mviewerid0000058,0.2,120.668000,0.516709,0.503637,170.729550,0.013100,0.000000,false,65.792000,30,1.901000,"{""bora011"":6,""diablo03"":5,""h3-standard-88-2"":13,""h4d-standard-192-7"":34}","{""bora011"":0.003696,""diablo03"":0.00129,""h3-standard-88-2"":0.004528,""h4d-standard-192-7"":0.018051}"
heft,cluster_homo,19,maddid0000018|maddid0000037|mbackgroundid0000015|mbackgroundid0000016|mbackgroundid0000033|mbackgroundid0000053|mbgmodelid0000012|mconcatfitid0000030|mconcatfitid0000049|mdifffitid0000005|mdifffitid0000007|mdifffitid0000008|mdifffitid0000010|mdifffitid0000024|mdifffitid0000025|mdifffitid0000026|mdifffitid0000029|mimgtblid0000017|mimgtblid0000036|mprojectid0000001|mprojectid0000002|mprojectid0000003|mprojectid0000020|mprojectid0000021|mprojectid0000022|mprojectid0000039|mprojectid0000041|mviewerid0000057|mviewerid0000058,0.2,292.983000,0.000000,0.503637,170.729550,0.000000,122.253000,false,57.261000,12,0.951000,"{""bora001"":16,""bora002"":18,""bora003"":12,""bora004"":12}","{""bora001"":0.055195,""bora002"":0.051328,""bora003"":0.040313,""bora004"":0.032246}"
heft,cluster_hetero,19,maddid0000018|maddid0000037|mbackgroundid0000015|mbackgroundid0000016|mbackgroundid0000033|mbackgroundid0000053|mbgmodelid0000012|mconcatfitid0000030|mconcatfitid0000049|mdifffitid0000005|mdifffitid0000007|mdifffitid0000008|mdifffitid0000010|mdifffitid0000024|mdifffitid0000025|mdifffitid0000026|mdifffitid0000029|mimgtblid0000017|mimgtblid0000036|mprojectid0000001|mprojectid0000002|mprojectid0000003|mprojectid0000020|mprojectid0000021|mprojectid0000022|mprojectid0000039|mprojectid0000041|mviewerid0000057|mviewerid0000058,0.2,293.451000,0.000000,0.503637,170.729550,0.000000,122.721000,false,102.450000,14,1.084000,"{""bora005"":19,""bora006"":22,""diablo01"":7,""diablo02"":10}","{""bora005"":0.092991,""bora006"":0.071655,""diablo01"":0.006257,""diablo02"":0.006387}"
heft,cloud_homo,19,maddid0000018|maddid0000037|mbackgroundid0000015|mbackgroundid0000016|mbackgroundid0000033|mbackgroundid0000053|mbgmodelid0000012|mconcatfitid0000030|mconcatfitid0000049|mdifffitid0000005|mdifffitid0000007|mdifffitid0000008|mdifffitid0000010|mdifffitid0000024|mdifffitid0000025|mdifffitid0000026|mdifffitid0000029|mimgtblid0000017|mimgtblid0000036|mprojectid0000001|mprojectid0000002|mprojectid0000003|mprojectid0000020|mprojectid0000021|mprojectid0000022|mprojectid0000039|mprojectid0000041|mviewerid0000057|mviewerid0000058,0.2,100.183000,1.187746,0.503637,170.729550,0.684100,0.000000,false,12.111000,10,3.104000,"{""h4d-standard-192-1"":16,""h4d-standard-192-2"":19,""h4d-standard-192-3"":14,""h4d-standard-192-4"":9}","{""h4d-standard-192-1"":0.006143,""h4d-standard-192-2"":0.005877,""h4d-standard-192-3"":0.004794,""h4d-standard-192-4"":0.003491}"
heft,cloud_hetero,19,maddid0000018|maddid0000037|mbackgroundid0000015|mbackgroundid0000016|mbackgroundid0000033|mbackgroundid0000053|mbgmodelid0000012|mconcatfitid0000030|mconcatfitid0000049|mdifffitid0000005|mdifffitid0000007|mdifffitid0000008|mdifffitid0000010|mdifffitid0000024|mdifffitid0000025|mdifffitid0000026|mdifffitid0000029|mimgtblid0000017|mimgtblid0000036|mprojectid0000001|mprojectid0000002|mprojectid0000003|mprojectid0000020|mprojectid0000021|mprojectid0000022|mprojectid0000039|mprojectid0000041|mviewerid0000057|mviewerid0000058,0.2,104.185000,0.920201,0.503637,170.729550,0.416600,0.000000,false,31.828000,19,2.198000,"{""h3-standard-88-2"":18,""h4d-highmem-192-1"":22,""h4d-standard-192-1"":18}","{""h3-standard-88-1"":0,""h3-standard-88-2"":0.00486,""h4d-highmem-192-1"":0.009726,""h4d-standard-192-1"":0.010125}"
heft,hybrid_homo,19,maddid0000018|maddid0000037|mbackgroundid0000015|mbackgroundid0000016|mbackgroundid0000033|mbackgroundid0000053|mbgmodelid0000012|mconcatfitid0000030|mconcatfitid0000049|mdifffitid0000005|mdifffitid0000007|mdifffitid0000008|mdifffitid0000010|mdifffitid0000024|mdifffitid0000025|mdifffitid0000026|mdifffitid0000029|mimgtblid0000017|mimgtblid0000036|mprojectid0000001|mprojectid0000002|mprojectid0000003|mprojectid0000020|mprojectid0000021|mprojectid0000022|mprojectid0000039|mprojectid0000041|mviewerid0000057|mviewerid0000058,0.2,106.934000,0.540604,0.503637,170.729550,0.037000,0.000000,false,38.894000,22,1.976000,"{""bora009"":5,""bora010"":7,""h4d-standard-192-5"":19,""h4d-standard-192-6"":27}","{""bora009"":0.002994,""bora010"":0.003904,""h4d-standard-192-5"":0.010713,""h4d-standard-192-6"":0.009806}"
heft,hybrid_hetero,19,maddid0000018|maddid0000037|mbackgroundid0000015|mbackgroundid0000016|mbackgroundid0000033|mbackgroundid0000053|mbgmodelid0000012|mconcatfitid0000030|mconcatfitid0000049|mdifffitid0000005|mdifffitid0000007|mdifffitid0000008|mdifffitid0000010|mdifffitid0000024|mdifffitid0000025|mdifffitid0000026|mdifffitid0000029|mimgtblid0000017|mimgtblid0000036|mprojectid0000001|mprojectid0000002|mprojectid0000003|mprojectid0000020|mprojectid0000021|mprojectid0000022|mprojectid0000039|mprojectid0000041|mviewerid0000057|mviewerid0000058,0.2,112.247000,0.506580,0.503637,170.729550,0.002900,0.000000,false,67.388000,30,2.090000,"{""bora011"":6,""diablo03"":5,""h3-standard-88-2"":13,""h4d-standard-192-7"":34}","{""bora011"":0.003717,""diablo03"":0.001386,""h3-standard-88-2"":0.007108,""h4d-standard-192-7"":0.018756}"
heft,cluster_homo,20,maddid0000018|mbackgroundid0000015|mbackgroundid0000016|mbackgroundid0000032|mbackgroundid0000033|mbackgroundid0000053|mbackgroundid0000054|mbgmodelid0000031|mbgmodelid0000050|mconcatfitid0000011|mconcatfitid0000030|mconcatfitid0000049|mdifffitid0000005|mdifffitid0000006|mdifffitid0000010|mdifffitid0000025|mdifffitid0000027|mdifffitid0000044|mdifffitid0000046|mdifffitid0000047|mimgtblid0000055|mprojectid0000001|mprojectid0000004|mprojectid0000020|mprojectid0000021|mprojectid0000039|mprojectid0000040|mprojectid0000042|mviewerid0000057,0.2,292.983000,0.000000,0.503637,170.729550,0.000000,122.253000,false,55.156000,13,0.995000,"{""bora001"":16,""bora002"":18,""bora003"":10,""bora004"":14}","{""bora001"":0.049503,""bora002"":0.045668,""bora003"":0.039182,""bora004"":0.044478}"
heft,cluster_hetero,20,maddid0000018|mbackgroundid0000015|mbackgroundid0000016|mbackgroundid0000032|mbackgroundid0000033|mbackgroundid0000053|mbackgroundid0000054|mbgmodelid0000031|mbgmodelid0000050|mconcatfitid0000011|mconcatfitid0000030|mconcatfitid0000049|mdifffitid0000005|mdifffitid0000006|mdifffitid0000010|mdifffitid0000025|mdifffitid0000027|mdifffitid0000044|mdifffitid0000046|mdifffitid0000047|mimgtblid0000055|mprojectid0000001|mprojectid0000004|mprojectid0000020|mprojectid0000021|mprojectid0000039|mprojectid0000040|mprojectid0000042|mviewerid0000057,0.2,314.315000,0.000000,0.503637,170.729550,0.000000,143.585000,false,114.214000,13,1.887000,"{""bora005"":18,""bora006"":20,""diablo01"":8,""diablo02"":12}","{""bora005"":0.083685,""bora006"":0.067403,""diablo01"":0.006114,""diablo02"":0.008679}"
heft,cloud_homo,20,maddid0000018|mbackgroundid0000015|mbackgroundid0000016|mbackgroundid0000032|mbackgroundid0000033|mbackgroundid0000053|mbackgroundid0000054|mbgmodelid0000031|mbgmodelid0000050|mconcatfitid0000011|mconcatfitid0000030|mconcatfitid0000049|mdifffitid0000005|mdifffitid0000006|mdifffitid0000010|mdifffitid0000025|mdifffitid0000027|mdifffitid0000044|mdifffitid0000046|mdifffitid0000047|mimgtblid0000055|mprojectid0000001|mprojectid0000004|mprojectid0000020|mprojectid0000021|mprojectid0000039|mprojectid0000040|mprojectid0000042|mviewerid0000057,0.2,100.183000,1.193133,0.503637,170.729550,0.689500,0.000000,false,10.741000,9,3.062000,"{""h4d-standard-192-1"":17,""h4d-standard-192-2"":18,""h4d-standard-192-3"":10,""h4d-standard-192-4"":13}","{""h4d-standard-192-1"":0.005672,""h4d-standard-192-2"":0.005177,""h4d-standard-192-3"":0.004568,""h4d-standard-192-4"":0.004703}"
heft,cloud_hetero,20,maddid0000018|mbackgroundid0000015|mbackgroundid0000016|mbackgroundid0000032|mbackgroundid0000033|mbackgroundid0000053|mbackgroundid0000054|mbgmodelid0000031|mbgmodelid0000050|mconcatfitid0000011|mconcatfitid0000030|mconcatfitid0000049|mdifffitid0000005|mdifffitid0000006|mdifffitid0000010|mdifffitid0000025|mdifffitid0000027|mdifffitid0000044|mdifffitid0000046|mdifffitid0000047|mimgtblid0000055|mprojectid0000001|mprojectid0000004|mprojectid0000020|mprojectid0000021|mprojectid0000039|mprojectid0000040|mprojectid0000042|mviewerid0000057,0.2,109.734000,0.975900,0.503637,170.729550,0.472300,0.000000,false,35.371000,15,2.197000,"{""h3-standard-88-2"":19,""h4d-highmem-192-1"":21,""h4d-standard-192-1"":18}","{""h3-standard-88-1"":0,""h3-standard-88-2"":0.004782,""h4d-highmem-192-1"":0.008341,""h4d-standard-192-1"":0.010624}"
heft,hybrid_homo,20,maddid0000018|mbackgroundid0000015|mbackgroundid0000016|mbackgroundid0000032|mbackgroundid0000033|mbackgroundid0000053|mbackgroundid0000054|mbgmodelid0000031|mbgmodelid0000050|mconcatfitid0000011|mconcatfitid0000030|mconcatfitid0000049|mdifffitid0000005|mdifffitid0000006|mdifffitid0000010|mdifffitid0000025|mdifffitid0000027|mdifffitid0000044|mdifffitid0000046|mdifffitid0000047|mimgtblid0000055|mprojectid0000001|mprojectid0000004|mprojectid0000020|mprojectid0000021|mprojectid0000039|mprojectid0000040|mprojectid0000042|mviewerid0000057,0.2,112.328000,0.567204,0.503637,170.729550,0.063600,0.000000,false,43.441000,21,1.690000,"{""bora009"":6,""bora010"":6,""h4d-standard-192-5"":20,""h4d-standard-192-6"":26}","{""bora009"":0.003544,""bora010"":0.002948,""h4d-standard-192-5"":0.011372,""h4d-standard-192-6"":0.008443}"
heft,hybrid_hetero,20,maddid0000018|mbackgroundid0000015|mbackgroundid0000016|mbackgroundid0000032|mbackgroundid0000033|mbackgroundid0000053|mbackgroundid0000054|mbgmodelid0000031|mbgmodelid0000050|mconcatfitid0000011|mconcatfitid0000030|mconcatfitid0000049|mdifffitid0000005|mdifffitid0000006|mdifffitid0000010|mdifffitid0000025|mdifffitid0000027|mdifffitid0000044|mdifffitid0000046|mdifffitid0000047|mimgtblid0000055|mprojectid0000001|mprojectid0000004|mprojectid0000020|mprojectid0000021|mprojectid0000039|mprojectid0000040|mprojectid0000042|mviewerid0000057,0.2,127.064000,0.494687,0.503637,170.729550,0.000000,0.000000,true,84.829000,30,1.755000,"{""bora011"":8,""diablo03"":5,""h3-standard-88-2"":9,""h4d-standard-192-7"":36}","{""bora011"":0.004746,""diablo03"":0.001225,""h3-standard-88-2"":0.003458,""h4d-standard-192-7"":0.018018}"
heft,cluster_homo,21,maddid0000018|maddid0000037|maddid0000056|mbackgroundid0000014|mbackgroundid0000015|mbackgroundid0000034|mbackgroundid0000035|mbackgroundid0000053|mbgmodelid0000050|mconcatfitid0000011|mconcatfitid0000049|mdifffitid0000005|mdifffitid0000006|mdifffitid0000008|mdifffitid0000010|mdifffitid0000024|mdifffitid0000025|mdifffitid0000028|mdifffitid0000043|mdifffitid0000045|mdifffitid0000046|mprojectid0000002|mprojectid0000020|mprojectid0000023|mprojectid0000039|mprojectid0000040|mprojectid0000042|mviewerid0000038|mviewerid0000058,0.2,292.983000,0.000000,0.503637,170.729550,0.000000,122.253000,false,31.186000,10,1.065000,"{""bora001"":17,""bora002"":18,""bora003"":11,""bora004"":12}","{""bora001"":0.057098,""bora002"":0.04469,""bora003"":0.025124,""bora004"":0.04941}"
heft,cluster_hetero,21,maddid0000018|maddid0000037|maddid0000056|mbackgroundid0000014|mbackgroundid0000015|mbackgroundid0000034|mbackgroundid0000035|mbackgroundid0000053|mbgmodelid0000050|mconcatfitid0000011|mconcatfitid0000049|mdifffitid0000005|mdifffitid0000006|mdifffitid0000008|mdifffitid0000010|mdifffitid0000024|mdifffitid0000025|mdifffitid0000028|mdifffitid0000043|mdifffitid0000045|mdifffitid0000046|mprojectid0000002|mprojectid0000020|mprojectid0000023|mprojectid0000039|mprojectid0000040|mprojectid0000042|mviewerid0000038|mviewerid0000058,0.2,310.818000,0.000000,0.503637,170.729550,0.000000,140.088000,false,81.153000,11,1.032000,"{""bora005"":21,""bora006"":19,""diablo01"":8,""diablo02"":10}","{""bora005"":0.089541,""bora006"":0.065557,""diablo01"":0.005075,""diablo02"":0.005887}"
heft,cloud_homo,21,maddid0000018|maddid0000037|maddid0000056|mbackgroundid0000014|mbackgroundid0000015|mbackgroundid0000034|mbackgroundid0000035|mbackgroundid0000053|mbgmodelid0000050|mconcatfitid0000011|mconcatfitid0000049|mdifffitid0000005|mdifffitid0000006|mdifffitid0000008|mdifffitid0000010|mdifffitid0000024|mdifffitid0000025|mdifffitid0000028|mdifffitid0000043|mdifffitid0000045|mdifffitid0000046|mprojectid0000002|mprojectid0000020|mprojectid0000023|mprojectid0000039|mprojectid0000040|mprojectid0000042|mviewerid0000038|mviewerid0000058,0.2,100.183000,1.218699,0.503637,170.729550,0.715100,0.000000,false,6.551000,8,3.274000,"{""h4d-standard-192-1"":17,""h4d-standard-192-2"":19,""h4d-standard-192-3"":13,""h4d-standard-192-4"":9}","{""h4d-standard-192-1"":0.006517,""h4d-standard-192-2"":0.005182,""h4d-standard-192-3"":0.003744,""h4d-standard-192-4"":0.004589}"
heft,cloud_hetero,21,maddid0000018|maddid0000037|maddid0000056|mbackgroundid0000014|mbackgroundid0000015|mbackgroundid0000034|mbackgroundid0000035|mbackgroundid0000053|mbgmodelid0000050|mconcatfitid0000011|mconcatfitid0000049|mdifffitid0000005|mdifffitid0000006|mdifffitid0000008|mdifffitid0000010|mdifffitid0000024|mdifffitid0000025|mdifffitid0000028|mdifffitid0000043|mdifffitid0000045|mdifffitid0000046|mprojectid0000002|mprojectid0000020|mprojectid0000023|mprojectid0000039|mprojectid0000040|mprojectid0000042|mviewerid0000038|mviewerid0000058,0.2,113.815000,0.804152,0.503637,170.729550,0.300500,0.000000,false,28.822000,18,1.825000,"{""h4d-highmem-192-1"":33,""h4d-standard-192-1"":25}","{""h3-standard-88-1"":0,""h3-standard-88-2"":0,""h4d-highmem-192-1"":0.009718,""h4d-standard-192-1"":0.010367}"
heft,hybrid_homo,21,maddid0000018|maddid0000037|maddid0000056|mbackgroundid0000014|mbackgroundid0000015|mbackgroundid0000034|mbackgroundid0000035|mbackgroundid0000053|mbgmodelid0000050|mconcatfitid0000011|mconcatfitid0000049|mdifffitid0000005|mdifffitid0000006|mdifffitid0000008|mdifffitid0000010|mdifffitid0000024|mdifffitid0000025|mdifffitid0000028|mdifffitid0000043|mdifffitid0000045|mdifffitid0000046|mprojectid0000002|mprojectid0000020|mprojectid0000023|mprojectid0000039|mprojectid0000040|mprojectid0000042|mviewerid0000038|mviewerid0000058,0.2,109.993000,0.601441,0.503637,170.729550,0.097800,0.000000,false,27.337000,16,1.925000,"{""bora009"":5,""bora010"":6,""h4d-standard-192-5"":20,""h4d-standard-192-6"":27}","{""bora009"":0.003015,""bora010"":0.003011,""h4d-standard-192-5"":0.010164,""h4d-standard-192-6"":0.009182}"
heft,hybrid_hetero,21,maddid0000018|maddid0000037|maddid0000056|mbackgroundid0000014|mbackgroundid0000015|mbackgroundid0000034|mbackgroundid0000035|mbackgroundid0000053|mbgmodelid0000050|mconcatfitid0000011|mconcatfitid0000049|mdifffitid0000005|mdifffitid0000006|mdifffitid0000008|mdifffitid0000010|mdifffitid0000024|mdifffitid0000025|mdifffitid0000028|mdifffitid0000043|mdifffitid0000045|mdifffitid0000046|mprojectid0000002|mprojectid0000020|mprojectid0000023|mprojectid0000039|mprojectid0000040|mprojectid0000042|mviewerid0000038|mviewerid0000058,0.2,118.944000,0.486536,0.503637,170.729550,0.000000,0.000000,true,56.263000,23,1.562000,"{""bora011"":7,""diablo03"":7,""h3-standard-88-2"":11,""h4d-standard-192-7"":33}","{""bora011"":0.004532,""diablo03"":0.001905,""h3-standard-88-2"":0.004389,""h4d-standard-192-7"":0.017682}"
heft,cluster_homo,22,maddid0000018|maddid0000037|maddid0000056|mbackgroundid0000014|mbackgroundid0000015|mbackgroundid0000032|mbackgroundid0000033|mbackgroundid0000035|mbackgroundid0000051|mbackgroundid0000053|mbgmodelid0000050|mdifffitid0000007|mdifffitid0000008|mdifffitid0000009|mdifffitid0000025|mdifffitid0000043|mdifffitid0000044|mdifffitid0000045|mimgtblid0000055|mprojectid0000002|mprojectid0000021|mprojectid0000022|mprojectid0000023|mprojectid0000039|mprojectid0000041|mprojectid0000042|mviewerid0000019|mviewerid0000038|mviewerid0000057,0.2,292.983000,0.000000,0.503637,170.729550,0.000000,122.253000,false,48.072000,12,0.956000,"{""bora001"":16,""bora002"":18,""bora003"":9,""bora004"":15}","{""bora001"":0.058969,""bora002"":0.051251,""bora003"":0.018061,""bora004"":0.049586}"
heft,cluster_hetero,22,maddid0000018|maddid0000037|maddid0000056|mbackgroundid0000014|mbackgroundid0000015|mbackgroundid0000032|mbackgroundid0000033|mbackgroundid0000035|mbackgroundid0000051|mbackgroundid0000053|mbgmodelid0000050|mdifffitid0000007|mdifffitid0000008|mdifffitid0000009|mdifffitid0000025|mdifffitid0000043|mdifffitid0000044|mdifffitid0000045|mimgtblid0000055|mprojectid0000002|mprojectid0000021|mprojectid0000022|mprojectid0000023|mprojectid0000039|mprojectid0000041|mprojectid0000042|mviewerid0000019|mviewerid0000038|mviewerid0000057,0.2,293.451000,0.000000,0.503637,170.729550,0.000000,122.721000,false,90.071000,13,1.396000,"{""bora005"":19,""bora006"":21,""diablo01"":7,""diablo02"":11}","{""bora005"":0.090895,""bora006"":0.071168,""diablo01"":0.008381,""diablo02"":0.005313}"
heft,cloud_homo,22,maddid0000018|maddid0000037|maddid0000056|mbackgroundid0000014|mbackgroundid0000015|mbackgroundid0000032|mbackgroundid0000033|mbackgroundid0000035|mbackgroundid0000051|mbackgroundid0000053|mbgmodelid0000050|mdifffitid0000007|mdifffitid0000008|mdifffitid0000009|mdifffitid0000025|mdifffitid0000043|mdifffitid0000044|mdifffitid0000045|mimgtblid0000055|mprojectid0000002|mprojectid0000021|mprojectid0000022|mprojectid0000023|mprojectid0000039|mprojectid0000041|mprojectid0000042|mviewerid0000019|mviewerid0000038|mviewerid0000057,0.2,100.183000,1.213058,0.503637,170.729550,0.709400,0.000000,false,9.838000,8,3.267000,"{""h4d-standard-192-1"":17,""h4d-standard-192-2"":18,""h4d-standard-192-3"":13,""h4d-standard-192-4"":10}","{""h4d-standard-192-1"":0.006755,""h4d-standard-192-2"":0.00508,""h4d-standard-192-3"":0.003224,""h4d-standard-192-4"":0.005104}"
heft,cloud_hetero,22,maddid0000018|maddid0000037|maddid0000056|mbackgroundid0000014|mbackgroundid0000015|mbackgroundid0000032|mbackgroundid0000033|mbackgroundid0000035|mbackgroundid0000051|mbackgroundid0000053|mbgmodelid0000050|mdifffitid0000007|mdifffitid0000008|mdifffitid0000009|mdifffitid0000025|mdifffitid0000043|mdifffitid0000044|mdifffitid0000045|mimgtblid0000055|mprojectid0000002|mprojectid0000021|mprojectid0000022|mprojectid0000023|mprojectid0000039|mprojectid0000041|mprojectid0000042|mviewerid0000019|mviewerid0000038|mviewerid0000057,0.2,104.185000,0.930763,0.503637,170.729550,0.427100,0.000000,false,26.720000,13,2.310000,"{""h3-standard-88-2"":18,""h4d-highmem-192-1"":23,""h4d-standard-192-1"":17}","{""h3-standard-88-1"":0,""h3-standard-88-2"":0.004861,""h4d-highmem-192-1"":0.010485,""h4d-standard-192-1"":0.008884}"
heft,hybrid_homo,22,maddid0000018|maddid0000037|maddid0000056|mbackgroundid0000014|mbackgroundid0000015|mbackgroundid0000032|mbackgroundid0000033|mbackgroundid0000035|mbackgroundid0000051|mbackgroundid0000053|mbgmodelid0000050|mdifffitid0000007|mdifffitid0000008|mdifffitid0000009|mdifffitid0000025|mdifffitid0000043|mdifffitid0000044|mdifffitid0000045|mimgtblid0000055|mprojectid0000002|mprojectid0000021|mprojectid0000022|mprojectid0000023|mprojectid0000039|mprojectid0000041|mprojectid0000042|mviewerid0000019|mviewerid0000038|mviewerid0000057,0.2,106.934000,0.544565,0.503637,170.729550,0.040900,0.000000,false,33.987000,15,2.007000,"{""bora009"":6,""bora010"":7,""h4d-standard-192-5"":17,""h4d-standard-192-6"":28}","{""bora009"":0.0037,""bora010"":0.0036,""h4d-standard-192-5"":0.009461,""h4d-standard-192-6"":0.010622}"
heft,hybrid_hetero,22,maddid0000018|maddid0000037|maddid0000056|mbackgroundid0000014|mbackgroundid0000015|mbackgroundid0000032|mbackgroundid0000033|mbackgroundid0000035|mbackgroundid0000051|mbackgroundid0000053|mbgmodelid0000050|mdifffitid0000007|mdifffitid0000008|mdifffitid0000009|mdifffitid0000025|mdifffitid0000043|mdifffitid0000044|mdifffitid0000045|mimgtblid0000055|mprojectid0000002|mprojectid0000021|mprojectid0000022|mprojectid0000023|mprojectid0000039|mprojectid0000041|mprojectid0000042|mviewerid0000019|mviewerid0000038|mviewerid0000057,0.2,112.877000,0.506986,0.503637,170.729550,0.003300,0.000000,false,61.849000,23,1.802000,"{""bora011"":7,""diablo03"":5,""h3-standard-88-2"":11,""h4d-standard-192-7"":35}","{""bora011"":0.00414,""diablo03"":0.00146,""h3-standard-88-2"":0.006084,""h4d-standard-192-7"":0.018729}"
heft,cluster_homo,23,maddid0000018|mbackgroundid0000013|mbackgroundid0000014|mbackgroundid0000015|mbackgroundid0000016|mbackgroundid0000032|mbackgroundid0000033|mbackgroundid0000035|mbackgroundid0000054|mconcatfitid0000011|mdifffitid0000007|mdifffitid0000026|mdifffitid0000029|mdifffitid0000043|mdifffitid0000044|mdifffitid0000045|mdifffitid0000047|mimgtblid0000036|mimgtblid0000055|mprojectid0000001|mprojectid0000002|mprojectid0000003|mprojectid0000004|mprojectid0000022|mprojectid0000023|mprojectid0000041|mprojectid0000042|mviewerid0000038|mviewerid0000057,0.2,292.983000,0.000000,0.503637,170.729550,0.000000,122.253000,false,76.917000,11,1.040000,"{""bora001"":16,""bora002"":20,""bora003"":10,""bora004"":12}","{""bora001"":0.060009,""bora002"":0.051727,""bora003"":0.036377,""bora004"":0.033079}"
heft,cluster_hetero,23,maddid0000018|mbackgroundid0000013|mbackgroundid0000014|mbackgroundid0000015|mbackgroundid0000016|mbackgroundid0000032|mbackgroundid0000033|mbackgroundid0000035|mbackgroundid0000054|mconcatfitid0000011|mdifffitid0000007|mdifffitid0000026|mdifffitid0000029|mdifffitid0000043|mdifffitid0000044|mdifffitid0000045|mdifffitid0000047|mimgtblid0000036|mimgtblid0000055|mprojectid0000001|mprojectid0000002|mprojectid0000003|mprojectid0000004|mprojectid0000022|mprojectid0000023|mprojectid0000041|mprojectid0000042|mviewerid0000038|mviewerid0000057,0.2,293.451000,0.000000,0.503637,170.729550,0.000000,122.721000,false,124.514000,14,1.206000,"{""bora005"":19,""bora006"":22,""diablo01"":6,""diablo02"":11}","{""bora005"":0.083389,""bora006"":0.077499,""diablo01"":0.008021,""diablo02"":0.009416}"
heft,cloud_homo,23,maddid0000018|mbackgroundid0000013|mbackgroundid0000014|mbackgroundid0000015|mbackgroundid0000016|mbackgroundid0000032|mbackgroundid0000033|mbackgroundid0000035|mbackgroundid0000054|mconcatfitid0000011|mdifffitid0000007|mdifffitid0000026|mdifffitid0000029|mdifffitid0000043|mdifffitid0000044|mdifffitid0000045|mdifffitid0000047|mimgtblid0000036|mimgtblid0000055|mprojectid0000001|mprojectid0000002|mprojectid0000003|mprojectid0000004|mprojectid0000022|mprojectid0000023|mprojectid0000041|mprojectid0000042|mviewerid0000038|mviewerid0000057,0.2,100.183000,1.195004,0.503637,170.729550,0.691400,0.000000,false,16.691000,9,3.413000,"{""h4d-standard-192-1"":16,""h4d-standard-192-2"":20,""h4d-standard-192-3"":13,""h4d-standard-192-4"":9}","{""h4d-standard-192-1"":0.006638,""h4d-standard-192-2"":0.005158,""h4d-standard-192-3"":0.004517,""h4d-standard-192-4"":0.004223}"
heft,cloud_hetero,23,maddid0000018|mbackgroundid0000013|mbackgroundid0000014|mbackgroundid0000015|mbackgroundid0000016|mbackgroundid0000032|mbackgroundid0000033|mbackgroundid0000035|mbackgroundid0000054|mconcatfitid0000011|mdifffitid0000007|mdifffitid0000026|mdifffitid0000029|mdifffitid0000043|mdifffitid0000044|mdifffitid0000045|mdifffitid0000047|mimgtblid0000036|mimgtblid0000055|mprojectid0000001|mprojectid0000002|mprojectid0000003|mprojectid0000004|mprojectid0000022|mprojectid0000023|mprojectid0000041|mprojectid0000042|mviewerid0000038|mviewerid0000057,0.2,107.731000,0.761132,0.503637,170.729550,0.257500,0.000000,false,46.567000,18,2.463000,"{""h4d-highmem-192-1"":37,""h4d-standard-192-1"":21}","{""h3-standard-88-1"":0,""h3-standard-88-2"":0,""h4d-highmem-192-1"":0.014231,""h4d-standard-192-1"":0.007897}"
heft,hybrid_homo,23,maddid0000018|mbackgroundid0000013|mbackgroundid0000014|mbackgroundid0000015|mbackgroundid0000016|mbackgroundid0000032|mbackgroundid0000033|mbackgroundid0000035|mbackgroundid0000054|mconcatfitid0000011|mdifffitid0000007|mdifffitid0000026|mdifffitid0000029|mdifffitid0000043|mdifffitid0000044|mdifffitid0000045|mdifffitid0000047|mimgtblid0000036|mimgtblid0000055|mprojectid0000001|mprojectid0000002|mprojectid0000003|mprojectid0000004|mprojectid0000022|mprojectid0000023|mprojectid0000041|mprojectid0000042|mviewerid0000038|mviewerid0000057,0.2,106.934000,0.558991,0.503637,170.729550,0.055400,0.000000,false,45.375000,15,3.599000,"{""bora009"":6,""bora010"":6,""h4d-standard-192-5"":16,""h4d-standard-192-6"":30}","{""bora009"":0.003522,""bora010"":0.003097,""h4d-standard-192-5"":0.007368,""h4d-standard-192-6"":0.013411}"
heft,hybrid_hetero,23,maddid0000018|mbackgroundid0000013|mbackgroundid0000014|mbackgroundid0000015|mbackgroundid0000016|mbackgroundid0000032|mbackgroundid0000033|mbackgroundid0000035|mbackgroundid0000054|mconcatfitid0000011|mdifffitid0000007|mdifffitid0000026|mdifffitid0000029|mdifffitid0000043|mdifffitid0000044|mdifffitid0000045|mdifffitid0000047|mimgtblid0000036|mimgtblid0000055|mprojectid0000001|mprojectid0000002|mprojectid0000003|mprojectid0000004|mprojectid0000022|mprojectid0000023|mprojectid0000041|mprojectid0000042|mviewerid0000038|mviewerid0000057,0.2,112.770000,0.516446,0.503637,170.729550,0.012800,0.000000,false,83.569000,24,1.826000,"{""bora011"":6,""diablo03"":5,""h3-standard-88-2"":12,""h4d-standard-192-7"":35}","{""bora011"":0.003441,""diablo03"":0.00138,""h3-standard-88-2"":0.006408,""h4d-standard-192-7"":0.019739}"
heft,cluster_homo,24,maddid0000037|maddid0000056|mbackgroundid0000032|mbackgroundid0000034|mbackgroundid0000035|mbgmodelid0000012|mbgmodelid0000050|mconcatfitid0000011|mconcatfitid0000049|mdifffitid0000006|mdifffitid0000007|mdifffitid0000008|mdifffitid0000009|mdifffitid0000010|mdifffitid0000024|mdifffitid0000025|mdifffitid0000028|mdifffitid0000045|mdifffitid0000046|mdifffitid0000047|mimgtblid0000017|mprojectid0000003|mprojectid0000004|mprojectid0000021|mprojectid0000022|mprojectid0000039|mprojectid0000041|mviewerid0000019|mviewerid0000038,0.2,292.983000,0.000000,0.503637,170.729550,0.000000,122.253000,false,30.642000,10,2.181000,"{""bora001"":17,""bora002"":18,""bora003"":10,""bora004"":13}","{""bora001"":0.067885,""bora002"":0.045418,""bora003"":0.028337,""bora004"":0.034495}"
heft,cluster_hetero,24,maddid0000037|maddid0000056|mbackgroundid0000032|mbackgroundid0000034|mbackgroundid0000035|mbgmodelid0000012|mbgmodelid0000050|mconcatfitid0000011|mconcatfitid0000049|mdifffitid0000006|mdifffitid0000007|mdifffitid0000008|mdifffitid0000009|mdifffitid0000010|mdifffitid0000024|mdifffitid0000025|mdifffitid0000028|mdifffitid0000045|mdifffitid0000046|mdifffitid0000047|mimgtblid0000017|mprojectid0000003|mprojectid0000004|mprojectid0000021|mprojectid0000022|mprojectid0000039|mprojectid0000041|mviewerid0000019|mviewerid0000038,0.2,293.451000,0.000000,0.503637,170.729550,0.000000,122.721000,false,50.531000,11,1.076000,"{""bora005"":21,""bora006"":20,""diablo01"":7,""diablo02"":10}","{""bora005"":0.109207,""bora006"":0.052839,""diablo01"":0.004714,""diablo02"":0.006378}"
heft,cloud_homo,24,maddid0000037|maddid0000056|mbackgroundid0000032|mbackgroundid0000034|mbackgroundid0000035|mbgmodelid0000012|mbgmodelid0000050|mconcatfitid0000011|mconcatfitid0000049|mdifffitid0000006|mdifffitid0000007|mdifffitid0000008|mdifffitid0000009|mdifffitid0000010|mdifffitid0000024|mdifffitid0000025|mdifffitid0000028|mdifffitid0000045|mdifffitid0000046|mdifffitid0000047|mimgtblid0000017|mprojectid0000003|mprojectid0000004|mprojectid0000021|mprojectid0000022|mprojectid0000039|mprojectid0000041|mviewerid0000019|mviewerid0000038,0.2,100.183000,1.208209,0.503637,170.729550,0.704600,0.000000,false,6.250000,7,3.590000,"{""h4d-standard-192-1"":16,""h4d-standard-192-2"":19,""h4d-standard-192-3"":9,""h4d-standard-192-4"":14}","{""h4d-standard-192-1"":0.007389,""h4d-standard-192-2"":0.005299,""h4d-standard-192-3"":0.003225,""h4d-standard-192-4"":0.003842}"
heft,cloud_hetero,24,maddid0000037|maddid0000056|mbackgroundid0000032|mbackgroundid0000034|mbackgroundid0000035|mbgmodelid0000012|mbgmodelid0000050|mconcatfitid0000011|mconcatfitid0000049|mdifffitid0000006|mdifffitid0000007|mdifffitid0000008|mdifffitid0000009|mdifffitid0000010|mdifffitid0000024|mdifffitid0000025|mdifffitid0000028|mdifffitid0000045|mdifffitid0000046|mdifffitid0000047|mimgtblid0000017|mprojectid0000003|mprojectid0000004|mprojectid0000021|mprojectid0000022|mprojectid0000039|mprojectid0000041|mviewerid0000019|mviewerid0000038,0.2,107.731000,0.776871,0.503637,170.729550,0.273200,0.000000,false,23.118000,19,2.344000,"{""h4d-highmem-192-1"":34,""h4d-standard-192-1"":24}","{""h3-standard-88-1"":0,""h3-standard-88-2"":0,""h4d-highmem-192-1"":0.010059,""h4d-standard-192-1"":0.010877}"
heft,hybrid_homo,24,maddid0000037|maddid0000056|mbackgroundid0000032|mbackgroundid0000034|mbackgroundid0000035|mbgmodelid0000012|mbgmodelid0000050|mconcatfitid0000011|mconcatfitid0000049|mdifffitid0000006|mdifffitid0000007|mdifffitid0000008|mdifffitid0000009|mdifffitid0000010|mdifffitid0000024|mdifffitid0000025|mdifffitid0000028|mdifffitid0000045|mdifffitid0000046|mdifffitid0000047|mimgtblid0000017|mprojectid0000003|mprojectid0000004|mprojectid0000021|mprojectid0000022|mprojectid0000039|mprojectid0000041|mviewerid0000019|mviewerid0000038,0.2,106.934000,0.580865,0.503637,170.729550,0.077200,0.000000,false,23.020000,19,1.902000,"{""bora009"":4,""bora010"":6,""h4d-standard-192-5"":19,""h4d-standard-192-6"":29}","{""bora009"":0.002361,""bora010"":0.003097,""h4d-standard-192-5"":0.01038,""h4d-standard-192-6"":0.009421}"
heft,hybrid_hetero,24,maddid0000037|maddid0000056|mbackgroundid0000032|mbackgroundid0000034|mbackgroundid0000035|mbgmodelid0000012|mbgmodelid0000050|mconcatfitid0000011|mconcatfitid0000049|mdifffitid0000006|mdifffitid0000007|mdifffitid0000008|mdifffitid0000009|mdifffitid0000010|mdifffitid0000024|mdifffitid0000025|mdifffitid0000028|mdifffitid0000045|mdifffitid0000046|mdifffitid0000047|mimgtblid0000017|mprojectid0000003|mprojectid0000004|mprojectid0000021|mprojectid0000022|mprojectid0000039|mprojectid0000041|mviewerid0000019|mviewerid0000038,0.2,109.556000,0.471757,0.503637,170.729550,0.000000,0.000000,true,43.486000,27,1.733000,"{""bora011"":7,""diablo03"":5,""h3-standard-88-2"":11,""h4d-standard-192-7"":35}","{""bora011"":0.004637,""diablo03"":0.001421,""h3-standard-88-2"":0.00434,""h4d-standard-192-7"":0.018803}"
heft,cluster_homo,25,maddid0000037|maddid0000056|mbackgroundid0000013|mbackgroundid0000015|mbackgroundid0000054|mbgmodelid0000012|mbgmodelid0000031|mbgmodelid0000050|mconcatfitid0000011|mdifffitid0000006|mdifffitid0000026|mdifffitid0000027|mdifffitid0000028|mdifffitid0000029|mdifffitid0000043|mdifffitid0000046|mdifffitid0000047|mdifffitid0000048|mimgtblid0000017|mimgtblid0000036|mimgtblid0000055|mprojectid0000001|mprojectid0000002|mprojectid0000004|mprojectid0000020|mprojectid0000021|mprojectid0000042|mviewerid0000019|mviewerid0000038,0.2,292.983000,0.000000,0.503637,170.729550,0.000000,122.253000,false,24.591000,6,1.127000,"{""bora001"":15,""bora002"":20,""bora003"":10,""bora004"":13}","{""bora001"":0.056618,""bora002"":0.053065,""bora003"":0.039196,""bora004"":0.027363}"
heft,cluster_hetero,25,maddid0000037|maddid0000056|mbackgroundid0000013|mbackgroundid0000015|mbackgroundid0000054|mbgmodelid0000012|mbgmodelid0000031|mbgmodelid0000050|mconcatfitid0000011|mdifffitid0000006|mdifffitid0000026|mdifffitid0000027|mdifffitid0000028|mdifffitid0000029|mdifffitid0000043|mdifffitid0000046|mdifffitid0000047|mdifffitid0000048|mimgtblid0000017|mimgtblid0000036|mimgtblid0000055|mprojectid0000001|mprojectid0000002|mprojectid0000004|mprojectid0000020|mprojectid0000021|mprojectid0000042|mviewerid0000019|mviewerid0000038,0.2,293.451000,0.000000,0.503637,170.729550,0.000000,122.721000,false,41.151000,6,1.096000,"{""bora005"":20,""bora006"":21,""diablo01"":7,""diablo02"":10}","{""bora005"":0.093381,""bora006"":0.070227,""diablo01"":0.004686,""diablo02"":0.0051}"
heft,cloud_homo,25,maddid0000037|maddid0000056|mbackgroundid0000013|mbackgroundid0000015|mbackgroundid0000054|mbgmodelid0000012|mbgmodelid0000031|mbgmodelid0000050|mconcatfitid0000011|mdifffitid0000006|mdifffitid0000026|mdifffitid0000027|mdifffitid0000028|mdifffitid0000029|mdifffitid0000043|mdifffitid0000046|mdifffitid0000047|mdifffitid0000048|mimgtblid0000017|mimgtblid0000036|mimgtblid0000055|mprojectid0000001|mprojectid0000002|mprojectid0000004|mprojectid0000020|mprojectid0000021|mprojectid0000042|mviewerid0000019|mviewerid0000038,0.2,100.183000,1.189318,0.503637,170.729550,0.685700,0.000000,false,4.955000,5,4.256000,"{""h4d-standard-192-1"":15,""h4d-standard-192-2"":20,""h4d-standard-192-3"":10,""h4d-standard-192-4"":13}","{""h4d-standard-192-1"":0.006368,""h4d-standard-192-2"":0.006058,""h4d-standard-192-3"":0.004567,""h4d-standard-192-4"":0.003054}"
heft,cloud_hetero,25,maddid0000037|maddid0000056|mbackgroundid0000013|mbackgroundid0000015|mbackgroundid0000054|mbgmodelid0000012|mbgmodelid0000031|mbgmodelid0000050|mconcatfitid0000011|mdifffitid0000006|mdifffitid0000026|mdifffitid0000027|mdifffitid0000028|mdifffitid0000029|mdifffitid0000043|mdifffitid0000046|mdifffitid0000047|mdifffitid0000048|mimgtblid0000017|mimgtblid0000036|mimgtblid0000055|mprojectid0000001|mprojectid0000002|mprojectid0000004|mprojectid0000020|mprojectid0000021|mprojectid0000042|mviewerid0000019|mviewerid0000038,0.2,108.089000,0.772360,0.503637,170.729550,0.268700,0.000000,false,20.660000,18,5.465000,"{""h4d-highmem-192-1"":33,""h4d-standard-192-1"":25}","{""h3-standard-88-1"":0,""h3-standard-88-2"":0,""h4d-highmem-192-1"":0.01117,""h4d-standard-192-1"":0.009692}"
heft,hybrid_homo,25,maddid0000037|maddid0000056|mbackgroundid0000013|mbackgroundid0000015|mbackgroundid0000054|mbgmodelid0000012|mbgmodelid0000031|mbgmodelid0000050|mconcatfitid0000011|mdifffitid0000006|mdifffitid0000026|mdifffitid0000027|mdifffitid0000028|mdifffitid0000029|mdifffitid0000043|mdifffitid0000046|mdifffitid0000047|mdifffitid0000048|mimgtblid0000017|mimgtblid0000036|mimgtblid0000055|mprojectid0000001|mprojectid0000002|mprojectid0000004|mprojectid0000020|mprojectid0000021|mprojectid0000042|mviewerid0000019|mviewerid0000038,0.2,106.934000,0.552840,0.503637,170.729550,0.049200,0.000000,false,18.665000,13,1.917000,"{""bora009"":5,""bora010"":6,""h4d-standard-192-5"":20,""h4d-standard-192-6"":27}","{""bora009"":0.002816,""bora010"":0.003097,""h4d-standard-192-5"":0.009203,""h4d-standard-192-6"":0.010401}"
heft,hybrid_hetero,25,maddid0000037|maddid0000056|mbackgroundid0000013|mbackgroundid0000015|mbackgroundid0000054|mbgmodelid0000012|mbgmodelid0000031|mbgmodelid0000050|mconcatfitid0000011|mdifffitid0000006|mdifffitid0000026|mdifffitid0000027|mdifffitid0000028|mdifffitid0000029|mdifffitid0000043|mdifffitid0000046|mdifffitid0000047|mdifffitid0000048|mimgtblid0000017|mimgtblid0000036|mimgtblid0000055|mprojectid0000001|mprojectid0000002|mprojectid0000004|mprojectid0000020|mprojectid0000021|mprojectid0000042|mviewerid0000019|mviewerid0000038,0.2,112.770000,0.475644,0.503637,170.729550,0.000000,0.000000,true,37.397000,21,1.430000,"{""bora011"":6,""diablo03"":6,""h3-standard-88-2"":9,""h4d-standard-192-7"":37}","{""bora011"":0.003531,""diablo03"":0.001928,""h3-standard-88-2"":0.003765,""h4d-standard-192-7"":0.018202}"
heft,cluster_homo,26,maddid0000018|maddid0000037|mbackgroundid0000015|mbackgroundid0000016|mbackgroundid0000032|mbackgroundid0000033|mbackgroundid0000034|mbackgroundid0000051|mbackgroundid0000052|mbackgroundid0000053|mbgmodelid0000012|mconcatfitid0000011|mconcatfitid0000030|mdifffitid0000006|mdifffitid0000007|mdifffitid0000009|mdifffitid0000025|mdifffitid0000026|mdifffitid0000029|mdifffitid0000044|mdifffitid0000045|mdifffitid0000046|mimgtblid0000017|mprojectid0000002|mprojectid0000003|mprojectid0000022|mprojectid0000041|mviewerid0000038|mviewerid0000058,0.2,292.983000,0.000000,0.503637,170.729550,0.000000,122.253000,false,2.779000,4,0.931000,"{""bora001"":17,""bora002"":19,""bora003"":10,""bora004"":12}","{""bora001"":0.077664,""bora002"":0.044688,""bora003"":0.023805,""bora004"":0.02744}"
heft,cluster_hetero,26,maddid0000018|maddid0000037|mbackgroundid0000015|mbackgroundid0000016|mbackgroundid0000032|mbackgroundid0000033|mbackgroundid0000034|mbackgroundid0000051|mbackgroundid0000052|mbackgroundid0000053|mbgmodelid0000012|mconcatfitid0000011|mconcatfitid0000030|mdifffitid0000006|mdifffitid0000007|mdifffitid0000009|mdifffitid0000025|mdifffitid0000026|mdifffitid0000029|mdifffitid0000044|mdifffitid0000045|mdifffitid0000046|mimgtblid0000017|mprojectid0000002|mprojectid0000003|mprojectid0000022|mprojectid0000041|mviewerid0000038|mviewerid0000058,0.2,293.451000,0.000000,0.503637,170.729550,0.000000,122.721000,false,17.835000,4,1.265000,"{""bora005"":22,""bora006"":20,""diablo01"":6,""diablo02"":10}","{""bora005"":0.12059,""bora006"":0.045327,""diablo01"":0.001141,""diablo02"":0.0051}"
heft,cloud_homo,26,maddid0000018|maddid0000037|mbackgroundid0000015|mbackgroundid0000016|mbackgroundid0000032|mbackgroundid0000033|mbackgroundid0000034|mbackgroundid0000051|mbackgroundid0000052|mbackgroundid0000053|mbgmodelid0000012|mconcatfitid0000011|mconcatfitid0000030|mdifffitid0000006|mdifffitid0000007|mdifffitid0000009|mdifffitid0000025|mdifffitid0000026|mdifffitid0000029|mdifffitid0000044|mdifffitid0000045|mdifffitid0000046|mimgtblid0000017|mprojectid0000002|mprojectid0000003|mprojectid0000022|mprojectid0000041|mviewerid0000038|mviewerid0000058,0.2,100.183000,1.210094,0.503637,170.729550,0.706500,0.000000,false,0.396000,2,2.501000,"{""h4d-standard-192-1"":17,""h4d-standard-192-2"":21,""h4d-standard-192-3"":11,""h4d-standard-192-4"":9}","{""h4d-standard-192-1"":0.008478,""h4d-standard-192-2"":0.005371,""h4d-standard-192-3"":0.002795,""h4d-standard-192-4"":0.002898}"
heft,cloud_hetero,26,maddid0000018|maddid0000037|mbackgroundid0000015|mbackgroundid0000016|mbackgroundid0000032|mbackgroundid0000033|mbackgroundid0000034|mbackgroundid0000051|mbackgroundid0000052|mbackgroundid0000053|mbgmodelid0000012|mconcatfitid0000011|mconcatfitid0000030|mdifffitid0000006|mdifffitid0000007|mdifffitid0000009|mdifffitid0000025|mdifffitid0000026|mdifffitid0000029|mdifffitid0000044|mdifffitid0000045|mdifffitid0000046|mimgtblid0000017|mprojectid0000002|mprojectid0000003|mprojectid0000022|mprojectid0000041|mviewerid0000038|mviewerid0000058,0.2,107.731000,0.796827,0.503637,170.729550,0.293200,0.000000,false,7.476000,9,1.890000,"{""h4d-highmem-192-1"":34,""h4d-standard-192-1"":24}","{""h3-standard-88-1"":0,""h3-standard-88-2"":0,""h4d-highmem-192-1"":0.010795,""h4d-standard-192-1"":0.009564}"
heft,hybrid_homo,26,maddid0000018|maddid0000037|mbackgroundid0000015|mbackgroundid0000016|mbackgroundid0000032|mbackgroundid0000033|mbackgroundid0000034|mbackgroundid0000051|mbackgroundid0000052|mbackgroundid0000053|mbgmodelid0000012|mconcatfitid0000011|mconcatfitid0000030|mdifffitid0000006|mdifffitid0000007|mdifffitid0000009|mdifffitid0000025|mdifffitid0000026|mdifffitid0000029|mdifffitid0000044|mdifffitid0000045|mdifffitid0000046|mimgtblid0000017|mprojectid0000002|mprojectid0000003|mprojectid0000022|mprojectid0000041|mviewerid0000038|mviewerid0000058,0.2,106.934000,0.551886,0.503637,170.729550,0.048200,0.000000,false,5.642000,3,2.050000,"{""bora009"":6,""bora010"":6,""h4d-standard-192-5"":16,""h4d-standard-192-6"":30}","{""bora009"":0.003414,""bora010"":0.00322,""h4d-standard-192-5"":0.008703,""h4d-standard-192-6"":0.010208}"
heft,hybrid_hetero,26,maddid0000018|maddid0000037|mbackgroundid0000015|mbackgroundid0000016|mbackgroundid0000032|mbackgroundid0000033|mbackgroundid0000034|mbackgroundid0000051|mbackgroundid0000052|mbackgroundid0000053|mbgmodelid0000012|mconcatfitid0000011|mconcatfitid0000030|mdifffitid0000006|mdifffitid0000007|mdifffitid0000009|mdifffitid0000025|mdifffitid0000026|mdifffitid0000029|mdifffitid0000044|mdifffitid0000045|mdifffitid0000046|mimgtblid0000017|mprojectid0000002|mprojectid0000003|mprojectid0000022|mprojectid0000041|mviewerid0000038|mviewerid0000058,0.2,110.569000,0.227928,0.503637,170.729550,0.000000,0.000000,true,21.805000,15,1.356000,"{""bora011"":9,""diablo03"":6,""h4d-standard-192-7"":43}","{""bora011"":0.005654,""diablo03"":0.001564,""h3-standard-88-2"":0,""h4d-standard-192-7"":0.019245}"
heft,cluster_homo,27,maddid0000037|mbackgroundid0000013|mbackgroundid0000033|mbackgroundid0000034|mbackgroundid0000035|mbackgroundid0000052|mbgmodelid0000012|mbgmodelid0000050|mdifffitid0000005|mdifffitid0000006|mdifffitid0000007|mdifffitid0000009|mdifffitid0000010|mdifffitid0000024|mdifffitid0000026|mdifffitid0000027|mdifffitid0000028|mdifffitid0000048|mimgtblid0000017|mimgtblid0000036|mprojectid0000002|mprojectid0000003|mprojectid0000020|mprojectid0000021|mprojectid0000039|mprojectid0000041|mviewerid0000038|mviewerid0000057|mviewerid0000058,0.2,292.983000,0.000000,0.503637,170.729550,0.000000,122.253000,false,26.191000,8,1.061000,"{""bora001"":16,""bora002"":19,""bora003"":10,""bora004"":13}","{""bora001"":0.067535,""bora002"":0.05277,""bora003"":0.028436,""bora004"":0.027363}"
heft,cluster_hetero,27,maddid0000037|mbackgroundid0000013|mbackgroundid0000033|mbackgroundid0000034|mbackgroundid0000035|mbackgroundid0000052|mbgmodelid0000012|mbgmodelid0000050|mdifffitid0000005|mdifffitid0000006|mdifffitid0000007|mdifffitid0000009|mdifffitid0000010|mdifffitid0000024|mdifffitid0000026|mdifffitid0000027|mdifffitid0000028|mdifffitid0000048|mimgtblid0000017|mimgtblid0000036|mprojectid0000002|mprojectid0000003|mprojectid0000020|mprojectid0000021|mprojectid0000039|mprojectid0000041|mviewerid0000038|mviewerid0000057|mviewerid0000058,0.2,293.451000,0.000000,0.503637,170.729550,0.000000,122.721000,false,35.487000,8,1.198000,"{""bora005"":20,""bora006"":21,""diablo01"":7,""diablo02"":10}","{""bora005"":0.1032,""bora006"":0.059662,""diablo01"":0.004686,""diablo02"":0.0051}"
heft,cloud_homo,27,maddid0000037|mbackgroundid0000013|mbackgroundid0000033|mbackgroundid0000034|mbackgroundid0000035|mbackgroundid0000052|mbgmodelid0000012|mbgmodelid0000050|mdifffitid0000005|mdifffitid0000006|mdifffitid0000007|mdifffitid0000009|mdifffitid0000010|mdifffitid0000024|mdifffitid0000026|mdifffitid0000027|mdifffitid0000028|mdifffitid0000048|mimgtblid0000017|mimgtblid0000036|mprojectid0000002|mprojectid0000003|mprojectid0000020|mprojectid0000021|mprojectid0000039|mprojectid0000041|mviewerid0000038|mviewerid0000057|mviewerid0000058,0.2,100.183000,1.197609,0.503637,170.729550,0.694000,0.000000,false,5.425000,6,2.945000,"{""h4d-standard-192-1"":15,""h4d-standard-192-2"":19,""h4d-standard-192-3"":10,""h4d-standard-192-4"":14}","{""h4d-standard-192-1"":0.007327,""h4d-standard-192-2"":0.005969,""h4d-standard-192-3"":0.003473,""h4d-standard-192-4"":0.003173}"
heft,cloud_hetero,27,maddid0000037|mbackgroundid0000013|mbackgroundid0000033|mbackgroundid0000034|mbackgroundid0000035|mbackgroundid0000052|mbgmodelid0000012|mbgmodelid0000050|mdifffitid0000005|mdifffitid0000006|mdifffitid0000007|mdifffitid0000009|mdifffitid0000010|mdifffitid0000024|mdifffitid0000026|mdifffitid0000027|mdifffitid0000028|mdifffitid0000048|mimgtblid0000017|mimgtblid0000036|mprojectid0000002|mprojectid0000003|mprojectid0000020|mprojectid0000021|mprojectid0000039|mprojectid0000041|mviewerid0000038|mviewerid0000057|mviewerid0000058,0.2,107.731000,0.758748,0.503637,170.729550,0.255100,0.000000,false,17.367000,13,1.861000,"{""h4d-highmem-192-1"":32,""h4d-standard-192-1"":26}","{""h3-standard-88-1"":0,""h3-standard-88-2"":0,""h4d-highmem-192-1"":0.008986,""h4d-standard-192-1"":0.011769}"
heft,hybrid_homo,27,maddid0000037|mbackgroundid0000013|mbackgroundid0000033|mbackgroundid0000034|mbackgroundid0000035|mbackgroundid0000052|mbgmodelid0000012|mbgmodelid0000050|mdifffitid0000005|mdifffitid0000006|mdifffitid0000007|mdifffitid0000009|mdifffitid0000010|mdifffitid0000024|mdifffitid0000026|mdifffitid0000027|mdifffitid0000028|mdifffitid0000048|mimgtblid0000017|mimgtblid0000036|mprojectid0000002|mprojectid0000003|mprojectid0000020|mprojectid0000021|mprojectid0000039|mprojectid0000041|mviewerid0000038|mviewerid0000057|mviewerid0000058,0.2,106.934000,0.554399,0.503637,170.729550,0.050800,0.000000,false,17.651000,13,1.792000,"{""bora009"":4,""bora010"":6,""h4d-standard-192-5"":21,""h4d-standard-192-6"":27}","{""bora009"":0.002016,""bora010"":0.003097,""h4d-standard-192-5"":0.011278,""h4d-standard-192-6"":0.008423}"
heft,hybrid_hetero,27,maddid0000037|mbackgroundid0000013|mbackgroundid0000033|mbackgroundid0000034|mbackgroundid0000035|mbackgroundid0000052|mbgmodelid0000012|mbgmodelid0000050|mdifffitid0000005|mdifffitid0000006|mdifffitid0000007|mdifffitid0000009|mdifffitid0000010|mdifffitid0000024|mdifffitid0000026|mdifffitid0000027|mdifffitid0000028|mdifffitid0000048|mimgtblid0000017|mimgtblid0000036|mprojectid0000002|mprojectid0000003|mprojectid0000020|mprojectid0000021|mprojectid0000039|mprojectid0000041|mviewerid0000038|mviewerid0000057|mviewerid0000058,0.2,109.688000,0.452587,0.503637,170.729550,0.000000,0.000000,true,28.744000,16,1.868000,"{""bora011"":6,""diablo03"":5,""h3-standard-88-2"":12,""h4d-standard-192-7"":35}","{""bora011"":0.003573,""diablo03"":0.001419,""h3-standard-88-2"":0.004472,""h4d-standard-192-7"":0.018167}"
heft,cluster_homo,28,maddid0000037|maddid0000056|mbackgroundid0000013|mbackgroundid0000014|mbackgroundid0000015|mbackgroundid0000016|mbackgroundid0000032|mbackgroundid0000035|mbackgroundid0000053|mbackgroundid0000054|mbgmodelid0000012|mbgmodelid0000050|mconcatfitid0000030|mdifffitid0000005|mdifffitid0000009|mdifffitid0000010|mdifffitid0000024|mdifffitid0000028|mdifffitid0000044|mdifffitid0000046|mimgtblid0000036|mprojectid0000001|mprojectid0000002|mprojectid0000004|mprojectid0000040|mprojectid0000041|mprojectid0000042|mviewerid0000019|mviewerid0000057,0.2,292.983000,0.000000,0.503637,170.729550,0.000000,122.253000,false,38.332000,11,1.074000,"{""bora001"":16,""bora002"":17,""bora003"":10,""bora004"":15}","{""bora001"":0.059104,""bora002"":0.044164,""bora003"":0.039083,""bora004"":0.034957}"
heft,cluster_hetero,28,maddid0000037|maddid0000056|mbackgroundid0000013|mbackgroundid0000014|mbackgroundid0000015|mbackgroundid0000016|mbackgroundid0000032|mbackgroundid0000035|mbackgroundid0000053|mbackgroundid0000054|mbgmodelid0000012|mbgmodelid0000050|mconcatfitid0000030|mdifffitid0000005|mdifffitid0000009|mdifffitid0000010|mdifffitid0000024|mdifffitid0000028|mdifffitid0000044|mdifffitid0000046|mimgtblid0000036|mprojectid0000001|mprojectid0000002|mprojectid0000004|mprojectid0000040|mprojectid0000041|mprojectid0000042|mviewerid0000019|mviewerid0000057,0.2,310.818000,0.000000,0.503637,170.729550,0.000000,140.088000,false,73.406000,14,1.177000,"{""bora005"":20,""bora006"":20,""diablo01"":8,""diablo02"":10}","{""bora005"":0.085409,""bora006"":0.066457,""diablo01"":0.008085,""diablo02"":0.004821}"
heft,cloud_homo,28,maddid0000037|maddid0000056|mbackgroundid0000013|mbackgroundid0000014|mbackgroundid0000015|mbackgroundid0000016|mbackgroundid0000032|mbackgroundid0000035|mbackgroundid0000053|mbackgroundid0000054|mbgmodelid0000012|mbgmodelid0000050|mconcatfitid0000030|mdifffitid0000005|mdifffitid0000009|mdifffitid0000010|mdifffitid0000024|mdifffitid0000028|mdifffitid0000044|mdifffitid0000046|mimgtblid0000036|mprojectid0000001|mprojectid0000002|mprojectid0000004|mprojectid0000040|mprojectid0000041|mprojectid0000042|mviewerid0000019|mviewerid0000057,0.2,100.183000,1.202456,0.503637,170.729550,0.698800,0.000000,false,7.494000,7,2.907000,"{""h4d-standard-192-1"":16,""h4d-standard-192-2"":19,""h4d-standard-192-3"":13,""h4d-standard-192-4"":10}","{""h4d-standard-192-1"":0.006642,""h4d-standard-192-2"":0.005106,""h4d-standard-192-3"":0.004683,""h4d-standard-192-4"":0.003645}"
heft,cloud_hetero,28,maddid0000037|maddid0000056|mbackgroundid0000013|mbackgroundid0000014|mbackgroundid0000015|mbackgroundid0000016|mbackgroundid0000032|mbackgroundid0000035|mbackgroundid0000053|mbackgroundid0000054|mbgmodelid0000012|mbgmodelid0000050|mconcatfitid0000030|mdifffitid0000005|mdifffitid0000009|mdifffitid0000010|mdifffitid0000024|mdifffitid0000028|mdifffitid0000044|mdifffitid0000046|mimgtblid0000036|mprojectid0000001|mprojectid0000002|mprojectid0000004|mprojectid0000040|mprojectid0000041|mprojectid0000042|mviewerid0000019|mviewerid0000057,0.2,113.666000,0.779883,0.503637,170.729550,0.276200,0.000000,false,29.736000,24,2.038000,"{""h4d-highmem-192-1"":33,""h4d-standard-192-1"":25}","{""h3-standard-88-1"":0,""h3-standard-88-2"":0,""h4d-highmem-192-1"":0.010878,""h4d-standard-192-1"":0.009406}"
heft,hybrid_homo,28,maddid0000037|maddid0000056|mbackgroundid0000013|mbackgroundid0000014|mbackgroundid0000015|mbackgroundid0000016|mbackgroundid0000032|mbackgroundid0000035|mbackgroundid0000053|mbackgroundid0000054|mbgmodelid0000012|mbgmodelid0000050|mconcatfitid0000030|mdifffitid0000005|mdifffitid0000009|mdifffitid0000010|mdifffitid0000024|mdifffitid0000028|mdifffitid0000044|mdifffitid0000046|mimgtblid0000036|mprojectid0000001|mprojectid0000002|mprojectid0000004|mprojectid0000040|mprojectid0000041|mprojectid0000042|mviewerid0000019|mviewerid0000057,0.2,109.844000,0.562630,0.503637,170.729550,0.059000,0.000000,false,27.104000,14,1.904000,"{""bora009"":5,""bora010"":7,""h4d-standard-192-5"":18,""h4d-standard-192-6"":28}","{""bora009"":0.002789,""bora010"":0.00389,""h4d-standard-192-5"":0.008852,""h4d-standard-192-6"":0.010568}"
heft,hybrid_hetero,28,maddid0000037|maddid0000056|mbackgroundid0000013|mbackgroundid0000014|mbackgroundid0000015|mbackgroundid0000016|mbackgroundid0000032|mbackgroundid0000035|mbackgroundid0000053|mbackgroundid0000054|mbgmodelid0000012|mbgmodelid0000050|mconcatfitid0000030|mdifffitid0000005|mdifffitid0000009|mdifffitid0000010|mdifffitid0000024|mdifffitid0000028|mdifffitid0000044|mdifffitid0000046|mimgtblid0000036|mprojectid0000001|mprojectid0000002|mprojectid0000004|mprojectid0000040|mprojectid0000041|mprojectid0000042|mviewerid0000019|mviewerid0000057,0.2,118.944000,0.480043,0.503637,170.729550,0.000000,0.000000,true,48.554000,22,1.870000,"{""bora011"":8,""diablo03"":5,""h3-standard-88-2"":12,""h4d-standard-192-7"":33}","{""bora011"":0.004561,""diablo03"":0.001308,""h3-standard-88-2"":0.006039,""h4d-standard-192-7"":0.016976}"
heft,cluster_homo,29,maddid0000037|maddid0000056|mbackgroundid0000013|mbackgroundid0000016|mbackgroundid0000033|mbgmodelid0000050|mconcatfitid0000011|mconcatfitid0000049|mdifffitid0000006|mdifffitid0000007|mdifffitid0000008|mdifffitid0000009|mdifffitid0000010|mdifffitid0000024|mdifffitid0000025|mdifffitid0000027|mdifffitid0000028|mdifffitid0000029|mdifffitid0000044|mdifffitid0000047|mimgtblid0000017|mprojectid0000001|mprojectid0000003|mprojectid0000020|mprojectid0000039|mprojectid0000040|mprojectid0000042|mviewerid0000019|mviewerid0000038,0.2,292.983000,0.000000,0.503637,170.729550,0.000000,122.253000,false,39.142000,16,1.005000,"{""bora001"":15,""bora002"":19,""bora003"":11,""bora004"":13}","{""bora001"":0.044715,""bora002"":0.044987,""bora003"":0.039528,""bora004"":0.048244}"
heft,cluster_hetero,29,maddid0000037|maddid0000056|mbackgroundid0000013|mbackgroundid0000016|mbackgroundid0000033|mbgmodelid0000050|mconcatfitid0000011|mconcatfitid0000049|mdifffitid0000006|mdifffitid0000007|mdifffitid0000008|mdifffitid0000009|mdifffitid0000010|mdifffitid0000024|mdifffitid0000025|mdifffitid0000027|mdifffitid0000028|mdifffitid0000029|mdifffitid0000044|mdifffitid0000047|mimgtblid0000017|mprojectid0000001|mprojectid0000003|mprojectid0000020|mprojectid0000039|mprojectid0000040|mprojectid0000042|mviewerid0000019|mviewerid0000038,0.2,314.315000,0.000000,0.503637,170.729550,0.000000,143.585000,false,95.751000,15,1.141000,"{""bora005"":18,""bora006"":20,""diablo01"":8,""diablo02"":12}","{""bora005"":0.087127,""bora006"":0.065525,""diablo01"":0.006114,""diablo02"":0.006237}"
heft,cloud_homo,29,maddid0000037|maddid0000056|mbackgroundid0000013|mbackgroundid0000016|mbackgroundid0000033|mbgmodelid0000050|mconcatfitid0000011|mconcatfitid0000049|mdifffitid0000006|mdifffitid0000007|mdifffitid0000008|mdifffitid0000009|mdifffitid0000010|mdifffitid0000024|mdifffitid0000025|mdifffitid0000027|mdifffitid0000028|mdifffitid0000029|mdifffitid0000044|mdifffitid0000047|mimgtblid0000017|mprojectid0000001|mprojectid0000003|mprojectid0000020|mprojectid0000039|mprojectid0000040|mprojectid0000042|mviewerid0000019|mviewerid0000038,0.2,100.183000,1.177541,0.503637,170.729550,0.673900,0.000000,false,7.934000,11,3.162000,"{""h4d-standard-192-1"":16,""h4d-standard-192-2"":19,""h4d-standard-192-3"":10,""h4d-standard-192-4"":13}","{""h4d-standard-192-1"":0.005233,""h4d-standard-192-2"":0.005162,""h4d-standard-192-3"":0.004551,""h4d-standard-192-4"":0.005119}"
heft,cloud_hetero,29,maddid0000037|maddid0000056|mbackgroundid0000013|mbackgroundid0000016|mbackgroundid0000033|mbgmodelid0000050|mconcatfitid0000011|mconcatfitid0000049|mdifffitid0000006|mdifffitid0000007|mdifffitid0000008|mdifffitid0000009|mdifffitid0000010|mdifffitid0000024|mdifffitid0000025|mdifffitid0000027|mdifffitid0000028|mdifffitid0000029|mdifffitid0000044|mdifffitid0000047|mimgtblid0000017|mprojectid0000001|mprojectid0000003|mprojectid0000020|mprojectid0000039|mprojectid0000040|mprojectid0000042|mviewerid0000019|mviewerid0000038,0.2,116.150000,0.804090,0.503637,170.729550,0.300500,0.000000,false,38.624000,33,2.315000,"{""h4d-highmem-192-1"":34,""h4d-standard-192-1"":24}","{""h3-standard-88-1"":0,""h3-standard-88-2"":0,""h4d-highmem-192-1"":0.009546,""h4d-standard-192-1"":0.010832}"
heft,hybrid_homo,29,maddid0000037|maddid0000056|mbackgroundid0000013|mbackgroundid0000016|mbackgroundid0000033|mbgmodelid0000050|mconcatfitid0000011|mconcatfitid0000049|mdifffitid0000006|mdifffitid0000007|mdifffitid0000008|mdifffitid0000009|mdifffitid0000010|mdifffitid0000024|mdifffitid0000025|mdifffitid0000027|mdifffitid0000028|mdifffitid0000029|mdifffitid0000044|mdifffitid0000047|mimgtblid0000017|mprojectid0000001|mprojectid0000003|mprojectid0000020|mprojectid0000039|mprojectid0000040|mprojectid0000042|mviewerid0000019|mviewerid0000038,0.2,112.328000,0.547732,0.503637,170.729550,0.044100,0.000000,false,33.361000,21,1.737000,"{""bora009"":6,""bora010"":7,""h4d-standard-192-5"":18,""h4d-standard-192-6"":27}","{""bora009"":0.003556,""bora010"":0.003717,""h4d-standard-192-5"":0.010359,""h4d-standard-192-6"":0.008872}"
heft,hybrid_hetero,29,maddid0000037|maddid0000056|mbackgroundid0000013|mbackgroundid0000016|mbackgroundid0000033|mbgmodelid0000050|mconcatfitid0000011|mconcatfitid0000049|mdifffitid0000006|mdifffitid0000007|mdifffitid0000008|mdifffitid0000009|mdifffitid0000010|mdifffitid0000024|mdifffitid0000025|mdifffitid0000027|mdifffitid0000028|mdifffitid0000029|mdifffitid0000044|mdifffitid0000047|mimgtblid0000017|mprojectid0000001|mprojectid0000003|mprojectid0000020|mprojectid0000039|mprojectid0000040|mprojectid0000042|mviewerid0000019|mviewerid0000038,0.2,127.064000,0.275732,0.503637,170.729550,0.000000,0.000000,true,81.522000,39,1.390000,"{""bora011"":12,""diablo03"":7,""h4d-standard-192-7"":39}","{""bora011"":0.008248,""diablo03"":0.001783,""h3-standard-88-2"":0,""h4d-standard-192-7"":0.018585}"
heft,cluster_homo,30,mbackgroundid0000014|mbackgroundid0000032|mbackgroundid0000033|mbackgroundid0000034|mbackgroundid0000052|mbgmodelid0000031|mconcatfitid0000011|mconcatfitid0000030|mdifffitid0000005|mdifffitid0000006|mdifffitid0000007|mdifffitid0000010|mdifffitid0000026|mdifffitid0000028|mdifffitid0000029|mdifffitid0000043|mdifffitid0000044|mdifffitid0000045|mdifffitid0000046|mdifffitid0000048|mprojectid0000001|mprojectid0000002|mprojectid0000020|mprojectid0000039|mprojectid0000040|mprojectid0000041|mprojectid0000042|mviewerid0000038|mviewerid0000058,0.2,292.983000,0.000000,0.503637,170.729550,0.000000,122.253000,false,57.748000,16,0.982000,"{""bora001"":16,""bora002"":18,""bora003"":11,""bora004"":13}","{""bora001"":0.038578,""bora002"":0.044615,""bora003"":0.046253,""bora004"":0.049683}"
heft,cluster_hetero,30,mbackgroundid0000014|mbackgroundid0000032|mbackgroundid0000033|mbackgroundid0000034|mbackgroundid0000052|mbgmodelid0000031|mconcatfitid0000011|mconcatfitid0000030|mdifffitid0000005|mdifffitid0000006|mdifffitid0000007|mdifffitid0000010|mdifffitid0000026|mdifffitid0000028|mdifffitid0000029|mdifffitid0000043|mdifffitid0000044|mdifffitid0000045|mdifffitid0000046|mdifffitid0000048|mprojectid0000001|mprojectid0000002|mprojectid0000020|mprojectid0000039|mprojectid0000040|mprojectid0000041|mprojectid0000042|mviewerid0000038|mviewerid0000058,0.2,314.315000,0.000000,0.503637,170.729550,0.000000,143.585000,false,119.759000,18,1.270000,"{""bora005"":20,""bora006"":19,""diablo01"":9,""diablo02"":10}","{""bora005"":0.087072,""bora006"":0.065002,""diablo01"":0.008483,""diablo02"":0.005793}"
heft,cloud_homo,30,mbackgroundid0000014|mbackgroundid0000032|mbackgroundid0000033|mbackgroundid0000034|mbackgroundid0000052|mbgmodelid0000031|mconcatfitid0000011|mconcatfitid0000030|mdifffitid0000005|mdifffitid0000006|mdifffitid0000007|mdifffitid0000010|mdifffitid0000026|mdifffitid0000028|mdifffitid0000029|mdifffitid0000043|mdifffitid0000044|mdifffitid0000045|mdifffitid0000046|mdifffitid0000048|mprojectid0000001|mprojectid0000002|mprojectid0000020|mprojectid0000039|mprojectid0000040|mprojectid0000041|mprojectid0000042|mviewerid0000038|mviewerid0000058,0.2,100.183000,1.211635,0.503637,170.729550,0.708000,0.000000,false,11.481000,10,3.097000,"{""h4d-standard-192-1"":16,""h4d-standard-192-2"":19,""h4d-standard-192-3"":10,""h4d-standard-192-4"":13}","{""h4d-standard-192-1"":0.004551,""h4d-standard-192-2"":0.005268,""h4d-standard-192-3"":0.005115,""h4d-standard-192-4"":0.005297}"
heft,cloud_hetero,30,mbackgroundid0000014|mbackgroundid0000032|mbackgroundid0000033|mbackgroundid0000034|mbackgroundid0000052|mbgmodelid0000031|mconcatfitid0000011|mconcatfitid0000030|mdifffitid0000005|mdifffitid0000006|mdifffitid0000007|mdifffitid0000010|mdifffitid0000026|mdifffitid0000028|mdifffitid0000029|mdifffitid0000043|mdifffitid0000044|mdifffitid0000045|mdifffitid0000046|mdifffitid0000048|mprojectid0000001|mprojectid0000002|mprojectid0000020|mprojectid0000039|mprojectid0000040|mprojectid0000041|mprojectid0000042|mviewerid0000038|mviewerid0000058,0.2,116.150000,0.817702,0.503637,170.729550,0.314100,0.000000,false,48.773000,38,2.499000,"{""h4d-highmem-192-1"":35,""h4d-standard-192-1"":23}","{""h3-standard-88-1"":0,""h3-standard-88-2"":0,""h4d-highmem-192-1"":0.010607,""h4d-standard-192-1"":0.010006}"
heft,hybrid_homo,30,mbackgroundid0000014|mbackgroundid0000032|mbackgroundid0000033|mbackgroundid0000034|mbackgroundid0000052|mbgmodelid0000031|mconcatfitid0000011|mconcatfitid0000030|mdifffitid0000005|mdifffitid0000006|mdifffitid0000007|mdifffitid0000010|mdifffitid0000026|mdifffitid0000028|mdifffitid0000029|mdifffitid0000043|mdifffitid0000044|mdifffitid0000045|mdifffitid0000046|mdifffitid0000048|mprojectid0000001|mprojectid0000002|mprojectid0000020|mprojectid0000039|mprojectid0000040|mprojectid0000041|mprojectid0000042|mviewerid0000038|mviewerid0000058,0.2,112.328000,0.580918,0.503637,170.729550,0.077300,0.000000,false,44.610000,31,2.145000,"{""bora009"":6,""bora010"":6,""h4d-standard-192-5"":17,""h4d-standard-192-6"":29}","{""bora009"":0.003375,""bora010"":0.002948,""h4d-standard-192-5"":0.009688,""h4d-standard-192-6"":0.010049}"
heft,hybrid_hetero,30,mbackgroundid0000014|mbackgroundid0000032|mbackgroundid0000033|mbackgroundid0000034|mbackgroundid0000052|mbgmodelid0000031|mconcatfitid0000011|mconcatfitid0000030|mdifffitid0000005|mdifffitid0000006|mdifffitid0000007|mdifffitid0000010|mdifffitid0000026|mdifffitid0000028|mdifffitid0000029|mdifffitid0000043|mdifffitid0000044|mdifffitid0000045|mdifffitid0000046|mdifffitid0000048|mprojectid0000001|mprojectid0000002|mprojectid0000020|mprojectid0000039|mprojectid0000040|mprojectid0000041|mprojectid0000042|mviewerid0000038|mviewerid0000058,0.2,127.064000,0.518246,0.503637,170.729550,0.014600,0.000000,false,78.202000,39,1.559000,"{""bora011"":8,""diablo03"":5,""h3-standard-88-2"":12,""h4d-standard-192-7"":33}","{""bora011"":0.004706,""diablo03"":0.001225,""h3-standard-88-2"":0.005864,""h4d-standard-192-7"":0.016888}"
beam_time,cluster_homo,1,maddid0000018|maddid0000037|maddid0000056|mbackgroundid0000015|mbackgroundid0000035|mbgmodelid0000012|mbgmodelid0000031|mconcatfitid0000011|mconcatfitid0000030|mdifffitid0000005|mdifffitid0000007|mdifffitid0000010|mdifffitid0000025|mdifffitid0000026|mdifffitid0000028|mdifffitid0000029|mdifffitid0000044|mimgtblid0000017|mimgtblid0000036|mimgtblid0000055|mprojectid0000003|mprojectid0000020|mprojectid0000022|mprojectid0000023|mprojectid0000040|mprojectid0000041|mviewerid0000038|mviewerid0000057|mviewerid0000058,0.2,292.983000,0.000000,0.503637,170.729550,0.000000,122.253000,false,56.253000,7,691.120000,"{""bora001"":19,""bora002"":17,""bora003"":9,""bora004"":13}","{""bora001"":0.087127,""bora002"":0.023749,""bora003"":0.023879,""bora004"":0.044258}"
beam_cost,cluster_homo,1,maddid0000018|maddid0000037|maddid0000056|mbackgroundid0000015|mbackgroundid0000035|mbgmodelid0000012|mbgmodelid0000031|mconcatfitid0000011|mconcatfitid0000030|mdifffitid0000005|mdifffitid0000007|mdifffitid0000010|mdifffitid0000025|mdifffitid0000026|mdifffitid0000028|mdifffitid0000029|mdifffitid0000044|mimgtblid0000017|mimgtblid0000036|mimgtblid0000055|mprojectid0000003|mprojectid0000020|mprojectid0000022|mprojectid0000023|mprojectid0000040|mprojectid0000041|mviewerid0000038|mviewerid0000057|mviewerid0000058,0.2,292.983000,0.000000,0.503637,170.729550,0.000000,122.253000,false,56.253000,7,655.149000,"{""bora001"":19,""bora002"":17,""bora003"":9,""bora004"":13}","{""bora001"":0.087127,""bora002"":0.023749,""bora003"":0.023879,""bora004"":0.044258}"
beam_time,cluster_hetero,1,maddid0000018|maddid0000037|maddid0000056|mbackgroundid0000015|mbackgroundid0000035|mbgmodelid0000012|mbgmodelid0000031|mconcatfitid0000011|mconcatfitid0000030|mdifffitid0000005|mdifffitid0000007|mdifffitid0000010|mdifffitid0000025|mdifffitid0000026|mdifffitid0000028|mdifffitid0000029|mdifffitid0000044|mimgtblid0000017|mimgtblid0000036|mimgtblid0000055|mprojectid0000003|mprojectid0000020|mprojectid0000022|mprojectid0000023|mprojectid0000040|mprojectid0000041|mviewerid0000038|mviewerid0000057|mviewerid0000058,0.2,313.312000,0.000000,0.503637,170.729550,0.000000,142.582000,false,79.574000,9,703.203000,"{""bora005"":19,""bora006"":21,""diablo01"":8,""diablo02"":10}","{""bora005"":0.108955,""bora006"":0.033165,""diablo01"":0.011202,""diablo02"":0.007972}"
beam_cost,cluster_hetero,1,maddid0000018|maddid0000037|maddid0000056|mbackgroundid0000015|mbackgroundid0000035|mbgmodelid0000012|mbgmodelid0000031|mconcatfitid0000011|mconcatfitid0000030|mdifffitid0000005|mdifffitid0000007|mdifffitid0000010|mdifffitid0000025|mdifffitid0000026|mdifffitid0000028|mdifffitid0000029|mdifffitid0000044|mimgtblid0000017|mimgtblid0000036|mimgtblid0000055|mprojectid0000003|mprojectid0000020|mprojectid0000022|mprojectid0000023|mprojectid0000040|mprojectid0000041|mviewerid0000038|mviewerid0000057|mviewerid0000058,0.2,313.312000,0.000000,0.503637,170.729550,0.000000,142.582000,false,79.574000,9,705.313000,"{""bora005"":19,""bora006"":21,""diablo01"":8,""diablo02"":10}","{""bora005"":0.108955,""bora006"":0.033165,""diablo01"":0.011202,""diablo02"":0.007972}"
beam_time,cloud_homo,1,maddid0000018|maddid0000037|maddid0000056|mbackgroundid0000015|mbackgroundid0000035|mbgmodelid0000012|mbgmodelid0000031|mconcatfitid0000011|mconcatfitid0000030|mdifffitid0000005|mdifffitid0000007|mdifffitid0000010|mdifffitid0000025|mdifffitid0000026|mdifffitid0000028|mdifffitid0000029|mdifffitid0000044|mimgtblid0000017|mimgtblid0000036|mimgtblid0000055|mprojectid0000003|mprojectid0000020|mprojectid0000022|mprojectid0000023|mprojectid0000040|mprojectid0000041|mviewerid0000038|mviewerid0000057|mviewerid0000058,0.2,117.054000,0.412472,0.503637,170.729550,0.000000,0.000000,true,46.996000,30,1029.167000,"{""h4d-standard-192-2"":2,""h4d-standard-192-4"":56}","{""h4d-standard-192-1"":0,""h4d-standard-192-2"":0.002977,""h4d-standard-192-3"":0,""h4d-standard-192-4"":0.018057}"
beam_cost,cloud_homo,1,maddid0000018|maddid0000037|maddid0000056|mbackgroundid0000015|mbackgroundid0000035|mbgmodelid0000012|mbgmodelid0000031|mconcatfitid0000011|mconcatfitid0000030|mdifffitid0000005|mdifffitid0000007|mdifffitid0000010|mdifffitid0000025|mdifffitid0000026|mdifffitid0000028|mdifffitid0000029|mdifffitid0000044|mimgtblid0000017|mimgtblid0000036|mimgtblid0000055|mprojectid0000003|mprojectid0000020|mprojectid0000022|mprojectid0000023|mprojectid0000040|mprojectid0000041|mviewerid0000038|mviewerid0000057|mviewerid0000058,0.2,117.054000,0.412472,0.503637,170.729550,0.000000,0.000000,true,46.996000,30,1019.215000,"{""h4d-standard-192-2"":2,""h4d-standard-192-4"":56}","{""h4d-standard-192-1"":0,""h4d-standard-192-2"":0.002977,""h4d-standard-192-3"":0,""h4d-standard-192-4"":0.018057}"
beam_time,cloud_hetero,1,maddid0000018|maddid0000037|maddid0000056|mbackgroundid0000015|mbackgroundid0000035|mbgmodelid0000012|mbgmodelid0000031|mconcatfitid0000011|mconcatfitid0000030|mdifffitid0000005|mdifffitid0000007|mdifffitid0000010|mdifffitid0000025|mdifffitid0000026|mdifffitid0000028|mdifffitid0000029|mdifffitid0000044|mimgtblid0000017|mimgtblid0000036|mimgtblid0000055|mprojectid0000003|mprojectid0000020|mprojectid0000022|mprojectid0000023|mprojectid0000040|mprojectid0000041|mviewerid0000038|mviewerid0000057|mviewerid0000058,0.2,123.309000,0.462342,0.503637,170.729550,0.000000,0.000000,true,41.319000,24,973.194000,"{""h4d-highmem-192-1"":55,""h4d-standard-192-1"":3}","{""h3-standard-88-1"":0,""h3-standard-88-2"":0,""h4d-highmem-192-1"":0.015683,""h4d-standard-192-1"":0.004024}"
beam_cost,cloud_hetero,1,maddid0000018|maddid0000037|maddid0000056|mbackgroundid0000015|mbackgroundid0000035|mbgmodelid0000012|mbgmodelid0000031|mconcatfitid0000011|mconcatfitid0000030|mdifffitid0000005|mdifffitid0000007|mdifffitid0000010|mdifffitid0000025|mdifffitid0000026|mdifffitid0000028|mdifffitid0000029|mdifffitid0000044|mimgtblid0000017|mimgtblid0000036|mimgtblid0000055|mprojectid0000003|mprojectid0000020|mprojectid0000022|mprojectid0000023|mprojectid0000040|mprojectid0000041|mviewerid0000038|mviewerid0000057|mviewerid0000058,0.2,152.779000,0.391019,0.503637,170.729550,0.000000,0.000000,true,99.429000,42,963.277000,"{""h3-standard-88-1"":1,""h3-standard-88-2"":11,""h4d-standard-192-1"":46}","{""h3-standard-88-1"":0.000122,""h3-standard-88-2"":0.001449,""h4d-highmem-192-1"":0,""h4d-standard-192-1"":0.0174}"
beam_time,hybrid_homo,1,maddid0000018|maddid0000037|maddid0000056|mbackgroundid0000015|mbackgroundid0000035|mbgmodelid0000012|mbgmodelid0000031|mconcatfitid0000011|mconcatfitid0000030|mdifffitid0000005|mdifffitid0000007|mdifffitid0000010|mdifffitid0000025|mdifffitid0000026|mdifffitid0000028|mdifffitid0000029|mdifffitid0000044|mimgtblid0000017|mimgtblid0000036|mimgtblid0000055|mprojectid0000003|mprojectid0000020|mprojectid0000022|mprojectid0000023|mprojectid0000040|mprojectid0000041|mviewerid0000038|mviewerid0000057|mviewerid0000058,0.2,120.390000,0.324381,0.503637,170.729550,0.000000,0.000000,true,39.862000,15,937.583000,"{""bora009"":12,""bora010"":20,""h4d-standard-192-5"":4,""h4d-standard-192-6"":22}","{""bora009"":0.007538,""bora010"":0.01437,""h4d-standard-192-5"":0.00488,""h4d-standard-192-6"":0.011994}"
beam_cost,hybrid_homo,1,maddid0000018|maddid0000037|maddid0000056|mbackgroundid0000015|mbackgroundid0000035|mbgmodelid0000012|mbgmodelid0000031|mconcatfitid0000011|mconcatfitid0000030|mdifffitid0000005|mdifffitid0000007|mdifffitid0000010|mdifffitid0000025|mdifffitid0000026|mdifffitid0000028|mdifffitid0000029|mdifffitid0000044|mimgtblid0000017|mimgtblid0000036|mimgtblid0000055|mprojectid0000003|mprojectid0000020|mprojectid0000022|mprojectid0000023|mprojectid0000040|mprojectid0000041|mviewerid0000038|mviewerid0000057|mviewerid0000058,0.2,138.537000,0.177995,0.503637,170.729550,0.000000,0.000000,true,64.646000,20,968.858000,"{""bora009"":15,""bora010"":22,""h4d-standard-192-6"":21}","{""bora009"":0.025188,""bora010"":0.012945,""h4d-standard-192-5"":0,""h4d-standard-192-6"":0.014765}"
beam_time,hybrid_hetero,1,maddid0000018|maddid0000037|maddid0000056|mbackgroundid0000015|mbackgroundid0000035|mbgmodelid0000012|mbgmodelid0000031|mconcatfitid0000011|mconcatfitid0000030|mdifffitid0000005|mdifffitid0000007|mdifffitid0000010|mdifffitid0000025|mdifffitid0000026|mdifffitid0000028|mdifffitid0000029|mdifffitid0000044|mimgtblid0000017|mimgtblid0000036|mimgtblid0000055|mprojectid0000003|mprojectid0000020|mprojectid0000022|mprojectid0000023|mprojectid0000040|mprojectid0000041|mviewerid0000038|mviewerid0000057|mviewerid0000058,0.2,135.183000,0.293441,0.503637,170.729550,0.000000,0.000000,true,92.404000,33,835.929000,"{""bora011"":9,""diablo03"":7,""h4d-standard-192-7"":42}","{""bora011"":0.004926,""diablo03"":0.001623,""h3-standard-88-2"":0,""h4d-standard-192-7"":0.018264}"
beam_cost,hybrid_hetero,1,maddid0000018|maddid0000037|maddid0000056|mbackgroundid0000015|mbackgroundid0000035|mbgmodelid0000012|mbgmodelid0000031|mconcatfitid0000011|mconcatfitid0000030|mdifffitid0000005|mdifffitid0000007|mdifffitid0000010|mdifffitid0000025|mdifffitid0000026|mdifffitid0000028|mdifffitid0000029|mdifffitid0000044|mimgtblid0000017|mimgtblid0000036|mimgtblid0000055|mprojectid0000003|mprojectid0000020|mprojectid0000022|mprojectid0000023|mprojectid0000040|mprojectid0000041|mviewerid0000038|mviewerid0000057|mviewerid0000058,0.2,138.797000,0.177992,0.503637,170.729550,0.000000,0.000000,true,66.215000,26,858.645000,"{""bora011"":16,""diablo03"":20,""h4d-standard-192-7"":22}","{""bora011"":0.025299,""diablo03"":0.006499,""h3-standard-88-2"":0,""h4d-standard-192-7"":0.014889}"
beam_time,cluster_homo,2,maddid0000037|mbackgroundid0000013|mbackgroundid0000014|mbackgroundid0000032|mbackgroundid0000033|mbackgroundid0000051|mbackgroundid0000052|mbackgroundid0000053|mbackgroundid0000054|mconcatfitid0000049|mdifffitid0000008|mdifffitid0000009|mdifffitid0000010|mdifffitid0000025|mdifffitid0000027|mdifffitid0000029|mdifffitid0000045|mdifffitid0000046|mdifffitid0000048|mimgtblid0000055|mprojectid0000001|mprojectid0000002|mprojectid0000020|mprojectid0000021|mprojectid0000022|mprojectid0000040|mviewerid0000038|mviewerid0000057|mviewerid0000058,0.2,310.858000,0.000000,0.503637,170.729550,0.000000,140.128000,false,58.184000,9,651.380000,"{""bora001"":16,""bora002"":18,""bora003"":10,""bora004"":14}","{""bora001"":0.078539,""bora002"":0.041364,""bora003"":0.023956,""bora004"":0.025058}"
beam_cost,cluster_homo,2,maddid0000037|mbackgroundid0000013|mbackgroundid0000014|mbackgroundid0000032|mbackgroundid0000033|mbackgroundid0000051|mbackgroundid0000052|mbackgroundid0000053|mbackgroundid0000054|mconcatfitid0000049|mdifffitid0000008|mdifffitid0000009|mdifffitid0000010|mdifffitid0000025|mdifffitid0000027|mdifffitid0000029|mdifffitid0000045|mdifffitid0000046|mdifffitid0000048|mimgtblid0000055|mprojectid0000001|mprojectid0000002|mprojectid0000020|mprojectid0000021|mprojectid0000022|mprojectid0000040|mviewerid0000038|mviewerid0000057|mviewerid0000058,0.2,310.858000,0.000000,0.503637,170.729550,0.000000,140.128000,false,58.184000,9,629.211000,"{""bora001"":16,""bora002"":18,""bora003"":10,""bora004"":14}","{""bora001"":0.078539,""bora002"":0.041364,""bora003"":0.023956,""bora004"":0.025058}"
beam_time,cluster_hetero,2,maddid0000037|mbackgroundid0000013|mbackgroundid0000014|mbackgroundid0000032|mbackgroundid0000033|mbackgroundid0000051|mbackgroundid0000052|mbackgroundid0000053|mbackgroundid0000054|mconcatfitid0000049|mdifffitid0000008|mdifffitid0000009|mdifffitid0000010|mdifffitid0000025|mdifffitid0000027|mdifffitid0000029|mdifffitid0000045|mdifffitid0000046|mdifffitid0000048|mimgtblid0000055|mprojectid0000001|mprojectid0000002|mprojectid0000020|mprojectid0000021|mprojectid0000022|mprojectid0000040|mviewerid0000038|mviewerid0000057|mviewerid0000058,0.2,323.159000,0.000000,0.503637,170.729550,0.000000,152.429000,false,27.944000,11,702.879000,"{""bora005"":21,""bora006"":22,""diablo01"":6,""diablo02"":9}","{""bora005"":0.107577,""bora006"":0.017638,""diablo01"":0.01035,""diablo02"":0.014227}"
beam_cost,cluster_hetero,2,maddid0000037|mbackgroundid0000013|mbackgroundid0000014|mbackgroundid0000032|mbackgroundid0000033|mbackgroundid0000051|mbackgroundid0000052|mbackgroundid0000053|mbackgroundid0000054|mconcatfitid0000049|mdifffitid0000008|mdifffitid0000009|mdifffitid0000010|mdifffitid0000025|mdifffitid0000027|mdifffitid0000029|mdifffitid0000045|mdifffitid0000046|mdifffitid0000048|mimgtblid0000055|mprojectid0000001|mprojectid0000002|mprojectid0000020|mprojectid0000021|mprojectid0000022|mprojectid0000040|mviewerid0000038|mviewerid0000057|mviewerid0000058,0.2,323.159000,0.000000,0.503637,170.729550,0.000000,152.429000,false,27.944000,11,720.597000,"{""bora005"":21,""bora006"":22,""diablo01"":6,""diablo02"":9}","{""bora005"":0.107577,""bora006"":0.017638,""diablo01"":0.01035,""diablo02"":0.014227}"
beam_time,cloud_homo,2,maddid0000037|mbackgroundid0000013|mbackgroundid0000014|mbackgroundid0000032|mbackgroundid0000033|mbackgroundid0000051|mbackgroundid0000052|mbackgroundid0000053|mbackgroundid0000054|mconcatfitid0000049|mdifffitid0000008|mdifffitid0000009|mdifffitid0000010|mdifffitid0000025|mdifffitid0000027|mdifffitid0000029|mdifffitid0000045|mdifffitid0000046|mdifffitid0000048|mimgtblid0000055|mprojectid0000001|mprojectid0000002|mprojectid0000020|mprojectid0000021|mprojectid0000022|mprojectid0000040|mviewerid0000038|mviewerid0000057|mviewerid0000058,0.2,121.468000,0.416994,0.503637,170.729550,0.000000,0.000000,true,49.559000,37,956.279000,"{""h4d-standard-192-2"":2,""h4d-standard-192-4"":56}","{""h4d-standard-192-1"":0,""h4d-standard-192-2"":0.00178,""h4d-standard-192-3"":0,""h4d-standard-192-4"":0.018552}"
beam_cost,cloud_homo,2,maddid0000037|mbackgroundid0000013|mbackgroundid0000014|mbackgroundid0000032|mbackgroundid0000033|mbackgroundid0000051|mbackgroundid0000052|mbackgroundid0000053|mbackgroundid0000054|mconcatfitid0000049|mdifffitid0000008|mdifffitid0000009|mdifffitid0000010|mdifffitid0000025|mdifffitid0000027|mdifffitid0000029|mdifffitid0000045|mdifffitid0000046|mdifffitid0000048|mimgtblid0000055|mprojectid0000001|mprojectid0000002|mprojectid0000020|mprojectid0000021|mprojectid0000022|mprojectid0000040|mviewerid0000038|mviewerid0000057|mviewerid0000058,0.2,121.468000,0.416994,0.503637,170.729550,0.000000,0.000000,true,49.559000,37,1029.593000,"{""h4d-standard-192-2"":2,""h4d-standard-192-4"":56}","{""h4d-standard-192-1"":0,""h4d-standard-192-2"":0.00178,""h4d-standard-192-3"":0,""h4d-standard-192-4"":0.018552}"
beam_time,cloud_hetero,2,maddid0000037|mbackgroundid0000013|mbackgroundid0000014|mbackgroundid0000032|mbackgroundid0000033|mbackgroundid0000051|mbackgroundid0000052|mbackgroundid0000053|mbackgroundid0000054|mconcatfitid0000049|mdifffitid0000008|mdifffitid0000009|mdifffitid0000010|mdifffitid0000025|mdifffitid0000027|mdifffitid0000029|mdifffitid0000045|mdifffitid0000046|mdifffitid0000048|mimgtblid0000055|mprojectid0000001|mprojectid0000002|mprojectid0000020|mprojectid0000021|mprojectid0000022|mprojectid0000040|mviewerid0000038|mviewerid0000057|mviewerid0000058,0.2,120.547000,0.448481,0.503637,170.729550,0.000000,0.000000,true,56.807000,41,1041.775000,"{""h4d-highmem-192-1"":3,""h4d-standard-192-1"":55}","{""h3-standard-88-1"":0,""h3-standard-88-2"":0,""h4d-highmem-192-1"":0.001913,""h4d-standard-192-1"":0.019794}"
beam_cost,cloud_hetero,2,maddid0000037|mbackgroundid0000013|mbackgroundid0000014|mbackgroundid0000032|mbackgroundid0000033|mbackgroundid0000051|mbackgroundid0000052|mbackgroundid0000053|mbackgroundid0000054|mconcatfitid0000049|mdifffitid0000008|mdifffitid0000009|mdifffitid0000010|mdifffitid0000025|mdifffitid0000027|mdifffitid0000029|mdifffitid0000045|mdifffitid0000046|mdifffitid0000048|mimgtblid0000055|mprojectid0000001|mprojectid0000002|mprojectid0000020|mprojectid0000021|mprojectid0000022|mprojectid0000040|mviewerid0000038|mviewerid0000057|mviewerid0000058,0.2,163.808000,0.356189,0.503637,170.729550,0.000000,0.000000,true,99.223000,51,1001.455000,"{""h3-standard-88-2"":10,""h4d-standard-192-1"":48}","{""h3-standard-88-1"":0,""h3-standard-88-2"":0.00146,""h4d-highmem-192-1"":0,""h4d-standard-192-1"":0.016286}"
beam_time,hybrid_homo,2,maddid0000037|mbackgroundid0000013|mbackgroundid0000014|mbackgroundid0000032|mbackgroundid0000033|mbackgroundid0000051|mbackgroundid0000052|mbackgroundid0000053|mbackgroundid0000054|mconcatfitid0000049|mdifffitid0000008|mdifffitid0000009|mdifffitid0000010|mdifffitid0000025|mdifffitid0000027|mdifffitid0000029|mdifffitid0000045|mdifffitid0000046|mdifffitid0000048|mimgtblid0000055|mprojectid0000001|mprojectid0000002|mprojectid0000020|mprojectid0000021|mprojectid0000022|mprojectid0000040|mviewerid0000038|mviewerid0000057|mviewerid0000058,0.2,122.110000,0.499734,0.503637,170.729550,0.000000,0.000000,true,38.130000,20,954.932000,"{""bora009"":9,""bora010"":13,""h4d-standard-192-5"":17,""h4d-standard-192-6"":19}","{""bora009"":0.005372,""bora010"":0.007086,""h4d-standard-192-5"":0.009335,""h4d-standard-192-6"":0.007866}"
beam_cost,hybrid_homo,2,maddid0000037|mbackgroundid0000013|mbackgroundid0000014|mbackgroundid0000032|mbackgroundid0000033|mbackgroundid0000051|mbackgroundid0000052|mbackgroundid0000053|mbackgroundid0000054|mconcatfitid0000049|mdifffitid0000008|mdifffitid0000009|mdifffitid0000010|mdifffitid0000025|mdifffitid0000027|mdifffitid0000029|mdifffitid0000045|mdifffitid0000046|mdifffitid0000048|mimgtblid0000055|mprojectid0000001|mprojectid0000002|mprojectid0000020|mprojectid0000021|mprojectid0000022|mprojectid0000040|mviewerid0000038|mviewerid0000057|mviewerid0000058,0.2,134.953000,0.185328,0.503637,170.729550,0.000000,0.000000,true,47.383000,24,954.812000,"{""bora009"":12,""bora010"":22,""h4d-standard-192-5"":24}","{""bora009"":0.019014,""bora010"":0.022655,""h4d-standard-192-5"":0.014695,""h4d-standard-192-6"":0}"
beam_time,hybrid_hetero,2,maddid0000037|mbackgroundid0000013|mbackgroundid0000014|mbackgroundid0000032|mbackgroundid0000033|mbackgroundid0000051|mbackgroundid0000052|mbackgroundid0000053|mbackgroundid0000054|mconcatfitid0000049|mdifffitid0000008|mdifffitid0000009|mdifffitid0000010|mdifffitid0000025|mdifffitid0000027|mdifffitid0000029|mdifffitid0000045|mdifffitid0000046|mdifffitid0000048|mimgtblid0000055|mprojectid0000001|mprojectid0000002|mprojectid0000020|mprojectid0000021|mprojectid0000022|mprojectid0000040|mviewerid0000038|mviewerid0000057|mviewerid0000058,0.2,133.633000,0.177991,0.503637,170.729550,0.000000,0.000000,true,55.856000,22,840.133000,"{""bora011"":13,""diablo03"":21,""h4d-standard-192-7"":24}","{""bora011"":0.03289,""diablo03"":0.007988,""h3-standard-88-2"":0,""h4d-standard-192-7"":0.014758}"
beam_cost,hybrid_hetero,2,maddid0000037|mbackgroundid0000013|mbackgroundid0000014|mbackgroundid0000032|mbackgroundid0000033|mbackgroundid0000051|mbackgroundid0000052|mbackgroundid0000053|mbackgroundid0000054|mconcatfitid0000049|mdifffitid0000008|mdifffitid0000009|mdifffitid0000010|mdifffitid0000025|mdifffitid0000027|mdifffitid0000029|mdifffitid0000045|mdifffitid0000046|mdifffitid0000048|mimgtblid0000055|mprojectid0000001|mprojectid0000002|mprojectid0000020|mprojectid0000021|mprojectid0000022|mprojectid0000040|mviewerid0000038|mviewerid0000057|mviewerid0000058,0.2,133.633000,0.177991,0.503637,170.729550,0.000000,0.000000,true,55.856000,22,847.660000,"{""bora011"":13,""diablo03"":21,""h4d-standard-192-7"":24}","{""bora011"":0.03289,""diablo03"":0.007988,""h3-standard-88-2"":0,""h4d-standard-192-7"":0.014758}"
beam_time,cluster_homo,3,maddid0000018|maddid0000037|mbackgroundid0000013|mbackgroundid0000014|mbackgroundid0000016|mbackgroundid0000032|mbackgroundid0000033|mbackgroundid0000034|mbackgroundid0000035|mbackgroundid0000052|mbackgroundid0000053|mbackgroundid0000054|mbgmodelid0000050|mconcatfitid0000011|mconcatfitid0000030|mdifffitid0000005|mdifffitid0000010|mdifffitid0000025|mdifffitid0000027|mdifffitid0000029|mdifffitid0000043|mdifffitid0000044|mdifffitid0000048|mimgtblid0000017|mimgtblid0000036|mprojectid0000004|mprojectid0000039|mviewerid0000038|mviewerid0000058,0.2,292.983000,0.000000,0.503637,170.729550,0.000000,122.253000,false,3.094000,6,700.313000,"{""bora001"":16,""bora002"":20,""bora003"":9,""bora004"":13}","{""bora001"":0.077542,""bora002"":0.04533,""bora003"":0.023047,""bora004"":0.027785}"
beam_cost,cluster_homo,3,maddid0000018|maddid0000037|mbackgroundid0000013|mbackgroundid0000014|mbackgroundid0000016|mbackgroundid0000032|mbackgroundid0000033|mbackgroundid0000034|mbackgroundid0000035|mbackgroundid0000052|mbackgroundid0000053|mbackgroundid0000054|mbgmodelid0000050|mconcatfitid0000011|mconcatfitid0000030|mdifffitid0000005|mdifffitid0000010|mdifffitid0000025|mdifffitid0000027|mdifffitid0000029|mdifffitid0000043|mdifffitid0000044|mdifffitid0000048|mimgtblid0000017|mimgtblid0000036|mprojectid0000004|mprojectid0000039|mviewerid0000038|mviewerid0000058,0.2,292.983000,0.000000,0.503637,170.729550,0.000000,122.253000,false,3.094000,6,685.692000,"{""bora001"":16,""bora002"":20,""bora003"":9,""bora004"":13}","{""bora001"":0.077542,""bora002"":0.04533,""bora003"":0.023047,""bora004"":0.027785}"
beam_time,cluster_hetero,3,maddid0000018|maddid0000037|mbackgroundid0000013|mbackgroundid0000014|mbackgroundid0000016|mbackgroundid0000032|mbackgroundid0000033|mbackgroundid0000034|mbackgroundid0000035|mbackgroundid0000052|mbackgroundid0000053|mbackgroundid0000054|mbgmodelid0000050|mconcatfitid0000011|mconcatfitid0000030|mdifffitid0000005|mdifffitid0000010|mdifffitid0000025|mdifffitid0000027|mdifffitid0000029|mdifffitid0000043|mdifffitid0000044|mdifffitid0000048|mimgtblid0000017|mimgtblid0000036|mprojectid0000004|mprojectid0000039|mviewerid0000038|mviewerid0000058,0.2,293.451000,0.000000,0.503637,170.729550,0.000000,122.721000,false,3.716000,7,762.253000,"{""bora005"":23,""bora006"":19,""diablo01"":6,""diablo02"":10}","{""bora005"":0.108971,""bora006"":0.060648,""diablo01"":0.001141,""diablo02"":0.001567}"
beam_cost,cluster_hetero,3,maddid0000018|maddid0000037|mbackgroundid0000013|mbackgroundid0000014|mbackgroundid0000016|mbackgroundid0000032|mbackgroundid0000033|mbackgroundid0000034|mbackgroundid0000035|mbackgroundid0000052|mbackgroundid0000053|mbackgroundid0000054|mbgmodelid0000050|mconcatfitid0000011|mconcatfitid0000030|mdifffitid0000005|mdifffitid0000010|mdifffitid0000025|mdifffitid0000027|mdifffitid0000029|mdifffitid0000043|mdifffitid0000044|mdifffitid0000048|mimgtblid0000017|mimgtblid0000036|mprojectid0000004|mprojectid0000039|mviewerid0000038|mviewerid0000058,0.2,293.451000,0.000000,0.503637,170.729550,0.000000,122.721000,false,3.716000,7,763.556000,"{""bora005"":23,""bora006"":19,""diablo01"":6,""diablo02"":10}","{""bora005"":0.108971,""bora006"":0.060648,""diablo01"":0.001141,""diablo02"":0.001567}"
beam_time,cloud_homo,3,maddid0000018|maddid0000037|mbackgroundid0000013|mbackgroundid0000014|mbackgroundid0000016|mbackgroundid0000032|mbackgroundid0000033|mbackgroundid0000034|mbackgroundid0000035|mbackgroundid0000052|mbackgroundid0000053|mbackgroundid0000054|mbgmodelid0000050|mconcatfitid0000011|mconcatfitid0000030|mdifffitid0000005|mdifffitid0000010|mdifffitid0000025|mdifffitid0000027|mdifffitid0000029|mdifffitid0000043|mdifffitid0000044|mdifffitid0000048|mimgtblid0000017|mimgtblid0000036|mprojectid0000004|mprojectid0000039|mviewerid0000038|mviewerid0000058,0.2,113.055000,0.466228,0.503637,170.729550,0.000000,0.000000,true,10.141000,22,1017.168000,"{""h4d-standard-192-1"":6,""h4d-standard-192-4"":52}","{""h4d-standard-192-1"":0.004958,""h4d-standard-192-2"":0,""h4d-standard-192-3"":0,""h4d-standard-192-4"":0.014654}"
beam_cost,cloud_homo,3,maddid0000018|maddid0000037|mbackgroundid0000013|mbackgroundid0000014|mbackgroundid0000016|mbackgroundid0000032|mbackgroundid0000033|mbackgroundid0000034|mbackgroundid0000035|mbackgroundid0000052|mbackgroundid0000053|mbackgroundid0000054|mbgmodelid0000050|mconcatfitid0000011|mconcatfitid0000030|mdifffitid0000005|mdifffitid0000010|mdifffitid0000025|mdifffitid0000027|mdifffitid0000029|mdifffitid0000043|mdifffitid0000044|mdifffitid0000048|mimgtblid0000017|mimgtblid0000036|mprojectid0000004|mprojectid0000039|mviewerid0000038|mviewerid0000058,0.2,116.022000,0.253113,0.503637,170.729550,0.000000,0.000000,true,29.746000,39,1063.795000,"{""h4d-standard-192-2"":58}","{""h4d-standard-192-1"":0,""h4d-standard-192-2"":0.020631,""h4d-standard-192-3"":0,""h4d-standard-192-4"":0}"
beam_time,cloud_hetero,3,maddid0000018|maddid0000037|mbackgroundid0000013|mbackgroundid0000014|mbackgroundid0000016|mbackgroundid0000032|mbackgroundid0000033|mbackgroundid0000034|mbackgroundid0000035|mbackgroundid0000052|mbackgroundid0000053|mbackgroundid0000054|mbgmodelid0000050|mconcatfitid0000011|mconcatfitid0000030|mdifffitid0000005|mdifffitid0000010|mdifffitid0000025|mdifffitid0000027|mdifffitid0000029|mdifffitid0000043|mdifffitid0000044|mdifffitid0000048|mimgtblid0000017|mimgtblid0000036|mprojectid0000004|mprojectid0000039|mviewerid0000038|mviewerid0000058,0.2,116.401000,0.399411,0.503637,170.729550,0.000000,0.000000,true,25.568000,45,967.008000,"{""h4d-highmem-192-1"":2,""h4d-standard-192-1"":56}","{""h3-standard-88-1"":0,""h3-standard-88-2"":0,""h4d-highmem-192-1"":0.001616,""h4d-standard-192-1"":0.019445}"
beam_cost,cloud_hetero,3,maddid0000018|maddid0000037|mbackgroundid0000013|mbackgroundid0000014|mbackgroundid0000016|mbackgroundid0000032|mbackgroundid0000033|mbackgroundid0000034|mbackgroundid0000035|mbackgroundid0000052|mbackgroundid0000053|mbackgroundid0000054|mbgmodelid0000050|mconcatfitid0000011|mconcatfitid0000030|mdifffitid0000005|mdifffitid0000010|mdifffitid0000025|mdifffitid0000027|mdifffitid0000029|mdifffitid0000043|mdifffitid0000044|mdifffitid0000048|mimgtblid0000017|mimgtblid0000036|mprojectid0000004|mprojectid0000039|mviewerid0000038|mviewerid0000058,0.2,161.608000,0.221030,0.503637,170.729550,0.000000,0.000000,true,42.033000,43,994.026000,"{""h3-standard-88-2"":58}","{""h3-standard-88-1"":0,""h3-standard-88-2"":0.054877,""h4d-highmem-192-1"":0,""h4d-standard-192-1"":0}"
beam_time,hybrid_homo,3,maddid0000018|maddid0000037|mbackgroundid0000013|mbackgroundid0000014|mbackgroundid0000016|mbackgroundid0000032|mbackgroundid0000033|mbackgroundid0000034|mbackgroundid0000035|mbackgroundid0000052|mbackgroundid0000053|mbackgroundid0000054|mbgmodelid0000050|mconcatfitid0000011|mconcatfitid0000030|mdifffitid0000005|mdifffitid0000010|mdifffitid0000025|mdifffitid0000027|mdifffitid0000029|mdifffitid0000043|mdifffitid0000044|mdifffitid0000048|mimgtblid0000017|mimgtblid0000036|mprojectid0000004|mprojectid0000039|mviewerid0000038|mviewerid0000058,0.2,109.262000,0.499432,0.503637,170.729550,0.000000,0.000000,true,2.934000,5,953.441000,"{""bora009"":9,""bora010"":10,""h4d-standard-192-5"":19,""h4d-standard-192-6"":20}","{""bora009"":0.006086,""bora010"":0.005847,""h4d-standard-192-5"":0.011283,""h4d-standard-192-6"":0.006527}"
beam_cost,hybrid_homo,3,maddid0000018|maddid0000037|mbackgroundid0000013|mbackgroundid0000014|mbackgroundid0000016|mbackgroundid0000032|mbackgroundid0000033|mbackgroundid0000034|mbackgroundid0000035|mbackgroundid0000052|mbackgroundid0000053|mbackgroundid0000054|mbgmodelid0000050|mconcatfitid0000011|mconcatfitid0000030|mdifffitid0000005|mdifffitid0000010|mdifffitid0000025|mdifffitid0000027|mdifffitid0000029|mdifffitid0000043|mdifffitid0000044|mdifffitid0000048|mimgtblid0000017|mimgtblid0000036|mprojectid0000004|mprojectid0000039|mviewerid0000038|mviewerid0000058,0.2,118.418000,0.145668,0.503637,170.729550,0.000000,0.000000,true,19.455000,19,965.689000,"{""bora009"":13,""bora010"":24,""h4d-standard-192-6"":21}","{""bora009"":0.010377,""bora010"":0.017725,""h4d-standard-192-5"":0,""h4d-standard-192-6"":0.015325}"
beam_time,hybrid_hetero,3,maddid0000018|maddid0000037|mbackgroundid0000013|mbackgroundid0000014|mbackgroundid0000016|mbackgroundid0000032|mbackgroundid0000033|mbackgroundid0000034|mbackgroundid0000035|mbackgroundid0000052|mbackgroundid0000053|mbackgroundid0000054|mbgmodelid0000050|mconcatfitid0000011|mconcatfitid0000030|mdifffitid0000005|mdifffitid0000010|mdifffitid0000025|mdifffitid0000027|mdifffitid0000029|mdifffitid0000043|mdifffitid0000044|mdifffitid0000048|mimgtblid0000017|mimgtblid0000036|mprojectid0000004|mprojectid0000039|mviewerid0000038|mviewerid0000058,0.2,113.011000,0.245073,0.503637,170.729550,0.000000,0.000000,true,15.586000,17,847.032000,"{""bora011"":8,""diablo03"":7,""h4d-standard-192-7"":43}","{""bora011"":0.005343,""diablo03"":0.002035,""h3-standard-88-2"":0,""h4d-standard-192-7"":0.018446}"
beam_cost,hybrid_hetero,3,maddid0000018|maddid0000037|mbackgroundid0000013|mbackgroundid0000014|mbackgroundid0000016|mbackgroundid0000032|mbackgroundid0000033|mbackgroundid0000034|mbackgroundid0000035|mbackgroundid0000052|mbackgroundid0000053|mbackgroundid0000054|mbgmodelid0000050|mconcatfitid0000011|mconcatfitid0000030|mdifffitid0000005|mdifffitid0000010|mdifffitid0000025|mdifffitid0000027|mdifffitid0000029|mdifffitid0000043|mdifffitid0000044|mdifffitid0000048|mimgtblid0000017|mimgtblid0000036|mprojectid0000004|mprojectid0000039|mviewerid0000038|mviewerid0000058,0.2,120.617000,0.145666,0.503637,170.729550,0.000000,0.000000,true,19.884000,19,850.421000,"{""bora011"":15,""diablo03"":20,""h4d-standard-192-7"":23}","{""bora011"":0.011728,""diablo03"":0.009291,""h3-standard-88-2"":0,""h4d-standard-192-7"":0.015207}"
beam_time,cluster_homo,4,maddid0000056|mbackgroundid0000013|mbackgroundid0000016|mbackgroundid0000032|mbackgroundid0000033|mbackgroundid0000034|mbackgroundid0000052|mbackgroundid0000053|mdifffitid0000005|mdifffitid0000006|mdifffitid0000009|mdifffitid0000010|mdifffitid0000027|mdifffitid0000028|mdifffitid0000044|mdifffitid0000045|mdifffitid0000047|mdifffitid0000048|mimgtblid0000036|mimgtblid0000055|mprojectid0000001|mprojectid0000003|mprojectid0000021|mprojectid0000022|mprojectid0000023|mprojectid0000039|mprojectid0000040|mviewerid0000038|mviewerid0000058,0.2,313.685000,0.000000,0.503637,170.729550,0.000000,142.955000,false,125.131000,11,654.179000,"{""bora001"":15,""bora002"":16,""bora003"":12,""bora004"":15}","{""bora001"":0.076045,""bora002"":0.031065,""bora003"":0.03956,""bora004"":0.026452}"
beam_cost,cluster_homo,4,maddid0000056|mbackgroundid0000013|mbackgroundid0000016|mbackgroundid0000032|mbackgroundid0000033|mbackgroundid0000034|mbackgroundid0000052|mbackgroundid0000053|mdifffitid0000005|mdifffitid0000006|mdifffitid0000009|mdifffitid0000010|mdifffitid0000027|mdifffitid0000028|mdifffitid0000044|mdifffitid0000045|mdifffitid0000047|mdifffitid0000048|mimgtblid0000036|mimgtblid0000055|mprojectid0000001|mprojectid0000003|mprojectid0000021|mprojectid0000022|mprojectid0000023|mprojectid0000039|mprojectid0000040|mviewerid0000038|mviewerid0000058,0.2,313.685000,0.000000,0.503637,170.729550,0.000000,142.955000,false,125.131000,11,670.824000,"{""bora001"":15,""bora002"":16,""bora003"":12,""bora004"":15}","{""bora001"":0.076045,""bora002"":0.031065,""bora003"":0.03956,""bora004"":0.026452}"
beam_time,cluster_hetero,4,maddid0000056|mbackgroundid0000013|mbackgroundid0000016|mbackgroundid0000032|mbackgroundid0000033|mbackgroundid0000034|mbackgroundid0000052|mbackgroundid0000053|mdifffitid0000005|mdifffitid0000006|mdifffitid0000009|mdifffitid0000010|mdifffitid0000027|mdifffitid0000028|mdifffitid0000044|mdifffitid0000045|mdifffitid0000047|mdifffitid0000048|mimgtblid0000036|mimgtblid0000055|mprojectid0000001|mprojectid0000003|mprojectid0000021|mprojectid0000022|mprojectid0000023|mprojectid0000039|mprojectid0000040|mviewerid0000038|mviewerid0000058,0.2,354.329000,0.000000,0.503637,170.729550,0.000000,183.599000,false,140.707000,13,733.280000,"{""bora005"":21,""bora006"":19,""diablo01"":9,""diablo02"":9}","{""bora005"":0.074578,""bora006"":0.04671,""diablo01"":0.01013,""diablo02"":0.012997}"
beam_cost,cluster_hetero,4,maddid0000056|mbackgroundid0000013|mbackgroundid0000016|mbackgroundid0000032|mbackgroundid0000033|mbackgroundid0000034|mbackgroundid0000052|mbackgroundid0000053|mdifffitid0000005|mdifffitid0000006|mdifffitid0000009|mdifffitid0000010|mdifffitid0000027|mdifffitid0000028|mdifffitid0000044|mdifffitid0000045|mdifffitid0000047|mdifffitid0000048|mimgtblid0000036|mimgtblid0000055|mprojectid0000001|mprojectid0000003|mprojectid0000021|mprojectid0000022|mprojectid0000023|mprojectid0000039|mprojectid0000040|mviewerid0000038|mviewerid0000058,0.2,354.329000,0.000000,0.503637,170.729550,0.000000,183.599000,false,140.707000,13,706.975000,"{""bora005"":21,""bora006"":19,""diablo01"":9,""diablo02"":9}","{""bora005"":0.074578,""bora006"":0.04671,""diablo01"":0.01013,""diablo02"":0.012997}"
beam_time,cloud_homo,4,maddid0000056|mbackgroundid0000013|mbackgroundid0000016|mbackgroundid0000032|mbackgroundid0000033|mbackgroundid0000034|mbackgroundid0000052|mbackgroundid0000053|mdifffitid0000005|mdifffitid0000006|mdifffitid0000009|mdifffitid0000010|mdifffitid0000027|mdifffitid0000028|mdifffitid0000044|mdifffitid0000045|mdifffitid0000047|mdifffitid0000048|mimgtblid0000036|mimgtblid0000055|mprojectid0000001|mprojectid0000003|mprojectid0000021|mprojectid0000022|mprojectid0000023|mprojectid0000039|mprojectid0000040|mviewerid0000038|mviewerid0000058,0.2,121.046000,0.451229,0.503637,170.729550,0.000000,0.000000,true,70.512000,45,986.883000,"{""h4d-standard-192-2"":4,""h4d-standard-192-4"":54}","{""h4d-standard-192-1"":0,""h4d-standard-192-2"":0.004858,""h4d-standard-192-3"":0,""h4d-standard-192-4"":0.016462}"
beam_cost,cloud_homo,4,maddid0000056|mbackgroundid0000013|mbackgroundid0000016|mbackgroundid0000032|mbackgroundid0000033|mbackgroundid0000034|mbackgroundid0000052|mbackgroundid0000053|mdifffitid0000005|mdifffitid0000006|mdifffitid0000009|mdifffitid0000010|mdifffitid0000027|mdifffitid0000028|mdifffitid0000044|mdifffitid0000045|mdifffitid0000047|mdifffitid0000048|mimgtblid0000036|mimgtblid0000055|mprojectid0000001|mprojectid0000003|mprojectid0000021|mprojectid0000022|mprojectid0000023|mprojectid0000039|mprojectid0000040|mviewerid0000038|mviewerid0000058,0.2,149.601000,0.326372,0.503637,170.729550,0.000000,0.000000,true,169.846000,71,1052.377000,"{""h4d-standard-192-2"":58}","{""h4d-standard-192-1"":0,""h4d-standard-192-2"":0.020877,""h4d-standard-192-3"":0,""h4d-standard-192-4"":0}"
beam_time,cloud_hetero,4,maddid0000056|mbackgroundid0000013|mbackgroundid0000016|mbackgroundid0000032|mbackgroundid0000033|mbackgroundid0000034|mbackgroundid0000052|mbackgroundid0000053|mdifffitid0000005|mdifffitid0000006|mdifffitid0000009|mdifffitid0000010|mdifffitid0000027|mdifffitid0000028|mdifffitid0000044|mdifffitid0000045|mdifffitid0000047|mdifffitid0000048|mimgtblid0000036|mimgtblid0000055|mprojectid0000001|mprojectid0000003|mprojectid0000021|mprojectid0000022|mprojectid0000023|mprojectid0000039|mprojectid0000040|mviewerid0000038|mviewerid0000058,0.2,170.147000,0.405959,0.503637,170.729550,0.000000,0.000000,true,170.075000,78,992.985000,"{""h3-standard-88-2"":15,""h4d-standard-192-1"":43}","{""h3-standard-88-1"":0,""h3-standard-88-2"":0.001759,""h4d-highmem-192-1"":0,""h4d-standard-192-1"":0.017661}"
beam_cost,cloud_hetero,4,maddid0000056|mbackgroundid0000013|mbackgroundid0000016|mbackgroundid0000032|mbackgroundid0000033|mbackgroundid0000034|mbackgroundid0000052|mbackgroundid0000053|mdifffitid0000005|mdifffitid0000006|mdifffitid0000009|mdifffitid0000010|mdifffitid0000027|mdifffitid0000028|mdifffitid0000044|mdifffitid0000045|mdifffitid0000047|mdifffitid0000048|mimgtblid0000036|mimgtblid0000055|mprojectid0000001|mprojectid0000003|mprojectid0000021|mprojectid0000022|mprojectid0000023|mprojectid0000039|mprojectid0000040|mviewerid0000038|mviewerid0000058,0.2,170.147000,0.405959,0.503637,170.729550,0.000000,0.000000,true,170.075000,78,959.562000,"{""h3-standard-88-2"":15,""h4d-standard-192-1"":43}","{""h3-standard-88-1"":0,""h3-standard-88-2"":0.001759,""h4d-highmem-192-1"":0,""h4d-standard-192-1"":0.017661}"
beam_time,hybrid_homo,4,maddid0000056|mbackgroundid0000013|mbackgroundid0000016|mbackgroundid0000032|mbackgroundid0000033|mbackgroundid0000034|mbackgroundid0000052|mbackgroundid0000053|mdifffitid0000005|mdifffitid0000006|mdifffitid0000009|mdifffitid0000010|mdifffitid0000027|mdifffitid0000028|mdifffitid0000044|mdifffitid0000045|mdifffitid0000047|mdifffitid0000048|mimgtblid0000036|mimgtblid0000055|mprojectid0000001|mprojectid0000003|mprojectid0000021|mprojectid0000022|mprojectid0000023|mprojectid0000039|mprojectid0000040|mviewerid0000038|mviewerid0000058,0.2,118.677000,0.467640,0.503637,170.729550,0.000000,0.000000,true,61.712000,21,972.190000,"{""bora009"":12,""bora010"":13,""h4d-standard-192-5"":8,""h4d-standard-192-6"":25}","{""bora009"":0.007665,""bora010"":0.008453,""h4d-standard-192-5"":0.010119,""h4d-standard-192-6"":0.008417}"
beam_cost,hybrid_homo,4,maddid0000056|mbackgroundid0000013|mbackgroundid0000016|mbackgroundid0000032|mbackgroundid0000033|mbackgroundid0000034|mbackgroundid0000052|mbackgroundid0000053|mdifffitid0000005|mdifffitid0000006|mdifffitid0000009|mdifffitid0000010|mdifffitid0000027|mdifffitid0000028|mdifffitid0000044|mdifffitid0000045|mdifffitid0000047|mdifffitid0000048|mimgtblid0000036|mimgtblid0000055|mprojectid0000001|mprojectid0000003|mprojectid0000021|mprojectid0000022|mprojectid0000023|mprojectid0000039|mprojectid0000040|mviewerid0000038|mviewerid0000058,0.2,147.235000,0.213417,0.503637,170.729550,0.000000,0.000000,true,116.741000,40,922.356000,"{""bora009"":12,""bora010"":18,""h4d-standard-192-6"":28}","{""bora009"":0.006266,""bora010"":0.018429,""h4d-standard-192-5"":0,""h4d-standard-192-6"":0.016458}"
beam_time,hybrid_hetero,4,maddid0000056|mbackgroundid0000013|mbackgroundid0000016|mbackgroundid0000032|mbackgroundid0000033|mbackgroundid0000034|mbackgroundid0000052|mbackgroundid0000053|mdifffitid0000005|mdifffitid0000006|mdifffitid0000009|mdifffitid0000010|mdifffitid0000027|mdifffitid0000028|mdifffitid0000044|mdifffitid0000045|mdifffitid0000047|mdifffitid0000048|mimgtblid0000036|mimgtblid0000055|mprojectid0000001|mprojectid0000003|mprojectid0000021|mprojectid0000022|mprojectid0000023|mprojectid0000039|mprojectid0000040|mviewerid0000038|mviewerid0000058,0.2,146.003000,0.503300,0.503637,170.729550,0.000000,0.000000,true,114.828000,37,831.729000,"{""bora011"":10,""diablo03"":7,""h3-standard-88-2"":7,""h4d-standard-192-7"":34}","{""bora011"":0.005233,""diablo03"":0.001462,""h3-standard-88-2"":0.002652,""h4d-standard-192-7"":0.016797}"
beam_cost,hybrid_hetero,4,maddid0000056|mbackgroundid0000013|mbackgroundid0000016|mbackgroundid0000032|mbackgroundid0000033|mbackgroundid0000034|mbackgroundid0000052|mbackgroundid0000053|mdifffitid0000005|mdifffitid0000006|mdifffitid0000009|mdifffitid0000010|mdifffitid0000027|mdifffitid0000028|mdifffitid0000044|mdifffitid0000045|mdifffitid0000047|mdifffitid0000048|mimgtblid0000036|mimgtblid0000055|mprojectid0000001|mprojectid0000003|mprojectid0000021|mprojectid0000022|mprojectid0000023|mprojectid0000039|mprojectid0000040|mviewerid0000038|mviewerid0000058,0.2,149.194000,0.213417,0.503637,170.729550,0.000000,0.000000,true,115.608000,36,833.435000,"{""bora011"":14,""diablo03"":19,""h4d-standard-192-7"":25}","{""bora011"":0.008391,""diablo03"":0.012848,""h3-standard-88-2"":0,""h4d-standard-192-7"":0.015803}"
beam_time,cluster_homo,5,maddid0000037|maddid0000056|mbackgroundid0000013|mbackgroundid0000014|mbackgroundid0000016|mbackgroundid0000033|mbackgroundid0000034|mbackgroundid0000035|mbackgroundid0000051|mbgmodelid0000012|mbgmodelid0000050|mconcatfitid0000011|mconcatfitid0000030|mconcatfitid0000049|mdifffitid0000007|mdifffitid0000024|mdifffitid0000028|mdifffitid0000045|mdifffitid0000048|mimgtblid0000017|mimgtblid0000036|mprojectid0000001|mprojectid0000004|mprojectid0000021|mprojectid0000023|mprojectid0000041|mviewerid0000038|mviewerid0000057|mviewerid0000058,0.2,292.983000,0.000000,0.503637,170.729550,0.000000,122.253000,false,22.306000,3,674.962000,"{""bora001"":18,""bora002"":19,""bora003"":9,""bora004"":12}","{""bora001"":0.079951,""bora002"":0.044979,""bora003"":0.023047,""bora004"":0.02744}"
beam_cost,cluster_homo,5,maddid0000037|maddid0000056|mbackgroundid0000013|mbackgroundid0000014|mbackgroundid0000016|mbackgroundid0000033|mbackgroundid0000034|mbackgroundid0000035|mbackgroundid0000051|mbgmodelid0000012|mbgmodelid0000050|mconcatfitid0000011|mconcatfitid0000030|mconcatfitid0000049|mdifffitid0000007|mdifffitid0000024|mdifffitid0000028|mdifffitid0000045|mdifffitid0000048|mimgtblid0000017|mimgtblid0000036|mprojectid0000001|mprojectid0000004|mprojectid0000021|mprojectid0000023|mprojectid0000041|mviewerid0000038|mviewerid0000057|mviewerid0000058,0.2,292.983000,0.000000,0.503637,170.729550,0.000000,122.253000,false,22.306000,3,658.397000,"{""bora001"":18,""bora002"":19,""bora003"":9,""bora004"":12}","{""bora001"":0.079951,""bora002"":0.044979,""bora003"":0.023047,""bora004"":0.02744}"
beam_time,cluster_hetero,5,maddid0000037|maddid0000056|mbackgroundid0000013|mbackgroundid0000014|mbackgroundid0000016|mbackgroundid0000033|mbackgroundid0000034|mbackgroundid0000035|mbackgroundid0000051|mbgmodelid0000012|mbgmodelid0000050|mconcatfitid0000011|mconcatfitid0000030|mconcatfitid0000049|mdifffitid0000007|mdifffitid0000024|mdifffitid0000028|mdifffitid0000045|mdifffitid0000048|mimgtblid0000017|mimgtblid0000036|mprojectid0000001|mprojectid0000004|mprojectid0000021|mprojectid0000023|mprojectid0000041|mviewerid0000038|mviewerid0000057|mviewerid0000058,0.2,293.451000,0.000000,0.503637,170.729550,0.000000,122.721000,false,58.571000,6,717.684000,"{""bora005"":21,""bora006"":22,""diablo01"":6,""diablo02"":9}","{""bora005"":0.101199,""bora006"":0.064631,""diablo01"":0.007993,""diablo02"":0.001215}"
beam_cost,cluster_hetero,5,maddid0000037|maddid0000056|mbackgroundid0000013|mbackgroundid0000014|mbackgroundid0000016|mbackgroundid0000033|mbackgroundid0000034|mbackgroundid0000035|mbackgroundid0000051|mbgmodelid0000012|mbgmodelid0000050|mconcatfitid0000011|mconcatfitid0000030|mconcatfitid0000049|mdifffitid0000007|mdifffitid0000024|mdifffitid0000028|mdifffitid0000045|mdifffitid0000048|mimgtblid0000017|mimgtblid0000036|mprojectid0000001|mprojectid0000004|mprojectid0000021|mprojectid0000023|mprojectid0000041|mviewerid0000038|mviewerid0000057|mviewerid0000058,0.2,293.451000,0.000000,0.503637,170.729550,0.000000,122.721000,false,58.571000,6,756.954000,"{""bora005"":21,""bora006"":22,""diablo01"":6,""diablo02"":9}","{""bora005"":0.101199,""bora006"":0.064631,""diablo01"":0.007993,""diablo02"":0.001215}"
beam_time,cloud_homo,5,maddid0000037|maddid0000056|mbackgroundid0000013|mbackgroundid0000014|mbackgroundid0000016|mbackgroundid0000033|mbackgroundid0000034|mbackgroundid0000035|mbackgroundid0000051|mbgmodelid0000012|mbgmodelid0000050|mconcatfitid0000011|mconcatfitid0000030|mconcatfitid0000049|mdifffitid0000007|mdifffitid0000024|mdifffitid0000028|mdifffitid0000045|mdifffitid0000048|mimgtblid0000017|mimgtblid0000036|mprojectid0000001|mprojectid0000004|mprojectid0000021|mprojectid0000023|mprojectid0000041|mviewerid0000038|mviewerid0000057|mviewerid0000058,0.2,113.055000,0.376736,0.503637,170.729550,0.000000,0.000000,true,22.782000,24,1036.094000,"{""h4d-standard-192-3"":2,""h4d-standard-192-4"":56}","{""h4d-standard-192-1"":0,""h4d-standard-192-2"":0,""h4d-standard-192-3"":0.002537,""h4d-standard-192-4"":0.018069}"
beam_cost,cloud_homo,5,maddid0000037|maddid0000056|mbackgroundid0000013|mbackgroundid0000014|mbackgroundid0000016|mbackgroundid0000033|mbackgroundid0000034|mbackgroundid0000035|mbackgroundid0000051|mbgmodelid0000012|mbgmodelid0000050|mconcatfitid0000011|mconcatfitid0000030|mconcatfitid0000049|mdifffitid0000007|mdifffitid0000024|mdifffitid0000028|mdifffitid0000045|mdifffitid0000048|mimgtblid0000017|mimgtblid0000036|mprojectid0000001|mprojectid0000004|mprojectid0000021|mprojectid0000023|mprojectid0000041|mviewerid0000038|mviewerid0000057|mviewerid0000058,0.2,115.519000,0.252011,0.503637,170.729550,0.000000,0.000000,true,58.354000,36,1032.673000,"{""h4d-standard-192-2"":58}","{""h4d-standard-192-1"":0,""h4d-standard-192-2"":0.02201,""h4d-standard-192-3"":0,""h4d-standard-192-4"":0}"
beam_time,cloud_hetero,5,maddid0000037|maddid0000056|mbackgroundid0000013|mbackgroundid0000014|mbackgroundid0000016|mbackgroundid0000033|mbackgroundid0000034|mbackgroundid0000035|mbackgroundid0000051|mbgmodelid0000012|mbgmodelid0000050|mconcatfitid0000011|mconcatfitid0000030|mconcatfitid0000049|mdifffitid0000007|mdifffitid0000024|mdifffitid0000028|mdifffitid0000045|mdifffitid0000048|mimgtblid0000017|mimgtblid0000036|mprojectid0000001|mprojectid0000004|mprojectid0000021|mprojectid0000023|mprojectid0000041|mviewerid0000038|mviewerid0000057|mviewerid0000058,0.2,115.998000,0.461429,0.503637,170.729550,0.000000,0.000000,true,32.579000,31,986.765000,"{""h3-standard-88-2"":2,""h4d-highmem-192-1"":4,""h4d-standard-192-1"":52}","{""h3-standard-88-1"":0,""h3-standard-88-2"":0.000252,""h4d-highmem-192-1"":0.002357,""h4d-standard-192-1"":0.018794}"
beam_cost,cloud_hetero,5,maddid0000037|maddid0000056|mbackgroundid0000013|mbackgroundid0000014|mbackgroundid0000016|mbackgroundid0000033|mbackgroundid0000034|mbackgroundid0000035|mbackgroundid0000051|mbgmodelid0000012|mbgmodelid0000050|mconcatfitid0000011|mconcatfitid0000030|mconcatfitid0000049|mdifffitid0000007|mdifffitid0000024|mdifffitid0000028|mdifffitid0000045|mdifffitid0000048|mimgtblid0000017|mimgtblid0000036|mprojectid0000001|mprojectid0000004|mprojectid0000021|mprojectid0000023|mprojectid0000041|mviewerid0000038|mviewerid0000057|mviewerid0000058,0.2,124.660000,0.376048,0.503637,170.729550,0.000000,0.000000,true,57.625000,38,970.321000,"{""h3-standard-88-1"":28,""h4d-standard-192-1"":30}","{""h3-standard-88-1"":0.00854,""h3-standard-88-2"":0,""h4d-highmem-192-1"":0,""h4d-standard-192-1"":0.017322}"
beam_time,hybrid_homo,5,maddid0000037|maddid0000056|mbackgroundid0000013|mbackgroundid0000014|mbackgroundid0000016|mbackgroundid0000033|mbackgroundid0000034|mbackgroundid0000035|mbackgroundid0000051|mbgmodelid0000012|mbgmodelid0000050|mconcatfitid0000011|mconcatfitid0000030|mconcatfitid0000049|mdifffitid0000007|mdifffitid0000024|mdifffitid0000028|mdifffitid0000045|mdifffitid0000048|mimgtblid0000017|mimgtblid0000036|mprojectid0000001|mprojectid0000004|mprojectid0000021|mprojectid0000023|mprojectid0000041|mviewerid0000038|mviewerid0000057|mviewerid0000058,0.2,109.262000,0.499979,0.503637,170.729550,0.000000,0.000000,true,20.173000,10,978.948000,"{""bora009"":7,""bora010"":13,""h4d-standard-192-5"":15,""h4d-standard-192-6"":23}","{""bora009"":0.004957,""bora010"":0.008664,""h4d-standard-192-5"":0.009709,""h4d-standard-192-6"":0.00891}"
beam_cost,hybrid_homo,5,maddid0000037|maddid0000056|mbackgroundid0000013|mbackgroundid0000014|mbackgroundid0000016|mbackgroundid0000033|mbackgroundid0000034|mbackgroundid0000035|mbackgroundid0000051|mbgmodelid0000012|mbgmodelid0000050|mconcatfitid0000011|mconcatfitid0000030|mconcatfitid0000049|mdifffitid0000007|mdifffitid0000024|mdifffitid0000028|mdifffitid0000045|mdifffitid0000048|mimgtblid0000017|mimgtblid0000036|mprojectid0000001|mprojectid0000004|mprojectid0000021|mprojectid0000023|mprojectid0000041|mviewerid0000038|mviewerid0000057|mviewerid0000058,0.2,116.894000,0.132422,0.503637,170.729550,0.000000,0.000000,true,40.424000,20,985.636000,"{""bora009"":18,""bora010"":25,""h4d-standard-192-5"":15}","{""bora009"":0.014154,""bora010"":0.030759,""h4d-standard-192-5"":0.016067,""h4d-standard-192-6"":0}"
beam_time,hybrid_hetero,5,maddid0000037|maddid0000056|mbackgroundid0000013|mbackgroundid0000014|mbackgroundid0000016|mbackgroundid0000033|mbackgroundid0000034|mbackgroundid0000035|mbackgroundid0000051|mbgmodelid0000012|mbgmodelid0000050|mconcatfitid0000011|mconcatfitid0000030|mconcatfitid0000049|mdifffitid0000007|mdifffitid0000024|mdifffitid0000028|mdifffitid0000045|mdifffitid0000048|mimgtblid0000017|mimgtblid0000036|mprojectid0000001|mprojectid0000004|mprojectid0000021|mprojectid0000023|mprojectid0000041|mviewerid0000038|mviewerid0000057|mviewerid0000058,0.2,112.537000,0.243595,0.503637,170.729550,0.000000,0.000000,true,49.036000,20,879.236000,"{""bora011"":8,""diablo03"":8,""h4d-standard-192-7"":42}","{""bora011"":0.005028,""diablo03"":0.002665,""h3-standard-88-2"":0,""h4d-standard-192-7"":0.020086}"
beam_cost,hybrid_hetero,5,maddid0000037|maddid0000056|mbackgroundid0000013|mbackgroundid0000014|mbackgroundid0000016|mbackgroundid0000033|mbackgroundid0000034|mbackgroundid0000035|mbackgroundid0000051|mbgmodelid0000012|mbgmodelid0000050|mconcatfitid0000011|mconcatfitid0000030|mconcatfitid0000049|mdifffitid0000007|mdifffitid0000024|mdifffitid0000028|mdifffitid0000045|mdifffitid0000048|mimgtblid0000017|mimgtblid0000036|mprojectid0000001|mprojectid0000004|mprojectid0000021|mprojectid0000023|mprojectid0000041|mviewerid0000038|mviewerid0000057|mviewerid0000058,0.2,120.197000,0.136437,0.503637,170.729550,0.000000,0.000000,true,38.332000,18,863.405000,"{""bora011"":22,""diablo03"":20,""h4d-standard-192-7"":16}","{""bora011"":0.029695,""diablo03"":0.00929,""h3-standard-88-2"":0,""h4d-standard-192-7"":0.015225}"
beam_time,cluster_homo,6,maddid0000018|maddid0000056|mbackgroundid0000013|mbackgroundid0000016|mbackgroundid0000033|mbackgroundid0000034|mbackgroundid0000035|mbackgroundid0000053|mbgmodelid0000031|mconcatfitid0000030|mdifffitid0000005|mdifffitid0000007|mdifffitid0000008|mdifffitid0000009|mdifffitid0000010|mdifffitid0000024|mdifffitid0000025|mdifffitid0000027|mdifffitid0000028|mdifffitid0000045|mdifffitid0000046|mdifffitid0000048|mprojectid0000002|mprojectid0000004|mprojectid0000039|mprojectid0000040|mprojectid0000041|mviewerid0000019|mviewerid0000057,0.2,292.983000,0.000000,0.503637,170.729550,0.000000,122.253000,false,27.172000,11,664.913000,"{""bora001"":19,""bora002"":17,""bora003"":10,""bora004"":12}","{""bora001"":0.080352,""bora002"":0.044424,""bora003"":0.023284,""bora004"":0.027823}"
beam_cost,cluster_homo,6,maddid0000018|maddid0000056|mbackgroundid0000013|mbackgroundid0000016|mbackgroundid0000033|mbackgroundid0000034|mbackgroundid0000035|mbackgroundid0000053|mbgmodelid0000031|mconcatfitid0000030|mdifffitid0000005|mdifffitid0000007|mdifffitid0000008|mdifffitid0000009|mdifffitid0000010|mdifffitid0000024|mdifffitid0000025|mdifffitid0000027|mdifffitid0000028|mdifffitid0000045|mdifffitid0000046|mdifffitid0000048|mprojectid0000002|mprojectid0000004|mprojectid0000039|mprojectid0000040|mprojectid0000041|mviewerid0000019|mviewerid0000057,0.2,292.983000,0.000000,0.503637,170.729550,0.000000,122.253000,false,27.172000,11,656.535000,"{""bora001"":19,""bora002"":17,""bora003"":10,""bora004"":12}","{""bora001"":0.080352,""bora002"":0.044424,""bora003"":0.023284,""bora004"":0.027823}"
beam_time,cluster_hetero,6,maddid0000018|maddid0000056|mbackgroundid0000013|mbackgroundid0000016|mbackgroundid0000033|mbackgroundid0000034|mbackgroundid0000035|mbackgroundid0000053|mbgmodelid0000031|mconcatfitid0000030|mdifffitid0000005|mdifffitid0000007|mdifffitid0000008|mdifffitid0000009|mdifffitid0000010|mdifffitid0000024|mdifffitid0000025|mdifffitid0000027|mdifffitid0000028|mdifffitid0000045|mdifffitid0000046|mdifffitid0000048|mprojectid0000002|mprojectid0000004|mprojectid0000039|mprojectid0000040|mprojectid0000041|mviewerid0000019|mviewerid0000057,0.2,310.818000,0.000000,0.503637,170.729550,0.000000,140.088000,false,71.146000,9,727.219000,"{""bora005"":23,""bora006"":19,""diablo01"":7,""diablo02"":9}","{""bora005"":0.091374,""bora006"":0.065659,""diablo01"":0.007852,""diablo02"":0.001147}"
beam_cost,cluster_hetero,6,maddid0000018|maddid0000056|mbackgroundid0000013|mbackgroundid0000016|mbackgroundid0000033|mbackgroundid0000034|mbackgroundid0000035|mbackgroundid0000053|mbgmodelid0000031|mconcatfitid0000030|mdifffitid0000005|mdifffitid0000007|mdifffitid0000008|mdifffitid0000009|mdifffitid0000010|mdifffitid0000024|mdifffitid0000025|mdifffitid0000027|mdifffitid0000028|mdifffitid0000045|mdifffitid0000046|mdifffitid0000048|mprojectid0000002|mprojectid0000004|mprojectid0000039|mprojectid0000040|mprojectid0000041|mviewerid0000019|mviewerid0000057,0.2,310.818000,0.000000,0.503637,170.729550,0.000000,140.088000,false,71.146000,9,728.884000,"{""bora005"":23,""bora006"":19,""diablo01"":7,""diablo02"":9}","{""bora005"":0.091374,""bora006"":0.065659,""diablo01"":0.007852,""diablo02"":0.001147}"
beam_time,cloud_homo,6,maddid0000018|maddid0000056|mbackgroundid0000013|mbackgroundid0000016|mbackgroundid0000033|mbackgroundid0000034|mbackgroundid0000035|mbackgroundid0000053|mbgmodelid0000031|mconcatfitid0000030|mdifffitid0000005|mdifffitid0000007|mdifffitid0000008|mdifffitid0000009|mdifffitid0000010|mdifffitid0000024|mdifffitid0000025|mdifffitid0000027|mdifffitid0000028|mdifffitid0000045|mdifffitid0000046|mdifffitid0000048|mprojectid0000002|mprojectid0000004|mprojectid0000039|mprojectid0000040|mprojectid0000041|mviewerid0000019|mviewerid0000057,0.2,124.438000,0.439641,0.503637,170.729550,0.000000,0.000000,true,36.836000,34,1036.611000,"{""h4d-standard-192-2"":3,""h4d-standard-192-4"":55}","{""h4d-standard-192-1"":0,""h4d-standard-192-2"":0.002895,""h4d-standard-192-3"":0,""h4d-standard-192-4"":0.016408}"
beam_cost,cloud_homo,6,maddid0000018|maddid0000056|mbackgroundid0000013|mbackgroundid0000016|mbackgroundid0000033|mbackgroundid0000034|mbackgroundid0000035|mbackgroundid0000053|mbgmodelid0000031|mconcatfitid0000030|mdifffitid0000005|mdifffitid0000007|mdifffitid0000008|mdifffitid0000009|mdifffitid0000010|mdifffitid0000024|mdifffitid0000025|mdifffitid0000027|mdifffitid0000028|mdifffitid0000045|mdifffitid0000046|mdifffitid0000048|mprojectid0000002|mprojectid0000004|mprojectid0000039|mprojectid0000040|mprojectid0000041|mviewerid0000019|mviewerid0000057,0.2,125.655000,0.274132,0.503637,170.729550,0.000000,0.000000,true,97.620000,72,1044.134000,"{""h4d-standard-192-2"":58}","{""h4d-standard-192-1"":0,""h4d-standard-192-2"":0.021862,""h4d-standard-192-3"":0,""h4d-standard-192-4"":0}"
beam_time,cloud_hetero,6,maddid0000018|maddid0000056|mbackgroundid0000013|mbackgroundid0000016|mbackgroundid0000033|mbackgroundid0000034|mbackgroundid0000035|mbackgroundid0000053|mbgmodelid0000031|mconcatfitid0000030|mdifffitid0000005|mdifffitid0000007|mdifffitid0000008|mdifffitid0000009|mdifffitid0000010|mdifffitid0000024|mdifffitid0000025|mdifffitid0000027|mdifffitid0000028|mdifffitid0000045|mdifffitid0000046|mdifffitid0000048|mprojectid0000002|mprojectid0000004|mprojectid0000039|mprojectid0000040|mprojectid0000041|mviewerid0000019|mviewerid0000057,0.2,122.687000,0.485121,0.503637,170.729550,0.000000,0.000000,true,38.316000,37,967.016000,"{""h4d-highmem-192-1"":54,""h4d-standard-192-1"":4}","{""h3-standard-88-1"":0,""h3-standard-88-2"":0,""h4d-highmem-192-1"":0.016472,""h4d-standard-192-1"":0.003067}"
beam_cost,cloud_hetero,6,maddid0000018|maddid0000056|mbackgroundid0000013|mbackgroundid0000016|mbackgroundid0000033|mbackgroundid0000034|mbackgroundid0000035|mbackgroundid0000053|mbgmodelid0000031|mconcatfitid0000030|mdifffitid0000005|mdifffitid0000007|mdifffitid0000008|mdifffitid0000009|mdifffitid0000010|mdifffitid0000024|mdifffitid0000025|mdifffitid0000027|mdifffitid0000028|mdifffitid0000045|mdifffitid0000046|mdifffitid0000048|mprojectid0000002|mprojectid0000004|mprojectid0000039|mprojectid0000040|mprojectid0000041|mviewerid0000019|mviewerid0000057,0.2,144.219000,0.354566,0.503637,170.729550,0.000000,0.000000,true,92.855000,73,985.283000,"{""h3-standard-88-2"":13,""h4d-standard-192-1"":45}","{""h3-standard-88-1"":0,""h3-standard-88-2"":0.001779,""h4d-highmem-192-1"":0,""h4d-standard-192-1"":0.018039}"
beam_time,hybrid_homo,6,maddid0000018|maddid0000056|mbackgroundid0000013|mbackgroundid0000016|mbackgroundid0000033|mbackgroundid0000034|mbackgroundid0000035|mbackgroundid0000053|mbgmodelid0000031|mconcatfitid0000030|mdifffitid0000005|mdifffitid0000007|mdifffitid0000008|mdifffitid0000009|mdifffitid0000010|mdifffitid0000024|mdifffitid0000025|mdifffitid0000027|mdifffitid0000028|mdifffitid0000045|mdifffitid0000046|mdifffitid0000048|mprojectid0000002|mprojectid0000004|mprojectid0000039|mprojectid0000040|mprojectid0000041|mviewerid0000019|mviewerid0000057,0.2,115.551000,0.498986,0.503637,170.729550,0.000000,0.000000,true,28.832000,17,950.131000,"{""bora009"":9,""bora010"":11,""h4d-standard-192-5"":18,""h4d-standard-192-6"":20}","{""bora009"":0.005273,""bora010"":0.005741,""h4d-standard-192-5"":0.011597,""h4d-standard-192-6"":0.006431}"
beam_cost,hybrid_homo,6,maddid0000018|maddid0000056|mbackgroundid0000013|mbackgroundid0000016|mbackgroundid0000033|mbackgroundid0000034|mbackgroundid0000035|mbackgroundid0000053|mbgmodelid0000031|mconcatfitid0000030|mdifffitid0000005|mdifffitid0000007|mdifffitid0000008|mdifffitid0000009|mdifffitid0000010|mdifffitid0000024|mdifffitid0000025|mdifffitid0000027|mdifffitid0000028|mdifffitid0000045|mdifffitid0000046|mdifffitid0000048|mprojectid0000002|mprojectid0000004|mprojectid0000039|mprojectid0000040|mprojectid0000041|mviewerid0000019|mviewerid0000057,0.2,122.877000,0.160277,0.503637,170.729550,0.000000,0.000000,true,46.370000,30,914.919000,"{""bora009"":14,""bora010"":21,""h4d-standard-192-6"":23}","{""bora009"":0.024,""bora010"":0.012223,""h4d-standard-192-5"":0,""h4d-standard-192-6"":0.01625}"
beam_time,hybrid_hetero,6,maddid0000018|maddid0000056|mbackgroundid0000013|mbackgroundid0000016|mbackgroundid0000033|mbackgroundid0000034|mbackgroundid0000035|mbackgroundid0000053|mbgmodelid0000031|mconcatfitid0000030|mdifffitid0000005|mdifffitid0000007|mdifffitid0000008|mdifffitid0000009|mdifffitid0000010|mdifffitid0000024|mdifffitid0000025|mdifffitid0000027|mdifffitid0000028|mdifffitid0000045|mdifffitid0000046|mdifffitid0000048|mprojectid0000002|mprojectid0000004|mprojectid0000039|mprojectid0000040|mprojectid0000041|mviewerid0000019|mviewerid0000057,0.2,124.836000,0.160277,0.503637,170.729550,0.000000,0.000000,true,46.370000,30,846.281000,"{""bora011"":14,""diablo03"":21,""h4d-standard-192-7"":23}","{""bora011"":0.023623,""diablo03"":0.007815,""h3-standard-88-2"":0,""h4d-standard-192-7"":0.015995}"
beam_cost,hybrid_hetero,6,maddid0000018|maddid0000056|mbackgroundid0000013|mbackgroundid0000016|mbackgroundid0000033|mbackgroundid0000034|mbackgroundid0000035|mbackgroundid0000053|mbgmodelid0000031|mconcatfitid0000030|mdifffitid0000005|mdifffitid0000007|mdifffitid0000008|mdifffitid0000009|mdifffitid0000010|mdifffitid0000024|mdifffitid0000025|mdifffitid0000027|mdifffitid0000028|mdifffitid0000045|mdifffitid0000046|mdifffitid0000048|mprojectid0000002|mprojectid0000004|mprojectid0000039|mprojectid0000040|mprojectid0000041|mviewerid0000019|mviewerid0000057,0.2,124.836000,0.160277,0.503637,170.729550,0.000000,0.000000,true,46.370000,30,869.517000,"{""bora011"":14,""diablo03"":21,""h4d-standard-192-7"":23}","{""bora011"":0.023623,""diablo03"":0.007815,""h3-standard-88-2"":0,""h4d-standard-192-7"":0.015995}"
beam_time,cluster_homo,7,maddid0000056|mbackgroundid0000013|mbackgroundid0000014|mbackgroundid0000033|mbackgroundid0000034|mbackgroundid0000035|mbackgroundid0000054|mbgmodelid0000012|mbgmodelid0000031|mconcatfitid0000030|mdifffitid0000005|mdifffitid0000008|mdifffitid0000009|mdifffitid0000010|mdifffitid0000027|mdifffitid0000028|mdifffitid0000043|mdifffitid0000046|mimgtblid0000017|mimgtblid0000055|mprojectid0000001|mprojectid0000002|mprojectid0000003|mprojectid0000020|mprojectid0000021|mprojectid0000022|mprojectid0000023|mviewerid0000019|mviewerid0000058,0.2,292.983000,0.000000,0.503637,170.729550,0.000000,122.253000,false,78.984000,10,678.222000,"{""bora001"":17,""bora002"":18,""bora003"":10,""bora004"":13}","{""bora001"":0.07769,""bora002"":0.037796,""bora003"":0.026788,""bora004"":0.039137}"
beam_cost,cluster_homo,7,maddid0000056|mbackgroundid0000013|mbackgroundid0000014|mbackgroundid0000033|mbackgroundid0000034|mbackgroundid0000035|mbackgroundid0000054|mbgmodelid0000012|mbgmodelid0000031|mconcatfitid0000030|mdifffitid0000005|mdifffitid0000008|mdifffitid0000009|mdifffitid0000010|mdifffitid0000027|mdifffitid0000028|mdifffitid0000043|mdifffitid0000046|mimgtblid0000017|mimgtblid0000055|mprojectid0000001|mprojectid0000002|mprojectid0000003|mprojectid0000020|mprojectid0000021|mprojectid0000022|mprojectid0000023|mviewerid0000019|mviewerid0000058,0.2,292.983000,0.000000,0.503637,170.729550,0.000000,122.253000,false,78.984000,10,671.357000,"{""bora001"":17,""bora002"":18,""bora003"":10,""bora004"":13}","{""bora001"":0.07769,""bora002"":0.037796,""bora003"":0.026788,""bora004"":0.039137}"
beam_time,cluster_hetero,7,maddid0000056|mbackgroundid0000013|mbackgroundid0000014|mbackgroundid0000033|mbackgroundid0000034|mbackgroundid0000035|mbackgroundid0000054|mbgmodelid0000012|mbgmodelid0000031|mconcatfitid0000030|mdifffitid0000005|mdifffitid0000008|mdifffitid0000009|mdifffitid0000010|mdifffitid0000027|mdifffitid0000028|mdifffitid0000043|mdifffitid0000046|mimgtblid0000017|mimgtblid0000055|mprojectid0000001|mprojectid0000002|mprojectid0000003|mprojectid0000020|mprojectid0000021|mprojectid0000022|mprojectid0000023|mviewerid0000019|mviewerid0000058,0.2,293.451000,0.000000,0.503637,170.729550,0.000000,122.721000,false,94.303000,8,725.559000,"{""bora005"":19,""bora006"":20,""diablo01"":7,""diablo02"":12}","{""bora005"":0.116469,""bora006"":0.041814,""diablo01"":0.011721,""diablo02"":0.005266}"
beam_cost,cluster_hetero,7,maddid0000056|mbackgroundid0000013|mbackgroundid0000014|mbackgroundid0000033|mbackgroundid0000034|mbackgroundid0000035|mbackgroundid0000054|mbgmodelid0000012|mbgmodelid0000031|mconcatfitid0000030|mdifffitid0000005|mdifffitid0000008|mdifffitid0000009|mdifffitid0000010|mdifffitid0000027|mdifffitid0000028|mdifffitid0000043|mdifffitid0000046|mimgtblid0000017|mimgtblid0000055|mprojectid0000001|mprojectid0000002|mprojectid0000003|mprojectid0000020|mprojectid0000021|mprojectid0000022|mprojectid0000023|mviewerid0000019|mviewerid0000058,0.2,293.451000,0.000000,0.503637,170.729550,0.000000,122.721000,false,94.303000,8,724.548000,"{""bora005"":19,""bora006"":20,""diablo01"":7,""diablo02"":12}","{""bora005"":0.116469,""bora006"":0.041814,""diablo01"":0.011721,""diablo02"":0.005266}"
beam_time,cloud_homo,7,maddid0000056|mbackgroundid0000013|mbackgroundid0000014|mbackgroundid0000033|mbackgroundid0000034|mbackgroundid0000035|mbackgroundid0000054|mbgmodelid0000012|mbgmodelid0000031|mconcatfitid0000030|mdifffitid0000005|mdifffitid0000008|mdifffitid0000009|mdifffitid0000010|mdifffitid0000027|mdifffitid0000028|mdifffitid0000043|mdifffitid0000046|mimgtblid0000017|mimgtblid0000055|mprojectid0000001|mprojectid0000002|mprojectid0000003|mprojectid0000020|mprojectid0000021|mprojectid0000022|mprojectid0000023|mviewerid0000019|mviewerid0000058,0.2,110.394000,0.406775,0.503637,170.729550,0.000000,0.000000,true,44.310000,34,977.141000,"{""h4d-standard-192-1"":54,""h4d-standard-192-3"":4}","{""h4d-standard-192-1"":0.01929,""h4d-standard-192-2"":0,""h4d-standard-192-3"":0.00326,""h4d-standard-192-4"":0}"
beam_cost,cloud_homo,7,maddid0000056|mbackgroundid0000013|mbackgroundid0000014|mbackgroundid0000033|mbackgroundid0000034|mbackgroundid0000035|mbackgroundid0000054|mbgmodelid0000012|mbgmodelid0000031|mconcatfitid0000030|mdifffitid0000005|mdifffitid0000008|mdifffitid0000009|mdifffitid0000010|mdifffitid0000027|mdifffitid0000028|mdifffitid0000043|mdifffitid0000046|mimgtblid0000017|mimgtblid0000055|mprojectid0000001|mprojectid0000002|mprojectid0000003|mprojectid0000020|mprojectid0000021|mprojectid0000022|mprojectid0000023|mviewerid0000019|mviewerid0000058,0.2,132.184000,0.288374,0.503637,170.729550,0.000000,0.000000,true,106.707000,56,969.249000,"{""h4d-standard-192-4"":58}","{""h4d-standard-192-1"":0,""h4d-standard-192-2"":0,""h4d-standard-192-3"":0,""h4d-standard-192-4"":0.021018}"
beam_time,cloud_hetero,7,maddid0000056|mbackgroundid0000013|mbackgroundid0000014|mbackgroundid0000033|mbackgroundid0000034|mbackgroundid0000035|mbackgroundid0000054|mbgmodelid0000012|mbgmodelid0000031|mconcatfitid0000030|mdifffitid0000005|mdifffitid0000008|mdifffitid0000009|mdifffitid0000010|mdifffitid0000027|mdifffitid0000028|mdifffitid0000043|mdifffitid0000046|mimgtblid0000017|mimgtblid0000055|mprojectid0000001|mprojectid0000002|mprojectid0000003|mprojectid0000020|mprojectid0000021|mprojectid0000022|mprojectid0000023|mviewerid0000019|mviewerid0000058,0.2,116.448000,0.407121,0.503637,170.729550,0.000000,0.000000,true,57.301000,44,978.666000,"{""h4d-highmem-192-1"":3,""h4d-standard-192-1"":55}","{""h3-standard-88-1"":0,""h3-standard-88-2"":0,""h4d-highmem-192-1"":0.002202,""h4d-standard-192-1"":0.020314}"
beam_cost,cloud_hetero,7,maddid0000056|mbackgroundid0000013|mbackgroundid0000014|mbackgroundid0000033|mbackgroundid0000034|mbackgroundid0000035|mbackgroundid0000054|mbgmodelid0000012|mbgmodelid0000031|mconcatfitid0000030|mdifffitid0000005|mdifffitid0000008|mdifffitid0000009|mdifffitid0000010|mdifffitid0000027|mdifffitid0000028|mdifffitid0000043|mdifffitid0000046|mimgtblid0000017|mimgtblid0000055|mprojectid0000001|mprojectid0000002|mprojectid0000003|mprojectid0000020|mprojectid0000021|mprojectid0000022|mprojectid0000023|mviewerid0000019|mviewerid0000058,0.2,144.984000,0.394846,0.503637,170.729550,0.000000,0.000000,true,110.135000,59,929.403000,"{""h3-standard-88-1"":31,""h4d-standard-192-1"":27}","{""h3-standard-88-1"":0.007495,""h3-standard-88-2"":0,""h4d-highmem-192-1"":0,""h4d-standard-192-1"":0.016606}"
beam_time,hybrid_homo,7,maddid0000056|mbackgroundid0000013|mbackgroundid0000014|mbackgroundid0000033|mbackgroundid0000034|mbackgroundid0000035|mbackgroundid0000054|mbgmodelid0000012|mbgmodelid0000031|mconcatfitid0000030|mdifffitid0000005|mdifffitid0000008|mdifffitid0000009|mdifffitid0000010|mdifffitid0000027|mdifffitid0000028|mdifffitid0000043|mdifffitid0000046|mimgtblid0000017|mimgtblid0000055|mprojectid0000001|mprojectid0000002|mprojectid0000003|mprojectid0000020|mprojectid0000021|mprojectid0000022|mprojectid0000023|mviewerid0000019|mviewerid0000058,0.2,110.953000,0.371873,0.503637,170.729550,0.000000,0.000000,true,42.208000,17,939.230000,"{""bora009"":9,""bora010"":13,""h4d-standard-192-5"":31,""h4d-standard-192-6"":5}","{""bora009"":0.005719,""bora010"":0.006951,""h4d-standard-192-5"":0.016096,""h4d-standard-192-6"":0.003382}"
beam_cost,hybrid_homo,7,maddid0000056|mbackgroundid0000013|mbackgroundid0000014|mbackgroundid0000033|mbackgroundid0000034|mbackgroundid0000035|mbackgroundid0000054|mbgmodelid0000012|mbgmodelid0000031|mconcatfitid0000030|mdifffitid0000005|mdifffitid0000008|mdifffitid0000009|mdifffitid0000010|mdifffitid0000027|mdifffitid0000028|mdifffitid0000043|mdifffitid0000046|mimgtblid0000017|mimgtblid0000055|mprojectid0000001|mprojectid0000002|mprojectid0000003|mprojectid0000020|mprojectid0000021|mprojectid0000022|mprojectid0000023|mviewerid0000019|mviewerid0000058,0.2,132.052000,0.167084,0.503637,170.729550,0.000000,0.000000,true,74.759000,32,934.427000,"{""bora009"":15,""bora010"":21,""h4d-standard-192-6"":22}","{""bora009"":0.021477,""bora010"":0.012694,""h4d-standard-192-5"":0,""h4d-standard-192-6"":0.016057}"
beam_time,hybrid_hetero,7,maddid0000056|mbackgroundid0000013|mbackgroundid0000014|mbackgroundid0000033|mbackgroundid0000034|mbackgroundid0000035|mbackgroundid0000054|mbgmodelid0000012|mbgmodelid0000031|mconcatfitid0000030|mdifffitid0000005|mdifffitid0000008|mdifffitid0000009|mdifffitid0000010|mdifffitid0000027|mdifffitid0000028|mdifffitid0000043|mdifffitid0000046|mimgtblid0000017|mimgtblid0000055|mprojectid0000001|mprojectid0000002|mprojectid0000003|mprojectid0000020|mprojectid0000021|mprojectid0000022|mprojectid0000023|mviewerid0000019|mviewerid0000058,0.2,121.974000,0.479553,0.503637,170.729550,0.000000,0.000000,true,72.278000,27,850.192000,"{""bora011"":6,""diablo03"":8,""h3-standard-88-2"":8,""h4d-standard-192-7"":36}","{""bora011"":0.003213,""diablo03"":0.001991,""h3-standard-88-2"":0.003565,""h4d-standard-192-7"":0.018293}"
beam_cost,hybrid_hetero,7,maddid0000056|mbackgroundid0000013|mbackgroundid0000014|mbackgroundid0000033|mbackgroundid0000034|mbackgroundid0000035|mbackgroundid0000054|mbgmodelid0000012|mbgmodelid0000031|mconcatfitid0000030|mdifffitid0000005|mdifffitid0000008|mdifffitid0000009|mdifffitid0000010|mdifffitid0000027|mdifffitid0000028|mdifffitid0000043|mdifffitid0000046|mimgtblid0000017|mimgtblid0000055|mprojectid0000001|mprojectid0000002|mprojectid0000003|mprojectid0000020|mprojectid0000021|mprojectid0000022|mprojectid0000023|mviewerid0000019|mviewerid0000058,0.2,137.659000,0.153897,0.503637,170.729550,0.000000,0.000000,true,54.454000,23,864.548000,"{""bora011"":18,""diablo03"":21,""h4d-standard-192-7"":19}","{""bora011"":0.022276,""diablo03"":0.015863,""h3-standard-88-2"":0,""h4d-standard-192-7"":0.013966}"
beam_time,cluster_homo,8,maddid0000018|maddid0000037|maddid0000056|mbackgroundid0000014|mbackgroundid0000016|mbackgroundid0000032|mbackgroundid0000033|mbackgroundid0000035|mbackgroundid0000052|mbackgroundid0000053|mbgmodelid0000012|mbgmodelid0000031|mbgmodelid0000050|mdifffitid0000006|mdifffitid0000008|mdifffitid0000024|mdifffitid0000043|mdifffitid0000044|mdifffitid0000045|mimgtblid0000036|mprojectid0000003|mprojectid0000004|mprojectid0000020|mprojectid0000021|mprojectid0000039|mprojectid0000040|mprojectid0000042|mviewerid0000038|mviewerid0000057,0.2,314.916000,0.000000,0.503637,170.729550,0.000000,144.186000,false,137.163000,13,666.305000,"{""bora001"":17,""bora002"":17,""bora003"":12,""bora004"":12}","{""bora001"":0.067164,""bora002"":0.044837,""bora003"":0.047548,""bora004"":0.013886}"
beam_cost,cluster_homo,8,maddid0000018|maddid0000037|maddid0000056|mbackgroundid0000014|mbackgroundid0000016|mbackgroundid0000032|mbackgroundid0000033|mbackgroundid0000035|mbackgroundid0000052|mbackgroundid0000053|mbgmodelid0000012|mbgmodelid0000031|mbgmodelid0000050|mdifffitid0000006|mdifffitid0000008|mdifffitid0000024|mdifffitid0000043|mdifffitid0000044|mdifffitid0000045|mimgtblid0000036|mprojectid0000003|mprojectid0000004|mprojectid0000020|mprojectid0000021|mprojectid0000039|mprojectid0000040|mprojectid0000042|mviewerid0000038|mviewerid0000057,0.2,314.916000,0.000000,0.503637,170.729550,0.000000,144.186000,false,137.163000,13,668.464000,"{""bora001"":17,""bora002"":17,""bora003"":12,""bora004"":12}","{""bora001"":0.067164,""bora002"":0.044837,""bora003"":0.047548,""bora004"":0.013886}"
beam_time,cluster_hetero,8,maddid0000018|maddid0000037|maddid0000056|mbackgroundid0000014|mbackgroundid0000016|mbackgroundid0000032|mbackgroundid0000033|mbackgroundid0000035|mbackgroundid0000052|mbackgroundid0000053|mbgmodelid0000012|mbgmodelid0000031|mbgmodelid0000050|mdifffitid0000006|mdifffitid0000008|mdifffitid0000024|mdifffitid0000043|mdifffitid0000044|mdifffitid0000045|mimgtblid0000036|mprojectid0000003|mprojectid0000004|mprojectid0000020|mprojectid0000021|mprojectid0000039|mprojectid0000040|mprojectid0000042|mviewerid0000038|mviewerid0000057,0.2,356.205000,0.000000,0.503637,170.729550,0.000000,185.475000,false,126.648000,14,737.423000,"{""bora005"":20,""bora006"":22,""diablo01"":6,""diablo02"":10}","{""bora005"":0.088185,""bora006"":0.028099,""diablo01"":0.012753,""diablo02"":0.013001}"
beam_cost,cluster_hetero,8,maddid0000018|maddid0000037|maddid0000056|mbackgroundid0000014|mbackgroundid0000016|mbackgroundid0000032|mbackgroundid0000033|mbackgroundid0000035|mbackgroundid0000052|mbackgroundid0000053|mbgmodelid0000012|mbgmodelid0000031|mbgmodelid0000050|mdifffitid0000006|mdifffitid0000008|mdifffitid0000024|mdifffitid0000043|mdifffitid0000044|mdifffitid0000045|mimgtblid0000036|mprojectid0000003|mprojectid0000004|mprojectid0000020|mprojectid0000021|mprojectid0000039|mprojectid0000040|mprojectid0000042|mviewerid0000038|mviewerid0000057,0.2,356.205000,0.000000,0.503637,170.729550,0.000000,185.475000,false,126.648000,14,737.601000,"{""bora005"":20,""bora006"":22,""diablo01"":6,""diablo02"":10}","{""bora005"":0.088185,""bora006"":0.028099,""diablo01"":0.012753,""diablo02"":0.013001}"
beam_time,cloud_homo,8,maddid0000018|maddid0000037|maddid0000056|mbackgroundid0000014|mbackgroundid0000016|mbackgroundid0000032|mbackgroundid0000033|mbackgroundid0000035|mbackgroundid0000052|mbackgroundid0000053|mbgmodelid0000012|mbgmodelid0000031|mbgmodelid0000050|mdifffitid0000006|mdifffitid0000008|mdifffitid0000024|mdifffitid0000043|mdifffitid0000044|mdifffitid0000045|mimgtblid0000036|mprojectid0000003|mprojectid0000004|mprojectid0000020|mprojectid0000021|mprojectid0000039|mprojectid0000040|mprojectid0000042|mviewerid0000038|mviewerid0000057,0.2,153.973000,0.335906,0.503637,170.729550,0.000000,0.000000,true,170.653000,74,1035.266000,"{""h4d-standard-192-1"":58}","{""h4d-standard-192-1"":0.020671,""h4d-standard-192-2"":0,""h4d-standard-192-3"":0,""h4d-standard-192-4"":0}"
beam_cost,cloud_homo,8,maddid0000018|maddid0000037|maddid0000056|mbackgroundid0000014|mbackgroundid0000016|mbackgroundid0000032|mbackgroundid0000033|mbackgroundid0000035|mbackgroundid0000052|mbackgroundid0000053|mbgmodelid0000012|mbgmodelid0000031|mbgmodelid0000050|mdifffitid0000006|mdifffitid0000008|mdifffitid0000024|mdifffitid0000043|mdifffitid0000044|mdifffitid0000045|mimgtblid0000036|mprojectid0000003|mprojectid0000004|mprojectid0000020|mprojectid0000021|mprojectid0000039|mprojectid0000040|mprojectid0000042|mviewerid0000038|mviewerid0000057,0.2,153.973000,0.335906,0.503637,170.729550,0.000000,0.000000,true,170.653000,74,1009.503000,"{""h4d-standard-192-1"":58}","{""h4d-standard-192-1"":0.020671,""h4d-standard-192-2"":0,""h4d-standard-192-3"":0,""h4d-standard-192-4"":0}"
beam_time,cloud_hetero,8,maddid0000018|maddid0000037|maddid0000056|mbackgroundid0000014|mbackgroundid0000016|mbackgroundid0000032|mbackgroundid0000033|mbackgroundid0000035|mbackgroundid0000052|mbackgroundid0000053|mbgmodelid0000012|mbgmodelid0000031|mbgmodelid0000050|mdifffitid0000006|mdifffitid0000008|mdifffitid0000024|mdifffitid0000043|mdifffitid0000044|mdifffitid0000045|mimgtblid0000036|mprojectid0000003|mprojectid0000004|mprojectid0000020|mprojectid0000021|mprojectid0000039|mprojectid0000040|mprojectid0000042|mviewerid0000038|mviewerid0000057,0.2,169.968000,0.398816,0.503637,170.729550,0.000000,0.000000,true,173.239000,79,970.988000,"{""h3-standard-88-2"":14,""h4d-standard-192-1"":44}","{""h3-standard-88-1"":0,""h3-standard-88-2"":0.001829,""h4d-highmem-192-1"":0,""h4d-standard-192-1"":0.017904}"
beam_cost,cloud_hetero,8,maddid0000018|maddid0000037|maddid0000056|mbackgroundid0000014|mbackgroundid0000016|mbackgroundid0000032|mbackgroundid0000033|mbackgroundid0000035|mbackgroundid0000052|mbackgroundid0000053|mbgmodelid0000012|mbgmodelid0000031|mbgmodelid0000050|mdifffitid0000006|mdifffitid0000008|mdifffitid0000024|mdifffitid0000043|mdifffitid0000044|mdifffitid0000045|mimgtblid0000036|mprojectid0000003|mprojectid0000004|mprojectid0000020|mprojectid0000021|mprojectid0000039|mprojectid0000040|mprojectid0000042|mviewerid0000038|mviewerid0000057,0.2,169.968000,0.398816,0.503637,170.729550,0.000000,0.000000,true,173.239000,79,948.204000,"{""h3-standard-88-2"":14,""h4d-standard-192-1"":44}","{""h3-standard-88-1"":0,""h3-standard-88-2"":0.001829,""h4d-highmem-192-1"":0,""h4d-standard-192-1"":0.017904}"
beam_time,hybrid_homo,8,maddid0000018|maddid0000037|maddid0000056|mbackgroundid0000014|mbackgroundid0000016|mbackgroundid0000032|mbackgroundid0000033|mbackgroundid0000035|mbackgroundid0000052|mbackgroundid0000053|mbgmodelid0000012|mbgmodelid0000031|mbgmodelid0000050|mdifffitid0000006|mdifffitid0000008|mdifffitid0000024|mdifffitid0000043|mdifffitid0000044|mdifffitid0000045|mimgtblid0000036|mprojectid0000003|mprojectid0000004|mprojectid0000020|mprojectid0000021|mprojectid0000039|mprojectid0000040|mprojectid0000042|mviewerid0000038|mviewerid0000057,0.2,124.073000,0.371691,0.503637,170.729550,0.000000,0.000000,true,46.687000,19,947.906000,"{""bora009"":11,""bora010"":14,""h4d-standard-192-5"":17,""h4d-standard-192-6"":16}","{""bora009"":0.007082,""bora010"":0.00684,""h4d-standard-192-5"":0.008364,""h4d-standard-192-6"":0.008852}"
beam_cost,hybrid_homo,8,maddid0000018|maddid0000037|maddid0000056|mbackgroundid0000014|mbackgroundid0000016|mbackgroundid0000032|mbackgroundid0000033|mbackgroundid0000035|mbackgroundid0000052|mbackgroundid0000053|mbgmodelid0000012|mbgmodelid0000031|mbgmodelid0000050|mdifffitid0000006|mdifffitid0000008|mdifffitid0000024|mdifffitid0000043|mdifffitid0000044|mdifffitid0000045|mimgtblid0000036|mprojectid0000003|mprojectid0000004|mprojectid0000020|mprojectid0000021|mprojectid0000039|mprojectid0000040|mprojectid0000042|mviewerid0000038|mviewerid0000057,0.2,152.825000,0.220871,0.503637,170.729550,0.000000,0.000000,true,115.935000,32,894.481000,"{""bora009"":13,""bora010"":18,""h4d-standard-192-5"":27}","{""bora009"":0.021497,""bora010"":0.007847,""h4d-standard-192-5"":0.015874,""h4d-standard-192-6"":0}"
beam_time,hybrid_hetero,8,maddid0000018|maddid0000037|maddid0000056|mbackgroundid0000014|mbackgroundid0000016|mbackgroundid0000032|mbackgroundid0000033|mbackgroundid0000035|mbackgroundid0000052|mbackgroundid0000053|mbgmodelid0000012|mbgmodelid0000031|mbgmodelid0000050|mdifffitid0000006|mdifffitid0000008|mdifffitid0000024|mdifffitid0000043|mdifffitid0000044|mdifffitid0000045|mimgtblid0000036|mprojectid0000003|mprojectid0000004|mprojectid0000020|mprojectid0000021|mprojectid0000039|mprojectid0000040|mprojectid0000042|mviewerid0000038|mviewerid0000057,0.2,149.701000,0.489188,0.503637,170.729550,0.000000,0.000000,true,115.490000,28,853.593000,"{""bora011"":10,""diablo03"":10,""h3-standard-88-2"":6,""h4d-standard-192-7"":32}","{""bora011"":0.005236,""diablo03"":0.002313,""h3-standard-88-2"":0.002227,""h4d-standard-192-7"":0.016387}"
beam_cost,hybrid_hetero,8,maddid0000018|maddid0000037|maddid0000056|mbackgroundid0000014|mbackgroundid0000016|mbackgroundid0000032|mbackgroundid0000033|mbackgroundid0000035|mbackgroundid0000052|mbackgroundid0000053|mbgmodelid0000012|mbgmodelid0000031|mbgmodelid0000050|mdifffitid0000006|mdifffitid0000008|mdifffitid0000024|mdifffitid0000043|mdifffitid0000044|mdifffitid0000045|mimgtblid0000036|mprojectid0000003|mprojectid0000004|mprojectid0000020|mprojectid0000021|mprojectid0000039|mprojectid0000040|mprojectid0000042|mviewerid0000038|mviewerid0000057,0.2,154.625000,0.221588,0.503637,170.729550,0.000000,0.000000,true,116.201000,27,851.539000,"{""bora011"":17,""diablo03"":15,""h4d-standard-192-7"":26}","{""bora011"":0.034399,""diablo03"":0.004416,""h3-standard-88-2"":0,""h4d-standard-192-7"":0.014929}"
beam_time,cluster_homo,9,maddid0000037|mbackgroundid0000013|mbackgroundid0000016|mbackgroundid0000032|mbackgroundid0000033|mbackgroundid0000052|mbackgroundid0000053|mbackgroundid0000054|mbgmodelid0000012|mbgmodelid0000031|mconcatfitid0000011|mconcatfitid0000030|mdifffitid0000005|mdifffitid0000008|mdifffitid0000009|mdifffitid0000010|mdifffitid0000028|mdifffitid0000029|mdifffitid0000046|mimgtblid0000055|mprojectid0000003|mprojectid0000004|mprojectid0000020|mprojectid0000022|mprojectid0000023|mprojectid0000040|mprojectid0000042|mviewerid0000038|mviewerid0000057,0.2,312.076000,0.000000,0.503637,170.729550,0.000000,141.346000,false,123.553000,11,652.480000,"{""bora001"":17,""bora002"":18,""bora003"":12,""bora004"":11}","{""bora001"":0.086902,""bora002"":0.045696,""bora003"":0.032279,""bora004"":0.009006}"
beam_cost,cluster_homo,9,maddid0000037|mbackgroundid0000013|mbackgroundid0000016|mbackgroundid0000032|mbackgroundid0000033|mbackgroundid0000052|mbackgroundid0000053|mbackgroundid0000054|mbgmodelid0000012|mbgmodelid0000031|mconcatfitid0000011|mconcatfitid0000030|mdifffitid0000005|mdifffitid0000008|mdifffitid0000009|mdifffitid0000010|mdifffitid0000028|mdifffitid0000029|mdifffitid0000046|mimgtblid0000055|mprojectid0000003|mprojectid0000004|mprojectid0000020|mprojectid0000022|mprojectid0000023|mprojectid0000040|mprojectid0000042|mviewerid0000038|mviewerid0000057,0.2,312.076000,0.000000,0.503637,170.729550,0.000000,141.346000,false,123.553000,11,672.695000,"{""bora001"":17,""bora002"":18,""bora003"":12,""bora004"":11}","{""bora001"":0.086902,""bora002"":0.045696,""bora003"":0.032279,""bora004"":0.009006}"
beam_time,cluster_hetero,9,maddid0000037|mbackgroundid0000013|mbackgroundid0000016|mbackgroundid0000032|mbackgroundid0000033|mbackgroundid0000052|mbackgroundid0000053|mbackgroundid0000054|mbgmodelid0000012|mbgmodelid0000031|mconcatfitid0000011|mconcatfitid0000030|mdifffitid0000005|mdifffitid0000008|mdifffitid0000009|mdifffitid0000010|mdifffitid0000028|mdifffitid0000029|mdifffitid0000046|mimgtblid0000055|mprojectid0000003|mprojectid0000004|mprojectid0000020|mprojectid0000022|mprojectid0000023|mprojectid0000040|mprojectid0000042|mviewerid0000038|mviewerid0000057,0.2,356.448000,0.000000,0.503637,170.729550,0.000000,185.718000,false,145.623000,11,721.594000,"{""bora005"":18,""bora006"":21,""diablo01"":9,""diablo02"":10}","{""bora005"":0.091956,""bora006"":0.029152,""diablo01"":0.01001,""diablo02"":0.012899}"
beam_cost,cluster_hetero,9,maddid0000037|mbackgroundid0000013|mbackgroundid0000016|mbackgroundid0000032|mbackgroundid0000033|mbackgroundid0000052|mbackgroundid0000053|mbackgroundid0000054|mbgmodelid0000012|mbgmodelid0000031|mconcatfitid0000011|mconcatfitid0000030|mdifffitid0000005|mdifffitid0000008|mdifffitid0000009|mdifffitid0000010|mdifffitid0000028|mdifffitid0000029|mdifffitid0000046|mimgtblid0000055|mprojectid0000003|mprojectid0000004|mprojectid0000020|mprojectid0000022|mprojectid0000023|mprojectid0000040|mprojectid0000042|mviewerid0000038|mviewerid0000057,0.2,356.448000,0.000000,0.503637,170.729550,0.000000,185.718000,false,145.623000,11,738.461000,"{""bora005"":18,""bora006"":21,""diablo01"":9,""diablo02"":10}","{""bora005"":0.091956,""bora006"":0.029152,""diablo01"":0.01001,""diablo02"":0.012899}"
beam_time,cloud_homo,9,maddid0000037|mbackgroundid0000013|mbackgroundid0000016|mbackgroundid0000032|mbackgroundid0000033|mbackgroundid0000052|mbackgroundid0000053|mbackgroundid0000054|mbgmodelid0000012|mbgmodelid0000031|mconcatfitid0000011|mconcatfitid0000030|mdifffitid0000005|mdifffitid0000008|mdifffitid0000009|mdifffitid0000010|mdifffitid0000028|mdifffitid0000029|mdifffitid0000046|mimgtblid0000055|mprojectid0000003|mprojectid0000004|mprojectid0000020|mprojectid0000022|mprojectid0000023|mprojectid0000040|mprojectid0000042|mviewerid0000038|mviewerid0000057,0.2,120.083000,0.450950,0.503637,170.729550,0.000000,0.000000,true,70.756000,39,1014.011000,"{""h4d-standard-192-1"":3,""h4d-standard-192-4"":55}","{""h4d-standard-192-1"":0.004815,""h4d-standard-192-2"":0,""h4d-standard-192-3"":0,""h4d-standard-192-4"":0.016657}"
beam_cost,cloud_homo,9,maddid0000037|mbackgroundid0000013|mbackgroundid0000016|mbackgroundid0000032|mbackgroundid0000033|mbackgroundid0000052|mbackgroundid0000053|mbackgroundid0000054|mbgmodelid0000012|mbgmodelid0000031|mconcatfitid0000011|mconcatfitid0000030|mdifffitid0000005|mdifffitid0000008|mdifffitid0000009|mdifffitid0000010|mdifffitid0000028|mdifffitid0000029|mdifffitid0000046|mimgtblid0000055|mprojectid0000003|mprojectid0000004|mprojectid0000020|mprojectid0000022|mprojectid0000023|mprojectid0000040|mprojectid0000042|mviewerid0000038|mviewerid0000057,0.2,153.973000,0.335909,0.503637,170.729550,0.000000,0.000000,true,167.525000,71,988.659000,"{""h4d-standard-192-1"":58}","{""h4d-standard-192-1"":0.020565,""h4d-standard-192-2"":0,""h4d-standard-192-3"":0,""h4d-standard-192-4"":0}"
beam_time,cloud_hetero,9,maddid0000037|mbackgroundid0000013|mbackgroundid0000016|mbackgroundid0000032|mbackgroundid0000033|mbackgroundid0000052|mbackgroundid0000053|mbackgroundid0000054|mbgmodelid0000012|mbgmodelid0000031|mconcatfitid0000011|mconcatfitid0000030|mdifffitid0000005|mdifffitid0000008|mdifffitid0000009|mdifffitid0000010|mdifffitid0000028|mdifffitid0000029|mdifffitid0000046|mimgtblid0000055|mprojectid0000003|mprojectid0000004|mprojectid0000020|mprojectid0000022|mprojectid0000023|mprojectid0000040|mprojectid0000042|mviewerid0000038|mviewerid0000057,0.2,163.933000,0.419071,0.503637,170.729550,0.000000,0.000000,true,169.852000,71,944.037000,"{""h3-standard-88-2"":17,""h4d-standard-192-1"":41}","{""h3-standard-88-1"":0,""h3-standard-88-2"":0.00235,""h4d-highmem-192-1"":0,""h4d-standard-192-1"":0.018175}"
beam_cost,cloud_hetero,9,maddid0000037|mbackgroundid0000013|mbackgroundid0000016|mbackgroundid0000032|mbackgroundid0000033|mbackgroundid0000052|mbackgroundid0000053|mbackgroundid0000054|mbgmodelid0000012|mbgmodelid0000031|mconcatfitid0000011|mconcatfitid0000030|mdifffitid0000005|mdifffitid0000008|mdifffitid0000009|mdifffitid0000010|mdifffitid0000028|mdifffitid0000029|mdifffitid0000046|mimgtblid0000055|mprojectid0000003|mprojectid0000004|mprojectid0000020|mprojectid0000022|mprojectid0000023|mprojectid0000040|mprojectid0000042|mviewerid0000038|mviewerid0000057,0.2,163.933000,0.419071,0.503637,170.729550,0.000000,0.000000,true,169.852000,71,999.553000,"{""h3-standard-88-2"":17,""h4d-standard-192-1"":41}","{""h3-standard-88-1"":0,""h3-standard-88-2"":0.00235,""h4d-highmem-192-1"":0,""h4d-standard-192-1"":0.018175}"
beam_time,hybrid_homo,9,maddid0000037|mbackgroundid0000013|mbackgroundid0000016|mbackgroundid0000032|mbackgroundid0000033|mbackgroundid0000052|mbackgroundid0000053|mbackgroundid0000054|mbgmodelid0000012|mbgmodelid0000031|mconcatfitid0000011|mconcatfitid0000030|mdifffitid0000005|mdifffitid0000008|mdifffitid0000009|mdifffitid0000010|mdifffitid0000028|mdifffitid0000029|mdifffitid0000046|mimgtblid0000055|mprojectid0000003|mprojectid0000004|mprojectid0000020|mprojectid0000022|mprojectid0000023|mprojectid0000040|mprojectid0000042|mviewerid0000038|mviewerid0000057,0.2,124.316000,0.451642,0.503637,170.729550,0.000000,0.000000,true,57.057000,21,948.821000,"{""bora009"":11,""bora010"":14,""h4d-standard-192-5"":22,""h4d-standard-192-6"":11}","{""bora009"":0.007008,""bora010"":0.00675,""h4d-standard-192-5"":0.008342,""h4d-standard-192-6"":0.009281}"
beam_cost,hybrid_homo,9,maddid0000037|mbackgroundid0000013|mbackgroundid0000016|mbackgroundid0000032|mbackgroundid0000033|mbackgroundid0000052|mbackgroundid0000053|mbackgroundid0000054|mbgmodelid0000012|mbgmodelid0000031|mconcatfitid0000011|mconcatfitid0000030|mdifffitid0000005|mdifffitid0000008|mdifffitid0000009|mdifffitid0000010|mdifffitid0000028|mdifffitid0000029|mdifffitid0000046|mimgtblid0000055|mprojectid0000003|mprojectid0000004|mprojectid0000020|mprojectid0000022|mprojectid0000023|mprojectid0000040|mprojectid0000042|mviewerid0000038|mviewerid0000057,0.2,153.397000,0.221590,0.503637,170.729550,0.000000,0.000000,true,114.132000,34,951.306000,"{""bora009"":13,""bora010"":17,""h4d-standard-192-6"":28}","{""bora009"":0.007034,""bora010"":0.021219,""h4d-standard-192-5"":0,""h4d-standard-192-6"":0.015791}"
beam_time,hybrid_hetero,9,maddid0000037|mbackgroundid0000013|mbackgroundid0000016|mbackgroundid0000032|mbackgroundid0000033|mbackgroundid0000052|mbackgroundid0000053|mbackgroundid0000054|mbgmodelid0000012|mbgmodelid0000031|mconcatfitid0000011|mconcatfitid0000030|mdifffitid0000005|mdifffitid0000008|mdifffitid0000009|mdifffitid0000010|mdifffitid0000028|mdifffitid0000029|mdifffitid0000046|mimgtblid0000055|mprojectid0000003|mprojectid0000004|mprojectid0000020|mprojectid0000022|mprojectid0000023|mprojectid0000040|mprojectid0000042|mviewerid0000038|mviewerid0000057,0.2,149.701000,0.496006,0.503637,170.729550,0.000000,0.000000,true,113.546000,36,867.384000,"{""bora011"":12,""diablo03"":5,""h3-standard-88-2"":8,""h4d-standard-192-7"":33}","{""bora011"":0.005941,""diablo03"":0.001115,""h3-standard-88-2"":0.003196,""h4d-standard-192-7"":0.016239}"
beam_cost,hybrid_hetero,9,maddid0000037|mbackgroundid0000013|mbackgroundid0000016|mbackgroundid0000032|mbackgroundid0000033|mbackgroundid0000052|mbackgroundid0000053|mbackgroundid0000054|mbgmodelid0000012|mbgmodelid0000031|mconcatfitid0000011|mconcatfitid0000030|mdifffitid0000005|mdifffitid0000008|mdifffitid0000009|mdifffitid0000010|mdifffitid0000028|mdifffitid0000029|mdifffitid0000046|mimgtblid0000055|mprojectid0000003|mprojectid0000004|mprojectid0000020|mprojectid0000022|mprojectid0000023|mprojectid0000040|mprojectid0000042|mviewerid0000038|mviewerid0000057,0.2,154.625000,0.221588,0.503637,170.729550,0.000000,0.000000,true,115.560000,37,892.845000,"{""bora011"":12,""diablo03"":17,""h4d-standard-192-7"":29}","{""bora011"":0.020369,""diablo03"":0.004718,""h3-standard-88-2"":0,""h4d-standard-192-7"":0.015846}"
beam_time,cluster_homo,10,maddid0000018|maddid0000056|mbackgroundid0000013|mbackgroundid0000015|mbackgroundid0000016|mbackgroundid0000034|mbackgroundid0000052|mbackgroundid0000053|mbackgroundid0000054|mbgmodelid0000012|mbgmodelid0000031|mconcatfitid0000011|mconcatfitid0000049|mdifffitid0000006|mdifffitid0000026|mdifffitid0000027|mdifffitid0000044|mdifffitid0000045|mdifffitid0000046|mimgtblid0000017|mprojectid0000001|mprojectid0000003|mprojectid0000020|mprojectid0000021|mprojectid0000039|mprojectid0000041|mprojectid0000042|mviewerid0000019|mviewerid0000038,0.2,314.025000,0.000000,0.503637,170.729550,0.000000,143.295000,false,111.527000,7,654.323000,"{""bora001"":14,""bora002"":19,""bora003"":12,""bora004"":13}","{""bora001"":0.057092,""bora002"":0.064773,""bora003"":0.035648,""bora004"":0.013996}"
beam_cost,cluster_homo,10,maddid0000018|maddid0000056|mbackgroundid0000013|mbackgroundid0000015|mbackgroundid0000016|mbackgroundid0000034|mbackgroundid0000052|mbackgroundid0000053|mbackgroundid0000054|mbgmodelid0000012|mbgmodelid0000031|mconcatfitid0000011|mconcatfitid0000049|mdifffitid0000006|mdifffitid0000026|mdifffitid0000027|mdifffitid0000044|mdifffitid0000045|mdifffitid0000046|mimgtblid0000017|mprojectid0000001|mprojectid0000003|mprojectid0000020|mprojectid0000021|mprojectid0000039|mprojectid0000041|mprojectid0000042|mviewerid0000019|mviewerid0000038,0.2,314.025000,0.000000,0.503637,170.729550,0.000000,143.295000,false,111.527000,7,641.518000,"{""bora001"":14,""bora002"":19,""bora003"":12,""bora004"":13}","{""bora001"":0.057092,""bora002"":0.064773,""bora003"":0.035648,""bora004"":0.013996}"
beam_time,cluster_hetero,10,maddid0000018|maddid0000056|mbackgroundid0000013|mbackgroundid0000015|mbackgroundid0000016|mbackgroundid0000034|mbackgroundid0000052|mbackgroundid0000053|mbackgroundid0000054|mbgmodelid0000012|mbgmodelid0000031|mconcatfitid0000011|mconcatfitid0000049|mdifffitid0000006|mdifffitid0000026|mdifffitid0000027|mdifffitid0000044|mdifffitid0000045|mdifffitid0000046|mimgtblid0000017|mprojectid0000001|mprojectid0000003|mprojectid0000020|mprojectid0000021|mprojectid0000039|mprojectid0000041|mprojectid0000042|mviewerid0000019|mviewerid0000038,0.2,326.680000,0.000000,0.503637,170.729550,0.000000,155.950000,false,71.603000,9,721.738000,"{""bora005"":20,""bora006"":22,""diablo01"":7,""diablo02"":9}","{""bora005"":0.072854,""bora006"":0.048542,""diablo01"":0.014261,""diablo02"":0.014076}"
beam_cost,cluster_hetero,10,maddid0000018|maddid0000056|mbackgroundid0000013|mbackgroundid0000015|mbackgroundid0000016|mbackgroundid0000034|mbackgroundid0000052|mbackgroundid0000053|mbackgroundid0000054|mbgmodelid0000012|mbgmodelid0000031|mconcatfitid0000011|mconcatfitid0000049|mdifffitid0000006|mdifffitid0000026|mdifffitid0000027|mdifffitid0000044|mdifffitid0000045|mdifffitid0000046|mimgtblid0000017|mprojectid0000001|mprojectid0000003|mprojectid0000020|mprojectid0000021|mprojectid0000039|mprojectid0000041|mprojectid0000042|mviewerid0000019|mviewerid0000038,0.2,326.680000,0.000000,0.503637,170.729550,0.000000,155.950000,false,71.603000,9,731.215000,"{""bora005"":20,""bora006"":22,""diablo01"":7,""diablo02"":9}","{""bora005"":0.072854,""bora006"":0.048542,""diablo01"":0.014261,""diablo02"":0.014076}"
beam_time,cloud_homo,10,maddid0000018|maddid0000056|mbackgroundid0000013|mbackgroundid0000015|mbackgroundid0000016|mbackgroundid0000034|mbackgroundid0000052|mbackgroundid0000053|mbackgroundid0000054|mbgmodelid0000012|mbgmodelid0000031|mconcatfitid0000011|mconcatfitid0000049|mdifffitid0000006|mdifffitid0000026|mdifffitid0000027|mdifffitid0000044|mdifffitid0000045|mdifffitid0000046|mimgtblid0000017|mprojectid0000001|mprojectid0000003|mprojectid0000020|mprojectid0000021|mprojectid0000039|mprojectid0000041|mprojectid0000042|mviewerid0000019|mviewerid0000038,0.2,153.973000,0.335911,0.503637,170.729550,0.000000,0.000000,true,138.394000,61,1017.640000,"{""h4d-standard-192-1"":58}","{""h4d-standard-192-1"":0.01958,""h4d-standard-192-2"":0,""h4d-standard-192-3"":0,""h4d-standard-192-4"":0}"
beam_cost,cloud_homo,10,maddid0000018|maddid0000056|mbackgroundid0000013|mbackgroundid0000015|mbackgroundid0000016|mbackgroundid0000034|mbackgroundid0000052|mbackgroundid0000053|mbackgroundid0000054|mbgmodelid0000012|mbgmodelid0000031|mconcatfitid0000011|mconcatfitid0000049|mdifffitid0000006|mdifffitid0000026|mdifffitid0000027|mdifffitid0000044|mdifffitid0000045|mdifffitid0000046|mimgtblid0000017|mprojectid0000001|mprojectid0000003|mprojectid0000020|mprojectid0000021|mprojectid0000039|mprojectid0000041|mprojectid0000042|mviewerid0000019|mviewerid0000038,0.2,153.973000,0.335911,0.503637,170.729550,0.000000,0.000000,true,138.394000,61,1055.114000,"{""h4d-standard-192-1"":58}","{""h4d-standard-192-1"":0.01958,""h4d-standard-192-2"":0,""h4d-standard-192-3"":0,""h4d-standard-192-4"":0}"
beam_time,cloud_hetero,10,maddid0000018|maddid0000056|mbackgroundid0000013|mbackgroundid0000015|mbackgroundid0000016|mbackgroundid0000034|mbackgroundid0000052|mbackgroundid0000053|mbackgroundid0000054|mbgmodelid0000012|mbgmodelid0000031|mconcatfitid0000011|mconcatfitid0000049|mdifffitid0000006|mdifffitid0000026|mdifffitid0000027|mdifffitid0000044|mdifffitid0000045|mdifffitid0000046|mimgtblid0000017|mprojectid0000001|mprojectid0000003|mprojectid0000020|mprojectid0000021|mprojectid0000039|mprojectid0000041|mprojectid0000042|mviewerid0000019|mviewerid0000038,0.2,161.640000,0.506114,0.503637,170.729550,0.002500,0.000000,false,71.703000,49,979.661000,"{""h3-standard-88-1"":43,""h4d-standard-192-1"":15}","{""h3-standard-88-1"":0.027023,""h3-standard-88-2"":0,""h4d-highmem-192-1"":0,""h4d-standard-192-1"":0.008055}"
beam_cost,cloud_hetero,10,maddid0000018|maddid0000056|mbackgroundid0000013|mbackgroundid0000015|mbackgroundid0000016|mbackgroundid0000034|mbackgroundid0000052|mbackgroundid0000053|mbackgroundid0000054|mbgmodelid0000012|mbgmodelid0000031|mconcatfitid0000011|mconcatfitid0000049|mdifffitid0000006|mdifffitid0000026|mdifffitid0000027|mdifffitid0000044|mdifffitid0000045|mdifffitid0000046|mimgtblid0000017|mprojectid0000001|mprojectid0000003|mprojectid0000020|mprojectid0000021|mprojectid0000039|mprojectid0000041|mprojectid0000042|mviewerid0000019|mviewerid0000038,0.2,161.640000,0.506114,0.503637,170.729550,0.002500,0.000000,false,71.703000,49,949.799000,"{""h3-standard-88-1"":43,""h4d-standard-192-1"":15}","{""h3-standard-88-1"":0.027023,""h3-standard-88-2"":0,""h4d-highmem-192-1"":0,""h4d-standard-192-1"":0.008055}"
beam_time,hybrid_homo,10,maddid0000018|maddid0000056|mbackgroundid0000013|mbackgroundid0000015|mbackgroundid0000016|mbackgroundid0000034|mbackgroundid0000052|mbackgroundid0000053|mbackgroundid0000054|mbgmodelid0000012|mbgmodelid0000031|mconcatfitid0000011|mconcatfitid0000049|mdifffitid0000006|mdifffitid0000026|mdifffitid0000027|mdifffitid0000044|mdifffitid0000045|mdifffitid0000046|mimgtblid0000017|mprojectid0000001|mprojectid0000003|mprojectid0000020|mprojectid0000021|mprojectid0000039|mprojectid0000041|mprojectid0000042|mviewerid0000019|mviewerid0000038,0.2,119.676000,0.371899,0.503637,170.729550,0.000000,0.000000,true,47.342000,22,915.523000,"{""bora009"":13,""bora010"":18,""h4d-standard-192-5"":12,""h4d-standard-192-6"":15}","{""bora009"":0.010208,""bora010"":0.011565,""h4d-standard-192-5"":0.010812,""h4d-standard-192-6"":0.006795}"
beam_cost,hybrid_homo,10,maddid0000018|maddid0000056|mbackgroundid0000013|mbackgroundid0000015|mbackgroundid0000016|mbackgroundid0000034|mbackgroundid0000052|mbackgroundid0000053|mbackgroundid0000054|mbgmodelid0000012|mbgmodelid0000031|mconcatfitid0000011|mconcatfitid0000049|mdifffitid0000006|mdifffitid0000026|mdifffitid0000027|mdifffitid0000044|mdifffitid0000045|mdifffitid0000046|mimgtblid0000017|mprojectid0000001|mprojectid0000003|mprojectid0000020|mprojectid0000021|mprojectid0000039|mprojectid0000041|mprojectid0000042|mviewerid0000019|mviewerid0000038,0.2,164.457000,0.202304,0.503637,170.729550,0.000000,0.000000,true,79.213000,29,921.153000,"{""bora009"":14,""bora010"":19,""h4d-standard-192-5"":25}","{""bora009"":0.025085,""bora010"":0.016308,""h4d-standard-192-5"":0.012972,""h4d-standard-192-6"":0}"
beam_time,hybrid_hetero,10,maddid0000018|maddid0000056|mbackgroundid0000013|mbackgroundid0000015|mbackgroundid0000016|mbackgroundid0000034|mbackgroundid0000052|mbackgroundid0000053|mbackgroundid0000054|mbgmodelid0000012|mbgmodelid0000031|mconcatfitid0000011|mconcatfitid0000049|mdifffitid0000006|mdifffitid0000026|mdifffitid0000027|mdifffitid0000044|mdifffitid0000045|mdifffitid0000046|mimgtblid0000017|mprojectid0000001|mprojectid0000003|mprojectid0000020|mprojectid0000021|mprojectid0000039|mprojectid0000041|mprojectid0000042|mviewerid0000019|mviewerid0000038,0.2,149.701000,0.496790,0.503637,170.729550,0.000000,0.000000,true,100.455000,33,826.952000,"{""bora011"":8,""diablo03"":7,""h3-standard-88-2"":5,""h4d-standard-192-7"":38}","{""bora011"":0.003779,""diablo03"":0.001299,""h3-standard-88-2"":0.002219,""h4d-standard-192-7"":0.016291}"
beam_cost,hybrid_hetero,10,maddid0000018|maddid0000056|mbackgroundid0000013|mbackgroundid0000015|mbackgroundid0000016|mbackgroundid0000034|mbackgroundid0000052|mbackgroundid0000053|mbackgroundid0000054|mbgmodelid0000012|mbgmodelid0000031|mconcatfitid0000011|mconcatfitid0000049|mdifffitid0000006|mdifffitid0000026|mdifffitid0000027|mdifffitid0000044|mdifffitid0000045|mdifffitid0000046|mimgtblid0000017|mprojectid0000001|mprojectid0000003|mprojectid0000020|mprojectid0000021|mprojectid0000039|mprojectid0000041|mprojectid0000042|mviewerid0000019|mviewerid0000038,0.2,165.685000,0.203198,0.503637,170.729550,0.000000,0.000000,true,79.339000,27,832.991000,"{""bora011"":16,""diablo03"":18,""h4d-standard-192-7"":24}","{""bora011"":0.027636,""diablo03"":0.010686,""h3-standard-88-2"":0,""h4d-standard-192-7"":0.012404}"
beam_time,cluster_homo,11,maddid0000018|maddid0000037|mbackgroundid0000014|mbackgroundid0000032|mbackgroundid0000034|mbackgroundid0000053|mbackgroundid0000054|mbgmodelid0000031|mconcatfitid0000030|mconcatfitid0000049|mdifffitid0000005|mdifffitid0000006|mdifffitid0000009|mdifffitid0000010|mdifffitid0000026|mdifffitid0000029|mdifffitid0000045|mdifffitid0000047|mdifffitid0000048|mimgtblid0000017|mprojectid0000001|mprojectid0000002|mprojectid0000003|mprojectid0000021|mprojectid0000039|mprojectid0000041|mprojectid0000042|mviewerid0000019|mviewerid0000038,0.2,313.782000,0.000000,0.503637,170.729550,0.000000,143.052000,false,114.114000,11,647.576000,"{""bora001"":17,""bora002"":18,""bora003"":11,""bora004"":12}","{""bora001"":0.041968,""bora002"":0.08099,""bora003"":0.033649,""bora004"":0.015398}"
beam_cost,cluster_homo,11,maddid0000018|maddid0000037|mbackgroundid0000014|mbackgroundid0000032|mbackgroundid0000034|mbackgroundid0000053|mbackgroundid0000054|mbgmodelid0000031|mconcatfitid0000030|mconcatfitid0000049|mdifffitid0000005|mdifffitid0000006|mdifffitid0000009|mdifffitid0000010|mdifffitid0000026|mdifffitid0000029|mdifffitid0000045|mdifffitid0000047|mdifffitid0000048|mimgtblid0000017|mprojectid0000001|mprojectid0000002|mprojectid0000003|mprojectid0000021|mprojectid0000039|mprojectid0000041|mprojectid0000042|mviewerid0000019|mviewerid0000038,0.2,313.782000,0.000000,0.503637,170.729550,0.000000,143.052000,false,114.114000,11,686.806000,"{""bora001"":17,""bora002"":18,""bora003"":11,""bora004"":12}","{""bora001"":0.041968,""bora002"":0.08099,""bora003"":0.033649,""bora004"":0.015398}"
beam_time,cluster_hetero,11,maddid0000018|maddid0000037|mbackgroundid0000014|mbackgroundid0000032|mbackgroundid0000034|mbackgroundid0000053|mbackgroundid0000054|mbgmodelid0000031|mconcatfitid0000030|mconcatfitid0000049|mdifffitid0000005|mdifffitid0000006|mdifffitid0000009|mdifffitid0000010|mdifffitid0000026|mdifffitid0000029|mdifffitid0000045|mdifffitid0000047|mdifffitid0000048|mimgtblid0000017|mprojectid0000001|mprojectid0000002|mprojectid0000003|mprojectid0000021|mprojectid0000039|mprojectid0000041|mprojectid0000042|mviewerid0000019|mviewerid0000038,0.2,326.437000,0.000000,0.503637,170.729550,0.000000,155.707000,false,74.988000,12,724.298000,"{""bora005"":19,""bora006"":23,""diablo01"":7,""diablo02"":9}","{""bora005"":0.074585,""bora006"":0.047371,""diablo01"":0.014323,""diablo02"":0.014165}"
beam_cost,cluster_hetero,11,maddid0000018|maddid0000037|mbackgroundid0000014|mbackgroundid0000032|mbackgroundid0000034|mbackgroundid0000053|mbackgroundid0000054|mbgmodelid0000031|mconcatfitid0000030|mconcatfitid0000049|mdifffitid0000005|mdifffitid0000006|mdifffitid0000009|mdifffitid0000010|mdifffitid0000026|mdifffitid0000029|mdifffitid0000045|mdifffitid0000047|mdifffitid0000048|mimgtblid0000017|mprojectid0000001|mprojectid0000002|mprojectid0000003|mprojectid0000021|mprojectid0000039|mprojectid0000041|mprojectid0000042|mviewerid0000019|mviewerid0000038,0.2,326.437000,0.000000,0.503637,170.729550,0.000000,155.707000,false,74.988000,12,731.430000,"{""bora005"":19,""bora006"":23,""diablo01"":7,""diablo02"":9}","{""bora005"":0.074585,""bora006"":0.047371,""diablo01"":0.014323,""diablo02"":0.014165}"
beam_time,cloud_homo,11,maddid0000018|maddid0000037|mbackgroundid0000014|mbackgroundid0000032|mbackgroundid0000034|mbackgroundid0000053|mbackgroundid0000054|mbgmodelid0000031|mconcatfitid0000030|mconcatfitid0000049|mdifffitid0000005|mdifffitid0000006|mdifffitid0000009|mdifffitid0000010|mdifffitid0000026|mdifffitid0000029|mdifffitid0000045|mdifffitid0000047|mdifffitid0000048|mimgtblid0000017|mprojectid0000001|mprojectid0000002|mprojectid0000003|mprojectid0000021|mprojectid0000039|mprojectid0000041|mprojectid0000042|mviewerid0000019|mviewerid0000038,0.2,154.200000,0.336399,0.503637,170.729550,0.000000,0.000000,true,140.750000,70,1000.318000,"{""h4d-standard-192-1"":58}","{""h4d-standard-192-1"":0.01963,""h4d-standard-192-2"":0,""h4d-standard-192-3"":0,""h4d-standard-192-4"":0}"
beam_cost,cloud_homo,11,maddid0000018|maddid0000037|mbackgroundid0000014|mbackgroundid0000032|mbackgroundid0000034|mbackgroundid0000053|mbackgroundid0000054|mbgmodelid0000031|mconcatfitid0000030|mconcatfitid0000049|mdifffitid0000005|mdifffitid0000006|mdifffitid0000009|mdifffitid0000010|mdifffitid0000026|mdifffitid0000029|mdifffitid0000045|mdifffitid0000047|mdifffitid0000048|mimgtblid0000017|mprojectid0000001|mprojectid0000002|mprojectid0000003|mprojectid0000021|mprojectid0000039|mprojectid0000041|mprojectid0000042|mviewerid0000019|mviewerid0000038,0.2,154.200000,0.336399,0.503637,170.729550,0.000000,0.000000,true,140.750000,70,1009.817000,"{""h4d-standard-192-1"":58}","{""h4d-standard-192-1"":0.01963,""h4d-standard-192-2"":0,""h4d-standard-192-3"":0,""h4d-standard-192-4"":0}"
beam_time,cloud_hetero,11,maddid0000018|maddid0000037|mbackgroundid0000014|mbackgroundid0000032|mbackgroundid0000034|mbackgroundid0000053|mbackgroundid0000054|mbgmodelid0000031|mconcatfitid0000030|mconcatfitid0000049|mdifffitid0000005|mdifffitid0000006|mdifffitid0000009|mdifffitid0000010|mdifffitid0000026|mdifffitid0000029|mdifffitid0000045|mdifffitid0000047|mdifffitid0000048|mimgtblid0000017|mprojectid0000001|mprojectid0000002|mprojectid0000003|mprojectid0000021|mprojectid0000039|mprojectid0000041|mprojectid0000042|mviewerid0000019|mviewerid0000038,0.2,162.068000,0.506698,0.503637,170.729550,0.003100,0.000000,false,69.701000,49,934.512000,"{""h3-standard-88-1"":43,""h4d-standard-192-1"":15}","{""h3-standard-88-1"":0.026831,""h3-standard-88-2"":0,""h4d-highmem-192-1"":0,""h4d-standard-192-1"":0.008024}"
beam_cost,cloud_hetero,11,maddid0000018|maddid0000037|mbackgroundid0000014|mbackgroundid0000032|mbackgroundid0000034|mbackgroundid0000053|mbackgroundid0000054|mbgmodelid0000031|mconcatfitid0000030|mconcatfitid0000049|mdifffitid0000005|mdifffitid0000006|mdifffitid0000009|mdifffitid0000010|mdifffitid0000026|mdifffitid0000029|mdifffitid0000045|mdifffitid0000047|mdifffitid0000048|mimgtblid0000017|mprojectid0000001|mprojectid0000002|mprojectid0000003|mprojectid0000021|mprojectid0000039|mprojectid0000041|mprojectid0000042|mviewerid0000019|mviewerid0000038,0.2,162.068000,0.506698,0.503637,170.729550,0.003100,0.000000,false,69.701000,49,959.630000,"{""h3-standard-88-1"":43,""h4d-standard-192-1"":15}","{""h3-standard-88-1"":0.026831,""h3-standard-88-2"":0,""h4d-highmem-192-1"":0,""h4d-standard-192-1"":0.008024}"
beam_time,hybrid_homo,11,maddid0000018|maddid0000037|mbackgroundid0000014|mbackgroundid0000032|mbackgroundid0000034|mbackgroundid0000053|mbackgroundid0000054|mbgmodelid0000031|mconcatfitid0000030|mconcatfitid0000049|mdifffitid0000005|mdifffitid0000006|mdifffitid0000009|mdifffitid0000010|mdifffitid0000026|mdifffitid0000029|mdifffitid0000045|mdifffitid0000047|mdifffitid0000048|mimgtblid0000017|mprojectid0000001|mprojectid0000002|mprojectid0000003|mprojectid0000021|mprojectid0000039|mprojectid0000041|mprojectid0000042|mviewerid0000019|mviewerid0000038,0.2,124.404000,0.385648,0.503637,170.729550,0.000000,0.000000,true,39.843000,18,954.079000,"{""bora009"":12,""bora010"":12,""h4d-standard-192-5"":18,""h4d-standard-192-6"":16}","{""bora009"":0.007254,""bora010"":0.00625,""h4d-standard-192-5"":0.006561,""h4d-standard-192-6"":0.010213}"
beam_cost,hybrid_homo,11,maddid0000018|maddid0000037|mbackgroundid0000014|mbackgroundid0000032|mbackgroundid0000034|mbackgroundid0000053|mbackgroundid0000054|mbgmodelid0000031|mconcatfitid0000030|mconcatfitid0000049|mdifffitid0000005|mdifffitid0000006|mdifffitid0000009|mdifffitid0000010|mdifffitid0000026|mdifffitid0000029|mdifffitid0000045|mdifffitid0000047|mdifffitid0000048|mimgtblid0000017|mprojectid0000001|mprojectid0000002|mprojectid0000003|mprojectid0000021|mprojectid0000039|mprojectid0000041|mprojectid0000042|mviewerid0000019|mviewerid0000038,0.2,164.845000,0.203197,0.503637,170.729550,0.000000,0.000000,true,77.449000,36,951.076000,"{""bora009"":14,""bora010"":17,""h4d-standard-192-6"":27}","{""bora009"":0.016157,""bora010"":0.026257,""h4d-standard-192-5"":0,""h4d-standard-192-6"":0.012603}"
beam_time,hybrid_hetero,11,maddid0000018|maddid0000037|mbackgroundid0000014|mbackgroundid0000032|mbackgroundid0000034|mbackgroundid0000053|mbackgroundid0000054|mbgmodelid0000031|mconcatfitid0000030|mconcatfitid0000049|mdifffitid0000005|mdifffitid0000006|mdifffitid0000009|mdifffitid0000010|mdifffitid0000026|mdifffitid0000029|mdifffitid0000045|mdifffitid0000047|mdifffitid0000048|mimgtblid0000017|mprojectid0000001|mprojectid0000002|mprojectid0000003|mprojectid0000021|mprojectid0000039|mprojectid0000041|mprojectid0000042|mviewerid0000019|mviewerid0000038,0.2,150.454000,0.501643,0.503637,170.729550,0.000000,0.000000,true,97.649000,29,859.177000,"{""bora011"":9,""diablo03"":10,""h3-standard-88-2"":5,""h4d-standard-192-7"":34}","{""bora011"":0.00471,""diablo03"":0.002272,""h3-standard-88-2"":0.002255,""h4d-standard-192-7"":0.01568}"
beam_cost,hybrid_hetero,11,maddid0000018|maddid0000037|mbackgroundid0000014|mbackgroundid0000032|mbackgroundid0000034|mbackgroundid0000053|mbackgroundid0000054|mbgmodelid0000031|mconcatfitid0000030|mconcatfitid0000049|mdifffitid0000005|mdifffitid0000006|mdifffitid0000009|mdifffitid0000010|mdifffitid0000026|mdifffitid0000029|mdifffitid0000045|mdifffitid0000047|mdifffitid0000048|mimgtblid0000017|mprojectid0000001|mprojectid0000002|mprojectid0000003|mprojectid0000021|mprojectid0000039|mprojectid0000041|mprojectid0000042|mviewerid0000019|mviewerid0000038,0.2,165.685000,0.203196,0.503637,170.729550,0.000000,0.000000,true,78.883000,33,835.166000,"{""bora011"":17,""diablo03"":17,""h4d-standard-192-7"":24}","{""bora011"":0.027551,""diablo03"":0.010997,""h3-standard-88-2"":0,""h4d-standard-192-7"":0.012222}"
beam_time,cluster_homo,12,mbackgroundid0000013|mbackgroundid0000014|mbackgroundid0000032|mbackgroundid0000033|mbgmodelid0000050|mconcatfitid0000011|mdifffitid0000005|mdifffitid0000006|mdifffitid0000007|mdifffitid0000008|mdifffitid0000009|mdifffitid0000010|mdifffitid0000026|mdifffitid0000027|mdifffitid0000043|mdifffitid0000044|mdifffitid0000045|mdifffitid0000048|mimgtblid0000017|mimgtblid0000036|mimgtblid0000055|mprojectid0000001|mprojectid0000004|mprojectid0000020|mprojectid0000021|mprojectid0000022|mviewerid0000019|mviewerid0000038|mviewerid0000058,0.2,292.983000,0.000000,0.503637,170.729550,0.000000,122.253000,false,35.727000,9,675.175000,"{""bora001"":16,""bora002"":18,""bora003"":11,""bora004"":13}","{""bora001"":0.07749,""bora002"":0.047468,""bora003"":0.031063,""bora004"":0.02108}"
beam_cost,cluster_homo,12,mbackgroundid0000013|mbackgroundid0000014|mbackgroundid0000032|mbackgroundid0000033|mbgmodelid0000050|mconcatfitid0000011|mdifffitid0000005|mdifffitid0000006|mdifffitid0000007|mdifffitid0000008|mdifffitid0000009|mdifffitid0000010|mdifffitid0000026|mdifffitid0000027|mdifffitid0000043|mdifffitid0000044|mdifffitid0000045|mdifffitid0000048|mimgtblid0000017|mimgtblid0000036|mimgtblid0000055|mprojectid0000001|mprojectid0000004|mprojectid0000020|mprojectid0000021|mprojectid0000022|mviewerid0000019|mviewerid0000038|mviewerid0000058,0.2,292.983000,0.000000,0.503637,170.729550,0.000000,122.253000,false,35.727000,9,672.200000,"{""bora001"":16,""bora002"":18,""bora003"":11,""bora004"":13}","{""bora001"":0.07749,""bora002"":0.047468,""bora003"":0.031063,""bora004"":0.02108}"
beam_time,cluster_hetero,12,mbackgroundid0000013|mbackgroundid0000014|mbackgroundid0000032|mbackgroundid0000033|mbgmodelid0000050|mconcatfitid0000011|mdifffitid0000005|mdifffitid0000006|mdifffitid0000007|mdifffitid0000008|mdifffitid0000009|mdifffitid0000010|mdifffitid0000026|mdifffitid0000027|mdifffitid0000043|mdifffitid0000044|mdifffitid0000045|mdifffitid0000048|mimgtblid0000017|mimgtblid0000036|mimgtblid0000055|mprojectid0000001|mprojectid0000004|mprojectid0000020|mprojectid0000021|mprojectid0000022|mviewerid0000019|mviewerid0000038|mviewerid0000058,0.2,293.451000,0.000000,0.503637,170.729550,0.000000,122.721000,false,41.929000,15,728.382000,"{""bora005"":21,""bora006"":20,""diablo01"":7,""diablo02"":10}","{""bora005"":0.119525,""bora006"":0.038949,""diablo01"":0.011829,""diablo02"":0.001464}"
beam_cost,cluster_hetero,12,mbackgroundid0000013|mbackgroundid0000014|mbackgroundid0000032|mbackgroundid0000033|mbgmodelid0000050|mconcatfitid0000011|mdifffitid0000005|mdifffitid0000006|mdifffitid0000007|mdifffitid0000008|mdifffitid0000009|mdifffitid0000010|mdifffitid0000026|mdifffitid0000027|mdifffitid0000043|mdifffitid0000044|mdifffitid0000045|mdifffitid0000048|mimgtblid0000017|mimgtblid0000036|mimgtblid0000055|mprojectid0000001|mprojectid0000004|mprojectid0000020|mprojectid0000021|mprojectid0000022|mviewerid0000019|mviewerid0000038|mviewerid0000058,0.2,293.451000,0.000000,0.503637,170.729550,0.000000,122.721000,false,41.929000,15,731.891000,"{""bora005"":21,""bora006"":20,""diablo01"":7,""diablo02"":10}","{""bora005"":0.119525,""bora006"":0.038949,""diablo01"":0.011829,""diablo02"":0.001464}"
beam_time,cloud_homo,12,mbackgroundid0000013|mbackgroundid0000014|mbackgroundid0000032|mbackgroundid0000033|mbgmodelid0000050|mconcatfitid0000011|mdifffitid0000005|mdifffitid0000006|mdifffitid0000007|mdifffitid0000008|mdifffitid0000009|mdifffitid0000010|mdifffitid0000026|mdifffitid0000027|mdifffitid0000043|mdifffitid0000044|mdifffitid0000045|mdifffitid0000048|mimgtblid0000017|mimgtblid0000036|mimgtblid0000055|mprojectid0000001|mprojectid0000004|mprojectid0000020|mprojectid0000021|mprojectid0000022|mviewerid0000019|mviewerid0000038|mviewerid0000058,0.2,112.642000,0.382702,0.503637,170.729550,0.000000,0.000000,true,31.878000,38,1010.342000,"{""h4d-standard-192-1"":55,""h4d-standard-192-2"":3}","{""h4d-standard-192-1"":0.020061,""h4d-standard-192-2"":0.001525,""h4d-standard-192-3"":0,""h4d-standard-192-4"":0}"
beam_cost,cloud_homo,12,mbackgroundid0000013|mbackgroundid0000014|mbackgroundid0000032|mbackgroundid0000033|mbgmodelid0000050|mconcatfitid0000011|mdifffitid0000005|mdifffitid0000006|mdifffitid0000007|mdifffitid0000008|mdifffitid0000009|mdifffitid0000010|mdifffitid0000026|mdifffitid0000027|mdifffitid0000043|mdifffitid0000044|mdifffitid0000045|mdifffitid0000048|mimgtblid0000017|mimgtblid0000036|mimgtblid0000055|mprojectid0000001|mprojectid0000004|mprojectid0000020|mprojectid0000021|mprojectid0000022|mviewerid0000019|mviewerid0000038|mviewerid0000058,0.2,114.793000,0.250437,0.503637,170.729550,0.000000,0.000000,true,56.516000,43,1030.475000,"{""h4d-standard-192-2"":58}","{""h4d-standard-192-1"":0,""h4d-standard-192-2"":0.022066,""h4d-standard-192-3"":0,""h4d-standard-192-4"":0}"
beam_time,cloud_hetero,12,mbackgroundid0000013|mbackgroundid0000014|mbackgroundid0000032|mbackgroundid0000033|mbgmodelid0000050|mconcatfitid0000011|mdifffitid0000005|mdifffitid0000006|mdifffitid0000007|mdifffitid0000008|mdifffitid0000009|mdifffitid0000010|mdifffitid0000026|mdifffitid0000027|mdifffitid0000043|mdifffitid0000044|mdifffitid0000045|mdifffitid0000048|mimgtblid0000017|mimgtblid0000036|mimgtblid0000055|mprojectid0000001|mprojectid0000004|mprojectid0000020|mprojectid0000021|mprojectid0000022|mviewerid0000019|mviewerid0000038|mviewerid0000058,0.2,124.094000,0.483098,0.503637,170.729550,0.000000,0.000000,true,24.936000,36,989.909000,"{""h3-standard-88-1"":1,""h4d-highmem-192-1"":4,""h4d-standard-192-1"":53}","{""h3-standard-88-1"":0.000248,""h3-standard-88-2"":0,""h4d-highmem-192-1"":0.002438,""h4d-standard-192-1"":0.017145}"
beam_cost,cloud_hetero,12,mbackgroundid0000013|mbackgroundid0000014|mbackgroundid0000032|mbackgroundid0000033|mbgmodelid0000050|mconcatfitid0000011|mdifffitid0000005|mdifffitid0000006|mdifffitid0000007|mdifffitid0000008|mdifffitid0000009|mdifffitid0000010|mdifffitid0000026|mdifffitid0000027|mdifffitid0000043|mdifffitid0000044|mdifffitid0000045|mdifffitid0000048|mimgtblid0000017|mimgtblid0000036|mimgtblid0000055|mprojectid0000001|mprojectid0000004|mprojectid0000020|mprojectid0000021|mprojectid0000022|mviewerid0000019|mviewerid0000038|mviewerid0000058,0.2,166.339000,0.227499,0.503637,170.729550,0.000000,0.000000,true,95.172000,45,921.097000,"{""h3-standard-88-2"":58}","{""h3-standard-88-1"":0,""h3-standard-88-2"":0.056947,""h4d-highmem-192-1"":0,""h4d-standard-192-1"":0}"
beam_time,hybrid_homo,12,mbackgroundid0000013|mbackgroundid0000014|mbackgroundid0000032|mbackgroundid0000033|mbgmodelid0000050|mconcatfitid0000011|mdifffitid0000005|mdifffitid0000006|mdifffitid0000007|mdifffitid0000008|mdifffitid0000009|mdifffitid0000010|mdifffitid0000026|mdifffitid0000027|mdifffitid0000043|mdifffitid0000044|mdifffitid0000045|mdifffitid0000048|mimgtblid0000017|mimgtblid0000036|mimgtblid0000055|mprojectid0000001|mprojectid0000004|mprojectid0000020|mprojectid0000021|mprojectid0000022|mviewerid0000019|mviewerid0000038|mviewerid0000058,0.2,109.274000,0.500377,0.503637,170.729550,0.000000,0.000000,true,20.423000,15,942.157000,"{""bora009"":8,""bora010"":12,""h4d-standard-192-5"":18,""h4d-standard-192-6"":20}","{""bora009"":0.004568,""bora010"":0.007322,""h4d-standard-192-5"":0.010516,""h4d-standard-192-6"":0.008154}"
beam_cost,hybrid_homo,12,mbackgroundid0000013|mbackgroundid0000014|mbackgroundid0000032|mbackgroundid0000033|mbgmodelid0000050|mconcatfitid0000011|mdifffitid0000005|mdifffitid0000006|mdifffitid0000007|mdifffitid0000008|mdifffitid0000009|mdifffitid0000010|mdifffitid0000026|mdifffitid0000027|mdifffitid0000043|mdifffitid0000044|mdifffitid0000045|mdifffitid0000048|mimgtblid0000017|mimgtblid0000036|mimgtblid0000055|mprojectid0000001|mprojectid0000004|mprojectid0000020|mprojectid0000021|mprojectid0000022|mviewerid0000019|mviewerid0000038|mviewerid0000058,0.2,120.130000,0.139858,0.503637,170.729550,0.000000,0.000000,true,36.612000,25,897.631000,"{""bora009"":18,""bora010"":24,""h4d-standard-192-6"":16}","{""bora009"":0.01337,""bora010"":0.028722,""h4d-standard-192-5"":0,""h4d-standard-192-6"":0.0151}"
beam_time,hybrid_hetero,12,mbackgroundid0000013|mbackgroundid0000014|mbackgroundid0000032|mbackgroundid0000033|mbgmodelid0000050|mconcatfitid0000011|mdifffitid0000005|mdifffitid0000006|mdifffitid0000007|mdifffitid0000008|mdifffitid0000009|mdifffitid0000010|mdifffitid0000026|mdifffitid0000027|mdifffitid0000043|mdifffitid0000044|mdifffitid0000045|mdifffitid0000048|mimgtblid0000017|mimgtblid0000036|mimgtblid0000055|mprojectid0000001|mprojectid0000004|mprojectid0000020|mprojectid0000021|mprojectid0000022|mviewerid0000019|mviewerid0000038|mviewerid0000058,0.2,116.892000,0.253093,0.503637,170.729550,0.000000,0.000000,true,46.575000,28,838.323000,"{""bora011"":10,""diablo03"":6,""h4d-standard-192-7"":42}","{""bora011"":0.006391,""diablo03"":0.001585,""h3-standard-88-2"":0,""h4d-standard-192-7"":0.019131}"
beam_cost,hybrid_hetero,12,mbackgroundid0000013|mbackgroundid0000014|mbackgroundid0000032|mbackgroundid0000033|mbgmodelid0000050|mconcatfitid0000011|mdifffitid0000005|mdifffitid0000006|mdifffitid0000007|mdifffitid0000008|mdifffitid0000009|mdifffitid0000010|mdifffitid0000026|mdifffitid0000027|mdifffitid0000043|mdifffitid0000044|mdifffitid0000045|mdifffitid0000048|mimgtblid0000017|mimgtblid0000036|mimgtblid0000055|mprojectid0000001|mprojectid0000004|mprojectid0000020|mprojectid0000021|mprojectid0000022|mviewerid0000019|mviewerid0000038|mviewerid0000058,0.2,123.136000,0.139858,0.503637,170.729550,0.000000,0.000000,true,37.750000,26,840.100000,"{""bora011"":23,""diablo03"":19,""h4d-standard-192-7"":16}","{""bora011"":0.029666,""diablo03"":0.008125,""h3-standard-88-2"":0,""h4d-standard-192-7"":0.014732}"
beam_time,cluster_homo,13,maddid0000037|mbackgroundid0000013|mbackgroundid0000016|mbackgroundid0000034|mbackgroundid0000052|mbgmodelid0000012|mbgmodelid0000031|mconcatfitid0000030|mdifffitid0000005|mdifffitid0000006|mdifffitid0000007|mdifffitid0000008|mdifffitid0000009|mdifffitid0000010|mdifffitid0000025|mdifffitid0000026|mdifffitid0000027|mdifffitid0000028|mdifffitid0000029|mdifffitid0000043|mdifffitid0000044|mdifffitid0000045|mimgtblid0000017|mprojectid0000002|mprojectid0000004|mprojectid0000039|mprojectid0000040|mprojectid0000041|mviewerid0000057,0.2,292.983000,0.000000,0.503637,170.729550,0.000000,122.253000,false,27.361000,11,647.622000,"{""bora001"":17,""bora002"":19,""bora003"":11,""bora004"":11}","{""bora001"":0.079994,""bora002"":0.044749,""bora003"":0.023944,""bora004"":0.027272}"
beam_cost,cluster_homo,13,maddid0000037|mbackgroundid0000013|mbackgroundid0000016|mbackgroundid0000034|mbackgroundid0000052|mbgmodelid0000012|mbgmodelid0000031|mconcatfitid0000030|mdifffitid0000005|mdifffitid0000006|mdifffitid0000007|mdifffitid0000008|mdifffitid0000009|mdifffitid0000010|mdifffitid0000025|mdifffitid0000026|mdifffitid0000027|mdifffitid0000028|mdifffitid0000029|mdifffitid0000043|mdifffitid0000044|mdifffitid0000045|mimgtblid0000017|mprojectid0000002|mprojectid0000004|mprojectid0000039|mprojectid0000040|mprojectid0000041|mviewerid0000057,0.2,292.983000,0.000000,0.503637,170.729550,0.000000,122.253000,false,27.361000,11,644.767000,"{""bora001"":17,""bora002"":19,""bora003"":11,""bora004"":11}","{""bora001"":0.079994,""bora002"":0.044749,""bora003"":0.023944,""bora004"":0.027272}"
beam_time,cluster_hetero,13,maddid0000037|mbackgroundid0000013|mbackgroundid0000016|mbackgroundid0000034|mbackgroundid0000052|mbgmodelid0000012|mbgmodelid0000031|mconcatfitid0000030|mdifffitid0000005|mdifffitid0000006|mdifffitid0000007|mdifffitid0000008|mdifffitid0000009|mdifffitid0000010|mdifffitid0000025|mdifffitid0000026|mdifffitid0000027|mdifffitid0000028|mdifffitid0000029|mdifffitid0000043|mdifffitid0000044|mdifffitid0000045|mimgtblid0000017|mprojectid0000002|mprojectid0000004|mprojectid0000039|mprojectid0000040|mprojectid0000041|mviewerid0000057,0.2,310.818000,0.000000,0.503637,170.729550,0.000000,140.088000,false,70.115000,7,701.655000,"{""bora005"":21,""bora006"":20,""diablo01"":8,""diablo02"":9}","{""bora005"":0.090453,""bora006"":0.065851,""diablo01"":0.008242,""diablo02"":0.001147}"
beam_cost,cluster_hetero,13,maddid0000037|mbackgroundid0000013|mbackgroundid0000016|mbackgroundid0000034|mbackgroundid0000052|mbgmodelid0000012|mbgmodelid0000031|mconcatfitid0000030|mdifffitid0000005|mdifffitid0000006|mdifffitid0000007|mdifffitid0000008|mdifffitid0000009|mdifffitid0000010|mdifffitid0000025|mdifffitid0000026|mdifffitid0000027|mdifffitid0000028|mdifffitid0000029|mdifffitid0000043|mdifffitid0000044|mdifffitid0000045|mimgtblid0000017|mprojectid0000002|mprojectid0000004|mprojectid0000039|mprojectid0000040|mprojectid0000041|mviewerid0000057,0.2,310.818000,0.000000,0.503637,170.729550,0.000000,140.088000,false,70.115000,7,736.286000,"{""bora005"":21,""bora006"":20,""diablo01"":8,""diablo02"":9}","{""bora005"":0.090453,""bora006"":0.065851,""diablo01"":0.008242,""diablo02"":0.001147}"
beam_time,cloud_homo,13,maddid0000037|mbackgroundid0000013|mbackgroundid0000016|mbackgroundid0000034|mbackgroundid0000052|mbgmodelid0000012|mbgmodelid0000031|mconcatfitid0000030|mdifffitid0000005|mdifffitid0000006|mdifffitid0000007|mdifffitid0000008|mdifffitid0000009|mdifffitid0000010|mdifffitid0000025|mdifffitid0000026|mdifffitid0000027|mdifffitid0000028|mdifffitid0000029|mdifffitid0000043|mdifffitid0000044|mdifffitid0000045|mimgtblid0000017|mprojectid0000002|mprojectid0000004|mprojectid0000039|mprojectid0000040|mprojectid0000041|mviewerid0000057,0.2,125.182000,0.452693,0.503637,170.729550,0.000000,0.000000,true,40.613000,40,955.246000,"{""h4d-standard-192-2"":4,""h4d-standard-192-4"":54}","{""h4d-standard-192-1"":0,""h4d-standard-192-2"":0.003016,""h4d-standard-192-3"":0,""h4d-standard-192-4"":0.016296}"
beam_cost,cloud_homo,13,maddid0000037|mbackgroundid0000013|mbackgroundid0000016|mbackgroundid0000034|mbackgroundid0000052|mbgmodelid0000012|mbgmodelid0000031|mconcatfitid0000030|mdifffitid0000005|mdifffitid0000006|mdifffitid0000007|mdifffitid0000008|mdifffitid0000009|mdifffitid0000010|mdifffitid0000025|mdifffitid0000026|mdifffitid0000027|mdifffitid0000028|mdifffitid0000029|mdifffitid0000043|mdifffitid0000044|mdifffitid0000045|mimgtblid0000017|mprojectid0000002|mprojectid0000004|mprojectid0000039|mprojectid0000040|mprojectid0000041|mviewerid0000057,0.2,125.655000,0.274126,0.503637,170.729550,0.000000,0.000000,true,102.690000,79,1027.953000,"{""h4d-standard-192-2"":58}","{""h4d-standard-192-1"":0,""h4d-standard-192-2"":0.022072,""h4d-standard-192-3"":0,""h4d-standard-192-4"":0}"
beam_time,cloud_hetero,13,maddid0000037|mbackgroundid0000013|mbackgroundid0000016|mbackgroundid0000034|mbackgroundid0000052|mbgmodelid0000012|mbgmodelid0000031|mconcatfitid0000030|mdifffitid0000005|mdifffitid0000006|mdifffitid0000007|mdifffitid0000008|mdifffitid0000009|mdifffitid0000010|mdifffitid0000025|mdifffitid0000026|mdifffitid0000027|mdifffitid0000028|mdifffitid0000029|mdifffitid0000043|mdifffitid0000044|mdifffitid0000045|mimgtblid0000017|mprojectid0000002|mprojectid0000004|mprojectid0000039|mprojectid0000040|mprojectid0000041|mviewerid0000057,0.2,122.687000,0.485121,0.503637,170.729550,0.000000,0.000000,true,38.081000,37,964.096000,"{""h4d-highmem-192-1"":54,""h4d-standard-192-1"":4}","{""h3-standard-88-1"":0,""h3-standard-88-2"":0,""h4d-highmem-192-1"":0.01648,""h4d-standard-192-1"":0.00305}"
beam_cost,cloud_hetero,13,maddid0000037|mbackgroundid0000013|mbackgroundid0000016|mbackgroundid0000034|mbackgroundid0000052|mbgmodelid0000012|mbgmodelid0000031|mconcatfitid0000030|mdifffitid0000005|mdifffitid0000006|mdifffitid0000007|mdifffitid0000008|mdifffitid0000009|mdifffitid0000010|mdifffitid0000025|mdifffitid0000026|mdifffitid0000027|mdifffitid0000028|mdifffitid0000029|mdifffitid0000043|mdifffitid0000044|mdifffitid0000045|mimgtblid0000017|mprojectid0000002|mprojectid0000004|mprojectid0000039|mprojectid0000040|mprojectid0000041|mviewerid0000057,0.2,144.219000,0.366504,0.503637,170.729550,0.000000,0.000000,true,101.590000,84,965.124000,"{""h3-standard-88-2"":14,""h4d-standard-192-1"":44}","{""h3-standard-88-1"":0,""h3-standard-88-2"":0.001966,""h4d-highmem-192-1"":0,""h4d-standard-192-1"":0.018298}"
beam_time,hybrid_homo,13,maddid0000037|mbackgroundid0000013|mbackgroundid0000016|mbackgroundid0000034|mbackgroundid0000052|mbgmodelid0000012|mbgmodelid0000031|mconcatfitid0000030|mdifffitid0000005|mdifffitid0000006|mdifffitid0000007|mdifffitid0000008|mdifffitid0000009|mdifffitid0000010|mdifffitid0000025|mdifffitid0000026|mdifffitid0000027|mdifffitid0000028|mdifffitid0000029|mdifffitid0000043|mdifffitid0000044|mdifffitid0000045|mimgtblid0000017|mprojectid0000002|mprojectid0000004|mprojectid0000039|mprojectid0000040|mprojectid0000041|mviewerid0000057,0.2,115.551000,0.502158,0.503637,170.729550,0.000000,0.000000,true,29.806000,18,909.567000,"{""bora009"":10,""bora010"":9,""h4d-standard-192-5"":19,""h4d-standard-192-6"":20}","{""bora009"":0.006749,""bora010"":0.003694,""h4d-standard-192-5"":0.011887,""h4d-standard-192-6"":0.006096}"
beam_cost,hybrid_homo,13,maddid0000037|mbackgroundid0000013|mbackgroundid0000016|mbackgroundid0000034|mbackgroundid0000052|mbgmodelid0000012|mbgmodelid0000031|mconcatfitid0000030|mdifffitid0000005|mdifffitid0000006|mdifffitid0000007|mdifffitid0000008|mdifffitid0000009|mdifffitid0000010|mdifffitid0000025|mdifffitid0000026|mdifffitid0000027|mdifffitid0000028|mdifffitid0000029|mdifffitid0000043|mdifffitid0000044|mdifffitid0000045|mimgtblid0000017|mprojectid0000002|mprojectid0000004|mprojectid0000039|mprojectid0000040|mprojectid0000041|mviewerid0000057,0.2,122.877000,0.160278,0.503637,170.729550,0.000000,0.000000,true,46.781000,34,938.778000,"{""bora009"":14,""bora010"":23,""h4d-standard-192-6"":21}","{""bora009"":0.023133,""bora010"":0.01444,""h4d-standard-192-5"":0,""h4d-standard-192-6"":0.0159}"
beam_time,hybrid_hetero,13,maddid0000037|mbackgroundid0000013|mbackgroundid0000016|mbackgroundid0000034|mbackgroundid0000052|mbgmodelid0000012|mbgmodelid0000031|mconcatfitid0000030|mdifffitid0000005|mdifffitid0000006|mdifffitid0000007|mdifffitid0000008|mdifffitid0000009|mdifffitid0000010|mdifffitid0000025|mdifffitid0000026|mdifffitid0000027|mdifffitid0000028|mdifffitid0000029|mdifffitid0000043|mdifffitid0000044|mdifffitid0000045|mimgtblid0000017|mprojectid0000002|mprojectid0000004|mprojectid0000039|mprojectid0000040|mprojectid0000041|mviewerid0000057,0.2,124.836000,0.160277,0.503637,170.729550,0.000000,0.000000,true,47.062000,31,821.908000,"{""bora011"":16,""diablo03"":21,""h4d-standard-192-7"":21}","{""bora011"":0.024876,""diablo03"":0.007874,""h3-standard-88-2"":0,""h4d-standard-192-7"":0.015689}"
beam_cost,hybrid_hetero,13,maddid0000037|mbackgroundid0000013|mbackgroundid0000016|mbackgroundid0000034|mbackgroundid0000052|mbgmodelid0000012|mbgmodelid0000031|mconcatfitid0000030|mdifffitid0000005|mdifffitid0000006|mdifffitid0000007|mdifffitid0000008|mdifffitid0000009|mdifffitid0000010|mdifffitid0000025|mdifffitid0000026|mdifffitid0000027|mdifffitid0000028|mdifffitid0000029|mdifffitid0000043|mdifffitid0000044|mdifffitid0000045|mimgtblid0000017|mprojectid0000002|mprojectid0000004|mprojectid0000039|mprojectid0000040|mprojectid0000041|mviewerid0000057,0.2,124.836000,0.160277,0.503637,170.729550,0.000000,0.000000,true,47.062000,31,824.512000,"{""bora011"":16,""diablo03"":21,""h4d-standard-192-7"":21}","{""bora011"":0.024876,""diablo03"":0.007874,""h3-standard-88-2"":0,""h4d-standard-192-7"":0.015689}"
beam_time,cluster_homo,14,maddid0000018|maddid0000056|mbackgroundid0000013|mbackgroundid0000033|mbackgroundid0000052|mbackgroundid0000053|mbgmodelid0000031|mconcatfitid0000030|mconcatfitid0000049|mdifffitid0000005|mdifffitid0000007|mdifffitid0000008|mdifffitid0000010|mdifffitid0000025|mdifffitid0000044|mdifffitid0000045|mdifffitid0000046|mdifffitid0000047|mdifffitid0000048|mimgtblid0000017|mimgtblid0000055|mprojectid0000001|mprojectid0000003|mprojectid0000020|mprojectid0000021|mprojectid0000023|mprojectid0000039|mprojectid0000041|mviewerid0000058,0.2,313.685000,0.000000,0.503637,170.729550,0.000000,142.955000,false,100.860000,7,647.176000,"{""bora001"":17,""bora002"":19,""bora003"":11,""bora004"":11}","{""bora001"":0.067198,""bora002"":0.05306,""bora003"":0.031852,""bora004"":0.019024}"
beam_cost,cluster_homo,14,maddid0000018|maddid0000056|mbackgroundid0000013|mbackgroundid0000033|mbackgroundid0000052|mbackgroundid0000053|mbgmodelid0000031|mconcatfitid0000030|mconcatfitid0000049|mdifffitid0000005|mdifffitid0000007|mdifffitid0000008|mdifffitid0000010|mdifffitid0000025|mdifffitid0000044|mdifffitid0000045|mdifffitid0000046|mdifffitid0000047|mdifffitid0000048|mimgtblid0000017|mimgtblid0000055|mprojectid0000001|mprojectid0000003|mprojectid0000020|mprojectid0000021|mprojectid0000023|mprojectid0000039|mprojectid0000041|mviewerid0000058,0.2,313.685000,0.000000,0.503637,170.729550,0.000000,142.955000,false,100.860000,7,656.388000,"{""bora001"":17,""bora002"":19,""bora003"":11,""bora004"":11}","{""bora001"":0.067198,""bora002"":0.05306,""bora003"":0.031852,""bora004"":0.019024}"
beam_time,cluster_hetero,14,maddid0000018|maddid0000056|mbackgroundid0000013|mbackgroundid0000033|mbackgroundid0000052|mbackgroundid0000053|mbgmodelid0000031|mconcatfitid0000030|mconcatfitid0000049|mdifffitid0000005|mdifffitid0000007|mdifffitid0000008|mdifffitid0000010|mdifffitid0000025|mdifffitid0000044|mdifffitid0000045|mdifffitid0000046|mdifffitid0000047|mdifffitid0000048|mimgtblid0000017|mimgtblid0000055|mprojectid0000001|mprojectid0000003|mprojectid0000020|mprojectid0000021|mprojectid0000023|mprojectid0000039|mprojectid0000041|mviewerid0000058,0.2,324.595000,0.000000,0.503637,170.729550,0.000000,153.865000,false,72.965000,8,764.292000,"{""bora005"":20,""bora006"":23,""diablo01"":7,""diablo02"":8}","{""bora005"":0.078518,""bora006"":0.049393,""diablo01"":0.010532,""diablo02"":0.014131}"
beam_cost,cluster_hetero,14,maddid0000018|maddid0000056|mbackgroundid0000013|mbackgroundid0000033|mbackgroundid0000052|mbackgroundid0000053|mbgmodelid0000031|mconcatfitid0000030|mconcatfitid0000049|mdifffitid0000005|mdifffitid0000007|mdifffitid0000008|mdifffitid0000010|mdifffitid0000025|mdifffitid0000044|mdifffitid0000045|mdifffitid0000046|mdifffitid0000047|mdifffitid0000048|mimgtblid0000017|mimgtblid0000055|mprojectid0000001|mprojectid0000003|mprojectid0000020|mprojectid0000021|mprojectid0000023|mprojectid0000039|mprojectid0000041|mviewerid0000058,0.2,324.595000,0.000000,0.503637,170.729550,0.000000,153.865000,false,72.965000,8,733.193000,"{""bora005"":20,""bora006"":23,""diablo01"":7,""diablo02"":8}","{""bora005"":0.078518,""bora006"":0.049393,""diablo01"":0.010532,""diablo02"":0.014131}"
beam_time,cloud_homo,14,maddid0000018|maddid0000056|mbackgroundid0000013|mbackgroundid0000033|mbackgroundid0000052|mbackgroundid0000053|mbgmodelid0000031|mconcatfitid0000030|mconcatfitid0000049|mdifffitid0000005|mdifffitid0000007|mdifffitid0000008|mdifffitid0000010|mdifffitid0000025|mdifffitid0000044|mdifffitid0000045|mdifffitid0000046|mdifffitid0000047|mdifffitid0000048|mimgtblid0000017|mimgtblid0000055|mprojectid0000001|mprojectid0000003|mprojectid0000020|mprojectid0000021|mprojectid0000023|mprojectid0000039|mprojectid0000041|mviewerid0000058,0.2,118.127000,0.480683,0.503637,170.729550,0.000000,0.000000,true,53.653000,38,966.705000,"{""h4d-standard-192-1"":6,""h4d-standard-192-3"":52}","{""h4d-standard-192-1"":0.004901,""h4d-standard-192-2"":0,""h4d-standard-192-3"":0.016822,""h4d-standard-192-4"":0}"
beam_cost,cloud_homo,14,maddid0000018|maddid0000056|mbackgroundid0000013|mbackgroundid0000033|mbackgroundid0000052|mbackgroundid0000053|mbgmodelid0000031|mconcatfitid0000030|mconcatfitid0000049|mdifffitid0000005|mdifffitid0000007|mdifffitid0000008|mdifffitid0000010|mdifffitid0000025|mdifffitid0000044|mdifffitid0000045|mdifffitid0000046|mdifffitid0000047|mdifffitid0000048|mimgtblid0000017|mimgtblid0000055|mprojectid0000001|mprojectid0000003|mprojectid0000020|mprojectid0000021|mprojectid0000023|mprojectid0000039|mprojectid0000041|mviewerid0000058,0.2,145.759000,0.317992,0.503637,170.729550,0.000000,0.000000,true,129.016000,60,1002.984000,"{""h4d-standard-192-2"":58}","{""h4d-standard-192-1"":0,""h4d-standard-192-2"":0.019969,""h4d-standard-192-3"":0,""h4d-standard-192-4"":0}"
beam_time,cloud_hetero,14,maddid0000018|maddid0000056|mbackgroundid0000013|mbackgroundid0000033|mbackgroundid0000052|mbackgroundid0000053|mbgmodelid0000031|mconcatfitid0000030|mconcatfitid0000049|mdifffitid0000005|mdifffitid0000007|mdifffitid0000008|mdifffitid0000010|mdifffitid0000025|mdifffitid0000044|mdifffitid0000045|mdifffitid0000046|mdifffitid0000047|mdifffitid0000048|mimgtblid0000017|mimgtblid0000055|mprojectid0000001|mprojectid0000003|mprojectid0000020|mprojectid0000021|mprojectid0000023|mprojectid0000039|mprojectid0000041|mviewerid0000058,0.2,119.226000,0.465182,0.503637,170.729550,0.000000,0.000000,true,52.725000,38,944.618000,"{""h4d-highmem-192-1"":55,""h4d-standard-192-1"":3}","{""h3-standard-88-1"":0,""h3-standard-88-2"":0,""h4d-highmem-192-1"":0.017791,""h4d-standard-192-1"":0.003054}"
beam_cost,cloud_hetero,14,maddid0000018|maddid0000056|mbackgroundid0000013|mbackgroundid0000033|mbackgroundid0000052|mbackgroundid0000053|mbgmodelid0000031|mconcatfitid0000030|mconcatfitid0000049|mdifffitid0000005|mdifffitid0000007|mdifffitid0000008|mdifffitid0000010|mdifffitid0000025|mdifffitid0000044|mdifffitid0000045|mdifffitid0000046|mdifffitid0000047|mdifffitid0000048|mimgtblid0000017|mimgtblid0000055|mprojectid0000001|mprojectid0000003|mprojectid0000020|mprojectid0000021|mprojectid0000023|mprojectid0000039|mprojectid0000041|mviewerid0000058,0.2,119.226000,0.465182,0.503637,170.729550,0.000000,0.000000,true,52.725000,38,938.382000,"{""h4d-highmem-192-1"":55,""h4d-standard-192-1"":3}","{""h3-standard-88-1"":0,""h3-standard-88-2"":0,""h4d-highmem-192-1"":0.017791,""h4d-standard-192-1"":0.003054}"
beam_time,hybrid_homo,14,maddid0000018|maddid0000056|mbackgroundid0000013|mbackgroundid0000033|mbackgroundid0000052|mbackgroundid0000053|mbgmodelid0000031|mconcatfitid0000030|mconcatfitid0000049|mdifffitid0000005|mdifffitid0000007|mdifffitid0000008|mdifffitid0000010|mdifffitid0000025|mdifffitid0000044|mdifffitid0000045|mdifffitid0000046|mdifffitid0000047|mdifffitid0000048|mimgtblid0000017|mimgtblid0000055|mprojectid0000001|mprojectid0000003|mprojectid0000020|mprojectid0000021|mprojectid0000023|mprojectid0000039|mprojectid0000041|mviewerid0000058,0.2,123.255000,0.502016,0.503637,170.729550,0.000000,0.000000,true,48.512000,15,905.953000,"{""bora009"":10,""bora010"":13,""h4d-standard-192-5"":17,""h4d-standard-192-6"":18}","{""bora009"":0.005901,""bora010"":0.005987,""h4d-standard-192-5"":0.009697,""h4d-standard-192-6"":0.007949}"
beam_cost,hybrid_homo,14,maddid0000018|maddid0000056|mbackgroundid0000013|mbackgroundid0000033|mbackgroundid0000052|mbackgroundid0000053|mbgmodelid0000031|mconcatfitid0000030|mconcatfitid0000049|mdifffitid0000005|mdifffitid0000007|mdifffitid0000008|mdifffitid0000010|mdifffitid0000025|mdifffitid0000044|mdifffitid0000045|mdifffitid0000046|mdifffitid0000047|mdifffitid0000048|mimgtblid0000017|mimgtblid0000055|mprojectid0000001|mprojectid0000003|mprojectid0000020|mprojectid0000021|mprojectid0000023|mprojectid0000039|mprojectid0000041|mviewerid0000058,0.2,142.496000,0.200784,0.503637,170.729550,0.000000,0.000000,true,88.784000,35,976.949000,"{""bora009"":13,""bora010"":18,""h4d-standard-192-6"":27}","{""bora009"":0.007929,""bora010"":0.019264,""h4d-standard-192-5"":0,""h4d-standard-192-6"":0.01576}"
beam_time,hybrid_hetero,14,maddid0000018|maddid0000056|mbackgroundid0000013|mbackgroundid0000033|mbackgroundid0000052|mbackgroundid0000053|mbgmodelid0000031|mconcatfitid0000030|mconcatfitid0000049|mdifffitid0000005|mdifffitid0000007|mdifffitid0000008|mdifffitid0000010|mdifffitid0000025|mdifffitid0000044|mdifffitid0000045|mdifffitid0000046|mdifffitid0000047|mdifffitid0000048|mimgtblid0000017|mimgtblid0000055|mprojectid0000001|mprojectid0000003|mprojectid0000020|mprojectid0000021|mprojectid0000023|mprojectid0000039|mprojectid0000041|mviewerid0000058,0.2,138.240000,0.182413,0.503637,170.729550,0.000000,0.000000,true,73.553000,29,858.952000,"{""bora011"":16,""diablo03"":20,""h4d-standard-192-7"":22}","{""bora011"":0.037693,""diablo03"":0.006874,""h3-standard-88-2"":0,""h4d-standard-192-7"":0.014376}"
beam_cost,hybrid_hetero,14,maddid0000018|maddid0000056|mbackgroundid0000013|mbackgroundid0000033|mbackgroundid0000052|mbackgroundid0000053|mbgmodelid0000031|mconcatfitid0000030|mconcatfitid0000049|mdifffitid0000005|mdifffitid0000007|mdifffitid0000008|mdifffitid0000010|mdifffitid0000025|mdifffitid0000044|mdifffitid0000045|mdifffitid0000046|mdifffitid0000047|mdifffitid0000048|mimgtblid0000017|mimgtblid0000055|mprojectid0000001|mprojectid0000003|mprojectid0000020|mprojectid0000021|mprojectid0000023|mprojectid0000039|mprojectid0000041|mviewerid0000058,0.2,138.240000,0.182413,0.503637,170.729550,0.000000,0.000000,true,73.553000,29,854.478000,"{""bora011"":16,""diablo03"":20,""h4d-standard-192-7"":22}","{""bora011"":0.037693,""diablo03"":0.006874,""h3-standard-88-2"":0,""h4d-standard-192-7"":0.014376}"
beam_time,cluster_homo,15,maddid0000037|maddid0000056|mbackgroundid0000014|mbackgroundid0000032|mbackgroundid0000034|mbackgroundid0000051|mbackgroundid0000052|mbgmodelid0000031|mbgmodelid0000050|mconcatfitid0000011|mconcatfitid0000030|mconcatfitid0000049|mdifffitid0000006|mdifffitid0000008|mdifffitid0000025|mdifffitid0000026|mdifffitid0000027|mdifffitid0000046|mdifffitid0000047|mimgtblid0000055|mprojectid0000001|mprojectid0000003|mprojectid0000004|mprojectid0000021|mprojectid0000023|mprojectid0000039|mprojectid0000041|mviewerid0000038|mviewerid0000057,0.2,313.685000,0.000000,0.503637,170.729550,0.000000,142.955000,false,101.330000,8,676.907000,"{""bora001"":16,""bora002"":20,""bora003"":10,""bora004"":12}","{""bora001"":0.067073,""bora002"":0.059385,""bora003"":0.029141,""bora004"":0.01558}"
beam_cost,cluster_homo,15,maddid0000037|maddid0000056|mbackgroundid0000014|mbackgroundid0000032|mbackgroundid0000034|mbackgroundid0000051|mbackgroundid0000052|mbgmodelid0000031|mbgmodelid0000050|mconcatfitid0000011|mconcatfitid0000030|mconcatfitid0000049|mdifffitid0000006|mdifffitid0000008|mdifffitid0000025|mdifffitid0000026|mdifffitid0000027|mdifffitid0000046|mdifffitid0000047|mimgtblid0000055|mprojectid0000001|mprojectid0000003|mprojectid0000004|mprojectid0000021|mprojectid0000023|mprojectid0000039|mprojectid0000041|mviewerid0000038|mviewerid0000057,0.2,313.685000,0.000000,0.503637,170.729550,0.000000,142.955000,false,101.330000,8,678.183000,"{""bora001"":16,""bora002"":20,""bora003"":10,""bora004"":12}","{""bora001"":0.067073,""bora002"":0.059385,""bora003"":0.029141,""bora004"":0.01558}"
beam_time,cluster_hetero,15,maddid0000037|maddid0000056|mbackgroundid0000014|mbackgroundid0000032|mbackgroundid0000034|mbackgroundid0000051|mbackgroundid0000052|mbgmodelid0000031|mbgmodelid0000050|mconcatfitid0000011|mconcatfitid0000030|mconcatfitid0000049|mdifffitid0000006|mdifffitid0000008|mdifffitid0000025|mdifffitid0000026|mdifffitid0000027|mdifffitid0000046|mdifffitid0000047|mimgtblid0000055|mprojectid0000001|mprojectid0000003|mprojectid0000004|mprojectid0000021|mprojectid0000023|mprojectid0000039|mprojectid0000041|mviewerid0000038|mviewerid0000057,0.2,324.595000,0.000000,0.503637,170.729550,0.000000,153.865000,false,73.573000,11,725.727000,"{""bora005"":20,""bora006"":21,""diablo01"":8,""diablo02"":9}","{""bora005"":0.075206,""bora006"":0.051947,""diablo01"":0.010824,""diablo02"":0.014183}"
beam_cost,cluster_hetero,15,maddid0000037|maddid0000056|mbackgroundid0000014|mbackgroundid0000032|mbackgroundid0000034|mbackgroundid0000051|mbackgroundid0000052|mbgmodelid0000031|mbgmodelid0000050|mconcatfitid0000011|mconcatfitid0000030|mconcatfitid0000049|mdifffitid0000006|mdifffitid0000008|mdifffitid0000025|mdifffitid0000026|mdifffitid0000027|mdifffitid0000046|mdifffitid0000047|mimgtblid0000055|mprojectid0000001|mprojectid0000003|mprojectid0000004|mprojectid0000021|mprojectid0000023|mprojectid0000039|mprojectid0000041|mviewerid0000038|mviewerid0000057,0.2,324.595000,0.000000,0.503637,170.729550,0.000000,153.865000,false,73.573000,11,720.692000,"{""bora005"":20,""bora006"":21,""diablo01"":8,""diablo02"":9}","{""bora005"":0.075206,""bora006"":0.051947,""diablo01"":0.010824,""diablo02"":0.014183}"
beam_time,cloud_homo,15,maddid0000037|maddid0000056|mbackgroundid0000014|mbackgroundid0000032|mbackgroundid0000034|mbackgroundid0000051|mbackgroundid0000052|mbgmodelid0000031|mbgmodelid0000050|mconcatfitid0000011|mconcatfitid0000030|mconcatfitid0000049|mdifffitid0000006|mdifffitid0000008|mdifffitid0000025|mdifffitid0000026|mdifffitid0000027|mdifffitid0000046|mdifffitid0000047|mimgtblid0000055|mprojectid0000001|mprojectid0000003|mprojectid0000004|mprojectid0000021|mprojectid0000023|mprojectid0000039|mprojectid0000041|mviewerid0000038|mviewerid0000057,0.2,118.224000,0.481093,0.503637,170.729550,0.000000,0.000000,true,59.236000,32,991.991000,"{""h4d-standard-192-1"":6,""h4d-standard-192-3"":52}","{""h4d-standard-192-1"":0.006688,""h4d-standard-192-2"":0,""h4d-standard-192-3"":0.015352,""h4d-standard-192-4"":0}"
beam_cost,cloud_homo,15,maddid0000037|maddid0000056|mbackgroundid0000014|mbackgroundid0000032|mbackgroundid0000034|mbackgroundid0000051|mbackgroundid0000052|mbgmodelid0000031|mbgmodelid0000050|mconcatfitid0000011|mconcatfitid0000030|mconcatfitid0000049|mdifffitid0000006|mdifffitid0000008|mdifffitid0000025|mdifffitid0000026|mdifffitid0000027|mdifffitid0000046|mdifffitid0000047|mimgtblid0000055|mprojectid0000001|mprojectid0000003|mprojectid0000004|mprojectid0000021|mprojectid0000023|mprojectid0000039|mprojectid0000041|mviewerid0000038|mviewerid0000057,0.2,145.471000,0.317356,0.503637,170.729550,0.000000,0.000000,true,130.610000,53,1052.890000,"{""h4d-standard-192-2"":58}","{""h4d-standard-192-1"":0,""h4d-standard-192-2"":0.020065,""h4d-standard-192-3"":0,""h4d-standard-192-4"":0}"
beam_time,cloud_hetero,15,maddid0000037|maddid0000056|mbackgroundid0000014|mbackgroundid0000032|mbackgroundid0000034|mbackgroundid0000051|mbackgroundid0000052|mbgmodelid0000031|mbgmodelid0000050|mconcatfitid0000011|mconcatfitid0000030|mconcatfitid0000049|mdifffitid0000006|mdifffitid0000008|mdifffitid0000025|mdifffitid0000026|mdifffitid0000027|mdifffitid0000046|mdifffitid0000047|mimgtblid0000055|mprojectid0000001|mprojectid0000003|mprojectid0000004|mprojectid0000021|mprojectid0000023|mprojectid0000039|mprojectid0000041|mviewerid0000038|mviewerid0000057,0.2,119.794000,0.466576,0.503637,170.729550,0.000000,0.000000,true,56.930000,33,982.632000,"{""h4d-highmem-192-1"":55,""h4d-standard-192-1"":3}","{""h3-standard-88-1"":0,""h3-standard-88-2"":0,""h4d-highmem-192-1"":0.017889,""h4d-standard-192-1"":0.00304}"
beam_cost,cloud_hetero,15,maddid0000037|maddid0000056|mbackgroundid0000014|mbackgroundid0000032|mbackgroundid0000034|mbackgroundid0000051|mbackgroundid0000052|mbgmodelid0000031|mbgmodelid0000050|mconcatfitid0000011|mconcatfitid0000030|mconcatfitid0000049|mdifffitid0000006|mdifffitid0000008|mdifffitid0000025|mdifffitid0000026|mdifffitid0000027|mdifffitid0000046|mdifffitid0000047|mimgtblid0000055|mprojectid0000001|mprojectid0000003|mprojectid0000004|mprojectid0000021|mprojectid0000023|mprojectid0000039|mprojectid0000041|mviewerid0000038|mviewerid0000057,0.2,119.794000,0.466576,0.503637,170.729550,0.000000,0.000000,true,56.930000,33,921.977000,"{""h4d-highmem-192-1"":55,""h4d-standard-192-1"":3}","{""h3-standard-88-1"":0,""h3-standard-88-2"":0,""h4d-highmem-192-1"":0.017889,""h4d-standard-192-1"":0.00304}"
beam_time,hybrid_homo,15,maddid0000037|maddid0000056|mbackgroundid0000014|mbackgroundid0000032|mbackgroundid0000034|mbackgroundid0000051|mbackgroundid0000052|mbgmodelid0000031|mbgmodelid0000050|mconcatfitid0000011|mconcatfitid0000030|mconcatfitid0000049|mdifffitid0000006|mdifffitid0000008|mdifffitid0000025|mdifffitid0000026|mdifffitid0000027|mdifffitid0000046|mdifffitid0000047|mimgtblid0000055|mprojectid0000001|mprojectid0000003|mprojectid0000004|mprojectid0000021|mprojectid0000023|mprojectid0000039|mprojectid0000041|mviewerid0000038|mviewerid0000057,0.2,123.389000,0.503465,0.503637,170.729550,0.000000,0.000000,true,50.122000,17,911.090000,"{""bora009"":9,""bora010"":12,""h4d-standard-192-5"":20,""h4d-standard-192-6"":17}","{""bora009"":0.005376,""bora010"":0.005747,""h4d-standard-192-5"":0.01009,""h4d-standard-192-6"":0.007729}"
beam_cost,hybrid_homo,15,maddid0000037|maddid0000056|mbackgroundid0000014|mbackgroundid0000032|mbackgroundid0000034|mbackgroundid0000051|mbackgroundid0000052|mbgmodelid0000031|mbgmodelid0000050|mconcatfitid0000011|mconcatfitid0000030|mconcatfitid0000049|mdifffitid0000006|mdifffitid0000008|mdifffitid0000025|mdifffitid0000026|mdifffitid0000027|mdifffitid0000046|mdifffitid0000047|mimgtblid0000055|mprojectid0000001|mprojectid0000003|mprojectid0000004|mprojectid0000021|mprojectid0000023|mprojectid0000039|mprojectid0000041|mviewerid0000038|mviewerid0000057,0.2,142.496000,0.200784,0.503637,170.729550,0.000000,0.000000,true,90.900000,32,934.169000,"{""bora009"":14,""bora010"":17,""h4d-standard-192-6"":27}","{""bora009"":0.007977,""bora010"":0.019217,""h4d-standard-192-5"":0,""h4d-standard-192-6"":0.015745}"
beam_time,hybrid_hetero,15,maddid0000037|maddid0000056|mbackgroundid0000014|mbackgroundid0000032|mbackgroundid0000034|mbackgroundid0000051|mbackgroundid0000052|mbgmodelid0000031|mbgmodelid0000050|mconcatfitid0000011|mconcatfitid0000030|mconcatfitid0000049|mdifffitid0000006|mdifffitid0000008|mdifffitid0000025|mdifffitid0000026|mdifffitid0000027|mdifffitid0000046|mdifffitid0000047|mimgtblid0000055|mprojectid0000001|mprojectid0000003|mprojectid0000004|mprojectid0000021|mprojectid0000023|mprojectid0000039|mprojectid0000041|mviewerid0000038|mviewerid0000057,0.2,139.793000,0.476068,0.503637,170.729550,0.000000,0.000000,true,92.037000,34,887.815000,"{""bora011"":8,""diablo03"":8,""h3-standard-88-2"":6,""h4d-standard-192-7"":36}","{""bora011"":0.004218,""diablo03"":0.001585,""h3-standard-88-2"":0.002531,""h4d-standard-192-7"":0.016942}"
beam_cost,hybrid_hetero,15,maddid0000037|maddid0000056|mbackgroundid0000014|mbackgroundid0000032|mbackgroundid0000034|mbackgroundid0000051|mbackgroundid0000052|mbgmodelid0000031|mbgmodelid0000050|mconcatfitid0000011|mconcatfitid0000030|mconcatfitid0000049|mdifffitid0000006|mdifffitid0000008|mdifffitid0000025|mdifffitid0000026|mdifffitid0000027|mdifffitid0000046|mdifffitid0000047|mimgtblid0000055|mprojectid0000001|mprojectid0000003|mprojectid0000004|mprojectid0000021|mprojectid0000023|mprojectid0000039|mprojectid0000041|mviewerid0000038|mviewerid0000057,0.2,144.527000,0.200787,0.503637,170.729550,0.000000,0.000000,true,92.679000,36,879.319000,"{""bora011"":14,""diablo03"":16,""h4d-standard-192-7"":28}","{""bora011"":0.017892,""diablo03"":0.005719,""h3-standard-88-2"":0,""h4d-standard-192-7"":0.015625}"
beam_time,cluster_homo,16,maddid0000056|mbackgroundid0000013|mbackgroundid0000014|mbackgroundid0000033|mbackgroundid0000034|mbackgroundid0000051|mbackgroundid0000053|mbgmodelid0000012|mbgmodelid0000031|mconcatfitid0000011|mconcatfitid0000030|mdifffitid0000006|mdifffitid0000007|mdifffitid0000009|mdifffitid0000010|mdifffitid0000024|mdifffitid0000025|mdifffitid0000027|mdifffitid0000028|mdifffitid0000029|mdifffitid0000045|mdifffitid0000046|mimgtblid0000017|mprojectid0000004|mprojectid0000020|mprojectid0000041|mprojectid0000042|mviewerid0000019|mviewerid0000038,0.2,292.983000,0.000000,0.503637,170.729550,0.000000,122.253000,false,3.461000,6,678.440000,"{""bora001"":16,""bora002"":19,""bora003"":11,""bora004"":12}","{""bora001"":0.054002,""bora002"":0.06555,""bora003"":0.033611,""bora004"":0.020913}"
beam_cost,cluster_homo,16,maddid0000056|mbackgroundid0000013|mbackgroundid0000014|mbackgroundid0000033|mbackgroundid0000034|mbackgroundid0000051|mbackgroundid0000053|mbgmodelid0000012|mbgmodelid0000031|mconcatfitid0000011|mconcatfitid0000030|mdifffitid0000006|mdifffitid0000007|mdifffitid0000009|mdifffitid0000010|mdifffitid0000024|mdifffitid0000025|mdifffitid0000027|mdifffitid0000028|mdifffitid0000029|mdifffitid0000045|mdifffitid0000046|mimgtblid0000017|mprojectid0000004|mprojectid0000020|mprojectid0000041|mprojectid0000042|mviewerid0000019|mviewerid0000038,0.2,292.983000,0.000000,0.503637,170.729550,0.000000,122.253000,false,3.461000,6,669.462000,"{""bora001"":16,""bora002"":19,""bora003"":11,""bora004"":12}","{""bora001"":0.054002,""bora002"":0.06555,""bora003"":0.033611,""bora004"":0.020913}"
beam_time,cluster_hetero,16,maddid0000056|mbackgroundid0000013|mbackgroundid0000014|mbackgroundid0000033|mbackgroundid0000034|mbackgroundid0000051|mbackgroundid0000053|mbgmodelid0000012|mbgmodelid0000031|mconcatfitid0000011|mconcatfitid0000030|mdifffitid0000006|mdifffitid0000007|mdifffitid0000009|mdifffitid0000010|mdifffitid0000024|mdifffitid0000025|mdifffitid0000027|mdifffitid0000028|mdifffitid0000029|mdifffitid0000045|mdifffitid0000046|mimgtblid0000017|mprojectid0000004|mprojectid0000020|mprojectid0000041|mprojectid0000042|mviewerid0000019|mviewerid0000038,0.2,313.161000,0.000000,0.503637,170.729550,0.000000,142.431000,false,70.860000,9,740.128000,"{""bora005"":18,""bora006"":22,""diablo01"":7,""diablo02"":11}","{""bora005"":0.103732,""bora006"":0.061106,""diablo01"":0.001233,""diablo02"":0.001579}"
beam_cost,cluster_hetero,16,maddid0000056|mbackgroundid0000013|mbackgroundid0000014|mbackgroundid0000033|mbackgroundid0000034|mbackgroundid0000051|mbackgroundid0000053|mbgmodelid0000012|mbgmodelid0000031|mconcatfitid0000011|mconcatfitid0000030|mdifffitid0000006|mdifffitid0000007|mdifffitid0000009|mdifffitid0000010|mdifffitid0000024|mdifffitid0000025|mdifffitid0000027|mdifffitid0000028|mdifffitid0000029|mdifffitid0000045|mdifffitid0000046|mimgtblid0000017|mprojectid0000004|mprojectid0000020|mprojectid0000041|mprojectid0000042|mviewerid0000019|mviewerid0000038,0.2,313.161000,0.000000,0.503637,170.729550,0.000000,142.431000,false,70.860000,9,720.219000,"{""bora005"":18,""bora006"":22,""diablo01"":7,""diablo02"":11}","{""bora005"":0.103732,""bora006"":0.061106,""diablo01"":0.001233,""diablo02"":0.001579}"
beam_time,cloud_homo,16,maddid0000056|mbackgroundid0000013|mbackgroundid0000014|mbackgroundid0000033|mbackgroundid0000034|mbackgroundid0000051|mbackgroundid0000053|mbgmodelid0000012|mbgmodelid0000031|mconcatfitid0000011|mconcatfitid0000030|mdifffitid0000006|mdifffitid0000007|mdifffitid0000009|mdifffitid0000010|mdifffitid0000024|mdifffitid0000025|mdifffitid0000027|mdifffitid0000028|mdifffitid0000029|mdifffitid0000045|mdifffitid0000046|mimgtblid0000017|mprojectid0000004|mprojectid0000020|mprojectid0000041|mprojectid0000042|mviewerid0000019|mviewerid0000038,0.2,113.055000,0.428127,0.503637,170.729550,0.000000,0.000000,true,20.504000,23,1015.041000,"{""h4d-standard-192-1"":4,""h4d-standard-192-4"":54}","{""h4d-standard-192-1"":0.002043,""h4d-standard-192-2"":0,""h4d-standard-192-3"":0,""h4d-standard-192-4"":0.018121}"
beam_cost,cloud_homo,16,maddid0000056|mbackgroundid0000013|mbackgroundid0000014|mbackgroundid0000033|mbackgroundid0000034|mbackgroundid0000051|mbackgroundid0000053|mbgmodelid0000012|mbgmodelid0000031|mconcatfitid0000011|mconcatfitid0000030|mdifffitid0000006|mdifffitid0000007|mdifffitid0000009|mdifffitid0000010|mdifffitid0000024|mdifffitid0000025|mdifffitid0000027|mdifffitid0000028|mdifffitid0000029|mdifffitid0000045|mdifffitid0000046|mimgtblid0000017|mprojectid0000004|mprojectid0000020|mprojectid0000041|mprojectid0000042|mviewerid0000019|mviewerid0000038,0.2,133.957000,0.352180,0.503637,170.729550,0.000000,0.000000,true,48.678000,35,1032.636000,"{""h4d-standard-192-1"":1,""h4d-standard-192-4"":57}","{""h4d-standard-192-1"":0.000045,""h4d-standard-192-2"":0,""h4d-standard-192-3"":0,""h4d-standard-192-4"":0.018316}"
beam_time,cloud_hetero,16,maddid0000056|mbackgroundid0000013|mbackgroundid0000014|mbackgroundid0000033|mbackgroundid0000034|mbackgroundid0000051|mbackgroundid0000053|mbgmodelid0000012|mbgmodelid0000031|mconcatfitid0000011|mconcatfitid0000030|mdifffitid0000006|mdifffitid0000007|mdifffitid0000009|mdifffitid0000010|mdifffitid0000024|mdifffitid0000025|mdifffitid0000027|mdifffitid0000028|mdifffitid0000029|mdifffitid0000045|mdifffitid0000046|mimgtblid0000017|mprojectid0000004|mprojectid0000020|mprojectid0000041|mprojectid0000042|mviewerid0000019|mviewerid0000038,0.2,132.438000,0.416316,0.503637,170.729550,0.000000,0.000000,true,50.804000,36,963.793000,"{""h3-standard-88-2"":28,""h4d-standard-192-1"":30}","{""h3-standard-88-1"":0,""h3-standard-88-2"":0.004916,""h4d-highmem-192-1"":0,""h4d-standard-192-1"":0.016798}"
beam_cost,cloud_hetero,16,maddid0000056|mbackgroundid0000013|mbackgroundid0000014|mbackgroundid0000033|mbackgroundid0000034|mbackgroundid0000051|mbackgroundid0000053|mbgmodelid0000012|mbgmodelid0000031|mconcatfitid0000011|mconcatfitid0000030|mdifffitid0000006|mdifffitid0000007|mdifffitid0000009|mdifffitid0000010|mdifffitid0000024|mdifffitid0000025|mdifffitid0000027|mdifffitid0000028|mdifffitid0000029|mdifffitid0000045|mdifffitid0000046|mimgtblid0000017|mprojectid0000004|mprojectid0000020|mprojectid0000041|mprojectid0000042|mviewerid0000019|mviewerid0000038,0.2,138.855000,0.339124,0.503637,170.729550,0.000000,0.000000,true,53.660000,37,987.886000,"{""h3-standard-88-1"":1,""h4d-standard-192-1"":57}","{""h3-standard-88-1"":0.000135,""h3-standard-88-2"":0,""h4d-highmem-192-1"":0,""h4d-standard-192-1"":0.018806}"
beam_time,hybrid_homo,16,maddid0000056|mbackgroundid0000013|mbackgroundid0000014|mbackgroundid0000033|mbackgroundid0000034|mbackgroundid0000051|mbackgroundid0000053|mbgmodelid0000012|mbgmodelid0000031|mconcatfitid0000011|mconcatfitid0000030|mdifffitid0000006|mdifffitid0000007|mdifffitid0000009|mdifffitid0000010|mdifffitid0000024|mdifffitid0000025|mdifffitid0000027|mdifffitid0000028|mdifffitid0000029|mdifffitid0000045|mdifffitid0000046|mimgtblid0000017|mprojectid0000004|mprojectid0000020|mprojectid0000041|mprojectid0000042|mviewerid0000019|mviewerid0000038,0.2,115.522000,0.499445,0.503637,170.729550,0.000000,0.000000,true,17.702000,15,939.900000,"{""bora009"":9,""bora010"":10,""h4d-standard-192-5"":18,""h4d-standard-192-6"":21}","{""bora009"":0.005746,""bora010"":0.004598,""h4d-standard-192-5"":0.00766,""h4d-standard-192-6"":0.00992}"
beam_cost,hybrid_homo,16,maddid0000056|mbackgroundid0000013|mbackgroundid0000014|mbackgroundid0000033|mbackgroundid0000034|mbackgroundid0000051|mbackgroundid0000053|mbgmodelid0000012|mbgmodelid0000031|mconcatfitid0000011|mconcatfitid0000030|mdifffitid0000006|mdifffitid0000007|mdifffitid0000009|mdifffitid0000010|mdifffitid0000024|mdifffitid0000025|mdifffitid0000027|mdifffitid0000028|mdifffitid0000029|mdifffitid0000045|mdifffitid0000046|mimgtblid0000017|mprojectid0000004|mprojectid0000020|mprojectid0000041|mprojectid0000042|mviewerid0000019|mviewerid0000038,0.2,135.353000,0.165176,0.503637,170.729550,0.000000,0.000000,true,28.177000,18,983.767000,"{""bora009"":17,""bora010"":22,""h4d-standard-192-5"":19}","{""bora009"":0.026574,""bora010"":0.013174,""h4d-standard-192-5"":0.013615,""h4d-standard-192-6"":0}"
beam_time,hybrid_hetero,16,maddid0000056|mbackgroundid0000013|mbackgroundid0000014|mbackgroundid0000033|mbackgroundid0000034|mbackgroundid0000051|mbackgroundid0000053|mbgmodelid0000012|mbgmodelid0000031|mconcatfitid0000011|mconcatfitid0000030|mdifffitid0000006|mdifffitid0000007|mdifffitid0000009|mdifffitid0000010|mdifffitid0000024|mdifffitid0000025|mdifffitid0000027|mdifffitid0000028|mdifffitid0000029|mdifffitid0000045|mdifffitid0000046|mimgtblid0000017|mprojectid0000004|mprojectid0000020|mprojectid0000041|mprojectid0000042|mviewerid0000019|mviewerid0000038,0.2,130.544000,0.283322,0.503637,170.729550,0.000000,0.000000,true,46.202000,28,845.497000,"{""bora011"":8,""diablo03"":8,""h4d-standard-192-7"":42}","{""bora011"":0.004371,""diablo03"":0.002012,""h3-standard-88-2"":0,""h4d-standard-192-7"":0.017193}"
beam_cost,hybrid_hetero,16,maddid0000056|mbackgroundid0000013|mbackgroundid0000014|mbackgroundid0000033|mbackgroundid0000034|mbackgroundid0000051|mbackgroundid0000053|mbgmodelid0000012|mbgmodelid0000031|mconcatfitid0000011|mconcatfitid0000030|mdifffitid0000006|mdifffitid0000007|mdifffitid0000009|mdifffitid0000010|mdifffitid0000024|mdifffitid0000025|mdifffitid0000027|mdifffitid0000028|mdifffitid0000029|mdifffitid0000045|mdifffitid0000046|mimgtblid0000017|mprojectid0000004|mprojectid0000020|mprojectid0000041|mprojectid0000042|mviewerid0000019|mviewerid0000038,0.2,138.393000,0.166413,0.503637,170.729550,0.000000,0.000000,true,28.061000,20,862.375000,"{""bora011"":15,""diablo03"":22,""h4d-standard-192-7"":21}","{""bora011"":0.024837,""diablo03"":0.008427,""h3-standard-88-2"":0,""h4d-standard-192-7"":0.013314}"
beam_time,cluster_homo,17,maddid0000018|maddid0000037|maddid0000056|mbackgroundid0000013|mbackgroundid0000015|mbackgroundid0000032|mbackgroundid0000033|mbackgroundid0000034|mbackgroundid0000035|mbackgroundid0000052|mbackgroundid0000053|mbgmodelid0000031|mconcatfitid0000030|mdifffitid0000006|mdifffitid0000007|mdifffitid0000008|mdifffitid0000009|mdifffitid0000024|mdifffitid0000026|mdifffitid0000029|mdifffitid0000043|mdifffitid0000044|mimgtblid0000036|mprojectid0000003|mprojectid0000004|mprojectid0000020|mprojectid0000022|mprojectid0000023|mprojectid0000042,0.2,311.833000,0.000000,0.503637,170.729550,0.000000,141.103000,false,79.050000,8,679.581000,"{""bora001"":16,""bora002"":19,""bora003"":11,""bora004"":12}","{""bora001"":0.086766,""bora002"":0.042006,""bora003"":0.031834,""bora004"":0.009468}"
beam_cost,cluster_homo,17,maddid0000018|maddid0000037|maddid0000056|mbackgroundid0000013|mbackgroundid0000015|mbackgroundid0000032|mbackgroundid0000033|mbackgroundid0000034|mbackgroundid0000035|mbackgroundid0000052|mbackgroundid0000053|mbgmodelid0000031|mconcatfitid0000030|mdifffitid0000006|mdifffitid0000007|mdifffitid0000008|mdifffitid0000009|mdifffitid0000024|mdifffitid0000026|mdifffitid0000029|mdifffitid0000043|mdifffitid0000044|mimgtblid0000036|mprojectid0000003|mprojectid0000004|mprojectid0000020|mprojectid0000022|mprojectid0000023|mprojectid0000042,0.2,311.833000,0.000000,0.503637,170.729550,0.000000,141.103000,false,79.050000,8,677.539000,"{""bora001"":16,""bora002"":19,""bora003"":11,""bora004"":12}","{""bora001"":0.086766,""bora002"":0.042006,""bora003"":0.031834,""bora004"":0.009468}"
beam_time,cluster_hetero,17,maddid0000018|maddid0000037|maddid0000056|mbackgroundid0000013|mbackgroundid0000015|mbackgroundid0000032|mbackgroundid0000033|mbackgroundid0000034|mbackgroundid0000035|mbackgroundid0000052|mbackgroundid0000053|mbgmodelid0000031|mconcatfitid0000030|mdifffitid0000006|mdifffitid0000007|mdifffitid0000008|mdifffitid0000009|mdifffitid0000024|mdifffitid0000026|mdifffitid0000029|mdifffitid0000043|mdifffitid0000044|mimgtblid0000036|mprojectid0000003|mprojectid0000004|mprojectid0000020|mprojectid0000022|mprojectid0000023|mprojectid0000042,0.2,317.197000,0.000000,0.503637,170.729550,0.000000,146.467000,false,82.187000,11,734.461000,"{""bora005"":20,""bora006"":20,""diablo01"":7,""diablo02"":11}","{""bora005"":0.085423,""bora006"":0.064877,""diablo01"":0.005919,""diablo02"":0.006066}"
beam_cost,cluster_hetero,17,maddid0000018|maddid0000037|maddid0000056|mbackgroundid0000013|mbackgroundid0000015|mbackgroundid0000032|mbackgroundid0000033|mbackgroundid0000034|mbackgroundid0000035|mbackgroundid0000052|mbackgroundid0000053|mbgmodelid0000031|mconcatfitid0000030|mdifffitid0000006|mdifffitid0000007|mdifffitid0000008|mdifffitid0000009|mdifffitid0000024|mdifffitid0000026|mdifffitid0000029|mdifffitid0000043|mdifffitid0000044|mimgtblid0000036|mprojectid0000003|mprojectid0000004|mprojectid0000020|mprojectid0000022|mprojectid0000023|mprojectid0000042,0.2,317.197000,0.000000,0.503637,170.729550,0.000000,146.467000,false,82.187000,11,738.774000,"{""bora005"":20,""bora006"":20,""diablo01"":7,""diablo02"":11}","{""bora005"":0.085423,""bora006"":0.064877,""diablo01"":0.005919,""diablo02"":0.006066}"
beam_time,cloud_homo,17,maddid0000018|maddid0000037|maddid0000056|mbackgroundid0000013|mbackgroundid0000015|mbackgroundid0000032|mbackgroundid0000033|mbackgroundid0000034|mbackgroundid0000035|mbackgroundid0000052|mbackgroundid0000053|mbgmodelid0000031|mconcatfitid0000030|mdifffitid0000006|mdifffitid0000007|mdifffitid0000008|mdifffitid0000009|mdifffitid0000024|mdifffitid0000026|mdifffitid0000029|mdifffitid0000043|mdifffitid0000044|mimgtblid0000036|mprojectid0000003|mprojectid0000004|mprojectid0000020|mprojectid0000022|mprojectid0000023|mprojectid0000042,0.2,121.326000,0.400920,0.503637,170.729550,0.000000,0.000000,true,66.188000,44,1047.559000,"{""h4d-standard-192-1"":1,""h4d-standard-192-4"":57}","{""h4d-standard-192-1"":0.001696,""h4d-standard-192-2"":0,""h4d-standard-192-3"":0,""h4d-standard-192-4"":0.01935}"
beam_cost,cloud_homo,17,maddid0000018|maddid0000037|maddid0000056|mbackgroundid0000013|mbackgroundid0000015|mbackgroundid0000032|mbackgroundid0000033|mbackgroundid0000034|mbackgroundid0000035|mbackgroundid0000052|mbackgroundid0000053|mbgmodelid0000031|mconcatfitid0000030|mdifffitid0000006|mdifffitid0000007|mdifffitid0000008|mdifffitid0000009|mdifffitid0000024|mdifffitid0000026|mdifffitid0000029|mdifffitid0000043|mdifffitid0000044|mimgtblid0000036|mprojectid0000003|mprojectid0000004|mprojectid0000020|mprojectid0000022|mprojectid0000023|mprojectid0000042,0.2,121.326000,0.400920,0.503637,170.729550,0.000000,0.000000,true,66.188000,44,1025.376000,"{""h4d-standard-192-1"":1,""h4d-standard-192-4"":57}","{""h4d-standard-192-1"":0.001696,""h4d-standard-192-2"":0,""h4d-standard-192-3"":0,""h4d-standard-192-4"":0.01935}"
beam_time,cloud_hetero,17,maddid0000018|maddid0000037|maddid0000056|mbackgroundid0000013|mbackgroundid0000015|mbackgroundid0000032|mbackgroundid0000033|mbackgroundid0000034|mbackgroundid0000035|mbackgroundid0000052|mbackgroundid0000053|mbgmodelid0000031|mconcatfitid0000030|mdifffitid0000006|mdifffitid0000007|mdifffitid0000008|mdifffitid0000009|mdifffitid0000024|mdifffitid0000026|mdifffitid0000029|mdifffitid0000043|mdifffitid0000044|mimgtblid0000036|mprojectid0000003|mprojectid0000004|mprojectid0000020|mprojectid0000022|mprojectid0000023|mprojectid0000042,0.2,146.153000,0.533117,0.503637,170.729550,0.029500,0.000000,false,69.641000,41,969.671000,"{""h3-standard-88-1"":42,""h4d-standard-192-1"":16}","{""h3-standard-88-1"":0.015696,""h3-standard-88-2"":0,""h4d-highmem-192-1"":0,""h4d-standard-192-1"":0.012633}"
beam_cost,cloud_hetero,17,maddid0000018|maddid0000037|maddid0000056|mbackgroundid0000013|mbackgroundid0000015|mbackgroundid0000032|mbackgroundid0000033|mbackgroundid0000034|mbackgroundid0000035|mbackgroundid0000052|mbackgroundid0000053|mbgmodelid0000031|mconcatfitid0000030|mdifffitid0000006|mdifffitid0000007|mdifffitid0000008|mdifffitid0000009|mdifffitid0000024|mdifffitid0000026|mdifffitid0000029|mdifffitid0000043|mdifffitid0000044|mimgtblid0000036|mprojectid0000003|mprojectid0000004|mprojectid0000020|mprojectid0000022|mprojectid0000023|mprojectid0000042,0.2,146.153000,0.533117,0.503637,170.729550,0.029500,0.000000,false,69.641000,41,943.340000,"{""h3-standard-88-1"":42,""h4d-standard-192-1"":16}","{""h3-standard-88-1"":0.015696,""h3-standard-88-2"":0,""h4d-highmem-192-1"":0,""h4d-standard-192-1"":0.012633}"
beam_time,hybrid_homo,17,maddid0000018|maddid0000037|maddid0000056|mbackgroundid0000013|mbackgroundid0000015|mbackgroundid0000032|mbackgroundid0000033|mbackgroundid0000034|mbackgroundid0000035|mbackgroundid0000052|mbackgroundid0000053|mbgmodelid0000031|mconcatfitid0000030|mdifffitid0000006|mdifffitid0000007|mdifffitid0000008|mdifffitid0000009|mdifffitid0000024|mdifffitid0000026|mdifffitid0000029|mdifffitid0000043|mdifffitid0000044|mimgtblid0000036|mprojectid0000003|mprojectid0000004|mprojectid0000020|mprojectid0000022|mprojectid0000023|mprojectid0000042,0.2,122.927000,0.498123,0.503637,170.729550,0.000000,0.000000,true,41.863000,15,951.802000,"{""bora009"":9,""bora010"":15,""h4d-standard-192-5"":13,""h4d-standard-192-6"":21}","{""bora009"":0.005335,""bora010"":0.009763,""h4d-standard-192-5"":0.008138,""h4d-standard-192-6"":0.008904}"
beam_cost,hybrid_homo,17,maddid0000018|maddid0000037|maddid0000056|mbackgroundid0000013|mbackgroundid0000015|mbackgroundid0000032|mbackgroundid0000033|mbackgroundid0000034|mbackgroundid0000035|mbackgroundid0000052|mbackgroundid0000053|mbgmodelid0000031|mconcatfitid0000030|mdifffitid0000006|mdifffitid0000007|mdifffitid0000008|mdifffitid0000009|mdifffitid0000024|mdifffitid0000026|mdifffitid0000029|mdifffitid0000043|mdifffitid0000044|mimgtblid0000036|mprojectid0000003|mprojectid0000004|mprojectid0000020|mprojectid0000022|mprojectid0000023|mprojectid0000042,0.2,144.724000,0.203199,0.503637,170.729550,0.000000,0.000000,true,73.637000,26,941.226000,"{""bora009"":14,""bora010"":22,""h4d-standard-192-6"":22}","{""bora009"":0.023271,""bora010"":0.012827,""h4d-standard-192-5"":0,""h4d-standard-192-6"":0.014407}"
beam_time,hybrid_hetero,17,maddid0000018|maddid0000037|maddid0000056|mbackgroundid0000013|mbackgroundid0000015|mbackgroundid0000032|mbackgroundid0000033|mbackgroundid0000034|mbackgroundid0000035|mbackgroundid0000052|mbackgroundid0000053|mbgmodelid0000031|mconcatfitid0000030|mdifffitid0000006|mdifffitid0000007|mdifffitid0000008|mdifffitid0000009|mdifffitid0000024|mdifffitid0000026|mdifffitid0000029|mdifffitid0000043|mdifffitid0000044|mimgtblid0000036|mprojectid0000003|mprojectid0000004|mprojectid0000020|mprojectid0000022|mprojectid0000023|mprojectid0000042,0.2,146.195000,0.203196,0.503637,170.729550,0.000000,0.000000,true,76.305000,28,839.464000,"{""bora011"":16,""diablo03"":19,""h4d-standard-192-7"":23}","{""bora011"":0.024229,""diablo03"":0.006466,""h3-standard-88-2"":0,""h4d-standard-192-7"":0.014505}"
beam_cost,hybrid_hetero,17,maddid0000018|maddid0000037|maddid0000056|mbackgroundid0000013|mbackgroundid0000015|mbackgroundid0000032|mbackgroundid0000033|mbackgroundid0000034|mbackgroundid0000035|mbackgroundid0000052|mbackgroundid0000053|mbgmodelid0000031|mconcatfitid0000030|mdifffitid0000006|mdifffitid0000007|mdifffitid0000008|mdifffitid0000009|mdifffitid0000024|mdifffitid0000026|mdifffitid0000029|mdifffitid0000043|mdifffitid0000044|mimgtblid0000036|mprojectid0000003|mprojectid0000004|mprojectid0000020|mprojectid0000022|mprojectid0000023|mprojectid0000042,0.2,146.195000,0.203196,0.503637,170.729550,0.000000,0.000000,true,76.305000,28,854.010000,"{""bora011"":16,""diablo03"":19,""h4d-standard-192-7"":23}","{""bora011"":0.024229,""diablo03"":0.006466,""h3-standard-88-2"":0,""h4d-standard-192-7"":0.014505}"
beam_time,cluster_homo,18,maddid0000018|maddid0000056|mbackgroundid0000014|mbackgroundid0000015|mbackgroundid0000035|mbackgroundid0000053|mbgmodelid0000012|mbgmodelid0000050|mconcatfitid0000030|mconcatfitid0000049|mdifffitid0000006|mdifffitid0000007|mdifffitid0000008|mdifffitid0000010|mdifffitid0000024|mdifffitid0000026|mdifffitid0000027|mdifffitid0000046|mdifffitid0000048|mprojectid0000001|mprojectid0000002|mprojectid0000020|mprojectid0000021|mprojectid0000039|mprojectid0000041|mprojectid0000042|mviewerid0000038|mviewerid0000057|mviewerid0000058,0.2,313.782000,0.000000,0.503637,170.729550,0.000000,143.052000,false,112.595000,10,641.621000,"{""bora001"":14,""bora002"":18,""bora003"":13,""bora004"":13}","{""bora001"":0.040983,""bora002"":0.080959,""bora003"":0.034321,""bora004"":0.015729}"
beam_cost,cluster_homo,18,maddid0000018|maddid0000056|mbackgroundid0000014|mbackgroundid0000015|mbackgroundid0000035|mbackgroundid0000053|mbgmodelid0000012|mbgmodelid0000050|mconcatfitid0000030|mconcatfitid0000049|mdifffitid0000006|mdifffitid0000007|mdifffitid0000008|mdifffitid0000010|mdifffitid0000024|mdifffitid0000026|mdifffitid0000027|mdifffitid0000046|mdifffitid0000048|mprojectid0000001|mprojectid0000002|mprojectid0000020|mprojectid0000021|mprojectid0000039|mprojectid0000041|mprojectid0000042|mviewerid0000038|mviewerid0000057|mviewerid0000058,0.2,313.782000,0.000000,0.503637,170.729550,0.000000,143.052000,false,112.595000,10,645.002000,"{""bora001"":14,""bora002"":18,""bora003"":13,""bora004"":13}","{""bora001"":0.040983,""bora002"":0.080959,""bora003"":0.034321,""bora004"":0.015729}"
beam_time,cluster_hetero,18,maddid0000018|maddid0000056|mbackgroundid0000014|mbackgroundid0000015|mbackgroundid0000035|mbackgroundid0000053|mbgmodelid0000012|mbgmodelid0000050|mconcatfitid0000030|mconcatfitid0000049|mdifffitid0000006|mdifffitid0000007|mdifffitid0000008|mdifffitid0000010|mdifffitid0000024|mdifffitid0000026|mdifffitid0000027|mdifffitid0000046|mdifffitid0000048|mprojectid0000001|mprojectid0000002|mprojectid0000020|mprojectid0000021|mprojectid0000039|mprojectid0000041|mprojectid0000042|mviewerid0000038|mviewerid0000057|mviewerid0000058,0.2,326.437000,0.000000,0.503637,170.729550,0.000000,155.707000,false,72.682000,10,705.781000,"{""bora005"":20,""bora006"":24,""diablo01"":7,""diablo02"":7}","{""bora005"":0.07478,""bora006"":0.047584,""diablo01"":0.014245,""diablo02"":0.013934}"
beam_cost,cluster_hetero,18,maddid0000018|maddid0000056|mbackgroundid0000014|mbackgroundid0000015|mbackgroundid0000035|mbackgroundid0000053|mbgmodelid0000012|mbgmodelid0000050|mconcatfitid0000030|mconcatfitid0000049|mdifffitid0000006|mdifffitid0000007|mdifffitid0000008|mdifffitid0000010|mdifffitid0000024|mdifffitid0000026|mdifffitid0000027|mdifffitid0000046|mdifffitid0000048|mprojectid0000001|mprojectid0000002|mprojectid0000020|mprojectid0000021|mprojectid0000039|mprojectid0000041|mprojectid0000042|mviewerid0000038|mviewerid0000057|mviewerid0000058,0.2,326.437000,0.000000,0.503637,170.729550,0.000000,155.707000,false,72.682000,10,707.756000,"{""bora005"":20,""bora006"":24,""diablo01"":7,""diablo02"":7}","{""bora005"":0.07478,""bora006"":0.047584,""diablo01"":0.014245,""diablo02"":0.013934}"
beam_time,cloud_homo,18,maddid0000018|maddid0000056|mbackgroundid0000014|mbackgroundid0000015|mbackgroundid0000035|mbackgroundid0000053|mbgmodelid0000012|mbgmodelid0000050|mconcatfitid0000030|mconcatfitid0000049|mdifffitid0000006|mdifffitid0000007|mdifffitid0000008|mdifffitid0000010|mdifffitid0000024|mdifffitid0000026|mdifffitid0000027|mdifffitid0000046|mdifffitid0000048|mprojectid0000001|mprojectid0000002|mprojectid0000020|mprojectid0000021|mprojectid0000039|mprojectid0000041|mprojectid0000042|mviewerid0000038|mviewerid0000057|mviewerid0000058,0.2,153.133000,0.334074,0.503637,170.729550,0.000000,0.000000,true,141.961000,69,998.289000,"{""h4d-standard-192-1"":58}","{""h4d-standard-192-1"":0.019808,""h4d-standard-192-2"":0,""h4d-standard-192-3"":0,""h4d-standard-192-4"":0}"
beam_cost,cloud_homo,18,maddid0000018|maddid0000056|mbackgroundid0000014|mbackgroundid0000015|mbackgroundid0000035|mbackgroundid0000053|mbgmodelid0000012|mbgmodelid0000050|mconcatfitid0000030|mconcatfitid0000049|mdifffitid0000006|mdifffitid0000007|mdifffitid0000008|mdifffitid0000010|mdifffitid0000024|mdifffitid0000026|mdifffitid0000027|mdifffitid0000046|mdifffitid0000048|mprojectid0000001|mprojectid0000002|mprojectid0000020|mprojectid0000021|mprojectid0000039|mprojectid0000041|mprojectid0000042|mviewerid0000038|mviewerid0000057|mviewerid0000058,0.2,153.133000,0.334074,0.503637,170.729550,0.000000,0.000000,true,141.961000,69,965.044000,"{""h4d-standard-192-1"":58}","{""h4d-standard-192-1"":0.019808,""h4d-standard-192-2"":0,""h4d-standard-192-3"":0,""h4d-standard-192-4"":0}"
beam_time,cloud_hetero,18,maddid0000018|maddid0000056|mbackgroundid0000014|mbackgroundid0000015|mbackgroundid0000035|mbackgroundid0000053|mbgmodelid0000012|mbgmodelid0000050|mconcatfitid0000030|mconcatfitid0000049|mdifffitid0000006|mdifffitid0000007|mdifffitid0000008|mdifffitid0000010|mdifffitid0000024|mdifffitid0000026|mdifffitid0000027|mdifffitid0000046|mdifffitid0000048|mprojectid0000001|mprojectid0000002|mprojectid0000020|mprojectid0000021|mprojectid0000039|mprojectid0000041|mprojectid0000042|mviewerid0000038|mviewerid0000057|mviewerid0000058,0.2,160.741000,0.504881,0.503637,170.729550,0.001200,0.000000,false,62.335000,44,913.428000,"{""h3-standard-88-1"":43,""h4d-standard-192-1"":15}","{""h3-standard-88-1"":0.026358,""h3-standard-88-2"":0,""h4d-highmem-192-1"":0,""h4d-standard-192-1"":0.00817}"
beam_cost,cloud_hetero,18,maddid0000018|maddid0000056|mbackgroundid0000014|mbackgroundid0000015|mbackgroundid0000035|mbackgroundid0000053|mbgmodelid0000012|mbgmodelid0000050|mconcatfitid0000030|mconcatfitid0000049|mdifffitid0000006|mdifffitid0000007|mdifffitid0000008|mdifffitid0000010|mdifffitid0000024|mdifffitid0000026|mdifffitid0000027|mdifffitid0000046|mdifffitid0000048|mprojectid0000001|mprojectid0000002|mprojectid0000020|mprojectid0000021|mprojectid0000039|mprojectid0000041|mprojectid0000042|mviewerid0000038|mviewerid0000057|mviewerid0000058,0.2,160.741000,0.504881,0.503637,170.729550,0.001200,0.000000,false,62.335000,44,933.173000,"{""h3-standard-88-1"":43,""h4d-standard-192-1"":15}","{""h3-standard-88-1"":0.026358,""h3-standard-88-2"":0,""h4d-highmem-192-1"":0,""h4d-standard-192-1"":0.00817}"
beam_time,hybrid_homo,18,maddid0000018|maddid0000056|mbackgroundid0000014|mbackgroundid0000015|mbackgroundid0000035|mbackgroundid0000053|mbgmodelid0000012|mbgmodelid0000050|mconcatfitid0000030|mconcatfitid0000049|mdifffitid0000006|mdifffitid0000007|mdifffitid0000008|mdifffitid0000010|mdifffitid0000024|mdifffitid0000026|mdifffitid0000027|mdifffitid0000046|mdifffitid0000048|mprojectid0000001|mprojectid0000002|mprojectid0000020|mprojectid0000021|mprojectid0000039|mprojectid0000041|mprojectid0000042|mviewerid0000038|mviewerid0000057|mviewerid0000058,0.2,124.073000,0.379963,0.503637,170.729550,0.000000,0.000000,true,40.753000,24,953.606000,"{""bora009"":9,""bora010"":13,""h4d-standard-192-5"":18,""h4d-standard-192-6"":18}","{""bora009"":0.005578,""bora010"":0.006383,""h4d-standard-192-5"":0.006556,""h4d-standard-192-6"":0.010516}"
beam_cost,hybrid_homo,18,maddid0000018|maddid0000056|mbackgroundid0000014|mbackgroundid0000015|mbackgroundid0000035|mbackgroundid0000053|mbgmodelid0000012|mbgmodelid0000050|mconcatfitid0000030|mconcatfitid0000049|mdifffitid0000006|mdifffitid0000007|mdifffitid0000008|mdifffitid0000010|mdifffitid0000024|mdifffitid0000026|mdifffitid0000027|mdifffitid0000046|mdifffitid0000048|mprojectid0000001|mprojectid0000002|mprojectid0000020|mprojectid0000021|mprojectid0000039|mprojectid0000041|mprojectid0000042|mviewerid0000038|mviewerid0000057|mviewerid0000058,0.2,164.845000,0.203197,0.503637,170.729550,0.000000,0.000000,true,72.655000,32,935.868000,"{""bora009"":15,""bora010"":14,""h4d-standard-192-6"":29}","{""bora009"":0.017139,""bora010"":0.023868,""h4d-standard-192-5"":0,""h4d-standard-192-6"":0.012733}"
beam_time,hybrid_hetero,18,maddid0000018|maddid0000056|mbackgroundid0000014|mbackgroundid0000015|mbackgroundid0000035|mbackgroundid0000053|mbgmodelid0000012|mbgmodelid0000050|mconcatfitid0000030|mconcatfitid0000049|mdifffitid0000006|mdifffitid0000007|mdifffitid0000008|mdifffitid0000010|mdifffitid0000024|mdifffitid0000026|mdifffitid0000027|mdifffitid0000046|mdifffitid0000048|mprojectid0000001|mprojectid0000002|mprojectid0000020|mprojectid0000021|mprojectid0000039|mprojectid0000041|mprojectid0000042|mviewerid0000038|mviewerid0000057|mviewerid0000058,0.2,149.701000,0.485309,0.503637,170.729550,0.000000,0.000000,true,97.728000,37,841.121000,"{""bora011"":9,""diablo03"":8,""h3-standard-88-2"":5,""h4d-standard-192-7"":36}","{""bora011"":0.004739,""diablo03"":0.001744,""h3-standard-88-2"":0.002038,""h4d-standard-192-7"":0.015938}"
beam_cost,hybrid_hetero,18,maddid0000018|maddid0000056|mbackgroundid0000014|mbackgroundid0000015|mbackgroundid0000035|mbackgroundid0000053|mbgmodelid0000012|mbgmodelid0000050|mconcatfitid0000030|mconcatfitid0000049|mdifffitid0000006|mdifffitid0000007|mdifffitid0000008|mdifffitid0000010|mdifffitid0000024|mdifffitid0000026|mdifffitid0000027|mdifffitid0000046|mdifffitid0000048|mprojectid0000001|mprojectid0000002|mprojectid0000020|mprojectid0000021|mprojectid0000039|mprojectid0000041|mprojectid0000042|mviewerid0000038|mviewerid0000057|mviewerid0000058,0.2,165.685000,0.203198,0.503637,170.729550,0.000000,0.000000,true,73.732000,32,826.972000,"{""bora011"":17,""diablo03"":15,""h4d-standard-192-7"":26}","{""bora011"":0.027205,""diablo03"":0.010214,""h3-standard-88-2"":0,""h4d-standard-192-7"":0.012427}"
beam_time,cluster_homo,19,maddid0000018|maddid0000037|mbackgroundid0000015|mbackgroundid0000016|mbackgroundid0000033|mbackgroundid0000053|mbgmodelid0000012|mconcatfitid0000030|mconcatfitid0000049|mdifffitid0000005|mdifffitid0000007|mdifffitid0000008|mdifffitid0000010|mdifffitid0000024|mdifffitid0000025|mdifffitid0000026|mdifffitid0000029|mimgtblid0000017|mimgtblid0000036|mprojectid0000001|mprojectid0000002|mprojectid0000003|mprojectid0000020|mprojectid0000021|mprojectid0000022|mprojectid0000039|mprojectid0000041|mviewerid0000057|mviewerid0000058,0.2,313.685000,0.000000,0.503637,170.729550,0.000000,142.955000,false,112.496000,10,640.974000,"{""bora001"":15,""bora002"":19,""bora003"":12,""bora004"":12}","{""bora001"":0.066615,""bora002"":0.035559,""bora003"":0.039413,""bora004"":0.030733}"
beam_cost,cluster_homo,19,maddid0000018|maddid0000037|mbackgroundid0000015|mbackgroundid0000016|mbackgroundid0000033|mbackgroundid0000053|mbgmodelid0000012|mconcatfitid0000030|mconcatfitid0000049|mdifffitid0000005|mdifffitid0000007|mdifffitid0000008|mdifffitid0000010|mdifffitid0000024|mdifffitid0000025|mdifffitid0000026|mdifffitid0000029|mimgtblid0000017|mimgtblid0000036|mprojectid0000001|mprojectid0000002|mprojectid0000003|mprojectid0000020|mprojectid0000021|mprojectid0000022|mprojectid0000039|mprojectid0000041|mviewerid0000057|mviewerid0000058,0.2,313.685000,0.000000,0.503637,170.729550,0.000000,142.955000,false,112.496000,10,646.835000,"{""bora001"":15,""bora002"":19,""bora003"":12,""bora004"":12}","{""bora001"":0.066615,""bora002"":0.035559,""bora003"":0.039413,""bora004"":0.030733}"
beam_time,cluster_hetero,19,maddid0000018|maddid0000037|mbackgroundid0000015|mbackgroundid0000016|mbackgroundid0000033|mbackgroundid0000053|mbgmodelid0000012|mconcatfitid0000030|mconcatfitid0000049|mdifffitid0000005|mdifffitid0000007|mdifffitid0000008|mdifffitid0000010|mdifffitid0000024|mdifffitid0000025|mdifffitid0000026|mdifffitid0000029|mimgtblid0000017|mimgtblid0000036|mprojectid0000001|mprojectid0000002|mprojectid0000003|mprojectid0000020|mprojectid0000021|mprojectid0000022|mprojectid0000039|mprojectid0000041|mviewerid0000057|mviewerid0000058,0.2,325.377000,0.000000,0.503637,170.729550,0.000000,154.647000,false,140.598000,9,705.412000,"{""bora005"":19,""bora006"":23,""diablo01"":5,""diablo02"":11}","{""bora005"":0.086863,""bora006"":0.055942,""diablo01"":0.013818,""diablo02"":0.004477}"
beam_cost,cluster_hetero,19,maddid0000018|maddid0000037|mbackgroundid0000015|mbackgroundid0000016|mbackgroundid0000033|mbackgroundid0000053|mbgmodelid0000012|mconcatfitid0000030|mconcatfitid0000049|mdifffitid0000005|mdifffitid0000007|mdifffitid0000008|mdifffitid0000010|mdifffitid0000024|mdifffitid0000025|mdifffitid0000026|mdifffitid0000029|mimgtblid0000017|mimgtblid0000036|mprojectid0000001|mprojectid0000002|mprojectid0000003|mprojectid0000020|mprojectid0000021|mprojectid0000022|mprojectid0000039|mprojectid0000041|mviewerid0000057|mviewerid0000058,0.2,325.377000,0.000000,0.503637,170.729550,0.000000,154.647000,false,140.598000,9,695.605000,"{""bora005"":19,""bora006"":23,""diablo01"":5,""diablo02"":11}","{""bora005"":0.086863,""bora006"":0.055942,""diablo01"":0.013818,""diablo02"":0.004477}"
beam_time,cloud_homo,19,maddid0000018|maddid0000037|mbackgroundid0000015|mbackgroundid0000016|mbackgroundid0000033|mbackgroundid0000053|mbgmodelid0000012|mconcatfitid0000030|mconcatfitid0000049|mdifffitid0000005|mdifffitid0000007|mdifffitid0000008|mdifffitid0000010|mdifffitid0000024|mdifffitid0000025|mdifffitid0000026|mdifffitid0000029|mimgtblid0000017|mimgtblid0000036|mprojectid0000001|mprojectid0000002|mprojectid0000003|mprojectid0000020|mprojectid0000021|mprojectid0000022|mprojectid0000039|mprojectid0000041|mviewerid0000057|mviewerid0000058,0.2,120.531000,0.462707,0.503637,170.729550,0.000000,0.000000,true,69.786000,38,1016.909000,"{""h4d-standard-192-1"":5,""h4d-standard-192-2"":53}","{""h4d-standard-192-1"":0.00474,""h4d-standard-192-2"":0.016469,""h4d-standard-192-3"":0,""h4d-standard-192-4"":0}"
beam_cost,cloud_homo,19,maddid0000018|maddid0000037|mbackgroundid0000015|mbackgroundid0000016|mbackgroundid0000033|mbackgroundid0000053|mbgmodelid0000012|mconcatfitid0000030|mconcatfitid0000049|mdifffitid0000005|mdifffitid0000007|mdifffitid0000008|mdifffitid0000010|mdifffitid0000024|mdifffitid0000025|mdifffitid0000026|mdifffitid0000029|mimgtblid0000017|mimgtblid0000036|mprojectid0000001|mprojectid0000002|mprojectid0000003|mprojectid0000020|mprojectid0000021|mprojectid0000022|mprojectid0000039|mprojectid0000041|mviewerid0000057|mviewerid0000058,0.2,153.788000,0.335504,0.503637,170.729550,0.000000,0.000000,true,156.683000,67,1012.568000,"{""h4d-standard-192-2"":58}","{""h4d-standard-192-1"":0,""h4d-standard-192-2"":0.019863,""h4d-standard-192-3"":0,""h4d-standard-192-4"":0}"
beam_time,cloud_hetero,19,maddid0000018|maddid0000037|mbackgroundid0000015|mbackgroundid0000016|mbackgroundid0000033|mbackgroundid0000053|mbgmodelid0000012|mconcatfitid0000030|mconcatfitid0000049|mdifffitid0000005|mdifffitid0000007|mdifffitid0000008|mdifffitid0000010|mdifffitid0000024|mdifffitid0000025|mdifffitid0000026|mdifffitid0000029|mimgtblid0000017|mimgtblid0000036|mprojectid0000001|mprojectid0000002|mprojectid0000003|mprojectid0000020|mprojectid0000021|mprojectid0000022|mprojectid0000039|mprojectid0000041|mviewerid0000057|mviewerid0000058,0.2,125.176000,0.491237,0.503637,170.729550,0.000000,0.000000,true,67.733000,34,942.218000,"{""h4d-highmem-192-1"":54,""h4d-standard-192-1"":4}","{""h3-standard-88-1"":0,""h3-standard-88-2"":0,""h4d-highmem-192-1"":0.017371,""h4d-standard-192-1"":0.003004}"
beam_cost,cloud_hetero,19,maddid0000018|maddid0000037|mbackgroundid0000015|mbackgroundid0000016|mbackgroundid0000033|mbackgroundid0000053|mbgmodelid0000012|mconcatfitid0000030|mconcatfitid0000049|mdifffitid0000005|mdifffitid0000007|mdifffitid0000008|mdifffitid0000010|mdifffitid0000024|mdifffitid0000025|mdifffitid0000026|mdifffitid0000029|mimgtblid0000017|mimgtblid0000036|mprojectid0000001|mprojectid0000002|mprojectid0000003|mprojectid0000020|mprojectid0000021|mprojectid0000022|mprojectid0000039|mprojectid0000041|mviewerid0000057|mviewerid0000058,0.2,169.402000,0.410984,0.503637,170.729550,0.000000,0.000000,true,156.590000,69,957.632000,"{""h3-standard-88-2"":18,""h4d-standard-192-1"":40}","{""h3-standard-88-1"":0,""h3-standard-88-2"":0.002233,""h4d-highmem-192-1"":0,""h4d-standard-192-1"":0.017128}"
beam_time,hybrid_homo,19,maddid0000018|maddid0000037|mbackgroundid0000015|mbackgroundid0000016|mbackgroundid0000033|mbackgroundid0000053|mbgmodelid0000012|mconcatfitid0000030|mconcatfitid0000049|mdifffitid0000005|mdifffitid0000007|mdifffitid0000008|mdifffitid0000010|mdifffitid0000024|mdifffitid0000025|mdifffitid0000026|mdifffitid0000029|mimgtblid0000017|mimgtblid0000036|mprojectid0000001|mprojectid0000002|mprojectid0000003|mprojectid0000020|mprojectid0000021|mprojectid0000022|mprojectid0000039|mprojectid0000041|mviewerid0000057|mviewerid0000058,0.2,118.690000,0.308346,0.503637,170.729550,0.000000,0.000000,true,45.852000,20,928.267000,"{""bora009"":14,""bora010"":22,""h4d-standard-192-5"":9,""h4d-standard-192-6"":13}","{""bora009"":0.010267,""bora010"":0.01481,""h4d-standard-192-5"":0.008278,""h4d-standard-192-6"":0.008511}"
beam_cost,hybrid_homo,19,maddid0000018|maddid0000037|mbackgroundid0000015|mbackgroundid0000016|mbackgroundid0000033|mbackgroundid0000053|mbgmodelid0000012|mconcatfitid0000030|mconcatfitid0000049|mdifffitid0000005|mdifffitid0000007|mdifffitid0000008|mdifffitid0000010|mdifffitid0000024|mdifffitid0000025|mdifffitid0000026|mdifffitid0000029|mimgtblid0000017|mimgtblid0000036|mprojectid0000001|mprojectid0000002|mprojectid0000003|mprojectid0000020|mprojectid0000021|mprojectid0000022|mprojectid0000039|mprojectid0000041|mviewerid0000057|mviewerid0000058,0.2,150.918000,0.219158,0.503637,170.729550,0.000000,0.000000,true,114.560000,37,901.155000,"{""bora009"":13,""bora010"":16,""h4d-standard-192-6"":29}","{""bora009"":0.016908,""bora010"":0.007777,""h4d-standard-192-5"":0,""h4d-standard-192-6"":0.016005}"
beam_time,hybrid_hetero,19,maddid0000018|maddid0000037|mbackgroundid0000015|mbackgroundid0000016|mbackgroundid0000033|mbackgroundid0000053|mbgmodelid0000012|mconcatfitid0000030|mconcatfitid0000049|mdifffitid0000005|mdifffitid0000007|mdifffitid0000008|mdifffitid0000010|mdifffitid0000024|mdifffitid0000025|mdifffitid0000026|mdifffitid0000029|mimgtblid0000017|mimgtblid0000036|mprojectid0000001|mprojectid0000002|mprojectid0000003|mprojectid0000020|mprojectid0000021|mprojectid0000022|mprojectid0000039|mprojectid0000041|mviewerid0000057|mviewerid0000058,0.2,144.527000,0.200784,0.503637,170.729550,0.000000,0.000000,true,88.798000,32,856.870000,"{""bora011"":16,""diablo03"":18,""h4d-standard-192-7"":24}","{""bora011"":0.019943,""diablo03"":0.013622,""h3-standard-88-2"":0,""h4d-standard-192-7"":0.014907}"
beam_cost,hybrid_hetero,19,maddid0000018|maddid0000037|mbackgroundid0000015|mbackgroundid0000016|mbackgroundid0000033|mbackgroundid0000053|mbgmodelid0000012|mconcatfitid0000030|mconcatfitid0000049|mdifffitid0000005|mdifffitid0000007|mdifffitid0000008|mdifffitid0000010|mdifffitid0000024|mdifffitid0000025|mdifffitid0000026|mdifffitid0000029|mimgtblid0000017|mimgtblid0000036|mprojectid0000001|mprojectid0000002|mprojectid0000003|mprojectid0000020|mprojectid0000021|mprojectid0000022|mprojectid0000039|mprojectid0000041|mviewerid0000057|mviewerid0000058,0.2,144.527000,0.200784,0.503637,170.729550,0.000000,0.000000,true,88.798000,32,869.149000,"{""bora011"":16,""diablo03"":18,""h4d-standard-192-7"":24}","{""bora011"":0.019943,""diablo03"":0.013622,""h3-standard-88-2"":0,""h4d-standard-192-7"":0.014907}"
beam_time,cluster_homo,20,maddid0000018|mbackgroundid0000015|mbackgroundid0000016|mbackgroundid0000032|mbackgroundid0000033|mbackgroundid0000053|mbackgroundid0000054|mbgmodelid0000031|mbgmodelid0000050|mconcatfitid0000011|mconcatfitid0000030|mconcatfitid0000049|mdifffitid0000005|mdifffitid0000006|mdifffitid0000010|mdifffitid0000025|mdifffitid0000027|mdifffitid0000044|mdifffitid0000046|mdifffitid0000047|mimgtblid0000055|mprojectid0000001|mprojectid0000004|mprojectid0000020|mprojectid0000021|mprojectid0000039|mprojectid0000040|mprojectid0000042|mviewerid0000057,0.2,314.916000,0.000000,0.503637,170.729550,0.000000,144.186000,false,138.769000,13,683.677000,"{""bora001"":15,""bora002"":19,""bora003"":10,""bora004"":14}","{""bora001"":0.046119,""bora002"":0.045652,""bora003"":0.060934,""bora004"":0.020811}"
beam_cost,cluster_homo,20,maddid0000018|mbackgroundid0000015|mbackgroundid0000016|mbackgroundid0000032|mbackgroundid0000033|mbackgroundid0000053|mbackgroundid0000054|mbgmodelid0000031|mbgmodelid0000050|mconcatfitid0000011|mconcatfitid0000030|mconcatfitid0000049|mdifffitid0000005|mdifffitid0000006|mdifffitid0000010|mdifffitid0000025|mdifffitid0000027|mdifffitid0000044|mdifffitid0000046|mdifffitid0000047|mimgtblid0000055|mprojectid0000001|mprojectid0000004|mprojectid0000020|mprojectid0000021|mprojectid0000039|mprojectid0000040|mprojectid0000042|mviewerid0000057,0.2,314.916000,0.000000,0.503637,170.729550,0.000000,144.186000,false,138.769000,13,696.372000,"{""bora001"":15,""bora002"":19,""bora003"":10,""bora004"":14}","{""bora001"":0.046119,""bora002"":0.045652,""bora003"":0.060934,""bora004"":0.020811}"
beam_time,cluster_hetero,20,maddid0000018|mbackgroundid0000015|mbackgroundid0000016|mbackgroundid0000032|mbackgroundid0000033|mbackgroundid0000053|mbackgroundid0000054|mbgmodelid0000031|mbgmodelid0000050|mconcatfitid0000011|mconcatfitid0000030|mconcatfitid0000049|mdifffitid0000005|mdifffitid0000006|mdifffitid0000010|mdifffitid0000025|mdifffitid0000027|mdifffitid0000044|mdifffitid0000046|mdifffitid0000047|mimgtblid0000055|mprojectid0000001|mprojectid0000004|mprojectid0000020|mprojectid0000021|mprojectid0000039|mprojectid0000040|mprojectid0000042|mviewerid0000057,0.2,356.205000,0.000000,0.503637,170.729550,0.000000,185.475000,false,126.367000,14,759.488000,"{""bora005"":19,""bora006"":23,""diablo01"":7,""diablo02"":9}","{""bora005"":0.087891,""bora006"":0.028394,""diablo01"":0.012865,""diablo02"":0.012864}"
beam_cost,cluster_hetero,20,maddid0000018|mbackgroundid0000015|mbackgroundid0000016|mbackgroundid0000032|mbackgroundid0000033|mbackgroundid0000053|mbackgroundid0000054|mbgmodelid0000031|mbgmodelid0000050|mconcatfitid0000011|mconcatfitid0000030|mconcatfitid0000049|mdifffitid0000005|mdifffitid0000006|mdifffitid0000010|mdifffitid0000025|mdifffitid0000027|mdifffitid0000044|mdifffitid0000046|mdifffitid0000047|mimgtblid0000055|mprojectid0000001|mprojectid0000004|mprojectid0000020|mprojectid0000021|mprojectid0000039|mprojectid0000040|mprojectid0000042|mviewerid0000057,0.2,356.205000,0.000000,0.503637,170.729550,0.000000,185.475000,false,126.367000,14,730.583000,"{""bora005"":19,""bora006"":23,""diablo01"":7,""diablo02"":9}","{""bora005"":0.087891,""bora006"":0.028394,""diablo01"":0.012865,""diablo02"":0.012864}"
beam_time,cloud_homo,20,maddid0000018|mbackgroundid0000015|mbackgroundid0000016|mbackgroundid0000032|mbackgroundid0000033|mbackgroundid0000053|mbackgroundid0000054|mbgmodelid0000031|mbgmodelid0000050|mconcatfitid0000011|mconcatfitid0000030|mconcatfitid0000049|mdifffitid0000005|mdifffitid0000006|mdifffitid0000010|mdifffitid0000025|mdifffitid0000027|mdifffitid0000044|mdifffitid0000046|mdifffitid0000047|mimgtblid0000055|mprojectid0000001|mprojectid0000004|mprojectid0000020|mprojectid0000021|mprojectid0000039|mprojectid0000040|mprojectid0000042|mviewerid0000057,0.2,153.133000,0.334076,0.503637,170.729550,0.000000,0.000000,true,165.665000,76,1001.752000,"{""h4d-standard-192-1"":58}","{""h4d-standard-192-1"":0.020615,""h4d-standard-192-2"":0,""h4d-standard-192-3"":0,""h4d-standard-192-4"":0}"
beam_cost,cloud_homo,20,maddid0000018|mbackgroundid0000015|mbackgroundid0000016|mbackgroundid0000032|mbackgroundid0000033|mbackgroundid0000053|mbackgroundid0000054|mbgmodelid0000031|mbgmodelid0000050|mconcatfitid0000011|mconcatfitid0000030|mconcatfitid0000049|mdifffitid0000005|mdifffitid0000006|mdifffitid0000010|mdifffitid0000025|mdifffitid0000027|mdifffitid0000044|mdifffitid0000046|mdifffitid0000047|mimgtblid0000055|mprojectid0000001|mprojectid0000004|mprojectid0000020|mprojectid0000021|mprojectid0000039|mprojectid0000040|mprojectid0000042|mviewerid0000057,0.2,153.133000,0.334076,0.503637,170.729550,0.000000,0.000000,true,165.665000,76,1007.299000,"{""h4d-standard-192-1"":58}","{""h4d-standard-192-1"":0.020615,""h4d-standard-192-2"":0,""h4d-standard-192-3"":0,""h4d-standard-192-4"":0}"
beam_time,cloud_hetero,20,maddid0000018|mbackgroundid0000015|mbackgroundid0000016|mbackgroundid0000032|mbackgroundid0000033|mbackgroundid0000053|mbackgroundid0000054|mbgmodelid0000031|mbgmodelid0000050|mconcatfitid0000011|mconcatfitid0000030|mconcatfitid0000049|mdifffitid0000005|mdifffitid0000006|mdifffitid0000010|mdifffitid0000025|mdifffitid0000027|mdifffitid0000044|mdifffitid0000046|mdifffitid0000047|mimgtblid0000055|mprojectid0000001|mprojectid0000004|mprojectid0000020|mprojectid0000021|mprojectid0000039|mprojectid0000040|mprojectid0000042|mviewerid0000057,0.2,129.541000,0.532425,0.503637,170.729550,0.028800,0.000000,false,58.034000,40,955.125000,"{""h4d-highmem-192-1"":17,""h4d-standard-192-1"":41}","{""h3-standard-88-1"":0,""h3-standard-88-2"":0,""h4d-highmem-192-1"":0.008646,""h4d-standard-192-1"":0.011313}"
beam_cost,cloud_hetero,20,maddid0000018|mbackgroundid0000015|mbackgroundid0000016|mbackgroundid0000032|mbackgroundid0000033|mbackgroundid0000053|mbackgroundid0000054|mbgmodelid0000031|mbgmodelid0000050|mconcatfitid0000011|mconcatfitid0000030|mconcatfitid0000049|mdifffitid0000005|mdifffitid0000006|mdifffitid0000010|mdifffitid0000025|mdifffitid0000027|mdifffitid0000044|mdifffitid0000046|mdifffitid0000047|mimgtblid0000055|mprojectid0000001|mprojectid0000004|mprojectid0000020|mprojectid0000021|mprojectid0000039|mprojectid0000040|mprojectid0000042|mviewerid0000057,0.2,170.791000,0.413843,0.503637,170.729550,0.000000,0.061000,false,176.537000,77,1134.798000,"{""h3-standard-88-2"":15,""h4d-standard-192-1"":43}","{""h3-standard-88-1"":0,""h3-standard-88-2"":0.001973,""h4d-highmem-192-1"":0,""h4d-standard-192-1"":0.017832}"
beam_time,hybrid_homo,20,maddid0000018|mbackgroundid0000015|mbackgroundid0000016|mbackgroundid0000032|mbackgroundid0000033|mbackgroundid0000053|mbackgroundid0000054|mbgmodelid0000031|mbgmodelid0000050|mconcatfitid0000011|mconcatfitid0000030|mconcatfitid0000049|mdifffitid0000005|mdifffitid0000006|mdifffitid0000010|mdifffitid0000025|mdifffitid0000027|mdifffitid0000044|mdifffitid0000046|mdifffitid0000047|mimgtblid0000055|mprojectid0000001|mprojectid0000004|mprojectid0000020|mprojectid0000021|mprojectid0000039|mprojectid0000040|mprojectid0000042|mviewerid0000057,0.2,124.073000,0.379862,0.503637,170.729550,0.000000,0.000000,true,46.304000,18,969.592000,"{""bora009"":11,""bora010"":13,""h4d-standard-192-5"":19,""h4d-standard-192-6"":15}","{""bora009"":0.006957,""bora010"":0.006489,""h4d-standard-192-5"":0.008535,""h4d-standard-192-6"":0.008715}"
beam_cost,hybrid_homo,20,maddid0000018|mbackgroundid0000015|mbackgroundid0000016|mbackgroundid0000032|mbackgroundid0000033|mbackgroundid0000053|mbackgroundid0000054|mbgmodelid0000031|mbgmodelid0000050|mconcatfitid0000011|mconcatfitid0000030|mconcatfitid0000049|mdifffitid0000005|mdifffitid0000006|mdifffitid0000010|mdifffitid0000025|mdifffitid0000027|mdifffitid0000044|mdifffitid0000046|mdifffitid0000047|mimgtblid0000055|mprojectid0000001|mprojectid0000004|mprojectid0000020|mprojectid0000021|mprojectid0000039|mprojectid0000040|mprojectid0000042|mviewerid0000057,0.2,152.825000,0.220870,0.503637,170.729550,0.000000,0.000000,true,118.978000,33,1012.698000,"{""bora009"":15,""bora010"":19,""h4d-standard-192-5"":24}","{""bora009"":0.022046,""bora010"":0.009816,""h4d-standard-192-5"":0.015565,""h4d-standard-192-6"":0}"
beam_time,hybrid_hetero,20,maddid0000018|mbackgroundid0000015|mbackgroundid0000016|mbackgroundid0000032|mbackgroundid0000033|mbackgroundid0000053|mbackgroundid0000054|mbgmodelid0000031|mbgmodelid0000050|mconcatfitid0000011|mconcatfitid0000030|mconcatfitid0000049|mdifffitid0000005|mdifffitid0000006|mdifffitid0000010|mdifffitid0000025|mdifffitid0000027|mdifffitid0000044|mdifffitid0000046|mdifffitid0000047|mimgtblid0000055|mprojectid0000001|mprojectid0000004|mprojectid0000020|mprojectid0000021|mprojectid0000039|mprojectid0000040|mprojectid0000042|mviewerid0000057,0.2,149.701000,0.490475,0.503637,170.729550,0.000000,0.000000,true,114.421000,31,865.077000,"{""bora011"":12,""diablo03"":8,""h3-standard-88-2"":7,""h4d-standard-192-7"":31}","{""bora011"":0.006145,""diablo03"":0.002373,""h3-standard-88-2"":0.002384,""h4d-standard-192-7"":0.016174}"
beam_cost,hybrid_hetero,20,maddid0000018|mbackgroundid0000015|mbackgroundid0000016|mbackgroundid0000032|mbackgroundid0000033|mbackgroundid0000053|mbackgroundid0000054|mbgmodelid0000031|mbgmodelid0000050|mconcatfitid0000011|mconcatfitid0000030|mconcatfitid0000049|mdifffitid0000005|mdifffitid0000006|mdifffitid0000010|mdifffitid0000025|mdifffitid0000027|mdifffitid0000044|mdifffitid0000046|mdifffitid0000047|mimgtblid0000055|mprojectid0000001|mprojectid0000004|mprojectid0000020|mprojectid0000021|mprojectid0000039|mprojectid0000040|mprojectid0000042|mviewerid0000057,0.2,154.625000,0.221586,0.503637,170.729550,0.000000,0.000000,true,116.072000,35,839.083000,"{""bora011"":15,""diablo03"":17,""h4d-standard-192-7"":26}","{""bora011"":0.022549,""diablo03"":0.005641,""h3-standard-88-2"":0,""h4d-standard-192-7"":0.015261}"
beam_time,cluster_homo,21,maddid0000018|maddid0000037|maddid0000056|mbackgroundid0000014|mbackgroundid0000015|mbackgroundid0000034|mbackgroundid0000035|mbackgroundid0000053|mbgmodelid0000050|mconcatfitid0000011|mconcatfitid0000049|mdifffitid0000005|mdifffitid0000006|mdifffitid0000008|mdifffitid0000010|mdifffitid0000024|mdifffitid0000025|mdifffitid0000028|mdifffitid0000043|mdifffitid0000045|mdifffitid0000046|mprojectid0000002|mprojectid0000020|mprojectid0000023|mprojectid0000039|mprojectid0000040|mprojectid0000042|mviewerid0000038|mviewerid0000058,0.2,311.833000,0.000000,0.503637,170.729550,0.000000,141.103000,false,92.385000,12,676.786000,"{""bora001"":19,""bora002"":19,""bora003"":9,""bora004"":11}","{""bora001"":0.073269,""bora002"":0.065378,""bora003"":0.016969,""bora004"":0.015357}"
beam_cost,cluster_homo,21,maddid0000018|maddid0000037|maddid0000056|mbackgroundid0000014|mbackgroundid0000015|mbackgroundid0000034|mbackgroundid0000035|mbackgroundid0000053|mbgmodelid0000050|mconcatfitid0000011|mconcatfitid0000049|mdifffitid0000005|mdifffitid0000006|mdifffitid0000008|mdifffitid0000010|mdifffitid0000024|mdifffitid0000025|mdifffitid0000028|mdifffitid0000043|mdifffitid0000045|mdifffitid0000046|mprojectid0000002|mprojectid0000020|mprojectid0000023|mprojectid0000039|mprojectid0000040|mprojectid0000042|mviewerid0000038|mviewerid0000058,0.2,311.833000,0.000000,0.503637,170.729550,0.000000,141.103000,false,92.385000,12,705.394000,"{""bora001"":19,""bora002"":19,""bora003"":9,""bora004"":11}","{""bora001"":0.073269,""bora002"":0.065378,""bora003"":0.016969,""bora004"":0.015357}"
beam_time,cluster_hetero,21,maddid0000018|maddid0000037|maddid0000056|mbackgroundid0000014|mbackgroundid0000015|mbackgroundid0000034|mbackgroundid0000035|mbackgroundid0000053|mbgmodelid0000050|mconcatfitid0000011|mconcatfitid0000049|mdifffitid0000005|mdifffitid0000006|mdifffitid0000008|mdifffitid0000010|mdifffitid0000024|mdifffitid0000025|mdifffitid0000028|mdifffitid0000043|mdifffitid0000045|mdifffitid0000046|mprojectid0000002|mprojectid0000020|mprojectid0000023|mprojectid0000039|mprojectid0000040|mprojectid0000042|mviewerid0000038|mviewerid0000058,0.2,326.437000,0.000000,0.503637,170.729550,0.000000,155.707000,false,65.829000,13,735.267000,"{""bora005"":21,""bora006"":20,""diablo01"":7,""diablo02"":10}","{""bora005"":0.062824,""bora006"":0.058223,""diablo01"":0.014233,""diablo02"":0.014219}"
beam_cost,cluster_hetero,21,maddid0000018|maddid0000037|maddid0000056|mbackgroundid0000014|mbackgroundid0000015|mbackgroundid0000034|mbackgroundid0000035|mbackgroundid0000053|mbgmodelid0000050|mconcatfitid0000011|mconcatfitid0000049|mdifffitid0000005|mdifffitid0000006|mdifffitid0000008|mdifffitid0000010|mdifffitid0000024|mdifffitid0000025|mdifffitid0000028|mdifffitid0000043|mdifffitid0000045|mdifffitid0000046|mprojectid0000002|mprojectid0000020|mprojectid0000023|mprojectid0000039|mprojectid0000040|mprojectid0000042|mviewerid0000038|mviewerid0000058,0.2,326.437000,0.000000,0.503637,170.729550,0.000000,155.707000,false,65.829000,13,765.360000,"{""bora005"":21,""bora006"":20,""diablo01"":7,""diablo02"":10}","{""bora005"":0.062824,""bora006"":0.058223,""diablo01"":0.014233,""diablo02"":0.014219}"
beam_time,cloud_homo,21,maddid0000018|maddid0000037|maddid0000056|mbackgroundid0000014|mbackgroundid0000015|mbackgroundid0000034|mbackgroundid0000035|mbackgroundid0000053|mbgmodelid0000050|mconcatfitid0000011|mconcatfitid0000049|mdifffitid0000005|mdifffitid0000006|mdifffitid0000008|mdifffitid0000010|mdifffitid0000024|mdifffitid0000025|mdifffitid0000028|mdifffitid0000043|mdifffitid0000045|mdifffitid0000046|mprojectid0000002|mprojectid0000020|mprojectid0000023|mprojectid0000039|mprojectid0000040|mprojectid0000042|mviewerid0000038|mviewerid0000058,0.2,145.232000,0.316841,0.503637,170.729550,0.000000,0.000000,true,144.730000,70,970.964000,"{""h4d-standard-192-1"":58}","{""h4d-standard-192-1"":0.020985,""h4d-standard-192-2"":0,""h4d-standard-192-3"":0,""h4d-standard-192-4"":0}"
beam_cost,cloud_homo,21,maddid0000018|maddid0000037|maddid0000056|mbackgroundid0000014|mbackgroundid0000015|mbackgroundid0000034|mbackgroundid0000035|mbackgroundid0000053|mbgmodelid0000050|mconcatfitid0000011|mconcatfitid0000049|mdifffitid0000005|mdifffitid0000006|mdifffitid0000008|mdifffitid0000010|mdifffitid0000024|mdifffitid0000025|mdifffitid0000028|mdifffitid0000043|mdifffitid0000045|mdifffitid0000046|mprojectid0000002|mprojectid0000020|mprojectid0000023|mprojectid0000039|mprojectid0000040|mprojectid0000042|mviewerid0000038|mviewerid0000058,0.2,145.232000,0.316841,0.503637,170.729550,0.000000,0.000000,true,144.730000,70,1032.161000,"{""h4d-standard-192-1"":58}","{""h4d-standard-192-1"":0.020985,""h4d-standard-192-2"":0,""h4d-standard-192-3"":0,""h4d-standard-192-4"":0}"
beam_time,cloud_hetero,21,maddid0000018|maddid0000037|maddid0000056|mbackgroundid0000014|mbackgroundid0000015|mbackgroundid0000034|mbackgroundid0000035|mbackgroundid0000053|mbgmodelid0000050|mconcatfitid0000011|mconcatfitid0000049|mdifffitid0000005|mdifffitid0000006|mdifffitid0000008|mdifffitid0000010|mdifffitid0000024|mdifffitid0000025|mdifffitid0000028|mdifffitid0000043|mdifffitid0000045|mdifffitid0000046|mprojectid0000002|mprojectid0000020|mprojectid0000023|mprojectid0000039|mprojectid0000040|mprojectid0000042|mviewerid0000038|mviewerid0000058,0.2,161.458000,0.406033,0.503637,170.729550,0.000000,0.000000,true,140.267000,62,990.954000,"{""h3-standard-88-2"":18,""h4d-standard-192-1"":40}","{""h3-standard-88-1"":0,""h3-standard-88-2"":0.002172,""h4d-highmem-192-1"":0,""h4d-standard-192-1"":0.017465}"
beam_cost,cloud_hetero,21,maddid0000018|maddid0000037|maddid0000056|mbackgroundid0000014|mbackgroundid0000015|mbackgroundid0000034|mbackgroundid0000035|mbackgroundid0000053|mbgmodelid0000050|mconcatfitid0000011|mconcatfitid0000049|mdifffitid0000005|mdifffitid0000006|mdifffitid0000008|mdifffitid0000010|mdifffitid0000024|mdifffitid0000025|mdifffitid0000028|mdifffitid0000043|mdifffitid0000045|mdifffitid0000046|mprojectid0000002|mprojectid0000020|mprojectid0000023|mprojectid0000039|mprojectid0000040|mprojectid0000042|mviewerid0000038|mviewerid0000058,0.2,163.471000,0.396244,0.503637,170.729550,0.000000,0.000000,true,142.085000,65,979.507000,"{""h3-standard-88-1"":13,""h4d-standard-192-1"":45}","{""h3-standard-88-1"":0.002402,""h3-standard-88-2"":0,""h4d-highmem-192-1"":0,""h4d-standard-192-1"":0.017492}"
beam_time,hybrid_homo,21,maddid0000018|maddid0000037|maddid0000056|mbackgroundid0000014|mbackgroundid0000015|mbackgroundid0000034|mbackgroundid0000035|mbackgroundid0000053|mbgmodelid0000050|mconcatfitid0000011|mconcatfitid0000049|mdifffitid0000005|mdifffitid0000006|mdifffitid0000008|mdifffitid0000010|mdifffitid0000024|mdifffitid0000025|mdifffitid0000028|mdifffitid0000043|mdifffitid0000045|mdifffitid0000046|mprojectid0000002|mprojectid0000020|mprojectid0000023|mprojectid0000039|mprojectid0000040|mprojectid0000042|mviewerid0000038|mviewerid0000058,0.2,122.793000,0.496284,0.503637,170.729550,0.000000,0.000000,true,52.209000,19,952.601000,"{""bora009"":9,""bora010"":12,""h4d-standard-192-5"":18,""h4d-standard-192-6"":19}","{""bora009"":0.005605,""bora010"":0.005749,""h4d-standard-192-5"":0.009666,""h4d-standard-192-6"":0.008089}"
beam_cost,hybrid_homo,21,maddid0000018|maddid0000037|maddid0000056|mbackgroundid0000014|mbackgroundid0000015|mbackgroundid0000034|mbackgroundid0000035|mbackgroundid0000053|mbgmodelid0000050|mconcatfitid0000011|mconcatfitid0000049|mdifffitid0000005|mdifffitid0000006|mdifffitid0000008|mdifffitid0000010|mdifffitid0000024|mdifffitid0000025|mdifffitid0000028|mdifffitid0000043|mdifffitid0000045|mdifffitid0000046|mprojectid0000002|mprojectid0000020|mprojectid0000023|mprojectid0000039|mprojectid0000040|mprojectid0000042|mviewerid0000038|mviewerid0000058,0.2,144.315000,0.202304,0.503637,170.729550,0.000000,0.000000,true,88.378000,28,926.339000,"{""bora009"":14,""bora010"":20,""h4d-standard-192-5"":24}","{""bora009"":0.019167,""bora010"":0.01084,""h4d-standard-192-5"":0.01548,""h4d-standard-192-6"":0}"
beam_time,hybrid_hetero,21,maddid0000018|maddid0000037|maddid0000056|mbackgroundid0000014|mbackgroundid0000015|mbackgroundid0000034|mbackgroundid0000035|mbackgroundid0000053|mbgmodelid0000050|mconcatfitid0000011|mconcatfitid0000049|mdifffitid0000005|mdifffitid0000006|mdifffitid0000008|mdifffitid0000010|mdifffitid0000024|mdifffitid0000025|mdifffitid0000028|mdifffitid0000043|mdifffitid0000045|mdifffitid0000046|mprojectid0000002|mprojectid0000020|mprojectid0000023|mprojectid0000039|mprojectid0000040|mprojectid0000042|mviewerid0000038|mviewerid0000058,0.2,146.195000,0.203196,0.503637,170.729550,0.000000,0.000000,true,90.128000,34,860.589000,"{""bora011"":14,""diablo03"":16,""h4d-standard-192-7"":28}","{""bora011"":0.019122,""diablo03"":0.004659,""h3-standard-88-2"":0,""h4d-standard-192-7"":0.015691}"
beam_cost,hybrid_hetero,21,maddid0000018|maddid0000037|maddid0000056|mbackgroundid0000014|mbackgroundid0000015|mbackgroundid0000034|mbackgroundid0000035|mbackgroundid0000053|mbgmodelid0000050|mconcatfitid0000011|mconcatfitid0000049|mdifffitid0000005|mdifffitid0000006|mdifffitid0000008|mdifffitid0000010|mdifffitid0000024|mdifffitid0000025|mdifffitid0000028|mdifffitid0000043|mdifffitid0000045|mdifffitid0000046|mprojectid0000002|mprojectid0000020|mprojectid0000023|mprojectid0000039|mprojectid0000040|mprojectid0000042|mviewerid0000038|mviewerid0000058,0.2,146.195000,0.203196,0.503637,170.729550,0.000000,0.000000,true,90.128000,34,846.620000,"{""bora011"":14,""diablo03"":16,""h4d-standard-192-7"":28}","{""bora011"":0.019122,""diablo03"":0.004659,""h3-standard-88-2"":0,""h4d-standard-192-7"":0.015691}"
beam_time,cluster_homo,22,maddid0000018|maddid0000037|maddid0000056|mbackgroundid0000014|mbackgroundid0000015|mbackgroundid0000032|mbackgroundid0000033|mbackgroundid0000035|mbackgroundid0000051|mbackgroundid0000053|mbgmodelid0000050|mdifffitid0000007|mdifffitid0000008|mdifffitid0000009|mdifffitid0000025|mdifffitid0000043|mdifffitid0000044|mdifffitid0000045|mimgtblid0000055|mprojectid0000002|mprojectid0000021|mprojectid0000022|mprojectid0000023|mprojectid0000039|mprojectid0000041|mprojectid0000042|mviewerid0000019|mviewerid0000038|mviewerid0000057,0.2,314.375000,0.000000,0.503637,170.729550,0.000000,143.645000,false,112.965000,10,650.532000,"{""bora001"":17,""bora002"":17,""bora003"":11,""bora004"":13}","{""bora001"":0.061849,""bora002"":0.050405,""bora003"":0.028546,""bora004"":0.030851}"
beam_cost,cluster_homo,22,maddid0000018|maddid0000037|maddid0000056|mbackgroundid0000014|mbackgroundid0000015|mbackgroundid0000032|mbackgroundid0000033|mbackgroundid0000035|mbackgroundid0000051|mbackgroundid0000053|mbgmodelid0000050|mdifffitid0000007|mdifffitid0000008|mdifffitid0000009|mdifffitid0000025|mdifffitid0000043|mdifffitid0000044|mdifffitid0000045|mimgtblid0000055|mprojectid0000002|mprojectid0000021|mprojectid0000022|mprojectid0000023|mprojectid0000039|mprojectid0000041|mprojectid0000042|mviewerid0000019|mviewerid0000038|mviewerid0000057,0.2,314.375000,0.000000,0.503637,170.729550,0.000000,143.645000,false,112.965000,10,649.466000,"{""bora001"":17,""bora002"":17,""bora003"":11,""bora004"":13}","{""bora001"":0.061849,""bora002"":0.050405,""bora003"":0.028546,""bora004"":0.030851}"
beam_time,cluster_hetero,22,maddid0000018|maddid0000037|maddid0000056|mbackgroundid0000014|mbackgroundid0000015|mbackgroundid0000032|mbackgroundid0000033|mbackgroundid0000035|mbackgroundid0000051|mbackgroundid0000053|mbgmodelid0000050|mdifffitid0000007|mdifffitid0000008|mdifffitid0000009|mdifffitid0000025|mdifffitid0000043|mdifffitid0000044|mdifffitid0000045|mimgtblid0000055|mprojectid0000002|mprojectid0000021|mprojectid0000022|mprojectid0000023|mprojectid0000039|mprojectid0000041|mprojectid0000042|mviewerid0000019|mviewerid0000038|mviewerid0000057,0.2,327.030000,0.000000,0.503637,170.729550,0.000000,156.300000,false,111.461000,12,706.158000,"{""bora005"":21,""bora006"":21,""diablo01"":6,""diablo02"":10}","{""bora005"":0.081189,""bora006"":0.043939,""diablo01"":0.013917,""diablo02"":0.014209}"
beam_cost,cluster_hetero,22,maddid0000018|maddid0000037|maddid0000056|mbackgroundid0000014|mbackgroundid0000015|mbackgroundid0000032|mbackgroundid0000033|mbackgroundid0000035|mbackgroundid0000051|mbackgroundid0000053|mbgmodelid0000050|mdifffitid0000007|mdifffitid0000008|mdifffitid0000009|mdifffitid0000025|mdifffitid0000043|mdifffitid0000044|mdifffitid0000045|mimgtblid0000055|mprojectid0000002|mprojectid0000021|mprojectid0000022|mprojectid0000023|mprojectid0000039|mprojectid0000041|mprojectid0000042|mviewerid0000019|mviewerid0000038|mviewerid0000057,0.2,327.030000,0.000000,0.503637,170.729550,0.000000,156.300000,false,111.461000,12,716.365000,"{""bora005"":21,""bora006"":21,""diablo01"":6,""diablo02"":10}","{""bora005"":0.081189,""bora006"":0.043939,""diablo01"":0.013917,""diablo02"":0.014209}"
beam_time,cloud_homo,22,maddid0000018|maddid0000037|maddid0000056|mbackgroundid0000014|mbackgroundid0000015|mbackgroundid0000032|mbackgroundid0000033|mbackgroundid0000035|mbackgroundid0000051|mbackgroundid0000053|mbgmodelid0000050|mdifffitid0000007|mdifffitid0000008|mdifffitid0000009|mdifffitid0000025|mdifffitid0000043|mdifffitid0000044|mdifffitid0000045|mimgtblid0000055|mprojectid0000002|mprojectid0000021|mprojectid0000022|mprojectid0000023|mprojectid0000039|mprojectid0000041|mprojectid0000042|mviewerid0000019|mviewerid0000038|mviewerid0000057,0.2,153.973000,0.335906,0.503637,170.729550,0.000000,0.000000,true,152.543000,60,998.663000,"{""h4d-standard-192-1"":58}","{""h4d-standard-192-1"":0.020058,""h4d-standard-192-2"":0,""h4d-standard-192-3"":0,""h4d-standard-192-4"":0}"
beam_cost,cloud_homo,22,maddid0000018|maddid0000037|maddid0000056|mbackgroundid0000014|mbackgroundid0000015|mbackgroundid0000032|mbackgroundid0000033|mbackgroundid0000035|mbackgroundid0000051|mbackgroundid0000053|mbgmodelid0000050|mdifffitid0000007|mdifffitid0000008|mdifffitid0000009|mdifffitid0000025|mdifffitid0000043|mdifffitid0000044|mdifffitid0000045|mimgtblid0000055|mprojectid0000002|mprojectid0000021|mprojectid0000022|mprojectid0000023|mprojectid0000039|mprojectid0000041|mprojectid0000042|mviewerid0000019|mviewerid0000038|mviewerid0000057,0.2,153.973000,0.335906,0.503637,170.729550,0.000000,0.000000,true,152.543000,60,980.824000,"{""h4d-standard-192-1"":58}","{""h4d-standard-192-1"":0.020058,""h4d-standard-192-2"":0,""h4d-standard-192-3"":0,""h4d-standard-192-4"":0}"
beam_time,cloud_hetero,22,maddid0000018|maddid0000037|maddid0000056|mbackgroundid0000014|mbackgroundid0000015|mbackgroundid0000032|mbackgroundid0000033|mbackgroundid0000035|mbackgroundid0000051|mbackgroundid0000053|mbgmodelid0000050|mdifffitid0000007|mdifffitid0000008|mdifffitid0000009|mdifffitid0000025|mdifffitid0000043|mdifffitid0000044|mdifffitid0000045|mimgtblid0000055|mprojectid0000002|mprojectid0000021|mprojectid0000022|mprojectid0000023|mprojectid0000039|mprojectid0000041|mprojectid0000042|mviewerid0000019|mviewerid0000038|mviewerid0000057,0.2,168.474000,0.386359,0.503637,170.729550,0.000000,0.000000,true,163.468000,66,939.399000,"{""h3-standard-88-2"":10,""h4d-standard-192-1"":48}","{""h3-standard-88-1"":0,""h3-standard-88-2"":0.001199,""h4d-highmem-192-1"":0,""h4d-standard-192-1"":0.017968}"
beam_cost,cloud_hetero,22,maddid0000018|maddid0000037|maddid0000056|mbackgroundid0000014|mbackgroundid0000015|mbackgroundid0000032|mbackgroundid0000033|mbackgroundid0000035|mbackgroundid0000051|mbackgroundid0000053|mbgmodelid0000050|mdifffitid0000007|mdifffitid0000008|mdifffitid0000009|mdifffitid0000025|mdifffitid0000043|mdifffitid0000044|mdifffitid0000045|mimgtblid0000055|mprojectid0000002|mprojectid0000021|mprojectid0000022|mprojectid0000023|mprojectid0000039|mprojectid0000041|mprojectid0000042|mviewerid0000019|mviewerid0000038|mviewerid0000057,0.2,168.474000,0.386359,0.503637,170.729550,0.000000,0.000000,true,163.468000,66,924.624000,"{""h3-standard-88-2"":10,""h4d-standard-192-1"":48}","{""h3-standard-88-1"":0,""h3-standard-88-2"":0.001199,""h4d-highmem-192-1"":0,""h4d-standard-192-1"":0.017968}"
beam_time,hybrid_homo,22,maddid0000018|maddid0000037|maddid0000056|mbackgroundid0000014|mbackgroundid0000015|mbackgroundid0000032|mbackgroundid0000033|mbackgroundid0000035|mbackgroundid0000051|mbackgroundid0000053|mbgmodelid0000050|mdifffitid0000007|mdifffitid0000008|mdifffitid0000009|mdifffitid0000025|mdifffitid0000043|mdifffitid0000044|mdifffitid0000045|mimgtblid0000055|mprojectid0000002|mprojectid0000021|mprojectid0000022|mprojectid0000023|mprojectid0000039|mprojectid0000041|mprojectid0000042|mviewerid0000019|mviewerid0000038|mviewerid0000057,0.2,125.996000,0.446219,0.503637,170.729550,0.000000,0.000000,true,57.006000,18,901.779000,"{""bora009"":13,""bora010"":11,""h4d-standard-192-5"":20,""h4d-standard-192-6"":14}","{""bora009"":0.008283,""bora010"":0.005451,""h4d-standard-192-5"":0.006622,""h4d-standard-192-6"":0.010718}"
beam_cost,hybrid_homo,22,maddid0000018|maddid0000037|maddid0000056|mbackgroundid0000014|mbackgroundid0000015|mbackgroundid0000032|mbackgroundid0000033|mbackgroundid0000035|mbackgroundid0000051|mbackgroundid0000053|mbgmodelid0000050|mdifffitid0000007|mdifffitid0000008|mdifffitid0000009|mdifffitid0000025|mdifffitid0000043|mdifffitid0000044|mdifffitid0000045|mimgtblid0000055|mprojectid0000002|mprojectid0000021|mprojectid0000022|mprojectid0000023|mprojectid0000039|mprojectid0000041|mprojectid0000042|mviewerid0000019|mviewerid0000038|mviewerid0000057,0.2,164.807000,0.203196,0.503637,170.729550,0.000000,0.000000,true,85.654000,33,913.382000,"{""bora009"":13,""bora010"":18,""h4d-standard-192-6"":27}","{""bora009"":0.024528,""bora010"":0.016583,""h4d-standard-192-5"":0,""h4d-standard-192-6"":0.012995}"
beam_time,hybrid_hetero,22,maddid0000018|maddid0000037|maddid0000056|mbackgroundid0000014|mbackgroundid0000015|mbackgroundid0000032|mbackgroundid0000033|mbackgroundid0000035|mbackgroundid0000051|mbackgroundid0000053|mbgmodelid0000050|mdifffitid0000007|mdifffitid0000008|mdifffitid0000009|mdifffitid0000025|mdifffitid0000043|mdifffitid0000044|mdifffitid0000045|mimgtblid0000055|mprojectid0000002|mprojectid0000021|mprojectid0000022|mprojectid0000023|mprojectid0000039|mprojectid0000041|mprojectid0000042|mviewerid0000019|mviewerid0000038|mviewerid0000057,0.2,148.095000,0.499122,0.503637,170.729550,0.000000,0.000000,true,107.200000,28,850.902000,"{""bora011"":9,""diablo03"":6,""h3-standard-88-2"":4,""h4d-standard-192-7"":39}","{""bora011"":0.004518,""diablo03"":0.00125,""h3-standard-88-2"":0.001961,""h4d-standard-192-7"":0.016773}"
beam_cost,hybrid_hetero,22,maddid0000018|maddid0000037|maddid0000056|mbackgroundid0000014|mbackgroundid0000015|mbackgroundid0000032|mbackgroundid0000033|mbackgroundid0000035|mbackgroundid0000051|mbackgroundid0000053|mbgmodelid0000050|mdifffitid0000007|mdifffitid0000008|mdifffitid0000009|mdifffitid0000025|mdifffitid0000043|mdifffitid0000044|mdifffitid0000045|mimgtblid0000055|mprojectid0000002|mprojectid0000021|mprojectid0000022|mprojectid0000023|mprojectid0000039|mprojectid0000041|mprojectid0000042|mviewerid0000019|mviewerid0000038|mviewerid0000057,0.2,155.302000,0.221588,0.503637,170.729550,0.000000,0.000000,true,108.207000,29,836.190000,"{""bora011"":15,""diablo03"":14,""h4d-standard-192-7"":29}","{""bora011"":0.007972,""diablo03"":0.010083,""h3-standard-88-2"":0,""h4d-standard-192-7"":0.01541}"
beam_time,cluster_homo,23,maddid0000018|mbackgroundid0000013|mbackgroundid0000014|mbackgroundid0000015|mbackgroundid0000016|mbackgroundid0000032|mbackgroundid0000033|mbackgroundid0000035|mbackgroundid0000054|mconcatfitid0000011|mdifffitid0000007|mdifffitid0000026|mdifffitid0000029|mdifffitid0000043|mdifffitid0000044|mdifffitid0000045|mdifffitid0000047|mimgtblid0000036|mimgtblid0000055|mprojectid0000001|mprojectid0000002|mprojectid0000003|mprojectid0000004|mprojectid0000022|mprojectid0000023|mprojectid0000041|mprojectid0000042|mviewerid0000038|mviewerid0000057,0.2,311.833000,0.000000,0.503637,170.729550,0.000000,141.103000,false,133.634000,13,706.715000,"{""bora001"":16,""bora002"":20,""bora003"":10,""bora004"":12}","{""bora001"":0.06744,""bora002"":0.055252,""bora003"":0.026942,""bora004"":0.025374}"
beam_cost,cluster_homo,23,maddid0000018|mbackgroundid0000013|mbackgroundid0000014|mbackgroundid0000015|mbackgroundid0000016|mbackgroundid0000032|mbackgroundid0000033|mbackgroundid0000035|mbackgroundid0000054|mconcatfitid0000011|mdifffitid0000007|mdifffitid0000026|mdifffitid0000029|mdifffitid0000043|mdifffitid0000044|mdifffitid0000045|mdifffitid0000047|mimgtblid0000036|mimgtblid0000055|mprojectid0000001|mprojectid0000002|mprojectid0000003|mprojectid0000004|mprojectid0000022|mprojectid0000023|mprojectid0000041|mprojectid0000042|mviewerid0000038|mviewerid0000057,0.2,311.833000,0.000000,0.503637,170.729550,0.000000,141.103000,false,133.634000,13,668.080000,"{""bora001"":16,""bora002"":20,""bora003"":10,""bora004"":12}","{""bora001"":0.06744,""bora002"":0.055252,""bora003"":0.026942,""bora004"":0.025374}"
beam_time,cluster_hetero,23,maddid0000018|mbackgroundid0000013|mbackgroundid0000014|mbackgroundid0000015|mbackgroundid0000016|mbackgroundid0000032|mbackgroundid0000033|mbackgroundid0000035|mbackgroundid0000054|mconcatfitid0000011|mdifffitid0000007|mdifffitid0000026|mdifffitid0000029|mdifffitid0000043|mdifffitid0000044|mdifffitid0000045|mdifffitid0000047|mimgtblid0000036|mimgtblid0000055|mprojectid0000001|mprojectid0000002|mprojectid0000003|mprojectid0000004|mprojectid0000022|mprojectid0000023|mprojectid0000041|mprojectid0000042|mviewerid0000038|mviewerid0000057,0.2,356.205000,0.000000,0.503637,170.729550,0.000000,185.475000,false,175.977000,17,737.730000,"{""bora005"":17,""bora006"":23,""diablo01"":7,""diablo02"":11}","{""bora005"":0.075752,""bora006"":0.053071,""diablo01"":0.009679,""diablo02"":0.009871}"
beam_cost,cluster_hetero,23,maddid0000018|mbackgroundid0000013|mbackgroundid0000014|mbackgroundid0000015|mbackgroundid0000016|mbackgroundid0000032|mbackgroundid0000033|mbackgroundid0000035|mbackgroundid0000054|mconcatfitid0000011|mdifffitid0000007|mdifffitid0000026|mdifffitid0000029|mdifffitid0000043|mdifffitid0000044|mdifffitid0000045|mdifffitid0000047|mimgtblid0000036|mimgtblid0000055|mprojectid0000001|mprojectid0000002|mprojectid0000003|mprojectid0000004|mprojectid0000022|mprojectid0000023|mprojectid0000041|mprojectid0000042|mviewerid0000038|mviewerid0000057,0.2,356.205000,0.000000,0.503637,170.729550,0.000000,185.475000,false,175.977000,17,724.330000,"{""bora005"":17,""bora006"":23,""diablo01"":7,""diablo02"":11}","{""bora005"":0.075752,""bora006"":0.053071,""diablo01"":0.009679,""diablo02"":0.009871}"
beam_time,cloud_homo,23,maddid0000018|mbackgroundid0000013|mbackgroundid0000014|mbackgroundid0000015|mbackgroundid0000016|mbackgroundid0000032|mbackgroundid0000033|mbackgroundid0000035|mbackgroundid0000054|mconcatfitid0000011|mdifffitid0000007|mdifffitid0000026|mdifffitid0000029|mdifffitid0000043|mdifffitid0000044|mdifffitid0000045|mdifffitid0000047|mimgtblid0000036|mimgtblid0000055|mprojectid0000001|mprojectid0000002|mprojectid0000003|mprojectid0000004|mprojectid0000022|mprojectid0000023|mprojectid0000041|mprojectid0000042|mviewerid0000038|mviewerid0000057,0.2,126.095000,0.411327,0.503637,170.729550,0.000000,0.000000,true,117.366000,54,1035.784000,"{""h4d-standard-192-1"":1,""h4d-standard-192-3"":57}","{""h4d-standard-192-1"":0.001632,""h4d-standard-192-2"":0,""h4d-standard-192-3"":0.02166,""h4d-standard-192-4"":0}"
beam_cost,cloud_homo,23,maddid0000018|mbackgroundid0000013|mbackgroundid0000014|mbackgroundid0000015|mbackgroundid0000016|mbackgroundid0000032|mbackgroundid0000033|mbackgroundid0000035|mbackgroundid0000054|mconcatfitid0000011|mdifffitid0000007|mdifffitid0000026|mdifffitid0000029|mdifffitid0000043|mdifffitid0000044|mdifffitid0000045|mdifffitid0000047|mimgtblid0000036|mimgtblid0000055|mprojectid0000001|mprojectid0000002|mprojectid0000003|mprojectid0000004|mprojectid0000022|mprojectid0000023|mprojectid0000041|mprojectid0000042|mviewerid0000038|mviewerid0000057,0.2,126.095000,0.411327,0.503637,170.729550,0.000000,0.000000,true,117.366000,54,1081.339000,"{""h4d-standard-192-1"":1,""h4d-standard-192-3"":57}","{""h4d-standard-192-1"":0.001632,""h4d-standard-192-2"":0,""h4d-standard-192-3"":0.02166,""h4d-standard-192-4"":0}"
beam_time,cloud_hetero,23,maddid0000018|mbackgroundid0000013|mbackgroundid0000014|mbackgroundid0000015|mbackgroundid0000016|mbackgroundid0000032|mbackgroundid0000033|mbackgroundid0000035|mbackgroundid0000054|mconcatfitid0000011|mdifffitid0000007|mdifffitid0000026|mdifffitid0000029|mdifffitid0000043|mdifffitid0000044|mdifffitid0000045|mdifffitid0000047|mimgtblid0000036|mimgtblid0000055|mprojectid0000001|mprojectid0000002|mprojectid0000003|mprojectid0000004|mprojectid0000022|mprojectid0000023|mprojectid0000041|mprojectid0000042|mviewerid0000038|mviewerid0000057,0.2,145.254000,0.541087,0.503637,170.729550,0.037500,0.000000,false,113.881000,45,977.603000,"{""h3-standard-88-1"":40,""h4d-standard-192-1"":18}","{""h3-standard-88-1"":0.015088,""h3-standard-88-2"":0,""h4d-highmem-192-1"":0,""h4d-standard-192-1"":0.014634}"
beam_cost,cloud_hetero,23,maddid0000018|mbackgroundid0000013|mbackgroundid0000014|mbackgroundid0000015|mbackgroundid0000016|mbackgroundid0000032|mbackgroundid0000033|mbackgroundid0000035|mbackgroundid0000054|mconcatfitid0000011|mdifffitid0000007|mdifffitid0000026|mdifffitid0000029|mdifffitid0000043|mdifffitid0000044|mdifffitid0000045|mdifffitid0000047|mimgtblid0000036|mimgtblid0000055|mprojectid0000001|mprojectid0000002|mprojectid0000003|mprojectid0000004|mprojectid0000022|mprojectid0000023|mprojectid0000041|mprojectid0000042|mviewerid0000038|mviewerid0000057,0.2,145.254000,0.541087,0.503637,170.729550,0.037500,0.000000,false,113.881000,45,978.082000,"{""h3-standard-88-1"":40,""h4d-standard-192-1"":18}","{""h3-standard-88-1"":0.015088,""h3-standard-88-2"":0,""h4d-highmem-192-1"":0,""h4d-standard-192-1"":0.014634}"
beam_time,hybrid_homo,23,maddid0000018|mbackgroundid0000013|mbackgroundid0000014|mbackgroundid0000015|mbackgroundid0000016|mbackgroundid0000032|mbackgroundid0000033|mbackgroundid0000035|mbackgroundid0000054|mconcatfitid0000011|mdifffitid0000007|mdifffitid0000026|mdifffitid0000029|mdifffitid0000043|mdifffitid0000044|mdifffitid0000045|mdifffitid0000047|mimgtblid0000036|mimgtblid0000055|mprojectid0000001|mprojectid0000002|mprojectid0000003|mprojectid0000004|mprojectid0000022|mprojectid0000023|mprojectid0000041|mprojectid0000042|mviewerid0000038|mviewerid0000057,0.2,127.621000,0.349181,0.503637,170.729550,0.000000,0.000000,true,68.338000,20,925.487000,"{""bora009"":15,""bora010"":22,""h4d-standard-192-5"":6,""h4d-standard-192-6"":15}","{""bora009"":0.009897,""bora010"":0.014308,""h4d-standard-192-5"":0.004923,""h4d-standard-192-6"":0.011593}"
beam_cost,hybrid_homo,23,maddid0000018|mbackgroundid0000013|mbackgroundid0000014|mbackgroundid0000015|mbackgroundid0000016|mbackgroundid0000032|mbackgroundid0000033|mbackgroundid0000035|mbackgroundid0000054|mconcatfitid0000011|mdifffitid0000007|mdifffitid0000026|mdifffitid0000029|mdifffitid0000043|mdifffitid0000044|mdifffitid0000045|mdifffitid0000047|mimgtblid0000036|mimgtblid0000055|mprojectid0000001|mprojectid0000002|mprojectid0000003|mprojectid0000004|mprojectid0000022|mprojectid0000023|mprojectid0000041|mprojectid0000042|mviewerid0000038|mviewerid0000057,0.2,161.584000,0.239980,0.503637,170.729550,0.000000,0.000000,true,130.046000,31,989.399000,"{""bora009"":13,""bora010"":14,""h4d-standard-192-6"":31}","{""bora009"":0.016107,""bora010"":0.006041,""h4d-standard-192-5"":0,""h4d-standard-192-6"":0.015618}"
beam_time,hybrid_hetero,23,maddid0000018|mbackgroundid0000013|mbackgroundid0000014|mbackgroundid0000015|mbackgroundid0000016|mbackgroundid0000032|mbackgroundid0000033|mbackgroundid0000035|mbackgroundid0000054|mconcatfitid0000011|mdifffitid0000007|mdifffitid0000026|mdifffitid0000029|mdifffitid0000043|mdifffitid0000044|mdifffitid0000045|mdifffitid0000047|mimgtblid0000036|mimgtblid0000055|mprojectid0000001|mprojectid0000002|mprojectid0000003|mprojectid0000004|mprojectid0000022|mprojectid0000023|mprojectid0000041|mprojectid0000042|mviewerid0000038|mviewerid0000057,0.2,158.131000,0.498032,0.503637,170.729550,0.000000,0.000000,true,128.018000,29,844.935000,"{""bora011"":12,""diablo03"":7,""h3-standard-88-2"":5,""h4d-standard-192-7"":34}","{""bora011"":0.005672,""diablo03"":0.001435,""h3-standard-88-2"":0.003323,""h4d-standard-192-7"":0.015668}"
beam_cost,hybrid_hetero,23,maddid0000018|mbackgroundid0000013|mbackgroundid0000014|mbackgroundid0000015|mbackgroundid0000016|mbackgroundid0000032|mbackgroundid0000033|mbackgroundid0000035|mbackgroundid0000054|mconcatfitid0000011|mdifffitid0000007|mdifffitid0000026|mdifffitid0000029|mdifffitid0000043|mdifffitid0000044|mdifffitid0000045|mdifffitid0000047|mimgtblid0000036|mimgtblid0000055|mprojectid0000001|mprojectid0000002|mprojectid0000003|mprojectid0000004|mprojectid0000022|mprojectid0000023|mprojectid0000041|mprojectid0000042|mviewerid0000038|mviewerid0000057,0.2,163.055000,0.239980,0.503637,170.729550,0.000000,0.000000,true,131.126000,31,870.654000,"{""bora011"":15,""diablo03"":14,""h4d-standard-192-7"":29}","{""bora011"":0.007358,""diablo03"":0.010761,""h3-standard-88-2"":0,""h4d-standard-192-7"":0.015478}"
beam_time,cluster_homo,24,maddid0000037|maddid0000056|mbackgroundid0000032|mbackgroundid0000034|mbackgroundid0000035|mbgmodelid0000012|mbgmodelid0000050|mconcatfitid0000011|mconcatfitid0000049|mdifffitid0000006|mdifffitid0000007|mdifffitid0000008|mdifffitid0000009|mdifffitid0000010|mdifffitid0000024|mdifffitid0000025|mdifffitid0000028|mdifffitid0000045|mdifffitid0000046|mdifffitid0000047|mimgtblid0000017|mprojectid0000003|mprojectid0000004|mprojectid0000021|mprojectid0000022|mprojectid0000039|mprojectid0000041|mviewerid0000019|mviewerid0000038,0.2,292.983000,0.000000,0.503637,170.729550,0.000000,122.253000,false,56.169000,7,659.448000,"{""bora001"":17,""bora002"":19,""bora003"":9,""bora004"":13}","{""bora001"":0.069932,""bora002"":0.048071,""bora003"":0.038302,""bora004"":0.022271}"
beam_cost,cluster_homo,24,maddid0000037|maddid0000056|mbackgroundid0000032|mbackgroundid0000034|mbackgroundid0000035|mbgmodelid0000012|mbgmodelid0000050|mconcatfitid0000011|mconcatfitid0000049|mdifffitid0000006|mdifffitid0000007|mdifffitid0000008|mdifffitid0000009|mdifffitid0000010|mdifffitid0000024|mdifffitid0000025|mdifffitid0000028|mdifffitid0000045|mdifffitid0000046|mdifffitid0000047|mimgtblid0000017|mprojectid0000003|mprojectid0000004|mprojectid0000021|mprojectid0000022|mprojectid0000039|mprojectid0000041|mviewerid0000019|mviewerid0000038,0.2,292.983000,0.000000,0.503637,170.729550,0.000000,122.253000,false,56.169000,7,682.788000,"{""bora001"":17,""bora002"":19,""bora003"":9,""bora004"":13}","{""bora001"":0.069932,""bora002"":0.048071,""bora003"":0.038302,""bora004"":0.022271}"
beam_time,cluster_hetero,24,maddid0000037|maddid0000056|mbackgroundid0000032|mbackgroundid0000034|mbackgroundid0000035|mbgmodelid0000012|mbgmodelid0000050|mconcatfitid0000011|mconcatfitid0000049|mdifffitid0000006|mdifffitid0000007|mdifffitid0000008|mdifffitid0000009|mdifffitid0000010|mdifffitid0000024|mdifffitid0000025|mdifffitid0000028|mdifffitid0000045|mdifffitid0000046|mdifffitid0000047|mimgtblid0000017|mprojectid0000003|mprojectid0000004|mprojectid0000021|mprojectid0000022|mprojectid0000039|mprojectid0000041|mviewerid0000019|mviewerid0000038,0.2,314.315000,0.000000,0.503637,170.729550,0.000000,143.585000,false,61.948000,14,703.973000,"{""bora005"":20,""bora006"":20,""diablo01"":8,""diablo02"":10}","{""bora005"":0.100435,""bora006"":0.039732,""diablo01"":0.011106,""diablo02"":0.00797}"
beam_cost,cluster_hetero,24,maddid0000037|maddid0000056|mbackgroundid0000032|mbackgroundid0000034|mbackgroundid0000035|mbgmodelid0000012|mbgmodelid0000050|mconcatfitid0000011|mconcatfitid0000049|mdifffitid0000006|mdifffitid0000007|mdifffitid0000008|mdifffitid0000009|mdifffitid0000010|mdifffitid0000024|mdifffitid0000025|mdifffitid0000028|mdifffitid0000045|mdifffitid0000046|mdifffitid0000047|mimgtblid0000017|mprojectid0000003|mprojectid0000004|mprojectid0000021|mprojectid0000022|mprojectid0000039|mprojectid0000041|mviewerid0000019|mviewerid0000038,0.2,314.315000,0.000000,0.503637,170.729550,0.000000,143.585000,false,61.948000,14,726.053000,"{""bora005"":20,""bora006"":20,""diablo01"":8,""diablo02"":10}","{""bora005"":0.100435,""bora006"":0.039732,""diablo01"":0.011106,""diablo02"":0.00797}"
beam_time,cloud_homo,24,maddid0000037|maddid0000056|mbackgroundid0000032|mbackgroundid0000034|mbackgroundid0000035|mbgmodelid0000012|mbgmodelid0000050|mconcatfitid0000011|mconcatfitid0000049|mdifffitid0000006|mdifffitid0000007|mdifffitid0000008|mdifffitid0000009|mdifffitid0000010|mdifffitid0000024|mdifffitid0000025|mdifffitid0000028|mdifffitid0000045|mdifffitid0000046|mdifffitid0000047|mimgtblid0000017|mprojectid0000003|mprojectid0000004|mprojectid0000021|mprojectid0000022|mprojectid0000039|mprojectid0000041|mviewerid0000019|mviewerid0000038,0.2,114.741000,0.424656,0.503637,170.729550,0.000000,0.000000,true,40.391000,32,988.235000,"{""h4d-standard-192-1"":3,""h4d-standard-192-4"":55}","{""h4d-standard-192-1"":0.004858,""h4d-standard-192-2"":0,""h4d-standard-192-3"":0,""h4d-standard-192-4"":0.01615}"
beam_cost,cloud_homo,24,maddid0000037|maddid0000056|mbackgroundid0000032|mbackgroundid0000034|mbackgroundid0000035|mbgmodelid0000012|mbgmodelid0000050|mconcatfitid0000011|mconcatfitid0000049|mdifffitid0000006|mdifffitid0000007|mdifffitid0000008|mdifffitid0000009|mdifffitid0000010|mdifffitid0000024|mdifffitid0000025|mdifffitid0000028|mdifffitid0000045|mdifffitid0000046|mdifffitid0000047|mimgtblid0000017|mprojectid0000003|mprojectid0000004|mprojectid0000021|mprojectid0000022|mprojectid0000039|mprojectid0000041|mviewerid0000019|mviewerid0000038,0.2,149.751000,0.424644,0.503637,170.729550,0.000000,0.000000,true,99.049000,52,1000.855000,"{""h4d-standard-192-2"":29,""h4d-standard-192-4"":29}","{""h4d-standard-192-1"":0,""h4d-standard-192-2"":0.002043,""h4d-standard-192-3"":0,""h4d-standard-192-4"":0.015855}"
beam_time,cloud_hetero,24,maddid0000037|maddid0000056|mbackgroundid0000032|mbackgroundid0000034|mbackgroundid0000035|mbgmodelid0000012|mbgmodelid0000050|mconcatfitid0000011|mconcatfitid0000049|mdifffitid0000006|mdifffitid0000007|mdifffitid0000008|mdifffitid0000009|mdifffitid0000010|mdifffitid0000024|mdifffitid0000025|mdifffitid0000028|mdifffitid0000045|mdifffitid0000046|mdifffitid0000047|mimgtblid0000017|mprojectid0000003|mprojectid0000004|mprojectid0000021|mprojectid0000022|mprojectid0000039|mprojectid0000041|mviewerid0000019|mviewerid0000038,0.2,146.781000,0.351647,0.503637,170.729550,0.000000,0.000000,true,103.200000,61,1009.330000,"{""h3-standard-88-2"":1,""h4d-standard-192-1"":57}","{""h3-standard-88-1"":0,""h3-standard-88-2"":0.000184,""h4d-highmem-192-1"":0,""h4d-standard-192-1"":0.019524}"
beam_cost,cloud_hetero,24,maddid0000037|maddid0000056|mbackgroundid0000032|mbackgroundid0000034|mbackgroundid0000035|mbgmodelid0000012|mbgmodelid0000050|mconcatfitid0000011|mconcatfitid0000049|mdifffitid0000006|mdifffitid0000007|mdifffitid0000008|mdifffitid0000009|mdifffitid0000010|mdifffitid0000024|mdifffitid0000025|mdifffitid0000028|mdifffitid0000045|mdifffitid0000046|mdifffitid0000047|mimgtblid0000017|mprojectid0000003|mprojectid0000004|mprojectid0000021|mprojectid0000022|mprojectid0000039|mprojectid0000041|mviewerid0000019|mviewerid0000038,0.2,152.376000,0.343726,0.503637,170.729550,0.000000,0.000000,true,101.303000,59,988.397000,"{""h3-standard-88-2"":11,""h4d-standard-192-1"":47}","{""h3-standard-88-1"":0,""h3-standard-88-2"":0.001504,""h4d-highmem-192-1"":0,""h4d-standard-192-1"":0.017549}"
beam_time,hybrid_homo,24,maddid0000037|maddid0000056|mbackgroundid0000032|mbackgroundid0000034|mbackgroundid0000035|mbgmodelid0000012|mbgmodelid0000050|mconcatfitid0000011|mconcatfitid0000049|mdifffitid0000006|mdifffitid0000007|mdifffitid0000008|mdifffitid0000009|mdifffitid0000010|mdifffitid0000024|mdifffitid0000025|mdifffitid0000028|mdifffitid0000045|mdifffitid0000046|mdifffitid0000047|mimgtblid0000017|mprojectid0000003|mprojectid0000004|mprojectid0000021|mprojectid0000022|mprojectid0000039|mprojectid0000041|mviewerid0000019|mviewerid0000038,0.2,119.967000,0.299974,0.503637,170.729550,0.000000,0.000000,true,35.927000,20,957.321000,"{""bora009"":19,""bora010"":19,""h4d-standard-192-5"":5,""h4d-standard-192-6"":15}","{""bora009"":0.014763,""bora010"":0.012302,""h4d-standard-192-5"":0.004984,""h4d-standard-192-6"":0.010944}"
beam_cost,hybrid_homo,24,maddid0000037|maddid0000056|mbackgroundid0000032|mbackgroundid0000034|mbackgroundid0000035|mbgmodelid0000012|mbgmodelid0000050|mconcatfitid0000011|mconcatfitid0000049|mdifffitid0000006|mdifffitid0000007|mdifffitid0000008|mdifffitid0000009|mdifffitid0000010|mdifffitid0000024|mdifffitid0000025|mdifffitid0000028|mdifffitid0000045|mdifffitid0000046|mdifffitid0000047|mimgtblid0000017|mprojectid0000003|mprojectid0000004|mprojectid0000021|mprojectid0000022|mprojectid0000039|mprojectid0000041|mviewerid0000019|mviewerid0000038,0.2,134.075000,0.182414,0.503637,170.729550,0.000000,0.000000,true,66.188000,28,928.843000,"{""bora009"":12,""bora010"":21,""h4d-standard-192-6"":25}","{""bora009"":0.007086,""bora010"":0.023335,""h4d-standard-192-5"":0,""h4d-standard-192-6"":0.015706}"
beam_time,hybrid_hetero,24,maddid0000037|maddid0000056|mbackgroundid0000032|mbackgroundid0000034|mbackgroundid0000035|mbgmodelid0000012|mbgmodelid0000050|mconcatfitid0000011|mconcatfitid0000049|mdifffitid0000006|mdifffitid0000007|mdifffitid0000008|mdifffitid0000009|mdifffitid0000010|mdifffitid0000024|mdifffitid0000025|mdifffitid0000028|mdifffitid0000045|mdifffitid0000046|mdifffitid0000047|mimgtblid0000017|mprojectid0000003|mprojectid0000004|mprojectid0000021|mprojectid0000022|mprojectid0000039|mprojectid0000041|mviewerid0000019|mviewerid0000038,0.2,136.106000,0.182413,0.503637,170.729550,0.000000,0.000000,true,67.772000,33,829.180000,"{""bora011"":14,""diablo03"":18,""h4d-standard-192-7"":26}","{""bora011"":0.019072,""diablo03"":0.00642,""h3-standard-88-2"":0,""h4d-standard-192-7"":0.015645}"
beam_cost,hybrid_hetero,24,maddid0000037|maddid0000056|mbackgroundid0000032|mbackgroundid0000034|mbackgroundid0000035|mbgmodelid0000012|mbgmodelid0000050|mconcatfitid0000011|mconcatfitid0000049|mdifffitid0000006|mdifffitid0000007|mdifffitid0000008|mdifffitid0000009|mdifffitid0000010|mdifffitid0000024|mdifffitid0000025|mdifffitid0000028|mdifffitid0000045|mdifffitid0000046|mdifffitid0000047|mimgtblid0000017|mprojectid0000003|mprojectid0000004|mprojectid0000021|mprojectid0000022|mprojectid0000039|mprojectid0000041|mviewerid0000019|mviewerid0000038,0.2,136.106000,0.182413,0.503637,170.729550,0.000000,0.000000,true,67.772000,33,807.814000,"{""bora011"":14,""diablo03"":18,""h4d-standard-192-7"":26}","{""bora011"":0.019072,""diablo03"":0.00642,""h3-standard-88-2"":0,""h4d-standard-192-7"":0.015645}"
beam_time,cluster_homo,25,maddid0000037|maddid0000056|mbackgroundid0000013|mbackgroundid0000015|mbackgroundid0000054|mbgmodelid0000012|mbgmodelid0000031|mbgmodelid0000050|mconcatfitid0000011|mdifffitid0000006|mdifffitid0000026|mdifffitid0000027|mdifffitid0000028|mdifffitid0000029|mdifffitid0000043|mdifffitid0000046|mdifffitid0000047|mdifffitid0000048|mimgtblid0000017|mimgtblid0000036|mimgtblid0000055|mprojectid0000001|mprojectid0000002|mprojectid0000004|mprojectid0000020|mprojectid0000021|mprojectid0000042|mviewerid0000019|mviewerid0000038,0.2,311.833000,0.000000,0.503637,170.729550,0.000000,141.103000,false,55.827000,5,683.226000,"{""bora001"":15,""bora002"":20,""bora003"":11,""bora004"":12}","{""bora001"":0.076285,""bora002"":0.049857,""bora003"":0.022537,""bora004"":0.019467}"
beam_cost,cluster_homo,25,maddid0000037|maddid0000056|mbackgroundid0000013|mbackgroundid0000015|mbackgroundid0000054|mbgmodelid0000012|mbgmodelid0000031|mbgmodelid0000050|mconcatfitid0000011|mdifffitid0000006|mdifffitid0000026|mdifffitid0000027|mdifffitid0000028|mdifffitid0000029|mdifffitid0000043|mdifffitid0000046|mdifffitid0000047|mdifffitid0000048|mimgtblid0000017|mimgtblid0000036|mimgtblid0000055|mprojectid0000001|mprojectid0000002|mprojectid0000004|mprojectid0000020|mprojectid0000021|mprojectid0000042|mviewerid0000019|mviewerid0000038,0.2,311.833000,0.000000,0.503637,170.729550,0.000000,141.103000,false,55.827000,5,647.561000,"{""bora001"":15,""bora002"":20,""bora003"":11,""bora004"":12}","{""bora001"":0.076285,""bora002"":0.049857,""bora003"":0.022537,""bora004"":0.019467}"
beam_time,cluster_hetero,25,maddid0000037|maddid0000056|mbackgroundid0000013|mbackgroundid0000015|mbackgroundid0000054|mbgmodelid0000012|mbgmodelid0000031|mbgmodelid0000050|mconcatfitid0000011|mdifffitid0000006|mdifffitid0000026|mdifffitid0000027|mdifffitid0000028|mdifffitid0000029|mdifffitid0000043|mdifffitid0000046|mdifffitid0000047|mdifffitid0000048|mimgtblid0000017|mimgtblid0000036|mimgtblid0000055|mprojectid0000001|mprojectid0000002|mprojectid0000004|mprojectid0000020|mprojectid0000021|mprojectid0000042|mviewerid0000019|mviewerid0000038,0.2,326.437000,0.000000,0.503637,170.729550,0.000000,155.707000,false,29.354000,5,743.606000,"{""bora005"":19,""bora006"":22,""diablo01"":6,""diablo02"":11}","{""bora005"":0.07778,""bora006"":0.054472,""diablo01"":0.014138,""diablo02"":0.004463}"
beam_cost,cluster_hetero,25,maddid0000037|maddid0000056|mbackgroundid0000013|mbackgroundid0000015|mbackgroundid0000054|mbgmodelid0000012|mbgmodelid0000031|mbgmodelid0000050|mconcatfitid0000011|mdifffitid0000006|mdifffitid0000026|mdifffitid0000027|mdifffitid0000028|mdifffitid0000029|mdifffitid0000043|mdifffitid0000046|mdifffitid0000047|mdifffitid0000048|mimgtblid0000017|mimgtblid0000036|mimgtblid0000055|mprojectid0000001|mprojectid0000002|mprojectid0000004|mprojectid0000020|mprojectid0000021|mprojectid0000042|mviewerid0000019|mviewerid0000038,0.2,326.437000,0.000000,0.503637,170.729550,0.000000,155.707000,false,29.354000,5,734.836000,"{""bora005"":19,""bora006"":22,""diablo01"":6,""diablo02"":11}","{""bora005"":0.07778,""bora006"":0.054472,""diablo01"":0.014138,""diablo02"":0.004463}"
beam_time,cloud_homo,25,maddid0000037|maddid0000056|mbackgroundid0000013|mbackgroundid0000015|mbackgroundid0000054|mbgmodelid0000012|mbgmodelid0000031|mbgmodelid0000050|mconcatfitid0000011|mdifffitid0000006|mdifffitid0000026|mdifffitid0000027|mdifffitid0000028|mdifffitid0000029|mdifffitid0000043|mdifffitid0000046|mdifffitid0000047|mdifffitid0000048|mimgtblid0000017|mimgtblid0000036|mimgtblid0000055|mprojectid0000001|mprojectid0000002|mprojectid0000004|mprojectid0000020|mprojectid0000021|mprojectid0000042|mviewerid0000019|mviewerid0000038,0.2,113.055000,0.428125,0.503637,170.729550,0.000000,0.000000,true,35.829000,31,1083.923000,"{""h4d-standard-192-1"":4,""h4d-standard-192-4"":54}","{""h4d-standard-192-1"":0.002038,""h4d-standard-192-2"":0,""h4d-standard-192-3"":0,""h4d-standard-192-4"":0.018832}"
beam_cost,cloud_homo,25,maddid0000037|maddid0000056|mbackgroundid0000013|mbackgroundid0000015|mbackgroundid0000054|mbgmodelid0000012|mbgmodelid0000031|mbgmodelid0000050|mconcatfitid0000011|mdifffitid0000006|mdifffitid0000026|mdifffitid0000027|mdifffitid0000028|mdifffitid0000029|mdifffitid0000043|mdifffitid0000046|mdifffitid0000047|mdifffitid0000048|mimgtblid0000017|mimgtblid0000036|mimgtblid0000055|mprojectid0000001|mprojectid0000002|mprojectid0000004|mprojectid0000020|mprojectid0000021|mprojectid0000042|mviewerid0000019|mviewerid0000038,0.2,113.055000,0.428125,0.503637,170.729550,0.000000,0.000000,true,35.829000,31,1107.659000,"{""h4d-standard-192-1"":4,""h4d-standard-192-4"":54}","{""h4d-standard-192-1"":0.002038,""h4d-standard-192-2"":0,""h4d-standard-192-3"":0,""h4d-standard-192-4"":0.018832}"
beam_time,cloud_hetero,25,maddid0000037|maddid0000056|mbackgroundid0000013|mbackgroundid0000015|mbackgroundid0000054|mbgmodelid0000012|mbgmodelid0000031|mbgmodelid0000050|mconcatfitid0000011|mdifffitid0000006|mdifffitid0000026|mdifffitid0000027|mdifffitid0000028|mdifffitid0000029|mdifffitid0000043|mdifffitid0000046|mdifffitid0000047|mdifffitid0000048|mimgtblid0000017|mimgtblid0000036|mimgtblid0000055|mprojectid0000001|mprojectid0000002|mprojectid0000004|mprojectid0000020|mprojectid0000021|mprojectid0000042|mviewerid0000019|mviewerid0000038,0.2,129.541000,0.444514,0.503637,170.729550,0.000000,0.000000,true,41.479000,36,1014.490000,"{""h4d-highmem-192-1"":3,""h4d-standard-192-1"":55}","{""h3-standard-88-1"":0,""h3-standard-88-2"":0,""h4d-highmem-192-1"":0.002291,""h4d-standard-192-1"":0.0173}"
beam_cost,cloud_hetero,25,maddid0000037|maddid0000056|mbackgroundid0000013|mbackgroundid0000015|mbackgroundid0000054|mbgmodelid0000012|mbgmodelid0000031|mbgmodelid0000050|mconcatfitid0000011|mdifffitid0000006|mdifffitid0000026|mdifffitid0000027|mdifffitid0000028|mdifffitid0000029|mdifffitid0000043|mdifffitid0000046|mdifffitid0000047|mdifffitid0000048|mimgtblid0000017|mimgtblid0000036|mimgtblid0000055|mprojectid0000001|mprojectid0000002|mprojectid0000004|mprojectid0000020|mprojectid0000021|mprojectid0000042|mviewerid0000019|mviewerid0000038,0.2,129.541000,0.444514,0.503637,170.729550,0.000000,0.000000,true,41.479000,36,986.678000,"{""h4d-highmem-192-1"":3,""h4d-standard-192-1"":55}","{""h3-standard-88-1"":0,""h3-standard-88-2"":0,""h4d-highmem-192-1"":0.002291,""h4d-standard-192-1"":0.0173}"
beam_time,hybrid_homo,25,maddid0000037|maddid0000056|mbackgroundid0000013|mbackgroundid0000015|mbackgroundid0000054|mbgmodelid0000012|mbgmodelid0000031|mbgmodelid0000050|mconcatfitid0000011|mdifffitid0000006|mdifffitid0000026|mdifffitid0000027|mdifffitid0000028|mdifffitid0000029|mdifffitid0000043|mdifffitid0000046|mdifffitid0000047|mdifffitid0000048|mimgtblid0000017|mimgtblid0000036|mimgtblid0000055|mprojectid0000001|mprojectid0000002|mprojectid0000004|mprojectid0000020|mprojectid0000021|mprojectid0000042|mviewerid0000019|mviewerid0000038,0.2,122.793000,0.502869,0.503637,170.729550,0.000000,0.000000,true,32.117000,14,958.002000,"{""bora009"":9,""bora010"":8,""h4d-standard-192-5"":18,""h4d-standard-192-6"":23}","{""bora009"":0.005248,""bora010"":0.003261,""h4d-standard-192-5"":0.009388,""h4d-standard-192-6"":0.007846}"
beam_cost,hybrid_homo,25,maddid0000037|maddid0000056|mbackgroundid0000013|mbackgroundid0000015|mbackgroundid0000054|mbgmodelid0000012|mbgmodelid0000031|mbgmodelid0000050|mconcatfitid0000011|mdifffitid0000006|mdifffitid0000026|mdifffitid0000027|mdifffitid0000028|mdifffitid0000029|mdifffitid0000043|mdifffitid0000046|mdifffitid0000047|mdifffitid0000048|mimgtblid0000017|mimgtblid0000036|mimgtblid0000055|mprojectid0000001|mprojectid0000002|mprojectid0000004|mprojectid0000020|mprojectid0000021|mprojectid0000042|mviewerid0000019|mviewerid0000038,0.2,135.840000,0.183739,0.503637,170.729550,0.000000,0.000000,true,44.138000,25,971.994000,"{""bora009"":13,""bora010"":22,""h4d-standard-192-5"":23}","{""bora009"":0.019088,""bora010"":0.023317,""h4d-standard-192-5"":0.014393,""h4d-standard-192-6"":0}"
beam_time,hybrid_hetero,25,maddid0000037|maddid0000056|mbackgroundid0000013|mbackgroundid0000015|mbackgroundid0000054|mbgmodelid0000012|mbgmodelid0000031|mbgmodelid0000050|mconcatfitid0000011|mdifffitid0000006|mdifffitid0000026|mdifffitid0000027|mdifffitid0000028|mdifffitid0000029|mdifffitid0000043|mdifffitid0000046|mdifffitid0000047|mdifffitid0000048|mimgtblid0000017|mimgtblid0000036|mimgtblid0000055|mprojectid0000001|mprojectid0000002|mprojectid0000004|mprojectid0000020|mprojectid0000021|mprojectid0000042|mviewerid0000019|mviewerid0000038,0.2,138.465000,0.184804,0.503637,170.729550,0.000000,0.000000,true,55.381000,26,882.803000,"{""bora011"":15,""diablo03"":19,""h4d-standard-192-7"":24}","{""bora011"":0.033767,""diablo03"":0.007071,""h3-standard-88-2"":0,""h4d-standard-192-7"":0.013849}"
beam_cost,hybrid_hetero,25,maddid0000037|maddid0000056|mbackgroundid0000013|mbackgroundid0000015|mbackgroundid0000054|mbgmodelid0000012|mbgmodelid0000031|mbgmodelid0000050|mconcatfitid0000011|mdifffitid0000006|mdifffitid0000026|mdifffitid0000027|mdifffitid0000028|mdifffitid0000029|mdifffitid0000043|mdifffitid0000046|mdifffitid0000047|mdifffitid0000048|mimgtblid0000017|mimgtblid0000036|mimgtblid0000055|mprojectid0000001|mprojectid0000002|mprojectid0000004|mprojectid0000020|mprojectid0000021|mprojectid0000042|mviewerid0000019|mviewerid0000038,0.2,138.465000,0.184804,0.503637,170.729550,0.000000,0.000000,true,55.381000,26,851.411000,"{""bora011"":15,""diablo03"":19,""h4d-standard-192-7"":24}","{""bora011"":0.033767,""diablo03"":0.007071,""h3-standard-88-2"":0,""h4d-standard-192-7"":0.013849}"
beam_time,cluster_homo,26,maddid0000018|maddid0000037|mbackgroundid0000015|mbackgroundid0000016|mbackgroundid0000032|mbackgroundid0000033|mbackgroundid0000034|mbackgroundid0000051|mbackgroundid0000052|mbackgroundid0000053|mbgmodelid0000012|mconcatfitid0000011|mconcatfitid0000030|mdifffitid0000006|mdifffitid0000007|mdifffitid0000009|mdifffitid0000025|mdifffitid0000026|mdifffitid0000029|mdifffitid0000044|mdifffitid0000045|mdifffitid0000046|mimgtblid0000017|mprojectid0000002|mprojectid0000003|mprojectid0000022|mprojectid0000041|mviewerid0000038|mviewerid0000058,0.2,292.983000,0.000000,0.503637,170.729550,0.000000,122.253000,false,1.858000,3,687.974000,"{""bora001"":18,""bora002"":20,""bora003"":9,""bora004"":11}","{""bora001"":0.084053,""bora002"":0.04533,""bora003"":0.027678,""bora004"":0.016335}"
beam_cost,cluster_homo,26,maddid0000018|maddid0000037|mbackgroundid0000015|mbackgroundid0000016|mbackgroundid0000032|mbackgroundid0000033|mbackgroundid0000034|mbackgroundid0000051|mbackgroundid0000052|mbackgroundid0000053|mbgmodelid0000012|mconcatfitid0000011|mconcatfitid0000030|mdifffitid0000006|mdifffitid0000007|mdifffitid0000009|mdifffitid0000025|mdifffitid0000026|mdifffitid0000029|mdifffitid0000044|mdifffitid0000045|mdifffitid0000046|mimgtblid0000017|mprojectid0000002|mprojectid0000003|mprojectid0000022|mprojectid0000041|mviewerid0000038|mviewerid0000058,0.2,292.983000,0.000000,0.503637,170.729550,0.000000,122.253000,false,1.858000,3,663.650000,"{""bora001"":18,""bora002"":20,""bora003"":9,""bora004"":11}","{""bora001"":0.084053,""bora002"":0.04533,""bora003"":0.027678,""bora004"":0.016335}"
beam_time,cluster_hetero,26,maddid0000018|maddid0000037|mbackgroundid0000015|mbackgroundid0000016|mbackgroundid0000032|mbackgroundid0000033|mbackgroundid0000034|mbackgroundid0000051|mbackgroundid0000052|mbackgroundid0000053|mbgmodelid0000012|mconcatfitid0000011|mconcatfitid0000030|mdifffitid0000006|mdifffitid0000007|mdifffitid0000009|mdifffitid0000025|mdifffitid0000026|mdifffitid0000029|mdifffitid0000044|mdifffitid0000045|mdifffitid0000046|mimgtblid0000017|mprojectid0000002|mprojectid0000003|mprojectid0000022|mprojectid0000041|mviewerid0000038|mviewerid0000058,0.2,293.451000,0.000000,0.503637,170.729550,0.000000,122.721000,false,39.858000,5,725.538000,"{""bora005"":22,""bora006"":21,""diablo01"":6,""diablo02"":9}","{""bora005"":0.115938,""bora006"":0.05778,""diablo01"":0.001141,""diablo02"":0.001215}"
beam_cost,cluster_hetero,26,maddid0000018|maddid0000037|mbackgroundid0000015|mbackgroundid0000016|mbackgroundid0000032|mbackgroundid0000033|mbackgroundid0000034|mbackgroundid0000051|mbackgroundid0000052|mbackgroundid0000053|mbgmodelid0000012|mconcatfitid0000011|mconcatfitid0000030|mdifffitid0000006|mdifffitid0000007|mdifffitid0000009|mdifffitid0000025|mdifffitid0000026|mdifffitid0000029|mdifffitid0000044|mdifffitid0000045|mdifffitid0000046|mimgtblid0000017|mprojectid0000002|mprojectid0000003|mprojectid0000022|mprojectid0000041|mviewerid0000038|mviewerid0000058,0.2,293.451000,0.000000,0.503637,170.729550,0.000000,122.721000,false,39.858000,5,704.040000,"{""bora005"":22,""bora006"":21,""diablo01"":6,""diablo02"":9}","{""bora005"":0.115938,""bora006"":0.05778,""diablo01"":0.001141,""diablo02"":0.001215}"
beam_time,cloud_homo,26,maddid0000018|maddid0000037|mbackgroundid0000015|mbackgroundid0000016|mbackgroundid0000032|mbackgroundid0000033|mbackgroundid0000034|mbackgroundid0000051|mbackgroundid0000052|mbackgroundid0000053|mbgmodelid0000012|mconcatfitid0000011|mconcatfitid0000030|mdifffitid0000006|mdifffitid0000007|mdifffitid0000009|mdifffitid0000025|mdifffitid0000026|mdifffitid0000029|mdifffitid0000044|mdifffitid0000045|mdifffitid0000046|mimgtblid0000017|mprojectid0000002|mprojectid0000003|mprojectid0000022|mprojectid0000041|mviewerid0000038|mviewerid0000058,0.2,108.741000,0.237229,0.503637,170.729550,0.000000,0.000000,true,41.255000,39,1052.201000,"{""h4d-standard-192-2"":58}","{""h4d-standard-192-1"":0,""h4d-standard-192-2"":0.022563,""h4d-standard-192-3"":0,""h4d-standard-192-4"":0}"
beam_cost,cloud_homo,26,maddid0000018|maddid0000037|mbackgroundid0000015|mbackgroundid0000016|mbackgroundid0000032|mbackgroundid0000033|mbackgroundid0000034|mbackgroundid0000051|mbackgroundid0000052|mbackgroundid0000053|mbgmodelid0000012|mconcatfitid0000011|mconcatfitid0000030|mdifffitid0000006|mdifffitid0000007|mdifffitid0000009|mdifffitid0000025|mdifffitid0000026|mdifffitid0000029|mdifffitid0000044|mdifffitid0000045|mdifffitid0000046|mimgtblid0000017|mprojectid0000002|mprojectid0000003|mprojectid0000022|mprojectid0000041|mviewerid0000038|mviewerid0000058,0.2,108.741000,0.237229,0.503637,170.729550,0.000000,0.000000,true,41.255000,39,996.566000,"{""h4d-standard-192-2"":58}","{""h4d-standard-192-1"":0,""h4d-standard-192-2"":0.022563,""h4d-standard-192-3"":0,""h4d-standard-192-4"":0}"
beam_time,cloud_hetero,26,maddid0000018|maddid0000037|mbackgroundid0000015|mbackgroundid0000016|mbackgroundid0000032|mbackgroundid0000033|mbackgroundid0000034|mbackgroundid0000051|mbackgroundid0000052|mbackgroundid0000053|mbgmodelid0000012|mconcatfitid0000011|mconcatfitid0000030|mdifffitid0000006|mdifffitid0000007|mdifffitid0000009|mdifffitid0000025|mdifffitid0000026|mdifffitid0000029|mdifffitid0000044|mdifffitid0000045|mdifffitid0000046|mimgtblid0000017|mprojectid0000002|mprojectid0000003|mprojectid0000022|mprojectid0000041|mviewerid0000038|mviewerid0000058,0.2,113.055000,0.409934,0.503637,170.729550,0.000000,0.000000,true,17.618000,22,975.799000,"{""h4d-highmem-192-1"":56,""h4d-standard-192-1"":2}","{""h3-standard-88-1"":0,""h3-standard-88-2"":0,""h4d-highmem-192-1"":0.017874,""h4d-standard-192-1"":0.002565}"
beam_cost,cloud_hetero,26,maddid0000018|maddid0000037|mbackgroundid0000015|mbackgroundid0000016|mbackgroundid0000032|mbackgroundid0000033|mbackgroundid0000034|mbackgroundid0000051|mbackgroundid0000052|mbackgroundid0000053|mbgmodelid0000012|mconcatfitid0000011|mconcatfitid0000030|mdifffitid0000006|mdifffitid0000007|mdifffitid0000009|mdifffitid0000025|mdifffitid0000026|mdifffitid0000029|mdifffitid0000044|mdifffitid0000045|mdifffitid0000046|mimgtblid0000017|mprojectid0000002|mprojectid0000003|mprojectid0000022|mprojectid0000041|mviewerid0000038|mviewerid0000058,0.2,121.829000,0.348616,0.503637,170.729550,0.000000,0.000000,true,46.154000,42,986.221000,"{""h3-standard-88-1"":27,""h4d-standard-192-1"":31}","{""h3-standard-88-1"":0.008631,""h3-standard-88-2"":0,""h4d-highmem-192-1"":0,""h4d-standard-192-1"":0.017382}"
beam_time,hybrid_homo,26,maddid0000018|maddid0000037|mbackgroundid0000015|mbackgroundid0000016|mbackgroundid0000032|mbackgroundid0000033|mbackgroundid0000034|mbackgroundid0000051|mbackgroundid0000052|mbackgroundid0000053|mbgmodelid0000012|mconcatfitid0000011|mconcatfitid0000030|mdifffitid0000006|mdifffitid0000007|mdifffitid0000009|mdifffitid0000025|mdifffitid0000026|mdifffitid0000029|mdifffitid0000044|mdifffitid0000045|mdifffitid0000046|mimgtblid0000017|mprojectid0000002|mprojectid0000003|mprojectid0000022|mprojectid0000041|mviewerid0000038|mviewerid0000058,0.2,109.274000,0.496786,0.503637,170.729550,0.000000,0.000000,true,12.993000,7,962.698000,"{""bora009"":9,""bora010"":13,""h4d-standard-192-5"":16,""h4d-standard-192-6"":20}","{""bora009"":0.006122,""bora010"":0.007609,""h4d-standard-192-5"":0.008564,""h4d-standard-192-6"":0.009721}"
beam_cost,hybrid_homo,26,maddid0000018|maddid0000037|mbackgroundid0000015|mbackgroundid0000016|mbackgroundid0000032|mbackgroundid0000033|mbackgroundid0000034|mbackgroundid0000051|mbackgroundid0000052|mbackgroundid0000053|mbgmodelid0000012|mconcatfitid0000011|mconcatfitid0000030|mdifffitid0000006|mdifffitid0000007|mdifffitid0000009|mdifffitid0000025|mdifffitid0000026|mdifffitid0000029|mdifffitid0000044|mdifffitid0000045|mdifffitid0000046|mimgtblid0000017|mprojectid0000002|mprojectid0000003|mprojectid0000022|mprojectid0000041|mviewerid0000038|mviewerid0000058,0.2,116.364000,0.132422,0.503637,170.729550,0.000000,0.000000,true,41.864000,29,959.713000,"{""bora009"":16,""bora010"":26,""h4d-standard-192-5"":16}","{""bora009"":0.012737,""bora010"":0.020688,""h4d-standard-192-5"":0.016424,""h4d-standard-192-6"":0}"
beam_time,hybrid_hetero,26,maddid0000018|maddid0000037|mbackgroundid0000015|mbackgroundid0000016|mbackgroundid0000032|mbackgroundid0000033|mbackgroundid0000034|mbackgroundid0000051|mbackgroundid0000052|mbackgroundid0000053|mbgmodelid0000012|mconcatfitid0000011|mconcatfitid0000030|mdifffitid0000006|mdifffitid0000007|mdifffitid0000009|mdifffitid0000025|mdifffitid0000026|mdifffitid0000029|mdifffitid0000044|mdifffitid0000045|mdifffitid0000046|mimgtblid0000017|mprojectid0000002|mprojectid0000003|mprojectid0000022|mprojectid0000041|mviewerid0000038|mviewerid0000058,0.2,110.569000,0.229847,0.503637,170.729550,0.000000,0.000000,true,32.664000,16,870.107000,"{""bora011"":11,""diablo03"":4,""h4d-standard-192-7"":43}","{""bora011"":0.007058,""diablo03"":0.001328,""h3-standard-88-2"":0,""h4d-standard-192-7"":0.019577}"
beam_cost,hybrid_hetero,26,maddid0000018|maddid0000037|mbackgroundid0000015|mbackgroundid0000016|mbackgroundid0000032|mbackgroundid0000033|mbackgroundid0000034|mbackgroundid0000051|mbackgroundid0000052|mbackgroundid0000053|mbgmodelid0000012|mconcatfitid0000011|mconcatfitid0000030|mdifffitid0000006|mdifffitid0000007|mdifffitid0000009|mdifffitid0000025|mdifffitid0000026|mdifffitid0000029|mdifffitid0000044|mdifffitid0000045|mdifffitid0000046|mimgtblid0000017|mprojectid0000002|mprojectid0000003|mprojectid0000022|mprojectid0000041|mviewerid0000038|mviewerid0000058,0.2,118.889000,0.136438,0.503637,170.729550,0.000000,0.000000,true,38.187000,23,845.639000,"{""bora011"":17,""diablo03"":24,""h4d-standard-192-7"":17}","{""bora011"":0.012797,""diablo03"":0.011756,""h3-standard-88-2"":0,""h4d-standard-192-7"":0.015796}"
beam_time,cluster_homo,27,maddid0000037|mbackgroundid0000013|mbackgroundid0000033|mbackgroundid0000034|mbackgroundid0000035|mbackgroundid0000052|mbgmodelid0000012|mbgmodelid0000050|mdifffitid0000005|mdifffitid0000006|mdifffitid0000007|mdifffitid0000009|mdifffitid0000010|mdifffitid0000024|mdifffitid0000026|mdifffitid0000027|mdifffitid0000028|mdifffitid0000048|mimgtblid0000017|mimgtblid0000036|mprojectid0000002|mprojectid0000003|mprojectid0000020|mprojectid0000021|mprojectid0000039|mprojectid0000041|mviewerid0000038|mviewerid0000057|mviewerid0000058,0.2,292.983000,0.000000,0.503637,170.729550,0.000000,122.253000,false,34.716000,6,657.070000,"{""bora001"":18,""bora002"":17,""bora003"":11,""bora004"":12}","{""bora001"":0.060205,""bora002"":0.059863,""bora003"":0.037625,""bora004"":0.019034}"
beam_cost,cluster_homo,27,maddid0000037|mbackgroundid0000013|mbackgroundid0000033|mbackgroundid0000034|mbackgroundid0000035|mbackgroundid0000052|mbgmodelid0000012|mbgmodelid0000050|mdifffitid0000005|mdifffitid0000006|mdifffitid0000007|mdifffitid0000009|mdifffitid0000010|mdifffitid0000024|mdifffitid0000026|mdifffitid0000027|mdifffitid0000028|mdifffitid0000048|mimgtblid0000017|mimgtblid0000036|mprojectid0000002|mprojectid0000003|mprojectid0000020|mprojectid0000021|mprojectid0000039|mprojectid0000041|mviewerid0000038|mviewerid0000057|mviewerid0000058,0.2,292.983000,0.000000,0.503637,170.729550,0.000000,122.253000,false,34.716000,6,672.513000,"{""bora001"":18,""bora002"":17,""bora003"":11,""bora004"":12}","{""bora001"":0.060205,""bora002"":0.059863,""bora003"":0.037625,""bora004"":0.019034}"
beam_time,cluster_hetero,27,maddid0000037|mbackgroundid0000013|mbackgroundid0000033|mbackgroundid0000034|mbackgroundid0000035|mbackgroundid0000052|mbgmodelid0000012|mbgmodelid0000050|mdifffitid0000005|mdifffitid0000006|mdifffitid0000007|mdifffitid0000009|mdifffitid0000010|mdifffitid0000024|mdifffitid0000026|mdifffitid0000027|mdifffitid0000028|mdifffitid0000048|mimgtblid0000017|mimgtblid0000036|mprojectid0000002|mprojectid0000003|mprojectid0000020|mprojectid0000021|mprojectid0000039|mprojectid0000041|mviewerid0000038|mviewerid0000057|mviewerid0000058,0.2,314.412000,0.000000,0.503637,170.729550,0.000000,143.682000,false,63.152000,8,722.393000,"{""bora005"":21,""bora006"":20,""diablo01"":7,""diablo02"":10}","{""bora005"":0.082224,""bora006"":0.067551,""diablo01"":0.007762,""diablo02"":0.004476}"
beam_cost,cluster_hetero,27,maddid0000037|mbackgroundid0000013|mbackgroundid0000033|mbackgroundid0000034|mbackgroundid0000035|mbackgroundid0000052|mbgmodelid0000012|mbgmodelid0000050|mdifffitid0000005|mdifffitid0000006|mdifffitid0000007|mdifffitid0000009|mdifffitid0000010|mdifffitid0000024|mdifffitid0000026|mdifffitid0000027|mdifffitid0000028|mdifffitid0000048|mimgtblid0000017|mimgtblid0000036|mprojectid0000002|mprojectid0000003|mprojectid0000020|mprojectid0000021|mprojectid0000039|mprojectid0000041|mviewerid0000038|mviewerid0000057|mviewerid0000058,0.2,314.412000,0.000000,0.503637,170.729550,0.000000,143.682000,false,63.152000,8,704.360000,"{""bora005"":21,""bora006"":20,""diablo01"":7,""diablo02"":10}","{""bora005"":0.082224,""bora006"":0.067551,""diablo01"":0.007762,""diablo02"":0.004476}"
beam_time,cloud_homo,27,maddid0000037|mbackgroundid0000013|mbackgroundid0000033|mbackgroundid0000034|mbackgroundid0000035|mbackgroundid0000052|mbgmodelid0000012|mbgmodelid0000050|mdifffitid0000005|mdifffitid0000006|mdifffitid0000007|mdifffitid0000009|mdifffitid0000010|mdifffitid0000024|mdifffitid0000026|mdifffitid0000027|mdifffitid0000028|mdifffitid0000048|mimgtblid0000017|mimgtblid0000036|mprojectid0000002|mprojectid0000003|mprojectid0000020|mprojectid0000021|mprojectid0000039|mprojectid0000041|mviewerid0000038|mviewerid0000057|mviewerid0000058,0.2,109.502000,0.446565,0.503637,170.729550,0.000000,0.000000,true,28.542000,25,1028.379000,"{""h4d-standard-192-1"":53,""h4d-standard-192-4"":5}","{""h4d-standard-192-1"":0.018672,""h4d-standard-192-2"":0,""h4d-standard-192-3"":0,""h4d-standard-192-4"":0.003438}"
beam_cost,cloud_homo,27,maddid0000037|mbackgroundid0000013|mbackgroundid0000033|mbackgroundid0000034|mbackgroundid0000035|mbackgroundid0000052|mbgmodelid0000012|mbgmodelid0000050|mdifffitid0000005|mdifffitid0000006|mdifffitid0000007|mdifffitid0000009|mdifffitid0000010|mdifffitid0000024|mdifffitid0000026|mdifffitid0000027|mdifffitid0000028|mdifffitid0000048|mimgtblid0000017|mimgtblid0000036|mprojectid0000002|mprojectid0000003|mprojectid0000020|mprojectid0000021|mprojectid0000039|mprojectid0000041|mviewerid0000038|mviewerid0000057|mviewerid0000058,0.2,137.154000,0.299217,0.503637,170.729550,0.000000,0.000000,true,95.368000,54,966.799000,"{""h4d-standard-192-2"":58}","{""h4d-standard-192-1"":0,""h4d-standard-192-2"":0.019944,""h4d-standard-192-3"":0,""h4d-standard-192-4"":0}"
beam_time,cloud_hetero,27,maddid0000037|mbackgroundid0000013|mbackgroundid0000033|mbackgroundid0000034|mbackgroundid0000035|mbackgroundid0000052|mbgmodelid0000012|mbgmodelid0000050|mdifffitid0000005|mdifffitid0000006|mdifffitid0000007|mdifffitid0000009|mdifffitid0000010|mdifffitid0000024|mdifffitid0000026|mdifffitid0000027|mdifffitid0000028|mdifffitid0000048|mimgtblid0000017|mimgtblid0000036|mprojectid0000002|mprojectid0000003|mprojectid0000020|mprojectid0000021|mprojectid0000039|mprojectid0000041|mviewerid0000038|mviewerid0000057|mviewerid0000058,0.2,129.800000,0.491364,0.503637,170.729550,0.000000,0.000000,true,50.429000,39,963.213000,"{""h3-standard-88-1"":1,""h4d-highmem-192-1"":3,""h4d-standard-192-1"":54}","{""h3-standard-88-1"":0.000161,""h3-standard-88-2"":0,""h4d-highmem-192-1"":0.002069,""h4d-standard-192-1"":0.017675}"
beam_cost,cloud_hetero,27,maddid0000037|mbackgroundid0000013|mbackgroundid0000033|mbackgroundid0000034|mbackgroundid0000035|mbackgroundid0000052|mbgmodelid0000012|mbgmodelid0000050|mdifffitid0000005|mdifffitid0000006|mdifffitid0000007|mdifffitid0000009|mdifffitid0000010|mdifffitid0000024|mdifffitid0000026|mdifffitid0000027|mdifffitid0000028|mdifffitid0000048|mimgtblid0000017|mimgtblid0000036|mprojectid0000002|mprojectid0000003|mprojectid0000020|mprojectid0000021|mprojectid0000039|mprojectid0000041|mviewerid0000038|mviewerid0000057|mviewerid0000058,0.2,146.781000,0.351645,0.503637,170.729550,0.000000,0.000000,true,88.064000,51,961.629000,"{""h3-standard-88-2"":1,""h4d-standard-192-1"":57}","{""h3-standard-88-1"":0,""h3-standard-88-2"":0.000184,""h4d-highmem-192-1"":0,""h4d-standard-192-1"":0.018987}"
beam_time,hybrid_homo,27,maddid0000037|mbackgroundid0000013|mbackgroundid0000033|mbackgroundid0000034|mbackgroundid0000035|mbackgroundid0000052|mbgmodelid0000012|mbgmodelid0000050|mdifffitid0000005|mdifffitid0000006|mdifffitid0000007|mdifffitid0000009|mdifffitid0000010|mdifffitid0000024|mdifffitid0000026|mdifffitid0000027|mdifffitid0000028|mdifffitid0000048|mimgtblid0000017|mimgtblid0000036|mprojectid0000002|mprojectid0000003|mprojectid0000020|mprojectid0000021|mprojectid0000039|mprojectid0000041|mviewerid0000038|mviewerid0000057|mviewerid0000058,0.2,115.972000,0.301975,0.503637,170.729550,0.000000,0.000000,true,25.112000,15,952.462000,"{""bora009"":15,""bora010"":20,""h4d-standard-192-5"":5,""h4d-standard-192-6"":18}","{""bora009"":0.011497,""bora010"":0.014456,""h4d-standard-192-5"":0.005154,""h4d-standard-192-6"":0.011174}"
beam_cost,hybrid_homo,27,maddid0000037|mbackgroundid0000013|mbackgroundid0000033|mbackgroundid0000034|mbackgroundid0000035|mbackgroundid0000052|mbgmodelid0000012|mbgmodelid0000050|mdifffitid0000005|mdifffitid0000006|mdifffitid0000007|mdifffitid0000009|mdifffitid0000010|mdifffitid0000024|mdifffitid0000026|mdifffitid0000027|mdifffitid0000028|mdifffitid0000048|mimgtblid0000017|mimgtblid0000036|mprojectid0000002|mprojectid0000003|mprojectid0000020|mprojectid0000021|mprojectid0000039|mprojectid0000041|mviewerid0000038|mviewerid0000057|mviewerid0000058,0.2,126.588000,0.166079,0.503637,170.729550,0.000000,0.000000,true,40.851000,23,963.373000,"{""bora009"":14,""bora010"":24,""h4d-standard-192-5"":20}","{""bora009"":0.021065,""bora010"":0.027544,""h4d-standard-192-5"":0.014942,""h4d-standard-192-6"":0}"
beam_time,hybrid_hetero,27,maddid0000037|mbackgroundid0000013|mbackgroundid0000033|mbackgroundid0000034|mbackgroundid0000035|mbackgroundid0000052|mbgmodelid0000012|mbgmodelid0000050|mdifffitid0000005|mdifffitid0000006|mdifffitid0000007|mdifffitid0000009|mdifffitid0000010|mdifffitid0000024|mdifffitid0000026|mdifffitid0000027|mdifffitid0000028|mdifffitid0000048|mimgtblid0000017|mimgtblid0000036|mprojectid0000002|mprojectid0000003|mprojectid0000020|mprojectid0000021|mprojectid0000039|mprojectid0000041|mviewerid0000038|mviewerid0000057|mviewerid0000058,0.2,128.684000,0.164038,0.503637,170.729550,0.000000,0.000000,true,53.261000,27,819.611000,"{""bora011"":18,""diablo03"":19,""h4d-standard-192-7"":21}","{""bora011"":0.038739,""diablo03"":0.006989,""h3-standard-88-2"":0,""h4d-standard-192-7"":0.014511}"
beam_cost,hybrid_hetero,27,maddid0000037|mbackgroundid0000013|mbackgroundid0000033|mbackgroundid0000034|mbackgroundid0000035|mbackgroundid0000052|mbgmodelid0000012|mbgmodelid0000050|mdifffitid0000005|mdifffitid0000006|mdifffitid0000007|mdifffitid0000009|mdifffitid0000010|mdifffitid0000024|mdifffitid0000026|mdifffitid0000027|mdifffitid0000028|mdifffitid0000048|mimgtblid0000017|mimgtblid0000036|mprojectid0000002|mprojectid0000003|mprojectid0000020|mprojectid0000021|mprojectid0000039|mprojectid0000041|mviewerid0000038|mviewerid0000057|mviewerid0000058,0.2,128.684000,0.164038,0.503637,170.729550,0.000000,0.000000,true,53.261000,27,849.004000,"{""bora011"":18,""diablo03"":19,""h4d-standard-192-7"":21}","{""bora011"":0.038739,""diablo03"":0.006989,""h3-standard-88-2"":0,""h4d-standard-192-7"":0.014511}"
beam_time,cluster_homo,28,maddid0000037|maddid0000056|mbackgroundid0000013|mbackgroundid0000014|mbackgroundid0000015|mbackgroundid0000016|mbackgroundid0000032|mbackgroundid0000035|mbackgroundid0000053|mbackgroundid0000054|mbgmodelid0000012|mbgmodelid0000050|mconcatfitid0000030|mdifffitid0000005|mdifffitid0000009|mdifffitid0000010|mdifffitid0000024|mdifffitid0000028|mdifffitid0000044|mdifffitid0000046|mimgtblid0000036|mprojectid0000001|mprojectid0000002|mprojectid0000004|mprojectid0000040|mprojectid0000041|mprojectid0000042|mviewerid0000019|mviewerid0000057,0.2,311.833000,0.000000,0.503637,170.729550,0.000000,141.103000,false,70.156000,11,662.637000,"{""bora001"":14,""bora002"":19,""bora003"":12,""bora004"":13}","{""bora001"":0.066793,""bora002"":0.033086,""bora003"":0.0485,""bora004"":0.020924}"
beam_cost,cluster_homo,28,maddid0000037|maddid0000056|mbackgroundid0000013|mbackgroundid0000014|mbackgroundid0000015|mbackgroundid0000016|mbackgroundid0000032|mbackgroundid0000035|mbackgroundid0000053|mbackgroundid0000054|mbgmodelid0000012|mbgmodelid0000050|mconcatfitid0000030|mdifffitid0000005|mdifffitid0000009|mdifffitid0000010|mdifffitid0000024|mdifffitid0000028|mdifffitid0000044|mdifffitid0000046|mimgtblid0000036|mprojectid0000001|mprojectid0000002|mprojectid0000004|mprojectid0000040|mprojectid0000041|mprojectid0000042|mviewerid0000019|mviewerid0000057,0.2,311.833000,0.000000,0.503637,170.729550,0.000000,141.103000,false,70.156000,11,676.081000,"{""bora001"":14,""bora002"":19,""bora003"":12,""bora004"":13}","{""bora001"":0.066793,""bora002"":0.033086,""bora003"":0.0485,""bora004"":0.020924}"
beam_time,cluster_hetero,28,maddid0000037|maddid0000056|mbackgroundid0000013|mbackgroundid0000014|mbackgroundid0000015|mbackgroundid0000016|mbackgroundid0000032|mbackgroundid0000035|mbackgroundid0000053|mbackgroundid0000054|mbgmodelid0000012|mbgmodelid0000050|mconcatfitid0000030|mdifffitid0000005|mdifffitid0000009|mdifffitid0000010|mdifffitid0000024|mdifffitid0000028|mdifffitid0000044|mdifffitid0000046|mimgtblid0000036|mprojectid0000001|mprojectid0000002|mprojectid0000004|mprojectid0000040|mprojectid0000041|mprojectid0000042|mviewerid0000019|mviewerid0000057,0.2,326.437000,0.000000,0.503637,170.729550,0.000000,155.707000,false,72.590000,12,712.494000,"{""bora005"":19,""bora006"":21,""diablo01"":6,""diablo02"":12}","{""bora005"":0.081031,""bora006"":0.049963,""diablo01"":0.014073,""diablo02"":0.007992}"
beam_cost,cluster_hetero,28,maddid0000037|maddid0000056|mbackgroundid0000013|mbackgroundid0000014|mbackgroundid0000015|mbackgroundid0000016|mbackgroundid0000032|mbackgroundid0000035|mbackgroundid0000053|mbackgroundid0000054|mbgmodelid0000012|mbgmodelid0000050|mconcatfitid0000030|mdifffitid0000005|mdifffitid0000009|mdifffitid0000010|mdifffitid0000024|mdifffitid0000028|mdifffitid0000044|mdifffitid0000046|mimgtblid0000036|mprojectid0000001|mprojectid0000002|mprojectid0000004|mprojectid0000040|mprojectid0000041|mprojectid0000042|mviewerid0000019|mviewerid0000057,0.2,326.437000,0.000000,0.503637,170.729550,0.000000,155.707000,false,72.590000,12,717.269000,"{""bora005"":19,""bora006"":21,""diablo01"":6,""diablo02"":12}","{""bora005"":0.081031,""bora006"":0.049963,""diablo01"":0.014073,""diablo02"":0.007992}"
beam_time,cloud_homo,28,maddid0000037|maddid0000056|mbackgroundid0000013|mbackgroundid0000014|mbackgroundid0000015|mbackgroundid0000016|mbackgroundid0000032|mbackgroundid0000035|mbackgroundid0000053|mbackgroundid0000054|mbgmodelid0000012|mbgmodelid0000050|mconcatfitid0000030|mdifffitid0000005|mdifffitid0000009|mdifffitid0000010|mdifffitid0000024|mdifffitid0000028|mdifffitid0000044|mdifffitid0000046|mimgtblid0000036|mprojectid0000001|mprojectid0000002|mprojectid0000004|mprojectid0000040|mprojectid0000041|mprojectid0000042|mviewerid0000019|mviewerid0000057,0.2,145.232000,0.316841,0.503637,170.729550,0.000000,0.000000,true,124.096000,73,1033.278000,"{""h4d-standard-192-1"":58}","{""h4d-standard-192-1"":0.020245,""h4d-standard-192-2"":0,""h4d-standard-192-3"":0,""h4d-standard-192-4"":0}"
beam_cost,cloud_homo,28,maddid0000037|maddid0000056|mbackgroundid0000013|mbackgroundid0000014|mbackgroundid0000015|mbackgroundid0000016|mbackgroundid0000032|mbackgroundid0000035|mbackgroundid0000053|mbackgroundid0000054|mbgmodelid0000012|mbgmodelid0000050|mconcatfitid0000030|mdifffitid0000005|mdifffitid0000009|mdifffitid0000010|mdifffitid0000024|mdifffitid0000028|mdifffitid0000044|mdifffitid0000046|mimgtblid0000036|mprojectid0000001|mprojectid0000002|mprojectid0000004|mprojectid0000040|mprojectid0000041|mprojectid0000042|mviewerid0000019|mviewerid0000057,0.2,145.232000,0.316841,0.503637,170.729550,0.000000,0.000000,true,124.096000,73,1010.524000,"{""h4d-standard-192-1"":58}","{""h4d-standard-192-1"":0.020245,""h4d-standard-192-2"":0,""h4d-standard-192-3"":0,""h4d-standard-192-4"":0}"
beam_time,cloud_hetero,28,maddid0000037|maddid0000056|mbackgroundid0000013|mbackgroundid0000014|mbackgroundid0000015|mbackgroundid0000016|mbackgroundid0000032|mbackgroundid0000035|mbackgroundid0000053|mbackgroundid0000054|mbgmodelid0000012|mbgmodelid0000050|mconcatfitid0000030|mdifffitid0000005|mdifffitid0000009|mdifffitid0000010|mdifffitid0000024|mdifffitid0000028|mdifffitid0000044|mdifffitid0000046|mimgtblid0000036|mprojectid0000001|mprojectid0000002|mprojectid0000004|mprojectid0000040|mprojectid0000041|mprojectid0000042|mviewerid0000019|mviewerid0000057,0.2,160.741000,0.501816,0.503637,170.729550,0.000000,0.000000,true,65.772000,56,953.407000,"{""h3-standard-88-1"":41,""h4d-standard-192-1"":17}","{""h3-standard-88-1"":0.021542,""h3-standard-88-2"":0,""h4d-highmem-192-1"":0,""h4d-standard-192-1"":0.00935}"
beam_cost,cloud_hetero,28,maddid0000037|maddid0000056|mbackgroundid0000013|mbackgroundid0000014|mbackgroundid0000015|mbackgroundid0000016|mbackgroundid0000032|mbackgroundid0000035|mbackgroundid0000053|mbackgroundid0000054|mbgmodelid0000012|mbgmodelid0000050|mconcatfitid0000030|mdifffitid0000005|mdifffitid0000009|mdifffitid0000010|mdifffitid0000024|mdifffitid0000028|mdifffitid0000044|mdifffitid0000046|mimgtblid0000036|mprojectid0000001|mprojectid0000002|mprojectid0000004|mprojectid0000040|mprojectid0000041|mprojectid0000042|mviewerid0000019|mviewerid0000057,0.2,164.501000,0.366484,0.503637,170.729550,0.000000,0.000000,true,121.566000,72,1000.798000,"{""h3-standard-88-2"":8,""h4d-standard-192-1"":50}","{""h3-standard-88-1"":0,""h3-standard-88-2"":0.001064,""h4d-highmem-192-1"":0,""h4d-standard-192-1"":0.01726}"
beam_time,hybrid_homo,28,maddid0000037|maddid0000056|mbackgroundid0000013|mbackgroundid0000014|mbackgroundid0000015|mbackgroundid0000016|mbackgroundid0000032|mbackgroundid0000035|mbackgroundid0000053|mbackgroundid0000054|mbgmodelid0000012|mbgmodelid0000050|mconcatfitid0000030|mdifffitid0000005|mdifffitid0000009|mdifffitid0000010|mdifffitid0000024|mdifffitid0000028|mdifffitid0000044|mdifffitid0000046|mimgtblid0000036|mprojectid0000001|mprojectid0000002|mprojectid0000004|mprojectid0000040|mprojectid0000041|mprojectid0000042|mviewerid0000019|mviewerid0000057,0.2,123.493000,0.495654,0.503637,170.729550,0.000000,0.000000,true,37.945000,16,958.814000,"{""bora009"":8,""bora010"":12,""h4d-standard-192-5"":19,""h4d-standard-192-6"":19}","{""bora009"":0.004473,""bora010"":0.005715,""h4d-standard-192-5"":0.007359,""h4d-standard-192-6"":0.009875}"
beam_cost,hybrid_homo,28,maddid0000037|maddid0000056|mbackgroundid0000013|mbackgroundid0000014|mbackgroundid0000015|mbackgroundid0000016|mbackgroundid0000032|mbackgroundid0000035|mbackgroundid0000053|mbackgroundid0000054|mbgmodelid0000012|mbgmodelid0000050|mconcatfitid0000030|mdifffitid0000005|mdifffitid0000009|mdifffitid0000010|mdifffitid0000024|mdifffitid0000028|mdifffitid0000044|mdifffitid0000046|mimgtblid0000036|mprojectid0000001|mprojectid0000002|mprojectid0000004|mprojectid0000040|mprojectid0000041|mprojectid0000042|mviewerid0000019|mviewerid0000057,0.2,164.845000,0.183738,0.503637,170.729550,0.000000,0.000000,true,53.736000,21,955.622000,"{""bora009"":15,""bora010"":19,""h4d-standard-192-5"":24}","{""bora009"":0.016674,""bora010"":0.026947,""h4d-standard-192-5"":0.012127,""h4d-standard-192-6"":0}"
beam_time,hybrid_hetero,28,maddid0000037|maddid0000056|mbackgroundid0000013|mbackgroundid0000014|mbackgroundid0000015|mbackgroundid0000016|mbackgroundid0000032|mbackgroundid0000035|mbackgroundid0000053|mbackgroundid0000054|mbgmodelid0000012|mbgmodelid0000050|mconcatfitid0000030|mdifffitid0000005|mdifffitid0000009|mdifffitid0000010|mdifffitid0000024|mdifffitid0000028|mdifffitid0000044|mdifffitid0000046|mimgtblid0000036|mprojectid0000001|mprojectid0000002|mprojectid0000004|mprojectid0000040|mprojectid0000041|mprojectid0000042|mviewerid0000019|mviewerid0000057,0.2,147.134000,0.319517,0.503637,170.729550,0.000000,0.000000,true,100.472000,35,877.874000,"{""bora011"":10,""diablo03"":8,""h4d-standard-192-7"":40}","{""bora011"":0.004819,""diablo03"":0.001725,""h3-standard-88-2"":0,""h4d-standard-192-7"":0.017127}"
beam_cost,hybrid_hetero,28,maddid0000037|maddid0000056|mbackgroundid0000013|mbackgroundid0000014|mbackgroundid0000015|mbackgroundid0000016|mbackgroundid0000032|mbackgroundid0000035|mbackgroundid0000053|mbackgroundid0000054|mbgmodelid0000012|mbgmodelid0000050|mconcatfitid0000030|mdifffitid0000005|mdifffitid0000009|mdifffitid0000010|mdifffitid0000024|mdifffitid0000028|mdifffitid0000044|mdifffitid0000046|mimgtblid0000036|mprojectid0000001|mprojectid0000002|mprojectid0000004|mprojectid0000040|mprojectid0000041|mprojectid0000042|mviewerid0000019|mviewerid0000057,0.2,165.685000,0.184807,0.503637,170.729550,0.000000,0.000000,true,52.465000,25,869.252000,"{""bora011"":15,""diablo03"":20,""h4d-standard-192-7"":23}","{""bora011"":0.025378,""diablo03"":0.012735,""h3-standard-88-2"":0,""h4d-standard-192-7"":0.0117}"
beam_time,cluster_homo,29,maddid0000037|maddid0000056|mbackgroundid0000013|mbackgroundid0000016|mbackgroundid0000033|mbgmodelid0000050|mconcatfitid0000011|mconcatfitid0000049|mdifffitid0000006|mdifffitid0000007|mdifffitid0000008|mdifffitid0000009|mdifffitid0000010|mdifffitid0000024|mdifffitid0000025|mdifffitid0000027|mdifffitid0000028|mdifffitid0000029|mdifffitid0000044|mdifffitid0000047|mimgtblid0000017|mprojectid0000001|mprojectid0000003|mprojectid0000020|mprojectid0000039|mprojectid0000040|mprojectid0000042|mviewerid0000019|mviewerid0000038,0.2,311.833000,0.000000,0.503637,170.729550,0.000000,141.103000,false,92.985000,12,717.136000,"{""bora001"":13,""bora002"":19,""bora003"":14,""bora004"":12}","{""bora001"":0.056629,""bora002"":0.065235,""bora003"":0.030196,""bora004"":0.019499}"
beam_cost,cluster_homo,29,maddid0000037|maddid0000056|mbackgroundid0000013|mbackgroundid0000016|mbackgroundid0000033|mbgmodelid0000050|mconcatfitid0000011|mconcatfitid0000049|mdifffitid0000006|mdifffitid0000007|mdifffitid0000008|mdifffitid0000009|mdifffitid0000010|mdifffitid0000024|mdifffitid0000025|mdifffitid0000027|mdifffitid0000028|mdifffitid0000029|mdifffitid0000044|mdifffitid0000047|mimgtblid0000017|mprojectid0000001|mprojectid0000003|mprojectid0000020|mprojectid0000039|mprojectid0000040|mprojectid0000042|mviewerid0000019|mviewerid0000038,0.2,311.833000,0.000000,0.503637,170.729550,0.000000,141.103000,false,92.985000,12,702.600000,"{""bora001"":13,""bora002"":19,""bora003"":14,""bora004"":12}","{""bora001"":0.056629,""bora002"":0.065235,""bora003"":0.030196,""bora004"":0.019499}"
beam_time,cluster_hetero,29,maddid0000037|maddid0000056|mbackgroundid0000013|mbackgroundid0000016|mbackgroundid0000033|mbgmodelid0000050|mconcatfitid0000011|mconcatfitid0000049|mdifffitid0000006|mdifffitid0000007|mdifffitid0000008|mdifffitid0000009|mdifffitid0000010|mdifffitid0000024|mdifffitid0000025|mdifffitid0000027|mdifffitid0000028|mdifffitid0000029|mdifffitid0000044|mdifffitid0000047|mimgtblid0000017|mprojectid0000001|mprojectid0000003|mprojectid0000020|mprojectid0000039|mprojectid0000040|mprojectid0000042|mviewerid0000019|mviewerid0000038,0.2,326.437000,0.000000,0.503637,170.729550,0.000000,155.707000,false,69.654000,17,745.205000,"{""bora005"":19,""bora006"":21,""diablo01"":7,""diablo02"":11}","{""bora005"":0.06965,""bora006"":0.051424,""diablo01"":0.014291,""diablo02"":0.014301}"
beam_cost,cluster_hetero,29,maddid0000037|maddid0000056|mbackgroundid0000013|mbackgroundid0000016|mbackgroundid0000033|mbgmodelid0000050|mconcatfitid0000011|mconcatfitid0000049|mdifffitid0000006|mdifffitid0000007|mdifffitid0000008|mdifffitid0000009|mdifffitid0000010|mdifffitid0000024|mdifffitid0000025|mdifffitid0000027|mdifffitid0000028|mdifffitid0000029|mdifffitid0000044|mdifffitid0000047|mimgtblid0000017|mprojectid0000001|mprojectid0000003|mprojectid0000020|mprojectid0000039|mprojectid0000040|mprojectid0000042|mviewerid0000019|mviewerid0000038,0.2,326.437000,0.000000,0.503637,170.729550,0.000000,155.707000,false,69.654000,17,753.298000,"{""bora005"":19,""bora006"":21,""diablo01"":7,""diablo02"":11}","{""bora005"":0.06965,""bora006"":0.051424,""diablo01"":0.014291,""diablo02"":0.014301}"
beam_time,cloud_homo,29,maddid0000037|maddid0000056|mbackgroundid0000013|mbackgroundid0000016|mbackgroundid0000033|mbgmodelid0000050|mconcatfitid0000011|mconcatfitid0000049|mdifffitid0000006|mdifffitid0000007|mdifffitid0000008|mdifffitid0000009|mdifffitid0000010|mdifffitid0000024|mdifffitid0000025|mdifffitid0000027|mdifffitid0000028|mdifffitid0000029|mdifffitid0000044|mdifffitid0000047|mimgtblid0000017|mprojectid0000001|mprojectid0000003|mprojectid0000020|mprojectid0000039|mprojectid0000040|mprojectid0000042|mviewerid0000019|mviewerid0000038,0.2,145.232000,0.316837,0.503637,170.729550,0.000000,0.000000,true,140.371000,87,1036.122000,"{""h4d-standard-192-1"":58}","{""h4d-standard-192-1"":0.020829,""h4d-standard-192-2"":0,""h4d-standard-192-3"":0,""h4d-standard-192-4"":0}"
beam_cost,cloud_homo,29,maddid0000037|maddid0000056|mbackgroundid0000013|mbackgroundid0000016|mbackgroundid0000033|mbgmodelid0000050|mconcatfitid0000011|mconcatfitid0000049|mdifffitid0000006|mdifffitid0000007|mdifffitid0000008|mdifffitid0000009|mdifffitid0000010|mdifffitid0000024|mdifffitid0000025|mdifffitid0000027|mdifffitid0000028|mdifffitid0000029|mdifffitid0000044|mdifffitid0000047|mimgtblid0000017|mprojectid0000001|mprojectid0000003|mprojectid0000020|mprojectid0000039|mprojectid0000040|mprojectid0000042|mviewerid0000019|mviewerid0000038,0.2,145.232000,0.316837,0.503637,170.729550,0.000000,0.000000,true,140.371000,87,1013.755000,"{""h4d-standard-192-1"":58}","{""h4d-standard-192-1"":0.020829,""h4d-standard-192-2"":0,""h4d-standard-192-3"":0,""h4d-standard-192-4"":0}"
beam_time,cloud_hetero,29,maddid0000037|maddid0000056|mbackgroundid0000013|mbackgroundid0000016|mbackgroundid0000033|mbgmodelid0000050|mconcatfitid0000011|mconcatfitid0000049|mdifffitid0000006|mdifffitid0000007|mdifffitid0000008|mdifffitid0000009|mdifffitid0000010|mdifffitid0000024|mdifffitid0000025|mdifffitid0000027|mdifffitid0000028|mdifffitid0000029|mdifffitid0000044|mdifffitid0000047|mimgtblid0000017|mprojectid0000001|mprojectid0000003|mprojectid0000020|mprojectid0000039|mprojectid0000040|mprojectid0000042|mviewerid0000019|mviewerid0000038,0.2,159.964000,0.448856,0.503637,170.729550,0.000000,0.000000,true,143.349000,81,1008.396000,"{""h3-standard-88-1"":1,""h3-standard-88-2"":13,""h4d-standard-192-1"":44}","{""h3-standard-88-1"":0.000131,""h3-standard-88-2"":0.001594,""h4d-highmem-192-1"":0,""h4d-standard-192-1"":0.017824}"
beam_cost,cloud_hetero,29,maddid0000037|maddid0000056|mbackgroundid0000013|mbackgroundid0000016|mbackgroundid0000033|mbgmodelid0000050|mconcatfitid0000011|mconcatfitid0000049|mdifffitid0000006|mdifffitid0000007|mdifffitid0000008|mdifffitid0000009|mdifffitid0000010|mdifffitid0000024|mdifffitid0000025|mdifffitid0000027|mdifffitid0000028|mdifffitid0000029|mdifffitid0000044|mdifffitid0000047|mimgtblid0000017|mprojectid0000001|mprojectid0000003|mprojectid0000020|mprojectid0000039|mprojectid0000040|mprojectid0000042|mviewerid0000019|mviewerid0000038,0.2,163.471000,0.391808,0.503637,170.729550,0.000000,0.000000,true,147.927000,89,1043.220000,"{""h3-standard-88-1"":12,""h4d-standard-192-1"":46}","{""h3-standard-88-1"":0.002078,""h3-standard-88-2"":0,""h4d-highmem-192-1"":0,""h4d-standard-192-1"":0.017849}"
beam_time,hybrid_homo,29,maddid0000037|maddid0000056|mbackgroundid0000013|mbackgroundid0000016|mbackgroundid0000033|mbgmodelid0000050|mconcatfitid0000011|mconcatfitid0000049|mdifffitid0000006|mdifffitid0000007|mdifffitid0000008|mdifffitid0000009|mdifffitid0000010|mdifffitid0000024|mdifffitid0000025|mdifffitid0000027|mdifffitid0000028|mdifffitid0000029|mdifffitid0000044|mdifffitid0000047|mimgtblid0000017|mprojectid0000001|mprojectid0000003|mprojectid0000020|mprojectid0000039|mprojectid0000040|mprojectid0000042|mviewerid0000019|mviewerid0000038,0.2,122.793000,0.490102,0.503637,170.729550,0.000000,0.000000,true,48.750000,18,997.091000,"{""bora009"":7,""bora010"":10,""h4d-standard-192-5"":16,""h4d-standard-192-6"":25}","{""bora009"":0.003955,""bora010"":0.005015,""h4d-standard-192-5"":0.010805,""h4d-standard-192-6"":0.007062}"
beam_cost,hybrid_homo,29,maddid0000037|maddid0000056|mbackgroundid0000013|mbackgroundid0000016|mbackgroundid0000033|mbgmodelid0000050|mconcatfitid0000011|mconcatfitid0000049|mdifffitid0000006|mdifffitid0000007|mdifffitid0000008|mdifffitid0000009|mdifffitid0000010|mdifffitid0000024|mdifffitid0000025|mdifffitid0000027|mdifffitid0000028|mdifffitid0000029|mdifffitid0000044|mdifffitid0000047|mimgtblid0000017|mprojectid0000001|mprojectid0000003|mprojectid0000020|mprojectid0000039|mprojectid0000040|mprojectid0000042|mviewerid0000019|mviewerid0000038,0.2,144.315000,0.202304,0.503637,170.729550,0.000000,0.000000,true,88.431000,32,945.890000,"{""bora009"":15,""bora010"":20,""h4d-standard-192-5"":23}","{""bora009"":0.023958,""bora010"":0.010711,""h4d-standard-192-5"":0.015255,""h4d-standard-192-6"":0}"
beam_time,hybrid_hetero,29,maddid0000037|maddid0000056|mbackgroundid0000013|mbackgroundid0000016|mbackgroundid0000033|mbgmodelid0000050|mconcatfitid0000011|mconcatfitid0000049|mdifffitid0000006|mdifffitid0000007|mdifffitid0000008|mdifffitid0000009|mdifffitid0000010|mdifffitid0000024|mdifffitid0000025|mdifffitid0000027|mdifffitid0000028|mdifffitid0000029|mdifffitid0000044|mdifffitid0000047|mimgtblid0000017|mprojectid0000001|mprojectid0000003|mprojectid0000020|mprojectid0000039|mprojectid0000040|mprojectid0000042|mviewerid0000019|mviewerid0000038,0.2,146.195000,0.203196,0.503637,170.729550,0.000000,0.000000,true,89.189000,43,861.933000,"{""bora011"":16,""diablo03"":20,""h4d-standard-192-7"":22}","{""bora011"":0.025248,""diablo03"":0.00643,""h3-standard-88-2"":0,""h4d-standard-192-7"":0.01489}"
beam_cost,hybrid_hetero,29,maddid0000037|maddid0000056|mbackgroundid0000013|mbackgroundid0000016|mbackgroundid0000033|mbgmodelid0000050|mconcatfitid0000011|mconcatfitid0000049|mdifffitid0000006|mdifffitid0000007|mdifffitid0000008|mdifffitid0000009|mdifffitid0000010|mdifffitid0000024|mdifffitid0000025|mdifffitid0000027|mdifffitid0000028|mdifffitid0000029|mdifffitid0000044|mdifffitid0000047|mimgtblid0000017|mprojectid0000001|mprojectid0000003|mprojectid0000020|mprojectid0000039|mprojectid0000040|mprojectid0000042|mviewerid0000019|mviewerid0000038,0.2,146.195000,0.203196,0.503637,170.729550,0.000000,0.000000,true,89.189000,43,857.371000,"{""bora011"":16,""diablo03"":20,""h4d-standard-192-7"":22}","{""bora011"":0.025248,""diablo03"":0.00643,""h3-standard-88-2"":0,""h4d-standard-192-7"":0.01489}"
beam_time,cluster_homo,30,mbackgroundid0000014|mbackgroundid0000032|mbackgroundid0000033|mbackgroundid0000034|mbackgroundid0000052|mbgmodelid0000031|mconcatfitid0000011|mconcatfitid0000030|mdifffitid0000005|mdifffitid0000006|mdifffitid0000007|mdifffitid0000010|mdifffitid0000026|mdifffitid0000028|mdifffitid0000029|mdifffitid0000043|mdifffitid0000044|mdifffitid0000045|mdifffitid0000046|mdifffitid0000048|mprojectid0000001|mprojectid0000002|mprojectid0000020|mprojectid0000039|mprojectid0000040|mprojectid0000041|mprojectid0000042|mviewerid0000038|mviewerid0000058,0.2,311.833000,0.000000,0.503637,170.729550,0.000000,141.103000,false,114.513000,13,645.253000,"{""bora001"":15,""bora002"":18,""bora003"":12,""bora004"":13}","{""bora001"":0.046382,""bora002"":0.066557,""bora003"":0.03392,""bora004"":0.026252}"
beam_cost,cluster_homo,30,mbackgroundid0000014|mbackgroundid0000032|mbackgroundid0000033|mbackgroundid0000034|mbackgroundid0000052|mbgmodelid0000031|mconcatfitid0000011|mconcatfitid0000030|mdifffitid0000005|mdifffitid0000006|mdifffitid0000007|mdifffitid0000010|mdifffitid0000026|mdifffitid0000028|mdifffitid0000029|mdifffitid0000043|mdifffitid0000044|mdifffitid0000045|mdifffitid0000046|mdifffitid0000048|mprojectid0000001|mprojectid0000002|mprojectid0000020|mprojectid0000039|mprojectid0000040|mprojectid0000041|mprojectid0000042|mviewerid0000038|mviewerid0000058,0.2,311.833000,0.000000,0.503637,170.729550,0.000000,141.103000,false,114.513000,13,665.278000,"{""bora001"":15,""bora002"":18,""bora003"":12,""bora004"":13}","{""bora001"":0.046382,""bora002"":0.066557,""bora003"":0.03392,""bora004"":0.026252}"
beam_time,cluster_hetero,30,mbackgroundid0000014|mbackgroundid0000032|mbackgroundid0000033|mbackgroundid0000034|mbackgroundid0000052|mbgmodelid0000031|mconcatfitid0000011|mconcatfitid0000030|mdifffitid0000005|mdifffitid0000006|mdifffitid0000007|mdifffitid0000010|mdifffitid0000026|mdifffitid0000028|mdifffitid0000029|mdifffitid0000043|mdifffitid0000044|mdifffitid0000045|mdifffitid0000046|mdifffitid0000048|mprojectid0000001|mprojectid0000002|mprojectid0000020|mprojectid0000039|mprojectid0000040|mprojectid0000041|mprojectid0000042|mviewerid0000038|mviewerid0000058,0.2,326.437000,0.000000,0.503637,170.729550,0.000000,155.707000,false,112.547000,17,719.477000,"{""bora005"":20,""bora006"":21,""diablo01"":7,""diablo02"":10}","{""bora005"":0.074797,""bora006"":0.050249,""diablo01"":0.014329,""diablo02"":0.014191}"
beam_cost,cluster_hetero,30,mbackgroundid0000014|mbackgroundid0000032|mbackgroundid0000033|mbackgroundid0000034|mbackgroundid0000052|mbgmodelid0000031|mconcatfitid0000011|mconcatfitid0000030|mdifffitid0000005|mdifffitid0000006|mdifffitid0000007|mdifffitid0000010|mdifffitid0000026|mdifffitid0000028|mdifffitid0000029|mdifffitid0000043|mdifffitid0000044|mdifffitid0000045|mdifffitid0000046|mdifffitid0000048|mprojectid0000001|mprojectid0000002|mprojectid0000020|mprojectid0000039|mprojectid0000040|mprojectid0000041|mprojectid0000042|mviewerid0000038|mviewerid0000058,0.2,326.437000,0.000000,0.503637,170.729550,0.000000,155.707000,false,112.547000,17,712.426000,"{""bora005"":20,""bora006"":21,""diablo01"":7,""diablo02"":10}","{""bora005"":0.074797,""bora006"":0.050249,""diablo01"":0.014329,""diablo02"":0.014191}"
beam_time,cloud_homo,30,mbackgroundid0000014|mbackgroundid0000032|mbackgroundid0000033|mbackgroundid0000034|mbackgroundid0000052|mbgmodelid0000031|mconcatfitid0000011|mconcatfitid0000030|mdifffitid0000005|mdifffitid0000006|mdifffitid0000007|mdifffitid0000010|mdifffitid0000026|mdifffitid0000028|mdifffitid0000029|mdifffitid0000043|mdifffitid0000044|mdifffitid0000045|mdifffitid0000046|mdifffitid0000048|mprojectid0000001|mprojectid0000002|mprojectid0000020|mprojectid0000039|mprojectid0000040|mprojectid0000041|mprojectid0000042|mviewerid0000038|mviewerid0000058,0.2,153.473000,0.334815,0.503637,170.729550,0.000000,0.000000,true,167.606000,93,1013.887000,"{""h4d-standard-192-1"":58}","{""h4d-standard-192-1"":0.020635,""h4d-standard-192-2"":0,""h4d-standard-192-3"":0,""h4d-standard-192-4"":0}"
beam_cost,cloud_homo,30,mbackgroundid0000014|mbackgroundid0000032|mbackgroundid0000033|mbackgroundid0000034|mbackgroundid0000052|mbgmodelid0000031|mconcatfitid0000011|mconcatfitid0000030|mdifffitid0000005|mdifffitid0000006|mdifffitid0000007|mdifffitid0000010|mdifffitid0000026|mdifffitid0000028|mdifffitid0000029|mdifffitid0000043|mdifffitid0000044|mdifffitid0000045|mdifffitid0000046|mdifffitid0000048|mprojectid0000001|mprojectid0000002|mprojectid0000020|mprojectid0000039|mprojectid0000040|mprojectid0000041|mprojectid0000042|mviewerid0000038|mviewerid0000058,0.2,153.473000,0.334815,0.503637,170.729550,0.000000,0.000000,true,167.606000,93,997.772000,"{""h4d-standard-192-1"":58}","{""h4d-standard-192-1"":0.020635,""h4d-standard-192-2"":0,""h4d-standard-192-3"":0,""h4d-standard-192-4"":0}"
beam_time,cloud_hetero,30,mbackgroundid0000014|mbackgroundid0000032|mbackgroundid0000033|mbackgroundid0000034|mbackgroundid0000052|mbgmodelid0000031|mconcatfitid0000011|mconcatfitid0000030|mdifffitid0000005|mdifffitid0000006|mdifffitid0000007|mdifffitid0000010|mdifffitid0000026|mdifffitid0000028|mdifffitid0000029|mdifffitid0000043|mdifffitid0000044|mdifffitid0000045|mdifffitid0000046|mdifffitid0000048|mprojectid0000001|mprojectid0000002|mprojectid0000020|mprojectid0000039|mprojectid0000040|mprojectid0000041|mprojectid0000042|mviewerid0000038|mviewerid0000058,0.2,170.549000,0.396247,0.503637,170.729550,0.000000,0.000000,true,176.008000,92,971.876000,"{""h3-standard-88-2"":14,""h4d-standard-192-1"":44}","{""h3-standard-88-1"":0,""h3-standard-88-2"":0.001837,""h4d-highmem-192-1"":0,""h4d-standard-192-1"":0.017921}"
beam_cost,cloud_hetero,30,mbackgroundid0000014|mbackgroundid0000032|mbackgroundid0000033|mbackgroundid0000034|mbackgroundid0000052|mbgmodelid0000031|mconcatfitid0000011|mconcatfitid0000030|mdifffitid0000005|mdifffitid0000006|mdifffitid0000007|mdifffitid0000010|mdifffitid0000026|mdifffitid0000028|mdifffitid0000029|mdifffitid0000043|mdifffitid0000044|mdifffitid0000045|mdifffitid0000046|mdifffitid0000048|mprojectid0000001|mprojectid0000002|mprojectid0000020|mprojectid0000039|mprojectid0000040|mprojectid0000041|mprojectid0000042|mviewerid0000038|mviewerid0000058,0.2,170.549000,0.396247,0.503637,170.729550,0.000000,0.000000,true,176.008000,92,963.459000,"{""h3-standard-88-2"":14,""h4d-standard-192-1"":44}","{""h3-standard-88-1"":0,""h3-standard-88-2"":0.001837,""h4d-highmem-192-1"":0,""h4d-standard-192-1"":0.017921}"
beam_time,hybrid_homo,30,mbackgroundid0000014|mbackgroundid0000032|mbackgroundid0000033|mbackgroundid0000034|mbackgroundid0000052|mbgmodelid0000031|mconcatfitid0000011|mconcatfitid0000030|mdifffitid0000005|mdifffitid0000006|mdifffitid0000007|mdifffitid0000010|mdifffitid0000026|mdifffitid0000028|mdifffitid0000029|mdifffitid0000043|mdifffitid0000044|mdifffitid0000045|mdifffitid0000046|mdifffitid0000048|mprojectid0000001|mprojectid0000002|mprojectid0000020|mprojectid0000039|mprojectid0000040|mprojectid0000041|mprojectid0000042|mviewerid0000038|mviewerid0000058,0.2,124.404000,0.394652,0.503637,170.729550,0.000000,0.000000,true,56.617000,35,969.175000,"{""bora009"":11,""bora010"":13,""h4d-standard-192-5"":18,""h4d-standard-192-6"":16}","{""bora009"":0.006785,""bora010"":0.006472,""h4d-standard-192-5"":0.007892,""h4d-standard-192-6"":0.009803}"
beam_cost,hybrid_homo,30,mbackgroundid0000014|mbackgroundid0000032|mbackgroundid0000033|mbackgroundid0000034|mbackgroundid0000052|mbgmodelid0000031|mconcatfitid0000011|mconcatfitid0000030|mdifffitid0000005|mdifffitid0000006|mdifffitid0000007|mdifffitid0000010|mdifffitid0000026|mdifffitid0000028|mdifffitid0000029|mdifffitid0000043|mdifffitid0000044|mdifffitid0000045|mdifffitid0000046|mdifffitid0000048|mprojectid0000001|mprojectid0000002|mprojectid0000020|mprojectid0000039|mprojectid0000040|mprojectid0000041|mprojectid0000042|mviewerid0000038|mviewerid0000058,0.2,165.772000,0.202303,0.503637,170.729550,0.000000,0.000000,true,97.409000,52,930.608000,"{""bora009"":13,""bora010"":18,""h4d-standard-192-5"":27}","{""bora009"":0.015441,""bora010"":0.025498,""h4d-standard-192-5"":0.013533,""h4d-standard-192-6"":0}"
beam_time,hybrid_hetero,30,mbackgroundid0000014|mbackgroundid0000032|mbackgroundid0000033|mbackgroundid0000034|mbackgroundid0000052|mbgmodelid0000031|mconcatfitid0000011|mconcatfitid0000030|mdifffitid0000005|mdifffitid0000006|mdifffitid0000007|mdifffitid0000010|mdifffitid0000026|mdifffitid0000028|mdifffitid0000029|mdifffitid0000043|mdifffitid0000044|mdifffitid0000045|mdifffitid0000046|mdifffitid0000048|mprojectid0000001|mprojectid0000002|mprojectid0000020|mprojectid0000039|mprojectid0000040|mprojectid0000041|mprojectid0000042|mviewerid0000038|mviewerid0000058,0.2,149.701000,0.489544,0.503637,170.729550,0.000000,0.000000,true,116.236000,40,869.989000,"{""bora011"":11,""diablo03"":9,""h3-standard-88-2"":8,""h4d-standard-192-7"":30}","{""bora011"":0.005731,""diablo03"":0.002732,""h3-standard-88-2"":0.004016,""h4d-standard-192-7"":0.015702}"
beam_cost,hybrid_hetero,30,mbackgroundid0000014|mbackgroundid0000032|mbackgroundid0000033|mbackgroundid0000034|mbackgroundid0000052|mbgmodelid0000031|mconcatfitid0000011|mconcatfitid0000030|mdifffitid0000005|mdifffitid0000006|mdifffitid0000007|mdifffitid0000010|mdifffitid0000026|mdifffitid0000028|mdifffitid0000029|mdifffitid0000043|mdifffitid0000044|mdifffitid0000045|mdifffitid0000046|mdifffitid0000048|mprojectid0000001|mprojectid0000002|mprojectid0000020|mprojectid0000039|mprojectid0000040|mprojectid0000041|mprojectid0000042|mviewerid0000038|mviewerid0000058,0.2,166.851000,0.203196,0.503637,170.729550,0.000000,0.000000,true,91.264000,41,865.801000,"{""bora011"":17,""diablo03"":17,""h4d-standard-192-7"":24}","{""bora011"":0.026514,""diablo03"":0.011502,""h3-standard-88-2"":0,""h4d-standard-192-7"":0.012779}"
