source,target,data_mb,data_bytes,files
sg1iterdeconid0000079,wrappersiftstfbymisfitid0001101,0.004728000,4728,i45a-ta-_ldsp.lht_iter_g1.stf
sg1iterdeconid0000076,wrappersiftstfbymisfitid0001101,0.008824000,8824,fs10-zd-_ldsp.lht_iter_g1.stf
sg1iterdeconid0000075,wrappersiftstfbymisfitid0001101,0.002680000,2680,d08-xt-_ldsp.lht_iter_g1.stf
sg1iterdeconid0000078,wrappersiftstfbymisfitid0001101,0.004728000,4728,h46a-ta-_ldsp.lht_iter_g1.stf
sg1iterdeconid0000077,wrappersiftstfbymisfitid0001101,0.004728000,4728,b946-pb-_ldsp.lht_iter_g1.stf
sg1iterdeconid0000083,wrappersiftstfbymisfitid0001101,0.002680000,2680,b019-pb-_ldsp.lht_iter_g1.stf
sg1iterdeconid0000082,wrappersiftstfbymisfitid0001101,0.008824000,8824,958a-ta-_ldsp.lht_iter_g1.stf
sg1iterdeconid0000085,wrappersiftstfbymisfitid0001101,0.004728000,4728,a27-xd-_ldsp.lht_iter_g1.stf
sg1iterdeconid0000084,wrappersiftstfbymisfitid0001101,0.004728000,4728,x43a-ta-_ldsp.lht_iter_g1.stf
sg1iterdeconid0000081,wrappersiftstfbymisfitid0001101,0.002680000,2680,b027-pb-_ldsp.lht_iter_g1.stf
sg1iterdeconid0000080,wrappersiftstfbymisfitid0001101,0.004728000,4728,sm19-xi-_ldsp.lht_iter_g1.stf
sg1iterdeconid0000087,wrappersiftstfbymisfitid0001101,0.002680000,2680,b001-pb-_ldsp.lht_iter_g1.stf
sg1iterdeconid0000086,wrappersiftstfbymisfitid0001101,0.004728000,4728,a18-xd-_ldsp.lht_iter_g1.stf
sg1iterdeconid0000089,wrappersiftstfbymisfitid0001101,0.004728000,4728,knw-az-_ldsp.lht_iter_g1.stf
sg1iterdeconid0000088,wrappersiftstfbymisfitid0001101,0.004728000,4728,j39a-ta-_ldsp.lht_iter_g1.stf
sg1iterdeconid0000094,wrappersiftstfbymisfitid0001101,0.002680000,2680,d27-xt-_ldsp.lht_iter_g1.stf
sg1iterdeconid0000093,wrappersiftstfbymisfitid0001101,0.004728000,4728,sm21-xi-_ldsp.lht_iter_g1.stf
sg1iterdeconid0000096,wrappersiftstfbymisfitid0001101,0.004728000,4728,p50a-ta-_ldsp.lht_iter_g1.stf
sg1iterdeconid0000095,wrappersiftstfbymisfitid0001101,0.008824000,8824,kbs-iu-00_ldsp.lht_iter_g1.stf
sg1iterdeconid0000090,wrappersiftstfbymisfitid0001101,0.004728000,4728,sc12-xi-_ldsp.lht_iter_g1.stf
sg1iterdeconid0000092,wrappersiftstfbymisfitid0001101,0.004728000,4728,sm34-xi-_ldsp.lht_iter_g1.stf
sg1iterdeconid0000091,wrappersiftstfbymisfitid0001101,0.004728000,4728,isa-ci-_ldsp.lht_iter_g1.stf
sg1iterdeconid0000058,wrappersiftstfbymisfitid0001101,0.004728000,4728,h41a-ta-_ldsp.lht_iter_g1.stf
sg1iterdeconid0000057,wrappersiftstfbymisfitid0001101,0.002680000,2680,d03-xt-_ldsp.lht_iter_g1.stf
sg1iterdeconid0000299,wrappersiftstfbymisfitid0001101,0.004728000,4728,h43a-ta-_ldsp.lht_iter_g1.stf
sg1iterdeconid0000059,wrappersiftstfbymisfitid0001101,0.004728000,4728,sm18-xi-_ldsp.lht_iter_g1.stf
sg1iterdeconid0000054,wrappersiftstfbymisfitid0001101,0.017016000,17016,pig2-xc-_ldsp.lht_iter_g1.stf
sg1iterdeconid0000296,wrappersiftstfbymisfitid0001101,0.008824000,8824,gumo-iu-10_ldsp.lht_iter_g1.stf
sg1iterdeconid0000053,wrappersiftstfbymisfitid0001101,0.004728000,4728,s22a-ta-_ldsp.lht_iter_g1.stf
sg1iterdeconid0000295,wrappersiftstfbymisfitid0001101,0.004728000,4728,r45a-ta-_ldsp.lht_iter_g1.stf
sg1iterdeconid0000056,wrappersiftstfbymisfitid0001101,0.008824000,8824,kono-iu-00_ldsp.lht_iter_g1.stf
sg1iterdeconid0000298,wrappersiftstfbymisfitid0001101,0.002680000,2680,b011-pb-_ldsp.lht_iter_g1.stf
sg1iterdeconid0000055,wrappersiftstfbymisfitid0001101,0.004728000,4728,t42a-ta-_ldsp.lht_iter_g1.stf
sg1iterdeconid0000297,wrappersiftstfbymisfitid0001101,0.008824000,8824,fiesa-ch-_ldsp.lht_iter_g1.stf
sg1iterdeconid0000061,wrappersiftstfbymisfitid0001101,0.004728000,4728,m54a-ta-_ldsp.lht_iter_g1.stf
sg1iterdeconid0000060,wrappersiftstfbymisfitid0001101,0.004728000,4728,i41a-ta-_ldsp.lht_iter_g1.stf
sg1iterdeconid0000063,wrappersiftstfbymisfitid0001101,0.004728000,4728,121a-ta-_ldsp.lht_iter_g1.stf
sg1iterdeconid0000062,wrappersiftstfbymisfitid0001101,0.008824000,8824,tpub-tw-_ldsp.lht_iter_g1.stf
sg1iterdeconid0000069,wrappersiftstfbymisfitid0001101,0.004728000,4728,h47a-ta-_ldsp.lht_iter_g1.stf
sg1iterdeconid0000068,wrappersiftstfbymisfitid0001101,0.002680000,2680,hda-ta-_ldsp.lht_iter_g1.stf
sg1iterdeconid0000065,wrappersiftstfbymisfitid0001101,0.017016000,17016,uoss-ii-00_ldsp.lht_iter_g1.stf
sg1iterdeconid0000064,wrappersiftstfbymisfitid0001101,0.008824000,8824,cel-mn-_ldsp.lht_iter_g1.stf
sg1iterdeconid0000067,wrappersiftstfbymisfitid0001101,0.004728000,4728,y41a-ta-_ldsp.lht_iter_g1.stf
sg1iterdeconid0000066,wrappersiftstfbymisfitid0001101,0.004728000,4728,bill-iu-00_ldsp.lht_iter_g1.stf
sg1iterdeconid0000072,wrappersiftstfbymisfitid0001101,0.017016000,17016,qrz-nz-10_ldsp.lht_iter_g1.stf
sg1iterdeconid0000071,wrappersiftstfbymisfitid0001101,0.002680000,2680,d04e-ta-_ldsp.lht_iter_g1.stf
sg1iterdeconid0000074,wrappersiftstfbymisfitid0001101,0.002680000,2680,l29-xt-_ldsp.lht_iter_g1.stf
sg1iterdeconid0000073,wrappersiftstfbymisfitid0001101,0.017016000,17016,mpat-yt-_ldsp.lht_iter_g1.stf
sg1iterdeconid0000070,wrappersiftstfbymisfitid0001101,0.004728000,4728,g42a-ta-_ldsp.lht_iter_g1.stf
sg1iterdeconid0000098,wrappersiftstfbymisfitid0001101,0.004728000,4728,ccm-iu-00_ldsp.lht_iter_g1.stf
sg1iterdeconid0000097,wrappersiftstfbymisfitid0001101,0.002680000,2680,o02d-ta-_ldsp.lht_iter_g1.stf
sg1iterdeconid0000099,wrappersiftstfbymisfitid0001101,0.008824000,8824,ptga-iu-00_ldsp.lht_iter_g1.stf
sg1iterdeconid0000913,wrappersiftstfbymisfitid0001101,0.008824000,8824,fs12-zd-_ldsp.lht_iter_g1.stf
sg1iterdeconid0000912,wrappersiftstfbymisfitid0001101,0.002680000,2680,d05-xt-_ldsp.lht_iter_g1.stf
sg1iterdeconid0000915,wrappersiftstfbymisfitid0001101,0.004728000,4728,u44a-ta-_ldsp.lht_iter_g1.stf
sg1iterdeconid0000914,wrappersiftstfbymisfitid0001101,0.017016000,17016,hiz-nz-10_ldsp.lht_iter_g1.stf
sg1iterdeconid0000911,wrappersiftstfbymisfitid0001101,0.004728000,4728,149a-ta-_ldsp.lht_iter_g1.stf
sg1iterdeconid0000910,wrappersiftstfbymisfitid0001101,0.004728000,4728,o48a-ta-_ldsp.lht_iter_g1.stf
sg1iterdeconid0000917,wrappersiftstfbymisfitid0001101,0.008824000,8824,blun-nu-_ldsp.lht_iter_g1.stf
sg1iterdeconid0000916,wrappersiftstfbymisfitid0001101,0.004728000,4728,plal-nm-00_ldsp.lht_iter_g1.stf
sg1iterdeconid0000919,wrappersiftstfbymisfitid0001101,0.004728000,4728,b086-pb-_ldsp.lht_iter_g1.stf
sg1iterdeconid0000918,wrappersiftstfbymisfitid0001101,0.004728000,4728,tuleg-dk-_ldsp.lht_iter_g1.stf
sg1iterdeconid0000924,wrappersiftstfbymisfitid0001101,0.004728000,4728,b076-pb-_ldsp.lht_iter_g1.stf
sg1iterdeconid0000923,wrappersiftstfbymisfitid0001101,0.004728000,4728,e43a-ta-_ldsp.lht_iter_g1.stf
sg1iterdeconid0000926,wrappersiftstfbymisfitid0001101,0.001656000,1656,bbb-cn-_ldsp.lht_iter_g1.stf
sg1iterdeconid0000925,wrappersiftstfbymisfitid0001101,0.002680000,2680,d14-xt-_ldsp.lht_iter_g1.stf
sg1iterdeconid0000920,wrappersiftstfbymisfitid0001101,0.004728000,4728,sdco-us-00_ldsp.lht_iter_g1.stf
sg1iterdeconid0000922,wrappersiftstfbymisfitid0001101,0.004728000,4728,f39a-ta-_ldsp.lht_iter_g1.stf
sg1iterdeconid0000921,wrappersiftstfbymisfitid0001101,0.004728000,4728,tpnv-us-00_ldsp.lht_iter_g1.stf
sg1iterdeconid0000928,wrappersiftstfbymisfitid0001101,0.008824000,8824,pats-ps-_ldsp.lht_iter_g1.stf
sg1iterdeconid0000927,wrappersiftstfbymisfitid0001101,0.004728000,4728,tuc-iu-10_ldsp.lht_iter_g1.stf
sg1iterdeconid0000929,wrappersiftstfbymisfitid0001101,0.008824000,8824,ulhl-kn-_ldsp.lht_iter_g1.stf
sg1iterdeconid0000902,wrappersiftstfbymisfitid0001101,0.004728000,4728,nc03-xq-_ldsp.lht_iter_g1.stf
sg1iterdeconid0000901,wrappersiftstfbymisfitid0001101,0.017016000,17016,sim-rm-_ldsp.lht_iter_g1.stf
sg1iterdeconid0000904,wrappersiftstfbymisfitid0001101,0.004728000,4728,brnj-ld-_ldsp.lht_iter_g1.stf
sg1iterdeconid0000903,wrappersiftstfbymisfitid0001101,0.004728000,4728,x49a-ta-_ldsp.lht_iter_g1.stf
sg1iterdeconid0000900,wrappersiftstfbymisfitid0001101,0.004728000,4728,glmi-us-00_ldsp.lht_iter_g1.stf
sg1iterdeconid0000909,wrappersiftstfbymisfitid0001101,0.004728000,4728,v46a-ta-_ldsp.lht_iter_g1.stf
sg1iterdeconid0000906,wrappersiftstfbymisfitid0001101,0.004728000,4728,s41a-ta-_ldsp.lht_iter_g1.stf
sg1iterdeconid0000905,wrappersiftstfbymisfitid0001101,0.004728000,4728,ikp-ci-_ldsp.lht_iter_g1.stf
sg1iterdeconid0000908,wrappersiftstfbymisfitid0001101,0.002680000,2680,l07-xt-_ldsp.lht_iter_g1.stf
sg1iterdeconid0000907,wrappersiftstfbymisfitid0001101,0.004728000,4728,m42a-ta-_ldsp.lht_iter_g1.stf
sg1iterdeconid0000951,wrappersiftstfbymisfitid0001101,0.004728000,4728,lgu-ci-_ldsp.lht_iter_g1.stf
sg1iterdeconid0000950,wrappersiftstfbymisfitid0001101,0.004728000,4728,o50a-ta-_ldsp.lht_iter_g1.stf
sg1iterdeconid0000715,wrappersiftstfbymisfitid0001101,0.017016000,17016,batg-xv-_ldsp.lht_iter_g1.stf
sg1iterdeconid0000957,wrappersiftstfbymisfitid0001101,0.017016000,17016,pig4-xc-_ldsp.lht_iter_g1.stf
sg1iterdeconid0000714,wrappersiftstfbymisfitid0001101,0.004728000,4728,353a-ta-_ldsp.lht_iter_g1.stf
sg1iterdeconid0000956,wrappersiftstfbymisfitid0001101,0.004728000,4728,ss83-xi-_ldsp.lht_iter_g1.stf
sg1iterdeconid0000717,wrappersiftstfbymisfitid0001101,0.004728000,4728,o54a-ta-_ldsp.lht_iter_g1.stf
sg1iterdeconid0000959,wrappersiftstfbymisfitid0001101,0.004728000,4728,t50a-ta-_ldsp.lht_iter_g1.stf
sg1iterdeconid0000716,wrappersiftstfbymisfitid0001101,0.002680000,2680,b040-pb-_ldsp.lht_iter_g1.stf
sg1iterdeconid0000958,wrappersiftstfbymisfitid0001101,0.008824000,8824,unm-g-00_ldsp.lht_iter_g1.stf
sg1iterdeconid0000711,wrappersiftstfbymisfitid0001101,0.004728000,4728,j55a-ta-_ldsp.lht_iter_g1.stf
sg1iterdeconid0000953,wrappersiftstfbymisfitid0001101,0.008824000,8824,657a-ta-_ldsp.lht_iter_g1.stf
sg1iterdeconid0000710,wrappersiftstfbymisfitid0001101,0.008824000,8824,fs11-zd-_ldsp.lht_iter_g1.stf
sg1iterdeconid0000952,wrappersiftstfbymisfitid0001101,0.008824000,8824,655a-ta-_ldsp.lht_iter_g1.stf
sg1iterdeconid0000713,wrappersiftstfbymisfitid0001101,0.008824000,8824,sjg-iu-10_ldsp.lht_iter_g1.stf
sg1iterdeconid0000955,wrappersiftstfbymisfitid0001101,0.004728000,4728,gla-ci-_ldsp.lht_iter_g1.stf
sg1iterdeconid0000712,wrappersiftstfbymisfitid0001101,0.004728000,4728,j42a-ta-_ldsp.lht_iter_g1.stf
sg1iterdeconid0000954,wrappersiftstfbymisfitid0001101,0.004728000,4728,x40a-ta-_ldsp.lht_iter_g1.stf
sg1iterdeconid0000719,wrappersiftstfbymisfitid0001101,0.004728000,4728,h52a-ta-_ldsp.lht_iter_g1.stf
sg1iterdeconid0000718,wrappersiftstfbymisfitid0001101,0.004728000,4728,ncb-ld-_ldsp.lht_iter_g1.stf
sg1iterdeconid0000960,wrappersiftstfbymisfitid0001101,0.008824000,8824,kiev-iu-00_ldsp.lht_iter_g1.stf
sg1iterdeconid0000720,wrappersiftstfbymisfitid0001101,0.004728000,4728,poha-iu-10_ldsp.lht_iter_g1.stf
sg1iterdeconid0000962,wrappersiftstfbymisfitid0001101,0.004728000,4728,u45a-ta-_ldsp.lht_iter_g1.stf
sg1iterdeconid0000961,wrappersiftstfbymisfitid0001101,0.017016000,17016,crzf-g-10_ldsp.lht_iter_g1.stf
sg1iterdeconid0000726,wrappersiftstfbymisfitid0001101,0.017016000,17016,wrab-ii-10_ldsp.lht_iter_g1.stf
sg1iterdeconid0000968,wrappersiftstfbymisfitid0001101,0.004728000,4728,cnnc-us-00_ldsp.lht_iter_g1.stf
sg1iterdeconid0000725,wrappersiftstfbymisfitid0001101,0.008824000,8824,gumo-iu-00_ldsp.lht_iter_g1.stf
sg1iterdeconid0000967,wrappersiftstfbymisfitid0001101,0.002680000,2680,l04d-ta-_ldsp.lht_iter_g1.stf
sg1iterdeconid0000728,wrappersiftstfbymisfitid0001101,0.004728000,4728,s45a-ta-_ldsp.lht_iter_g1.stf
sg1iterdeconid0000727,wrappersiftstfbymisfitid0001101,0.004728000,4728,v43a-ta-_ldsp.lht_iter_g1.stf
sg1iterdeconid0000969,wrappersiftstfbymisfitid0001101,0.004728000,4728,chf-ci-_ldsp.lht_iter_g1.stf
sg1iterdeconid0000722,wrappersiftstfbymisfitid0001101,0.017016000,17016,sba-iu-00_ldsp.lht_iter_g1.stf
sg1iterdeconid0000964,wrappersiftstfbymisfitid0001101,0.017016000,17016,kom-my-_ldsp.lht_iter_g1.stf
sg1iterdeconid0000721,wrappersiftstfbymisfitid0001101,0.002680000,2680,d31-xt-_ldsp.lht_iter_g1.stf
sg1iterdeconid0000963,wrappersiftstfbymisfitid0001101,0.004728000,4728,h56a-ta-_ldsp.lht_iter_g1.stf
sg1iterdeconid0000724,wrappersiftstfbymisfitid0001101,0.004728000,4728,a25-xd-_ldsp.lht_iter_g1.stf
sg1iterdeconid0000966,wrappersiftstfbymisfitid0001101,0.002680000,2680,k04d-ta-_ldsp.lht_iter_g1.stf
sg1iterdeconid0000723,wrappersiftstfbymisfitid0001101,0.004728000,4728,t44a-ta-_ldsp.lht_iter_g1.stf
sg1iterdeconid0000965,wrappersiftstfbymisfitid0001101,0.008824000,8824,859a-ta-_ldsp.lht_iter_g1.stf
sg1iterdeconid0000729,wrappersiftstfbymisfitid0001101,0.002680000,2680,d26-xt-_ldsp.lht_iter_g1.stf
sg1iterdeconid0000935,wrappersiftstfbymisfitid0001101,0.017016000,17016,lzac-xp-_ldsp.lht_iter_g1.stf
sg1iterdeconid0000934,wrappersiftstfbymisfitid0001101,0.002680000,2680,d45-xt-_ldsp.lht_iter_g1.stf
sg1iterdeconid0000937,wrappersiftstfbymisfitid0001101,0.004728000,4728,kip-iu-10_ldsp.lht_iter_g1.stf
sg1iterdeconid0000936,wrappersiftstfbymisfitid0001101,0.002680000,2680,b022-pb-_ldsp.lht_iter_g1.stf
sg1iterdeconid0000931,wrappersiftstfbymisfitid0001101,0.004728000,4728,o43a-ta-_ldsp.lht_iter_g1.stf
sg1iterdeconid0000930,wrappersiftstfbymisfitid0001101,0.004728000,4728,sc03-xi-_ldsp.lht_iter_g1.stf
sg1iterdeconid0000933,wrappersiftstfbymisfitid0001101,0.002680000,2680,humo-bk-00_ldsp.lht_iter_g1.stf
sg1iterdeconid0000932,wrappersiftstfbymisfitid0001101,0.002680000,2680,d34-xt-_ldsp.lht_iter_g1.stf
sg1iterdeconid0000939,wrappersiftstfbymisfitid0001101,0.002680000,2680,d56-xt-_ldsp.lht_iter_g1.stf
sg1iterdeconid0000938,wrappersiftstfbymisfitid0001101,0.004728000,4728,nc04-xq-_ldsp.lht_iter_g1.stf
sg1iterdeconid0000940,wrappersiftstfbymisfitid0001101,0.002680000,2680,d38-xt-_ldsp.lht_iter_g1.stf
sg1iterdeconid0000704,wrappersiftstfbymisfitid0001101,0.008824000,8824,isog-dk-_ldsp.lht_iter_g1.stf
sg1iterdeconid0000946,wrappersiftstfbymisfitid0001101,0.017016000,17016,pig3-xc-_ldsp.lht_iter_g1.stf
sg1iterdeconid0000703,wrappersiftstfbymisfitid0001101,0.008824000,8824,tato-iu-10_ldsp.lht_iter_g1.stf
sg1iterdeconid0000945,wrappersiftstfbymisfitid0001101,0.008824000,8824,nacb-tw-_ldsp.lht_iter_g1.stf
sg1iterdeconid0000706,wrappersiftstfbymisfitid0001101,0.008824000,8824,nil-ii-00_ldsp.lht_iter_g1.stf
sg1iterdeconid0000948,wrappersiftstfbymisfitid0001101,0.004728000,4728,m50a-ta-_ldsp.lht_iter_g1.stf
sg1iterdeconid0000705,wrappersiftstfbymisfitid0001101,0.017016000,17016,chto-iu-10_ldsp.lht_iter_g1.stf
sg1iterdeconid0000947,wrappersiftstfbymisfitid0001101,0.017016000,17016,dntw-yt-_ldsp.lht_iter_g1.stf
sg1iterdeconid0000700,wrappersiftstfbymisfitid0001101,0.004728000,4728,s46a-ta-_ldsp.lht_iter_g1.stf
sg1iterdeconid0000942,wrappersiftstfbymisfitid0001101,0.004728000,4728,wcny-ld-_ldsp.lht_iter_g1.stf
sg1iterdeconid0000941,wrappersiftstfbymisfitid0001101,0.004728000,4728,edw2-ci-_ldsp.lht_iter_g1.stf
sg1iterdeconid0000702,wrappersiftstfbymisfitid0001101,0.008824000,8824,bjt-ic-00_ldsp.lht_iter_g1.stf
sg1iterdeconid0000944,wrappersiftstfbymisfitid0001101,0.004728000,4728,midw-iu-00_ldsp.lht_iter_g1.stf
sg1iterdeconid0000701,wrappersiftstfbymisfitid0001101,0.002680000,2680,d16-xt-_ldsp.lht_iter_g1.stf
sg1iterdeconid0000943,wrappersiftstfbymisfitid0001101,0.008824000,8824,sanvu-g-00_ldsp.lht_iter_g1.stf
sg1iterdeconid0000708,wrappersiftstfbymisfitid0001101,0.004728000,4728,p48a-ta-_ldsp.lht_iter_g1.stf
sg1iterdeconid0000707,wrappersiftstfbymisfitid0001101,0.002680000,2680,l18-xt-_ldsp.lht_iter_g1.stf
sg1iterdeconid0000949,wrappersiftstfbymisfitid0001101,0.008824000,8824,vlc-mn-_ldsp.lht_iter_g1.stf
sg1iterdeconid0000709,wrappersiftstfbymisfitid0001101,0.004728000,4728,y45a-ta-_ldsp.lht_iter_g1.stf
sg1iterdeconid0000630,wrappersiftstfbymisfitid0001101,0.004728000,4728,sc04-xi-_ldsp.lht_iter_g1.stf
sg1iterdeconid0000872,wrappersiftstfbymisfitid0001101,0.004728000,4728,p53a-ta-_ldsp.lht_iter_g1.stf
sg1iterdeconid0000871,wrappersiftstfbymisfitid0001101,0.008824000,8824,kbs-iu-10_ldsp.lht_iter_g1.stf
sg1iterdeconid0000632,wrappersiftstfbymisfitid0001101,0.004728000,4728,r11a-ta-_ldsp.lht_iter_g1.stf
sg1iterdeconid0000874,wrappersiftstfbymisfitid0001101,0.004728000,4728,gra-ci-_ldsp.lht_iter_g1.stf
sg1iterdeconid0000631,wrappersiftstfbymisfitid0001101,0.017016000,17016,bkz-nz-10_ldsp.lht_iter_g1.stf
sg1iterdeconid0000873,wrappersiftstfbymisfitid0001101,0.017016000,17016,berg-xv-_ldsp.lht_iter_g1.stf
sg1iterdeconid0000870,wrappersiftstfbymisfitid0001101,0.002680000,2680,b207-pb-_ldsp.lht_iter_g1.stf
sg1iterdeconid0000638,wrappersiftstfbymisfitid0001101,0.004728000,4728,q41a-ta-_ldsp.lht_iter_g1.stf
sg1iterdeconid0000637,wrappersiftstfbymisfitid0001101,0.008824000,8824,059a-ta-_ldsp.lht_iter_g1.stf
sg1iterdeconid0000879,wrappersiftstfbymisfitid0001101,0.008824000,8824,nhsc-us-00_ldsp.lht_iter_g1.stf
sg1iterdeconid0000639,wrappersiftstfbymisfitid0001101,0.004728000,4728,n42a-ta-_ldsp.lht_iter_g1.stf
sg1iterdeconid0000634,wrappersiftstfbymisfitid0001101,0.002680000,2680,l16-xt-_ldsp.lht_iter_g1.stf
sg1iterdeconid0000876,wrappersiftstfbymisfitid0001101,0.004728000,4728,ccm-iu-10_ldsp.lht_iter_g1.stf
sg1iterdeconid0000633,wrappersiftstfbymisfitid0001101,0.002680000,2680,d35-xt-_ldsp.lht_iter_g1.stf
sg1iterdeconid0000875,wrappersiftstfbymisfitid0001101,0.004728000,4728,v53a-ta-_ldsp.lht_iter_g1.stf
sg1iterdeconid0000636,wrappersiftstfbymisfitid0001101,0.002680000,2680,b049-pb-_ldsp.lht_iter_g1.stf
sg1iterdeconid0000878,wrappersiftstfbymisfitid0001101,0.004728000,4728,ss81-xi-_ldsp.lht_iter_g1.stf
sg1iterdeconid0000635,wrappersiftstfbymisfitid0001101,0.004728000,4728,sol-az-_ldsp.lht_iter_g1.stf
sg1iterdeconid0000877,wrappersiftstfbymisfitid0001101,0.004728000,4728,b066-pb-_ldsp.lht_iter_g1.stf
sg1iterdeconid0000641,wrappersiftstfbymisfitid0001101,0.004728000,4728,r42a-ta-_ldsp.lht_iter_g1.stf
sg1iterdeconid0000883,wrappersiftstfbymisfitid0001101,0.004728000,4728,mdnd-ta-_ldsp.lht_iter_g1.stf
sg1iterdeconid0000640,wrappersiftstfbymisfitid0001101,0.004728000,4728,nc06-xq-_ldsp.lht_iter_g1.stf
sg1iterdeconid0000882,wrappersiftstfbymisfitid0001101,0.008824000,8824,pmoz-pm-_ldsp.lht_iter_g1.stf
sg1iterdeconid0000401,wrappersiftstfbymisfitid0001101,0.017016000,17016,dgos-xv-_ldsp.lht_iter_g1.stf
sg1iterdeconid0000643,wrappersiftstfbymisfitid0001101,0.002680000,2680,l05-xt-_ldsp.lht_iter_g1.stf
sg1iterdeconid0000885,wrappersiftstfbymisfitid0001101,0.002680000,2680,b017-pb-_ldsp.lht_iter_g1.stf
sg1iterdeconid0000400,wrappersiftstfbymisfitid0001101,0.002680000,2680,e04d-ta-_ldsp.lht_iter_g1.stf
sg1iterdeconid0000642,wrappersiftstfbymisfitid0001101,0.004728000,4728,n51a-ta-_ldsp.lht_iter_g1.stf
sg1iterdeconid0000884,wrappersiftstfbymisfitid0001101,0.002680000,2680,l20-xt-_ldsp.lht_iter_g1.stf
sg1iterdeconid0000881,wrappersiftstfbymisfitid0001101,0.004728000,4728,dgr-ci-_ldsp.lht_iter_g1.stf
sg1iterdeconid0000880,wrappersiftstfbymisfitid0001101,0.008824000,8824,ptga-iu-10_ldsp.lht_iter_g1.stf
sg1iterdeconid0000407,wrappersiftstfbymisfitid0001101,0.004728000,4728,e45a-ta-_ldsp.lht_iter_g1.stf
sg1iterdeconid0000649,wrappersiftstfbymisfitid0001101,0.017016000,17016,coco-ii-10_ldsp.lht_iter_g1.stf
sg1iterdeconid0000406,wrappersiftstfbymisfitid0001101,0.004728000,4728,u49a-ta-_ldsp.lht_iter_g1.stf
sg1iterdeconid0000648,wrappersiftstfbymisfitid0001101,0.004728000,4728,sfjd-iu-10_ldsp.lht_iter_g1.stf
sg1iterdeconid0000409,wrappersiftstfbymisfitid0001101,0.004728000,4728,w44a-ta-_ldsp.lht_iter_g1.stf
sg1iterdeconid0000408,wrappersiftstfbymisfitid0001101,0.008824000,8824,555a-ta-_ldsp.lht_iter_g1.stf
sg1iterdeconid0000403,wrappersiftstfbymisfitid0001101,0.017016000,17016,bael-xv-_ldsp.lht_iter_g1.stf
sg1iterdeconid0000645,wrappersiftstfbymisfitid0001101,0.008824000,8824,060z-ta-_ldsp.lht_iter_g1.stf
sg1iterdeconid0000887,wrappersiftstfbymisfitid0001101,0.002680000,2680,d04-xt-_ldsp.lht_iter_g1.stf
sg1iterdeconid0000402,wrappersiftstfbymisfitid0001101,0.004728000,4728,a29-xd-_ldsp.lht_iter_g1.stf
sg1iterdeconid0000644,wrappersiftstfbymisfitid0001101,0.004728000,4728,k42a-ta-_ldsp.lht_iter_g1.stf
sg1iterdeconid0000886,wrappersiftstfbymisfitid0001101,0.004728000,4728,j40a-ta-_ldsp.lht_iter_g1.stf
sg1iterdeconid0000405,wrappersiftstfbymisfitid0001101,0.008824000,8824,sjg-iu-00_ldsp.lht_iter_g1.stf
sg1iterdeconid0000647,wrappersiftstfbymisfitid0001101,0.004728000,4728,sc09-xi-_ldsp.lht_iter_g1.stf
sg1iterdeconid0000889,wrappersiftstfbymisfitid0001101,0.004728000,4728,usc-ci-_ldsp.lht_iter_g1.stf
sg1iterdeconid0000404,wrappersiftstfbymisfitid0001101,0.002680000,2680,d18-xt-_ldsp.lht_iter_g1.stf
sg1iterdeconid0000646,wrappersiftstfbymisfitid0001101,0.004728000,4728,150a-ta-_ldsp.lht_iter_g1.stf
sg1iterdeconid0000888,wrappersiftstfbymisfitid0001101,0.017016000,17016,lvc-iu-00_ldsp.lht_iter_g1.stf
sg1iterdeconid0000850,wrappersiftstfbymisfitid0001101,0.004728000,4728,p47a-ta-_ldsp.lht_iter_g1.stf
sg1iterdeconid0000610,wrappersiftstfbymisfitid0001101,0.004728000,4728,n41a-ta-_ldsp.lht_iter_g1.stf
sg1iterdeconid0000852,wrappersiftstfbymisfitid0001101,0.004728000,4728,bbr-ci-_ldsp.lht_iter_g1.stf
sg1iterdeconid0000851,wrappersiftstfbymisfitid0001101,0.008824000,8824,enh-ic-00_ldsp.lht_iter_g1.stf
sg1iterdeconid0000616,wrappersiftstfbymisfitid0001101,0.008824000,8824,356a-ta-_ldsp.lht_iter_g1.stf
sg1iterdeconid0000858,wrappersiftstfbymisfitid0001101,0.004728000,4728,u41a-ta-_ldsp.lht_iter_g1.stf
sg1iterdeconid0000615,wrappersiftstfbymisfitid0001101,0.004728000,4728,833a-ta-_ldsp.lht_iter_g1.stf
sg1iterdeconid0000857,wrappersiftstfbymisfitid0001101,0.002680000,2680,l25-xt-_ldsp.lht_iter_g1.stf
sg1iterdeconid0000618,wrappersiftstfbymisfitid0001101,0.004728000,4728,o44a-ta-_ldsp.lht_iter_g1.stf
sg1iterdeconid0000617,wrappersiftstfbymisfitid0001101,0.004728000,4728,j47a-ta-_ldsp.lht_iter_g1.stf
sg1iterdeconid0000859,wrappersiftstfbymisfitid0001101,0.004728000,4728,cbks-us-00_ldsp.lht_iter_g1.stf
sg1iterdeconid0000612,wrappersiftstfbymisfitid0001101,0.004728000,4728,349a-ta-_ldsp.lht_iter_g1.stf
sg1iterdeconid0000854,wrappersiftstfbymisfitid0001101,0.008824000,8824,256a-ta-_ldsp.lht_iter_g1.stf
sg1iterdeconid0000611,wrappersiftstfbymisfitid0001101,0.004728000,4728,p45a-ta-_ldsp.lht_iter_g1.stf
sg1iterdeconid0000853,wrappersiftstfbymisfitid0001101,0.008824000,8824,sddr-cu-00_ldsp.lht_iter_g1.stf
sg1iterdeconid0000614,wrappersiftstfbymisfitid0001101,0.004728000,4728,u43a-ta-_ldsp.lht_iter_g1.stf
sg1iterdeconid0000856,wrappersiftstfbymisfitid0001101,0.004728000,4728,i51a-ta-_ldsp.lht_iter_g1.stf
sg1iterdeconid0000613,wrappersiftstfbymisfitid0001101,0.004728000,4728,r41a-ta-_ldsp.lht_iter_g1.stf
sg1iterdeconid0000855,wrappersiftstfbymisfitid0001101,0.004728000,4728,153a-ta-_ldsp.lht_iter_g1.stf
sg1iterdeconid0000619,wrappersiftstfbymisfitid0001101,0.004728000,4728,pasc-ci-00_ldsp.lht_iter_g1.stf
sg1iterdeconid0000861,wrappersiftstfbymisfitid0001101,0.002680000,2680,ykw3-cn-_ldsp.lht_iter_g1.stf
sg1iterdeconid0000860,wrappersiftstfbymisfitid0001101,0.004728000,4728,sn54-xi-_ldsp.lht_iter_g1.stf
sg1iterdeconid0000621,wrappersiftstfbymisfitid0001101,0.004728000,4728,s43a-ta-_ldsp.lht_iter_g1.stf
sg1iterdeconid0000863,wrappersiftstfbymisfitid0001101,0.004728000,4728,k55a-ta-_ldsp.lht_iter_g1.stf
sg1iterdeconid0000620,wrappersiftstfbymisfitid0001101,0.008824000,8824,divs-mn-_ldsp.lht_iter_g1.stf
sg1iterdeconid0000862,wrappersiftstfbymisfitid0001101,0.004728000,4728,z51a-ta-_ldsp.lht_iter_g1.stf
sg1iterdeconid0000627,wrappersiftstfbymisfitid0001101,0.004728000,4728,p41a-ta-_ldsp.lht_iter_g1.stf
sg1iterdeconid0000869,wrappersiftstfbymisfitid0001101,0.008824000,8824,sle-ch-_ldsp.lht_iter_g1.stf
sg1iterdeconid0000626,wrappersiftstfbymisfitid0001101,0.008824000,8824,757a-ta-_ldsp.lht_iter_g1.stf
sg1iterdeconid0000868,wrappersiftstfbymisfitid0001101,0.002680000,2680,b943-pb-_ldsp.lht_iter_g1.stf
sg1iterdeconid0000629,wrappersiftstfbymisfitid0001101,0.017016000,17016,psi-ps-_ldsp.lht_iter_g1.stf
sg1iterdeconid0000628,wrappersiftstfbymisfitid0001101,0.004728000,4728,i40a-ta-_ldsp.lht_iter_g1.stf
sg1iterdeconid0000623,wrappersiftstfbymisfitid0001101,0.017016000,17016,kmbo-iu-10_ldsp.lht_iter_g1.stf
sg1iterdeconid0000865,wrappersiftstfbymisfitid0001101,0.004728000,4728,sn53-xi-_ldsp.lht_iter_g1.stf
sg1iterdeconid0000622,wrappersiftstfbymisfitid0001101,0.017016000,17016,rcbr-iu-00_ldsp.lht_iter_g1.stf
sg1iterdeconid0000864,wrappersiftstfbymisfitid0001101,0.017016000,17016,bfz-nz-10_ldsp.lht_iter_g1.stf
sg1iterdeconid0000625,wrappersiftstfbymisfitid0001101,0.004728000,4728,cpny-ld-_ldsp.lht_iter_g1.stf
sg1iterdeconid0000867,wrappersiftstfbymisfitid0001101,0.004728000,4728,m51a-ta-_ldsp.lht_iter_g1.stf
sg1iterdeconid0000624,wrappersiftstfbymisfitid0001101,0.008824000,8824,553a-ta-_ldsp.lht_iter_g1.stf
sg1iterdeconid0000866,wrappersiftstfbymisfitid0001101,0.017016000,17016,efi-ii-10_ldsp.lht_iter_g1.stf
sg1iterdeconid0000432,wrappersiftstfbymisfitid0001101,0.002680000,2680,d11-xt-_ldsp.lht_iter_g1.stf
sg1iterdeconid0000674,wrappersiftstfbymisfitid0001101,0.004728000,4728,tul1-ta-_ldsp.lht_iter_g1.stf
sg1iterdeconid0000431,wrappersiftstfbymisfitid0001101,0.004728000,4728,x47a-ta-_ldsp.lht_iter_g1.stf
sg1iterdeconid0000673,wrappersiftstfbymisfitid0001101,0.002680000,2680,d21-xt-_ldsp.lht_iter_g1.stf
sg1iterdeconid0000434,wrappersiftstfbymisfitid0001101,0.017016000,17016,efi-ii-00_ldsp.lht_iter_g1.stf
sg1iterdeconid0000676,wrappersiftstfbymisfitid0001101,0.017016000,17016,trqa-iu-10_ldsp.lht_iter_g1.stf
sg1iterdeconid0000433,wrappersiftstfbymisfitid0001101,0.002680000,2680,b036-pb-_ldsp.lht_iter_g1.stf
sg1iterdeconid0000675,wrappersiftstfbymisfitid0001101,0.004728000,4728,k40a-ta-_ldsp.lht_iter_g1.stf
sg1iterdeconid0000670,wrappersiftstfbymisfitid0001101,0.004728000,4728,b065-pb-_ldsp.lht_iter_g1.stf
sg1iterdeconid0000430,wrappersiftstfbymisfitid0001101,0.004728000,4728,147a-ta-_ldsp.lht_iter_g1.stf
sg1iterdeconid0000672,wrappersiftstfbymisfitid0001101,0.008824000,8824,grfo-iu-_ldsp.lht_iter_g1.stf
sg1iterdeconid0000671,wrappersiftstfbymisfitid0001101,0.004728000,4728,u32a-ok-_ldsp.lht_iter_g1.stf
sg1iterdeconid0000439,wrappersiftstfbymisfitid0001101,0.017016000,17016,w01pd-xk-_ldsp.lht_iter_g1.stf
sg1iterdeconid0000436,wrappersiftstfbymisfitid0001101,0.004728000,4728,nuuk-dk-_ldsp.lht_iter_g1.stf
sg1iterdeconid0000678,wrappersiftstfbymisfitid0001101,0.004728000,4728,sc13-xi-_ldsp.lht_iter_g1.stf
sg1iterdeconid0000435,wrappersiftstfbymisfitid0001101,0.004728000,4728,s42a-ta-_ldsp.lht_iter_g1.stf
sg1iterdeconid0000677,wrappersiftstfbymisfitid0001101,0.004728000,4728,nc01-xq-_ldsp.lht_iter_g1.stf
sg1iterdeconid0000438,wrappersiftstfbymisfitid0001101,0.002680000,2680,l19-xt-_ldsp.lht_iter_g1.stf
sg1iterdeconid0000437,wrappersiftstfbymisfitid0001101,0.004728000,4728,osi-ci-_ldsp.lht_iter_g1.stf
sg1iterdeconid0000679,wrappersiftstfbymisfitid0001101,0.004728000,4728,a22-xd-_ldsp.lht_iter_g1.stf
sg1iterdeconid0000201,wrappersiftstfbymisfitid0001101,0.004728000,4728,nc08-xq-_ldsp.lht_iter_g1.stf
sg1iterdeconid0000443,wrappersiftstfbymisfitid0001101,0.004728000,4728,wmc-az-_ldsp.lht_iter_g1.stf
sg1iterdeconid0000685,wrappersiftstfbymisfitid0001101,0.002680000,2680,pic1-ye-01_ldsp.lht_iter_g1.stf
sg1iterdeconid0000200,wrappersiftstfbymisfitid0001101,0.002680000,2680,d40-xt-_ldsp.lht_iter_g1.stf
sg1iterdeconid0000442,wrappersiftstfbymisfitid0001101,0.004728000,4728,o51a-ta-_ldsp.lht_iter_g1.stf
sg1iterdeconid0000684,wrappersiftstfbymisfitid0001101,0.004728000,4728,q47a-ta-_ldsp.lht_iter_g1.stf
sg1iterdeconid0000203,wrappersiftstfbymisfitid0001101,0.008824000,8824,hia-ic-00_ldsp.lht_iter_g1.stf
sg1iterdeconid0000445,wrappersiftstfbymisfitid0001101,0.002680000,2680,i05d-ta-_ldsp.lht_iter_g1.stf
sg1iterdeconid0000687,wrappersiftstfbymisfitid0001101,0.017016000,17016,band-xv-_ldsp.lht_iter_g1.stf
sg1iterdeconid0000202,wrappersiftstfbymisfitid0001101,0.004728000,4728,l49a-ta-_ldsp.lht_iter_g1.stf
sg1iterdeconid0000444,wrappersiftstfbymisfitid0001101,0.004728000,4728,r50a-ta-_ldsp.lht_iter_g1.stf
sg1iterdeconid0000686,wrappersiftstfbymisfitid0001101,0.004728000,4728,m47a-ta-_ldsp.lht_iter_g1.stf
sg1iterdeconid0000681,wrappersiftstfbymisfitid0001101,0.004728000,4728,q42a-ta-_ldsp.lht_iter_g1.stf
sg1iterdeconid0000680,wrappersiftstfbymisfitid0001101,0.002680000,2680,d49-xt-_ldsp.lht_iter_g1.stf
sg1iterdeconid0000441,wrappersiftstfbymisfitid0001101,0.004728000,4728,isco-us-00_ldsp.lht_iter_g1.stf
sg1iterdeconid0000683,wrappersiftstfbymisfitid0001101,0.017016000,17016,lz6-xp-_ldsp.lht_iter_g1.stf
sg1iterdeconid0000440,wrappersiftstfbymisfitid0001101,0.004728000,4728,z48a-ta-_ldsp.lht_iter_g1.stf
sg1iterdeconid0000682,wrappersiftstfbymisfitid0001101,0.008824000,8824,kev-iu-00_ldsp.lht_iter_g1.stf
sg1iterdeconid0000209,wrappersiftstfbymisfitid0001101,0.004728000,4728,t25a-ta-_ldsp.lht_iter_g1.stf
sg1iterdeconid0000208,wrappersiftstfbymisfitid0001101,0.004728000,4728,ss66-xi-_ldsp.lht_iter_g1.stf
sg1iterdeconid0000205,wrappersiftstfbymisfitid0001101,0.001656000,1656,b927-pb-_ldsp.lht_iter_g1.stf
sg1iterdeconid0000447,wrappersiftstfbymisfitid0001101,0.004728000,4728,ss79-xi-_ldsp.lht_iter_g1.stf
sg1iterdeconid0000689,wrappersiftstfbymisfitid0001101,0.004728000,4728,tztn-us-00_ldsp.lht_iter_g1.stf
sg1iterdeconid0000204,wrappersiftstfbymisfitid0001101,0.004728000,4728,y54a-ta-_ldsp.lht_iter_g1.stf
sg1iterdeconid0000446,wrappersiftstfbymisfitid0001101,0.004728000,4728,y50a-ta-_ldsp.lht_iter_g1.stf
sg1iterdeconid0000688,wrappersiftstfbymisfitid0001101,0.004728000,4728,t45a-ta-_ldsp.lht_iter_g1.stf
sg1iterdeconid0000207,wrappersiftstfbymisfitid0001101,0.004728000,4728,sm26-xi-_ldsp.lht_iter_g1.stf
sg1iterdeconid0000449,wrappersiftstfbymisfitid0001101,0.004728000,4728,dac-lb-_ldsp.lht_iter_g1.stf
sg1iterdeconid0000206,wrappersiftstfbymisfitid0001101,0.004728000,4728,q44a-ta-_ldsp.lht_iter_g1.stf
sg1iterdeconid0000448,wrappersiftstfbymisfitid0001101,0.002680000,2680,d20-xt-_ldsp.lht_iter_g1.stf
sg1iterdeconid0000690,wrappersiftstfbymisfitid0001101,0.004728000,4728,u47a-ta-_ldsp.lht_iter_g1.stf
sg1iterdeconid0000410,wrappersiftstfbymisfitid0001101,0.002680000,2680,l04-xt-_ldsp.lht_iter_g1.stf
sg1iterdeconid0000652,wrappersiftstfbymisfitid0001101,0.002680000,2680,d42-xt-_ldsp.lht_iter_g1.stf
sg1iterdeconid0000894,wrappersiftstfbymisfitid0001101,0.004728000,4728,sfin-ta-_ldsp.lht_iter_g1.stf
sg1iterdeconid0000651,wrappersiftstfbymisfitid0001101,0.004728000,4728,nor-dk-_ldsp.lht_iter_g1.stf
sg1iterdeconid0000893,wrappersiftstfbymisfitid0001101,0.004728000,4728,s52a-ta-_ldsp.lht_iter_g1.stf
sg1iterdeconid0000412,wrappersiftstfbymisfitid0001101,0.004728000,4728,144a-ta-_ldsp.lht_iter_g1.stf
sg1iterdeconid0000654,wrappersiftstfbymisfitid0001101,0.004728000,4728,aam-us-00_ldsp.lht_iter_g1.stf
sg1iterdeconid0000896,wrappersiftstfbymisfitid0001101,0.004728000,4728,n47a-ta-_ldsp.lht_iter_g1.stf
sg1iterdeconid0000411,wrappersiftstfbymisfitid0001101,0.008824000,8824,mdj-ic-10_ldsp.lht_iter_g1.stf
sg1iterdeconid0000653,wrappersiftstfbymisfitid0001101,0.002680000,2680,l02-xt-_ldsp.lht_iter_g1.stf
sg1iterdeconid0000895,wrappersiftstfbymisfitid0001101,0.008824000,8824,257a-ta-_ldsp.lht_iter_g1.stf
sg1iterdeconid0000890,wrappersiftstfbymisfitid0001101,0.008824000,8824,tly-ii-00_ldsp.lht_iter_g1.stf
sg1iterdeconid0000650,wrappersiftstfbymisfitid0001101,0.008824000,8824,kono-iu-10_ldsp.lht_iter_g1.stf
sg1iterdeconid0000892,wrappersiftstfbymisfitid0001101,0.004728000,4728,ss73-xi-_ldsp.lht_iter_g1.stf
sg1iterdeconid0000891,wrappersiftstfbymisfitid0001101,0.008824000,8824,otav-iu-10_ldsp.lht_iter_g1.stf
sg1iterdeconid0000418,wrappersiftstfbymisfitid0001101,0.008824000,8824,sdv-iu-10_ldsp.lht_iter_g1.stf
sg1iterdeconid0000417,wrappersiftstfbymisfitid0001101,0.008824000,8824,758a-ta-_ldsp.lht_iter_g1.stf
sg1iterdeconid0000659,wrappersiftstfbymisfitid0001101,0.004728000,4728,w50a-ta-_ldsp.lht_iter_g1.stf
sg1iterdeconid0000419,wrappersiftstfbymisfitid0001101,0.004728000,4728,ksu1-us-00_ldsp.lht_iter_g1.stf
sg1iterdeconid0000414,wrappersiftstfbymisfitid0001101,0.004728000,4728,sm32-xi-_ldsp.lht_iter_g1.stf
sg1iterdeconid0000656,wrappersiftstfbymisfitid0001101,0.008824000,8824,crin-nu-_ldsp.lht_iter_g1.stf
sg1iterdeconid0000898,wrappersiftstfbymisfitid0001101,0.008824000,8824,wake-iu-10_ldsp.lht_iter_g1.stf
sg1iterdeconid0000413,wrappersiftstfbymisfitid0001101,0.008824000,8824,hnr-iu-00_ldsp.lht_iter_g1.stf
sg1iterdeconid0000655,wrappersiftstfbymisfitid0001101,0.017016000,17016,nouc-g-00_ldsp.lht_iter_g1.stf
sg1iterdeconid0000897,wrappersiftstfbymisfitid0001101,0.004728000,4728,s48a-ta-_ldsp.lht_iter_g1.stf
sg1iterdeconid0000416,wrappersiftstfbymisfitid0001101,0.017016000,17016,go09-c-_ldsp.lht_iter_g1.stf
sg1iterdeconid0000658,wrappersiftstfbymisfitid0001101,0.004728000,4728,frb-cn-_ldsp.lht_iter_g1.stf
sg1iterdeconid0000415,wrappersiftstfbymisfitid0001101,0.008824000,8824,tara-iu-10_ldsp.lht_iter_g1.stf
sg1iterdeconid0000657,wrappersiftstfbymisfitid0001101,0.008824000,8824,estn-nu-_ldsp.lht_iter_g1.stf
sg1iterdeconid0000899,wrappersiftstfbymisfitid0001101,0.017016000,17016,rer-g-00_ldsp.lht_iter_g1.stf
sg1iterdeconid0000421,wrappersiftstfbymisfitid0001101,0.017016000,17016,byrd-yt-_ldsp.lht_iter_g1.stf
sg1iterdeconid0000663,wrappersiftstfbymisfitid0001101,0.004728000,4728,t51a-ta-_ldsp.lht_iter_g1.stf
sg1iterdeconid0000420,wrappersiftstfbymisfitid0001101,0.017016000,17016,lz3-xp-_ldsp.lht_iter_g1.stf
sg1iterdeconid0000662,wrappersiftstfbymisfitid0001101,0.004728000,4728,e52a-ta-_ldsp.lht_iter_g1.stf
sg1iterdeconid0000423,wrappersiftstfbymisfitid0001101,0.002680000,2680,bmn-lb-_ldsp.lht_iter_g1.stf
sg1iterdeconid0000665,wrappersiftstfbymisfitid0001101,0.004728000,4728,u53a-ta-_ldsp.lht_iter_g1.stf
sg1iterdeconid0000422,wrappersiftstfbymisfitid0001101,0.004728000,4728,p46a-ta-_ldsp.lht_iter_g1.stf
sg1iterdeconid0000664,wrappersiftstfbymisfitid0001101,0.002680000,2680,mccm-bk-00_ldsp.lht_iter_g1.stf
sg1iterdeconid0000661,wrappersiftstfbymisfitid0001101,0.004728000,4728,ksu1-us-10_ldsp.lht_iter_g1.stf
sg1iterdeconid0000660,wrappersiftstfbymisfitid0001101,0.002680000,2680,d44-xt-_ldsp.lht_iter_g1.stf
sg1iterdeconid0000429,wrappersiftstfbymisfitid0001101,0.004728000,4728,i43a-ta-_ldsp.lht_iter_g1.stf
sg1iterdeconid0000428,wrappersiftstfbymisfitid0001101,0.008824000,8824,anwb-cu-00_ldsp.lht_iter_g1.stf
sg1iterdeconid0000425,wrappersiftstfbymisfitid0001101,0.008824000,8824,majo-iu-10_ldsp.lht_iter_g1.stf
sg1iterdeconid0000667,wrappersiftstfbymisfitid0001101,0.004728000,4728,sm38-xi-_ldsp.lht_iter_g1.stf
sg1iterdeconid0000424,wrappersiftstfbymisfitid0001101,0.002680000,2680,l21-xt-_ldsp.lht_iter_g1.stf
sg1iterdeconid0000666,wrappersiftstfbymisfitid0001101,0.004728000,4728,svd-ci-_ldsp.lht_iter_g1.stf
sg1iterdeconid0000427,wrappersiftstfbymisfitid0001101,0.002680000,2680,lkwy-us-00_ldsp.lht_iter_g1.stf
sg1iterdeconid0000669,wrappersiftstfbymisfitid0001101,0.017016000,17016,wrab-ii-00_ldsp.lht_iter_g1.stf
sg1iterdeconid0000426,wrappersiftstfbymisfitid0001101,0.004728000,4728,b078-pb-_ldsp.lht_iter_g1.stf
sg1iterdeconid0000668,wrappersiftstfbymisfitid0001101,0.008824000,8824,mdj-ic-00_ldsp.lht_iter_g1.stf
sg1iterdeconid0000234,wrappersiftstfbymisfitid0001101,0.002680000,2680,b05d-ta-_ldsp.lht_iter_g1.stf
sg1iterdeconid0000476,wrappersiftstfbymisfitid0001101,0.004728000,4728,v49a-ta-_ldsp.lht_iter_g1.stf
sg1iterdeconid0000233,wrappersiftstfbymisfitid0001101,0.008824000,8824,gni-iu-10_ldsp.lht_iter_g1.stf
sg1iterdeconid0000475,wrappersiftstfbymisfitid0001101,0.004728000,4728,n43a-ta-_ldsp.lht_iter_g1.stf
sg1iterdeconid0000236,wrappersiftstfbymisfitid0001101,0.008824000,8824,061z-ta-_ldsp.lht_iter_g1.stf
sg1iterdeconid0000478,wrappersiftstfbymisfitid0001101,0.002680000,2680,h17a-ta-_ldsp.lht_iter_g1.stf
sg1iterdeconid0000235,wrappersiftstfbymisfitid0001101,0.002680000,2680,b201-pb-_ldsp.lht_iter_g1.stf
sg1iterdeconid0000477,wrappersiftstfbymisfitid0001101,0.002680000,2680,b035-pb-_ldsp.lht_iter_g1.stf
sg1iterdeconid0000230,wrappersiftstfbymisfitid0001101,0.004728000,4728,l48a-ta-_ldsp.lht_iter_g1.stf
sg1iterdeconid0000472,wrappersiftstfbymisfitid0001101,0.008824000,8824,sdv-iu-00_ldsp.lht_iter_g1.stf
sg1iterdeconid0000471,wrappersiftstfbymisfitid0001101,0.004728000,4728,l47a-ta-_ldsp.lht_iter_g1.stf
sg1iterdeconid0000232,wrappersiftstfbymisfitid0001101,0.004728000,4728,v41a-ta-_ldsp.lht_iter_g1.stf
sg1iterdeconid0000474,wrappersiftstfbymisfitid0001101,0.017016000,17016,pig5-xc-_ldsp.lht_iter_g1.stf
sg1iterdeconid0000231,wrappersiftstfbymisfitid0001101,0.004728000,4728,w43a-ta-_ldsp.lht_iter_g1.stf
sg1iterdeconid0000473,wrappersiftstfbymisfitid0001101,0.008824000,8824,john-iu-10_ldsp.lht_iter_g1.stf
sg1iterdeconid0000238,wrappersiftstfbymisfitid0001101,0.004728000,4728,v47a-ta-_ldsp.lht_iter_g1.stf
sg1iterdeconid0000237,wrappersiftstfbymisfitid0001101,0.004728000,4728,sho-ci-_ldsp.lht_iter_g1.stf
sg1iterdeconid0000479,wrappersiftstfbymisfitid0001101,0.001656000,1656,nc89-nv-_ldsp.lht_iter_g1.stf
sg1iterdeconid0000239,wrappersiftstfbymisfitid0001101,0.004728000,4728,e54a-ta-_ldsp.lht_iter_g1.stf
sg1iterdeconid0000481,wrappersiftstfbymisfitid0001101,0.004728000,4728,n46a-ta-_ldsp.lht_iter_g1.stf
sg1iterdeconid0000480,wrappersiftstfbymisfitid0001101,0.004728000,4728,m49a-ta-_ldsp.lht_iter_g1.stf
sg1iterdeconid0000003,wrappersiftstfbymisfitid0001101,0.004728000,4728,sm17-xi-_ldsp.lht_iter_g1.stf
sg1iterdeconid0000245,wrappersiftstfbymisfitid0001101,0.004728000,4728,i48a-ta-_ldsp.lht_iter_g1.stf
sg1iterdeconid0000487,wrappersiftstfbymisfitid0001101,0.004728000,4728,sm30-xi-_ldsp.lht_iter_g1.stf
sg1iterdeconid0000002,wrappersiftstfbymisfitid0001101,0.004728000,4728,246a-ta-_ldsp.lht_iter_g1.stf
sg1iterdeconid0000244,wrappersiftstfbymisfitid0001101,0.002680000,2680,b020-pb-_ldsp.lht_iter_g1.stf
sg1iterdeconid0000486,wrappersiftstfbymisfitid0001101,0.008824000,8824,pestr-pm-_ldsp.lht_iter_g1.stf
sg1iterdeconid0000005,wrappersiftstfbymisfitid0001101,0.004728000,4728,f44a-ta-_ldsp.lht_iter_g1.stf
sg1iterdeconid0000247,wrappersiftstfbymisfitid0001101,0.002680000,2680,cor-iu-10_ldsp.lht_iter_g1.stf
sg1iterdeconid0000489,wrappersiftstfbymisfitid0001101,0.004728000,4728,d41a-ta-_ldsp.lht_iter_g1.stf
sg1iterdeconid0000004,wrappersiftstfbymisfitid0001101,0.008824000,8824,bbgh-cu-00_ldsp.lht_iter_g1.stf
sg1iterdeconid0000246,wrappersiftstfbymisfitid0001101,0.008824000,8824,sslb-tw-_ldsp.lht_iter_g1.stf
sg1iterdeconid0000488,wrappersiftstfbymisfitid0001101,0.004728000,4728,mpm-ci-_ldsp.lht_iter_g1.stf
sg1iterdeconid0000241,wrappersiftstfbymisfitid0001101,0.004728000,4728,wvt-iu-10_ldsp.lht_iter_g1.stf
sg1iterdeconid0000483,wrappersiftstfbymisfitid0001101,0.004728000,4728,sumg-ge-_ldsp.lht_iter_g1.stf
sg1iterdeconid0000240,wrappersiftstfbymisfitid0001101,0.004728000,4728,n54a-ta-_ldsp.lht_iter_g1.stf
sg1iterdeconid0000482,wrappersiftstfbymisfitid0001101,0.017016000,17016,damy-ge-_ldsp.lht_iter_g1.stf
sg1iterdeconid0000001,wrappersiftstfbymisfitid0001101,0.017016000,17016,mkva-xv-_ldsp.lht_iter_g1.stf
sg1iterdeconid0000243,wrappersiftstfbymisfitid0001101,0.002680000,2680,b005-pb-_ldsp.lht_iter_g1.stf
sg1iterdeconid0000485,wrappersiftstfbymisfitid0001101,0.008824000,8824,hd25-xl-_ldsp.lht_iter_g1.stf
sg1iterdeconid0000242,wrappersiftstfbymisfitid0001101,0.004728000,4728,c02-xd-_ldsp.lht_iter_g1.stf
sg1iterdeconid0000484,wrappersiftstfbymisfitid0001101,0.004728000,4728,h39a-ta-_ldsp.lht_iter_g1.stf
sg1iterdeconid0000007,wrappersiftstfbymisfitid0001101,0.004728000,4728,sn46-xi-_ldsp.lht_iter_g1.stf
sg1iterdeconid0000249,wrappersiftstfbymisfitid0001101,0.004728000,4728,r49a-ta-_ldsp.lht_iter_g1.stf
sg1iterdeconid0000006,wrappersiftstfbymisfitid0001101,0.004728000,4728,d46a-ta-_ldsp.lht_iter_g1.stf
sg1iterdeconid0000248,wrappersiftstfbymisfitid0001101,0.017016000,17016,ungl-yt-_ldsp.lht_iter_g1.stf
sg1iterdeconid0000009,wrappersiftstfbymisfitid0001101,0.004728000,4728,x46a-ta-_ldsp.lht_iter_g1.stf
sg1iterdeconid0000008,wrappersiftstfbymisfitid0001101,0.004728000,4728,x41a-ta-_ldsp.lht_iter_g1.stf
sg1iterdeconid0000490,wrappersiftstfbymisfitid0001101,0.002680000,2680,b018-pb-_ldsp.lht_iter_g1.stf
sg1iterdeconid0000250,wrappersiftstfbymisfitid0001101,0.004728000,4728,m41a-ta-_ldsp.lht_iter_g1.stf
sg1iterdeconid0000492,wrappersiftstfbymisfitid0001101,0.004728000,4728,sm28-xi-_ldsp.lht_iter_g1.stf
sg1iterdeconid0000491,wrappersiftstfbymisfitid0001101,0.008824000,8824,wake-iu-00_ldsp.lht_iter_g1.stf
sg1iterdeconid0000212,wrappersiftstfbymisfitid0001101,0.004728000,4728,z43a-ta-_ldsp.lht_iter_g1.stf
sg1iterdeconid0000454,wrappersiftstfbymisfitid0001101,0.004728000,4728,sn55-xi-_ldsp.lht_iter_g1.stf
sg1iterdeconid0000696,wrappersiftstfbymisfitid0001101,0.017016000,17016,kkm-my-_ldsp.lht_iter_g1.stf
sg1iterdeconid0000211,wrappersiftstfbymisfitid0001101,0.008824000,8824,858a-ta-_ldsp.lht_iter_g1.stf
sg1iterdeconid0000453,wrappersiftstfbymisfitid0001101,0.004728000,4728,154a-ta-_ldsp.lht_iter_g1.stf
sg1iterdeconid0000695,wrappersiftstfbymisfitid0001101,0.004728000,4728,l42a-ta-_ldsp.lht_iter_g1.stf
sg1iterdeconid0000214,wrappersiftstfbymisfitid0001101,0.004728000,4728,sc07-xi-_ldsp.lht_iter_g1.stf
sg1iterdeconid0000456,wrappersiftstfbymisfitid0001101,0.008824000,8824,lvz-ii-00_ldsp.lht_iter_g1.stf
sg1iterdeconid0000698,wrappersiftstfbymisfitid0001101,0.008824000,8824,bel-pl-_ldsp.lht_iter_g1.stf
sg1iterdeconid0000213,wrappersiftstfbymisfitid0001101,0.004728000,4728,p43a-ta-_ldsp.lht_iter_g1.stf
sg1iterdeconid0000455,wrappersiftstfbymisfitid0001101,0.008824000,8824,enh-ic-10_ldsp.lht_iter_g1.stf
sg1iterdeconid0000697,wrappersiftstfbymisfitid0001101,0.008824000,8824,idi-mn-_ldsp.lht_iter_g1.stf
sg1iterdeconid0000450,wrappersiftstfbymisfitid0001101,0.002680000,2680,b047-pb-_ldsp.lht_iter_g1.stf
sg1iterdeconid0000692,wrappersiftstfbymisfitid0001101,0.004728000,4728,d47a-ta-_ldsp.lht_iter_g1.stf
sg1iterdeconid0000691,wrappersiftstfbymisfitid0001101,0.004728000,4728,sn62-xi-_ldsp.lht_iter_g1.stf
sg1iterdeconid0000210,wrappersiftstfbymisfitid0001101,0.008824000,8824,kiv-ii-00_ldsp.lht_iter_g1.stf
sg1iterdeconid0000452,wrappersiftstfbymisfitid0001101,0.004728000,4728,m48a-ta-_ldsp.lht_iter_g1.stf
sg1iterdeconid0000694,wrappersiftstfbymisfitid0001101,0.017016000,17016,go02-c-_ldsp.lht_iter_g1.stf
sg1iterdeconid0000451,wrappersiftstfbymisfitid0001101,0.004728000,4728,sci2-az-_ldsp.lht_iter_g1.stf
sg1iterdeconid0000693,wrappersiftstfbymisfitid0001101,0.004728000,4728,e38a-ta-_ldsp.lht_iter_g1.stf
sg1iterdeconid0000219,wrappersiftstfbymisfitid0001101,0.004728000,4728,sn48-xi-_ldsp.lht_iter_g1.stf
sg1iterdeconid0000216,wrappersiftstfbymisfitid0001101,0.002680000,2680,b024-pb-_ldsp.lht_iter_g1.stf
sg1iterdeconid0000458,wrappersiftstfbymisfitid0001101,0.008824000,8824,fs09-zd-_ldsp.lht_iter_g1.stf
sg1iterdeconid0000215,wrappersiftstfbymisfitid0001101,0.008824000,8824,wdd-mn-_ldsp.lht_iter_g1.stf
sg1iterdeconid0000457,wrappersiftstfbymisfitid0001101,0.004728000,4728,sc10-xi-_ldsp.lht_iter_g1.stf
sg1iterdeconid0000699,wrappersiftstfbymisfitid0001101,0.002680000,2680,l08-xt-_ldsp.lht_iter_g1.stf
sg1iterdeconid0000218,wrappersiftstfbymisfitid0001101,0.008824000,8824,drln-cn-_ldsp.lht_iter_g1.stf
sg1iterdeconid0000217,wrappersiftstfbymisfitid0001101,0.004728000,4728,e48a-ta-_ldsp.lht_iter_g1.stf
sg1iterdeconid0000459,wrappersiftstfbymisfitid0001101,0.002680000,2680,b208-pb-_ldsp.lht_iter_g1.stf
sg1iterdeconid0000223,wrappersiftstfbymisfitid0001101,0.004728000,4728,t43a-ta-_ldsp.lht_iter_g1.stf
sg1iterdeconid0000465,wrappersiftstfbymisfitid0001101,0.008824000,8824,957a-ta-_ldsp.lht_iter_g1.stf
sg1iterdeconid0000222,wrappersiftstfbymisfitid0001101,0.004728000,4728,o55a-ta-_ldsp.lht_iter_g1.stf
sg1iterdeconid0000464,wrappersiftstfbymisfitid0001101,0.004728000,4728,sm37-xi-_ldsp.lht_iter_g1.stf
sg1iterdeconid0000225,wrappersiftstfbymisfitid0001101,0.004728000,4728,hwb-az-_ldsp.lht_iter_g1.stf
sg1iterdeconid0000467,wrappersiftstfbymisfitid0001101,0.002680000,2680,g03d-ta-_ldsp.lht_iter_g1.stf
sg1iterdeconid0000224,wrappersiftstfbymisfitid0001101,0.004728000,4728,r47a-ta-_ldsp.lht_iter_g1.stf
sg1iterdeconid0000466,wrappersiftstfbymisfitid0001101,0.004728000,4728,i47a-ta-_ldsp.lht_iter_g1.stf
sg1iterdeconid0000461,wrappersiftstfbymisfitid0001101,0.004728000,4728,214a-ta-_ldsp.lht_iter_g1.stf
sg1iterdeconid0000460,wrappersiftstfbymisfitid0001101,0.004728000,4728,rdm-az-_ldsp.lht_iter_g1.stf
sg1iterdeconid0000221,wrappersiftstfbymisfitid0001101,0.017016000,17016,rpz-nz-10_ldsp.lht_iter_g1.stf
sg1iterdeconid0000463,wrappersiftstfbymisfitid0001101,0.002680000,2680,b006-pb-_ldsp.lht_iter_g1.stf
sg1iterdeconid0000220,wrappersiftstfbymisfitid0001101,0.004728000,4728,n49a-ta-_ldsp.lht_iter_g1.stf
sg1iterdeconid0000462,wrappersiftstfbymisfitid0001101,0.004728000,4728,r58b-ta-_ldsp.lht_iter_g1.stf
sg1iterdeconid0000227,wrappersiftstfbymisfitid0001101,0.002680000,2680,m04c-ta-_ldsp.lht_iter_g1.stf
sg1iterdeconid0000469,wrappersiftstfbymisfitid0001101,0.017016000,17016,ouz-nz-10_ldsp.lht_iter_g1.stf
sg1iterdeconid0000226,wrappersiftstfbymisfitid0001101,0.002680000,2680,c06d-ta-_ldsp.lht_iter_g1.stf
sg1iterdeconid0000468,wrappersiftstfbymisfitid0001101,0.002680000,2680,b039-pb-_ldsp.lht_iter_g1.stf
sg1iterdeconid0000229,wrappersiftstfbymisfitid0001101,0.002680000,2680,l10a-xt-_ldsp.lht_iter_g1.stf
sg1iterdeconid0000228,wrappersiftstfbymisfitid0001101,0.004728000,4728,k49a-ta-_ldsp.lht_iter_g1.stf
sg1iterdeconid0000470,wrappersiftstfbymisfitid0001101,0.004728000,4728,b075-pb-_ldsp.lht_iter_g1.stf
sg1iterdeconid0000036,wrappersiftstfbymisfitid0001101,0.004728000,4728,b088-pb-_ldsp.lht_iter_g1.stf
sg1iterdeconid0000278,wrappersiftstfbymisfitid0001101,0.017016000,17016,urz-nz-10_ldsp.lht_iter_g1.stf
sg1iterdeconid0000035,wrappersiftstfbymisfitid0001101,0.004728000,4728,p51a-ta-_ldsp.lht_iter_g1.stf
sg1iterdeconid0000277,wrappersiftstfbymisfitid0001101,0.004728000,4728,cwc-ci-_ldsp.lht_iter_g1.stf
sg1iterdeconid0000038,wrappersiftstfbymisfitid0001101,0.017016000,17016,whit-yt-_ldsp.lht_iter_g1.stf
sg1iterdeconid0000037,wrappersiftstfbymisfitid0001101,0.004728000,4728,sm25-xi-_ldsp.lht_iter_g1.stf
sg1iterdeconid0000279,wrappersiftstfbymisfitid0001101,0.004728000,4728,sws-ci-_ldsp.lht_iter_g1.stf
sg1iterdeconid0000032,wrappersiftstfbymisfitid0001101,0.004728000,4728,mwc-ci-_ldsp.lht_iter_g1.stf
sg1iterdeconid0000274,wrappersiftstfbymisfitid0001101,0.004728000,4728,abtx-ta-_ldsp.lht_iter_g1.stf
sg1iterdeconid0000031,wrappersiftstfbymisfitid0001101,0.004728000,4728,k52a-ta-_ldsp.lht_iter_g1.stf
sg1iterdeconid0000273,wrappersiftstfbymisfitid0001101,0.017016000,17016,go10-c-_ldsp.lht_iter_g1.stf
sg1iterdeconid0000034,wrappersiftstfbymisfitid0001101,0.017016000,17016,kiri-xv-_ldsp.lht_iter_g1.stf
sg1iterdeconid0000276,wrappersiftstfbymisfitid0001101,0.004728000,4728,spmn-ta-_ldsp.lht_iter_g1.stf
sg1iterdeconid0000033,wrappersiftstfbymisfitid0001101,0.004728000,4728,x53a-ta-_ldsp.lht_iter_g1.stf
sg1iterdeconid0000275,wrappersiftstfbymisfitid0001101,0.004728000,4728,m45a-ta-_ldsp.lht_iter_g1.stf
sg1iterdeconid0000039,wrappersiftstfbymisfitid0001101,0.004728000,4728,dec-ci-_ldsp.lht_iter_g1.stf
sg1iterdeconid0000281,wrappersiftstfbymisfitid0001101,0.004728000,4728,a19-xd-_ldsp.lht_iter_g1.stf
sg1iterdeconid0000280,wrappersiftstfbymisfitid0001101,0.004728000,4728,l44a-ta-_ldsp.lht_iter_g1.stf
sg1iterdeconid0000041,wrappersiftstfbymisfitid0001101,0.004728000,4728,ulm-cn-_ldsp.lht_iter_g1.stf
sg1iterdeconid0000283,wrappersiftstfbymisfitid0001101,0.008824000,8824,hkps-hk-_ldsp.lht_iter_g1.stf
sg1iterdeconid0000040,wrappersiftstfbymisfitid0001101,0.004728000,4728,b921-pb-_ldsp.lht_iter_g1.stf
sg1iterdeconid0000282,wrappersiftstfbymisfitid0001101,0.004728000,4728,ogne-us-00_ldsp.lht_iter_g1.stf
sg1iterdeconid0000047,wrappersiftstfbymisfitid0001101,0.017016000,17016,go05-c-_ldsp.lht_iter_g1.stf
sg1iterdeconid0000289,wrappersiftstfbymisfitid0001101,0.004728000,4728,b093-pb-_ldsp.lht_iter_g1.stf
sg1iterdeconid0000046,wrappersiftstfbymisfitid0001101,0.008824000,8824,senin-ch-_ldsp.lht_iter_g1.stf
sg1iterdeconid0000288,wrappersiftstfbymisfitid0001101,0.008824000,8824,hnr-iu-10_ldsp.lht_iter_g1.stf
sg1iterdeconid0000049,wrappersiftstfbymisfitid0001101,0.002680000,2680,d01-xt-_ldsp.lht_iter_g1.stf
sg1iterdeconid0000048,wrappersiftstfbymisfitid0001101,0.004728000,4728,tro-az-_ldsp.lht_iter_g1.stf
sg1iterdeconid0000043,wrappersiftstfbymisfitid0001101,0.004728000,4728,a20-xd-_ldsp.lht_iter_g1.stf
sg1iterdeconid0000285,wrappersiftstfbymisfitid0001101,0.004728000,4728,t52a-ta-_ldsp.lht_iter_g1.stf
sg1iterdeconid0000042,wrappersiftstfbymisfitid0001101,0.004728000,4728,j54a-ta-_ldsp.lht_iter_g1.stf
sg1iterdeconid0000284,wrappersiftstfbymisfitid0001101,0.004728000,4728,l40a-ta-_ldsp.lht_iter_g1.stf
sg1iterdeconid0000045,wrappersiftstfbymisfitid0001101,0.004728000,4728,tin-ci-_ldsp.lht_iter_g1.stf
sg1iterdeconid0000287,wrappersiftstfbymisfitid0001101,0.002680000,2680,d13-xt-_ldsp.lht_iter_g1.stf
sg1iterdeconid0000044,wrappersiftstfbymisfitid0001101,0.004728000,4728,i46a-ta-_ldsp.lht_iter_g1.stf
sg1iterdeconid0000286,wrappersiftstfbymisfitid0001101,0.001656000,1656,b012-pb-_ldsp.lht_iter_g1.stf
sg1iterdeconid0000050,wrappersiftstfbymisfitid0001101,0.008824000,8824,058a-ta-_ldsp.lht_iter_g1.stf
sg1iterdeconid0000292,wrappersiftstfbymisfitid0001101,0.004728000,4728,hec-ci-_ldsp.lht_iter_g1.stf
sg1iterdeconid0000291,wrappersiftstfbymisfitid0001101,0.004728000,4728,nc07-xq-_ldsp.lht_iter_g1.stf
sg1iterdeconid0000052,wrappersiftstfbymisfitid0001101,0.004728000,4728,r48a-ta-_ldsp.lht_iter_g1.stf
sg1iterdeconid0000294,wrappersiftstfbymisfitid0001101,0.004728000,4728,pvmo-nm-_ldsp.lht_iter_g1.stf
sg1iterdeconid0000051,wrappersiftstfbymisfitid0001101,0.008824000,8824,mtdj-cu-00_ldsp.lht_iter_g1.stf
sg1iterdeconid0000293,wrappersiftstfbymisfitid0001101,0.008824000,8824,355a-ta-_ldsp.lht_iter_g1.stf
sg1iterdeconid0000290,wrappersiftstfbymisfitid0001101,0.004728000,4728,utmt-nm-01_ldsp.lht_iter_g1.stf
sg1iterdeconid0000014,wrappersiftstfbymisfitid0001101,0.002680000,2680,k02d-ta-_ldsp.lht_iter_g1.stf
sg1iterdeconid0000256,wrappersiftstfbymisfitid0001101,0.017016000,17016,zobe-xv-_ldsp.lht_iter_g1.stf
sg1iterdeconid0000498,wrappersiftstfbymisfitid0001101,0.004728000,4728,u52a-ta-_ldsp.lht_iter_g1.stf
sg1iterdeconid0000013,wrappersiftstfbymisfitid0001101,0.002680000,2680,d15-xt-_ldsp.lht_iter_g1.stf
sg1iterdeconid0000255,wrappersiftstfbymisfitid0001101,0.004728000,4728,ves-ci-_ldsp.lht_iter_g1.stf
sg1iterdeconid0000497,wrappersiftstfbymisfitid0001101,0.004728000,4728,g39a-ta-_ldsp.lht_iter_g1.stf
sg1iterdeconid0000016,wrappersiftstfbymisfitid0001101,0.008824000,8824,cngn-nu-_ldsp.lht_iter_g1.stf
sg1iterdeconid0000258,wrappersiftstfbymisfitid0001101,0.004728000,4728,mur-ci-_ldsp.lht_iter_g1.stf
sg1iterdeconid0000015,wrappersiftstfbymisfitid0001101,0.004728000,4728,a21-xd-_ldsp.lht_iter_g1.stf
sg1iterdeconid0000257,wrappersiftstfbymisfitid0001101,0.004728000,4728,dug-us-00_ldsp.lht_iter_g1.stf
sg1iterdeconid0000499,wrappersiftstfbymisfitid0001101,0.004728000,4728,nc05-xq-_ldsp.lht_iter_g1.stf
sg1iterdeconid0000010,wrappersiftstfbymisfitid0001101,0.017016000,17016,meck-yt-_ldsp.lht_iter_g1.stf
sg1iterdeconid0000252,wrappersiftstfbymisfitid0001101,0.004728000,4728,b072-pb-_ldsp.lht_iter_g1.stf
sg1iterdeconid0000494,wrappersiftstfbymisfitid0001101,0.017016000,17016,ugm-ge-_ldsp.lht_iter_g1.stf
sg1iterdeconid0001100,wrappersiftstfbymisfitid0001101,0.004728000,4728,tfrd-yn-_ldsp.lht_iter_g1.stf
sg1iterdeconid0000251,wrappersiftstfbymisfitid0001101,0.004728000,4728,435b-ta-_ldsp.lht_iter_g1.stf
sg1iterdeconid0000493,wrappersiftstfbymisfitid0001101,0.004728000,4728,t46a-ta-_ldsp.lht_iter_g1.stf
sg1iterdeconid0000012,wrappersiftstfbymisfitid0001101,0.002680000,2680,lao-us-00_ldsp.lht_iter_g1.stf
sg1iterdeconid0000254,wrappersiftstfbymisfitid0001101,0.004728000,4728,449a-ta-_ldsp.lht_iter_g1.stf
sg1iterdeconid0000496,wrappersiftstfbymisfitid0001101,0.002680000,2680,rlmt-us-00_ldsp.lht_iter_g1.stf
sg1iterdeconid0000011,wrappersiftstfbymisfitid0001101,0.004728000,4728,sspa-iu-10_ldsp.lht_iter_g1.stf
sg1iterdeconid0000253,wrappersiftstfbymisfitid0001101,0.004728000,4728,y46a-ta-_ldsp.lht_iter_g1.stf
sg1iterdeconid0000495,wrappersiftstfbymisfitid0001101,0.008824000,8824,abkt-ii-00_ldsp.lht_iter_g1.stf
sg1iterdeconid0000018,wrappersiftstfbymisfitid0001101,0.004728000,4728,t49a-ta-_ldsp.lht_iter_g1.stf
sg1iterdeconid0000017,wrappersiftstfbymisfitid0001101,0.002680000,2680,d41-xt-_ldsp.lht_iter_g1.stf
sg1iterdeconid0000259,wrappersiftstfbymisfitid0001101,0.004728000,4728,sm40-xi-_ldsp.lht_iter_g1.stf
sg1iterdeconid0000019,wrappersiftstfbymisfitid0001101,0.002680000,2680,g05d-ta-_ldsp.lht_iter_g1.stf
sg1iterdeconid0000261,wrappersiftstfbymisfitid0001101,0.004728000,4728,x52a-ta-_ldsp.lht_iter_g1.stf
sg1iterdeconid0000260,wrappersiftstfbymisfitid0001101,0.004728000,4728,452a-ta-_ldsp.lht_iter_g1.stf
sg1iterdeconid0000025,wrappersiftstfbymisfitid0001101,0.008824000,8824,makz-iu-00_ldsp.lht_iter_g1.stf
sg1iterdeconid0000267,wrappersiftstfbymisfitid0001101,0.004728000,4728,r43a-ta-_ldsp.lht_iter_g1.stf
sg1iterdeconid0000024,wrappersiftstfbymisfitid0001101,0.004728000,4728,m46a-ta-_ldsp.lht_iter_g1.stf
sg1iterdeconid0000266,wrappersiftstfbymisfitid0001101,0.004728000,4728,m39a-ta-_ldsp.lht_iter_g1.stf
sg1iterdeconid0000027,wrappersiftstfbymisfitid0001101,0.004728000,4728,ss65-xi-_ldsp.lht_iter_g1.stf
sg1iterdeconid0000269,wrappersiftstfbymisfitid0001101,0.004728000,4728,x50b-ta-_ldsp.lht_iter_g1.stf
sg1iterdeconid0000026,wrappersiftstfbymisfitid0001101,0.004728000,4728,sci2-ci-_ldsp.lht_iter_g1.stf
sg1iterdeconid0000268,wrappersiftstfbymisfitid0001101,0.004728000,4728,q24a-ta-_ldsp.lht_iter_g1.stf
sg1iterdeconid0000021,wrappersiftstfbymisfitid0001101,0.004728000,4728,b082-pb-_ldsp.lht_iter_g1.stf
sg1iterdeconid0000263,wrappersiftstfbymisfitid0001101,0.002680000,2680,b932-pb-_ldsp.lht_iter_g1.stf
sg1iterdeconid0000020,wrappersiftstfbymisfitid0001101,0.008824000,8824,ksp-pl-_ldsp.lht_iter_g1.stf
sg1iterdeconid0000262,wrappersiftstfbymisfitid0001101,0.004728000,4728,panj-ld-_ldsp.lht_iter_g1.stf
sg1iterdeconid0000023,wrappersiftstfbymisfitid0001101,0.004728000,4728,k46a-ta-_ldsp.lht_iter_g1.stf
sg1iterdeconid0000265,wrappersiftstfbymisfitid0001101,0.002680000,2680,d36-xt-_ldsp.lht_iter_g1.stf
sg1iterdeconid0000022,wrappersiftstfbymisfitid0001101,0.002680000,2680,d48-xt-_ldsp.lht_iter_g1.stf
sg1iterdeconid0000264,wrappersiftstfbymisfitid0001101,0.004728000,4728,nc12-xq-_ldsp.lht_iter_g1.stf
sg1iterdeconid0000029,wrappersiftstfbymisfitid0001101,0.004728000,4728,k41a-ta-_ldsp.lht_iter_g1.stf
sg1iterdeconid0000028,wrappersiftstfbymisfitid0001101,0.004728000,4728,w47a-ta-_ldsp.lht_iter_g1.stf
sg1iterdeconid0000270,wrappersiftstfbymisfitid0001101,0.004728000,4728,351a-ta-_ldsp.lht_iter_g1.stf
sg1iterdeconid0000030,wrappersiftstfbymisfitid0001101,0.004728000,4728,255a-ta-_ldsp.lht_iter_g1.stf
sg1iterdeconid0000272,wrappersiftstfbymisfitid0001101,0.008824000,8824,pab-iu-10_ldsp.lht_iter_g1.stf
sg1iterdeconid0000271,wrappersiftstfbymisfitid0001101,0.004728000,4728,e41a-ta-_ldsp.lht_iter_g1.stf
sg1iterdeconid0001049,wrappersiftstfbymisfitid0001101,0.002680000,2680,d37-xt-_ldsp.lht_iter_g1.stf
sg1iterdeconid0001047,wrappersiftstfbymisfitid0001101,0.017016000,17016,lz1-xp-_ldsp.lht_iter_g1.stf
sg1iterdeconid0001048,wrappersiftstfbymisfitid0001101,0.008824000,8824,gugu-xf-_ldsp.lht_iter_g1.stf
sg1iterdeconid0000197,wrappersiftstfbymisfitid0001101,0.002680000,2680,hlid-us-00_ldsp.lht_iter_g1.stf
sg1iterdeconid0001045,wrappersiftstfbymisfitid0001101,0.008824000,8824,dwpf-iu-00_ldsp.lht_iter_g1.stf
sg1iterdeconid0000196,wrappersiftstfbymisfitid0001101,0.004728000,4728,b901-pb-_ldsp.lht_iter_g1.stf
sg1iterdeconid0001046,wrappersiftstfbymisfitid0001101,0.008824000,8824,grgr-cu-00_ldsp.lht_iter_g1.stf
sg1iterdeconid0000199,wrappersiftstfbymisfitid0001101,0.017016000,17016,foma-g-00_ldsp.lht_iter_g1.stf
sg1iterdeconid0001043,wrappersiftstfbymisfitid0001101,0.004728000,4728,erpa-us-00_ldsp.lht_iter_g1.stf
sg1iterdeconid0000198,wrappersiftstfbymisfitid0001101,0.004728000,4728,q55a-ta-_ldsp.lht_iter_g1.stf
sg1iterdeconid0001044,wrappersiftstfbymisfitid0001101,0.008824000,8824,bni-mn-_ldsp.lht_iter_g1.stf
sg1iterdeconid0001052,wrappersiftstfbymisfitid0001101,0.017016000,17016,abpo-ii-00_ldsp.lht_iter_g1.stf
sg1iterdeconid0001053,wrappersiftstfbymisfitid0001101,0.004728000,4728,sn49-xi-_ldsp.lht_iter_g1.stf
sg1iterdeconid0001050,wrappersiftstfbymisfitid0001101,0.004728000,4728,w39a-ta-_ldsp.lht_iter_g1.stf
sg1iterdeconid0001051,wrappersiftstfbymisfitid0001101,0.004728000,4728,y51a-ta-_ldsp.lht_iter_g1.stf
sg1iterdeconid0001058,wrappersiftstfbymisfitid0001101,0.004728000,4728,slm-nm-00_ldsp.lht_iter_g1.stf
sg1iterdeconid0001059,wrappersiftstfbymisfitid0001101,0.017016000,17016,pmsa-iu-10_ldsp.lht_iter_g1.stf
sg1iterdeconid0001056,wrappersiftstfbymisfitid0001101,0.004728000,4728,sc14-xi-_ldsp.lht_iter_g1.stf
sg1iterdeconid0001057,wrappersiftstfbymisfitid0001101,0.004728000,4728,h55a-ta-_ldsp.lht_iter_g1.stf
sg1iterdeconid0001054,wrappersiftstfbymisfitid0001101,0.004728000,4728,o45a-ta-_ldsp.lht_iter_g1.stf
sg1iterdeconid0001055,wrappersiftstfbymisfitid0001101,0.004728000,4728,accn-ld-_ldsp.lht_iter_g1.stf
sg1iterdeconid0001063,wrappersiftstfbymisfitid0001101,0.004728000,4728,b02-xd-_ldsp.lht_iter_g1.stf
sg1iterdeconid0001064,wrappersiftstfbymisfitid0001101,0.008824000,8824,ssb-g-10_ldsp.lht_iter_g1.stf
sg1iterdeconid0001061,wrappersiftstfbymisfitid0001101,0.004728000,4728,sm24-xi-_ldsp.lht_iter_g1.stf
sg1iterdeconid0001062,wrappersiftstfbymisfitid0001101,0.004728000,4728,sc15-xi-_ldsp.lht_iter_g1.stf
sg1iterdeconid0001060,wrappersiftstfbymisfitid0001101,0.002680000,2680,d58-xt-_ldsp.lht_iter_g1.stf
sg1iterdeconid0000179,wrappersiftstfbymisfitid0001101,0.008824000,8824,062z-ta-_ldsp.lht_iter_g1.stf
sg1iterdeconid0001027,wrappersiftstfbymisfitid0001101,0.008824000,8824,bcip-cu-00_ldsp.lht_iter_g1.stf
sg1iterdeconid0000178,wrappersiftstfbymisfitid0001101,0.004728000,4728,i55a-ta-_ldsp.lht_iter_g1.stf
sg1iterdeconid0001028,wrappersiftstfbymisfitid0001101,0.017016000,17016,uoss-ii-10_ldsp.lht_iter_g1.stf
sg1iterdeconid0001025,wrappersiftstfbymisfitid0001101,0.004728000,4728,t47a-ta-_ldsp.lht_iter_g1.stf
sg1iterdeconid0001026,wrappersiftstfbymisfitid0001101,0.017016000,17016,lzaz-xp-_ldsp.lht_iter_g1.stf
sg1iterdeconid0000175,wrappersiftstfbymisfitid0001101,0.004728000,4728,h40a-ta-_ldsp.lht_iter_g1.stf
sg1iterdeconid0001023,wrappersiftstfbymisfitid0001101,0.004728000,4728,u48a-ta-_ldsp.lht_iter_g1.stf
sg1iterdeconid0000174,wrappersiftstfbymisfitid0001101,0.004728000,4728,l46a-ta-_ldsp.lht_iter_g1.stf
sg1iterdeconid0001024,wrappersiftstfbymisfitid0001101,0.004728000,4728,olil-nm-_ldsp.lht_iter_g1.stf
sg1iterdeconid0000177,wrappersiftstfbymisfitid0001101,0.008824000,8824,uln-iu-00_ldsp.lht_iter_g1.stf
sg1iterdeconid0001021,wrappersiftstfbymisfitid0001101,0.008824000,8824,payg-iu-00_ldsp.lht_iter_g1.stf
sg1iterdeconid0000176,wrappersiftstfbymisfitid0001101,0.004728000,4728,sc08-xi-_ldsp.lht_iter_g1.stf
sg1iterdeconid0001022,wrappersiftstfbymisfitid0001101,0.004728000,4728,frd-az-_ldsp.lht_iter_g1.stf
sg1iterdeconid0001029,wrappersiftstfbymisfitid0001101,0.004728000,4728,tiga-ta-_ldsp.lht_iter_g1.stf
sg1iterdeconid0000182,wrappersiftstfbymisfitid0001101,0.004728000,4728,q50a-ta-_ldsp.lht_iter_g1.stf
sg1iterdeconid0001030,wrappersiftstfbymisfitid0001101,0.008824000,8824,anto-iu-10_ldsp.lht_iter_g1.stf
sg1iterdeconid0000181,wrappersiftstfbymisfitid0001101,0.004728000,4728,bak-ci-_ldsp.lht_iter_g1.stf
sg1iterdeconid0001031,wrappersiftstfbymisfitid0001101,0.004728000,4728,schq-cn-_ldsp.lht_iter_g1.stf
sg1iterdeconid0000184,wrappersiftstfbymisfitid0001101,0.008824000,8824,usp-kn-_ldsp.lht_iter_g1.stf
sg1iterdeconid0000183,wrappersiftstfbymisfitid0001101,0.004728000,4728,tuq-ci-_ldsp.lht_iter_g1.stf
sg1iterdeconid0000180,wrappersiftstfbymisfitid0001101,0.017016000,17016,bary-xv-_ldsp.lht_iter_g1.stf
sg1iterdeconid0001038,wrappersiftstfbymisfitid0001101,0.004728000,4728,z54a-ta-_ldsp.lht_iter_g1.stf
sg1iterdeconid0000189,wrappersiftstfbymisfitid0001101,0.008824000,8824,nrs-dk-_ldsp.lht_iter_g1.stf
sg1iterdeconid0001039,wrappersiftstfbymisfitid0001101,0.002680000,2680,d03d-ta-_ldsp.lht_iter_g1.stf
sg1iterdeconid0001036,wrappersiftstfbymisfitid0001101,0.004728000,4728,sn58-xi-_ldsp.lht_iter_g1.stf
sg1iterdeconid0001037,wrappersiftstfbymisfitid0001101,0.004728000,4728,w42a-ta-_ldsp.lht_iter_g1.stf
sg1iterdeconid0000186,wrappersiftstfbymisfitid0001101,0.004728000,4728,irm-ci-_ldsp.lht_iter_g1.stf
sg1iterdeconid0001034,wrappersiftstfbymisfitid0001101,0.002680000,2680,d23-xt-_ldsp.lht_iter_g1.stf
sg1iterdeconid0000185,wrappersiftstfbymisfitid0001101,0.004728000,4728,u50a-ta-_ldsp.lht_iter_g1.stf
sg1iterdeconid0001035,wrappersiftstfbymisfitid0001101,0.017016000,17016,devl-yt-_ldsp.lht_iter_g1.stf
sg1iterdeconid0000188,wrappersiftstfbymisfitid0001101,0.004728000,4728,z55a-ta-_ldsp.lht_iter_g1.stf
sg1iterdeconid0001032,wrappersiftstfbymisfitid0001101,0.008824000,8824,557a-ta-_ldsp.lht_iter_g1.stf
sg1iterdeconid0000187,wrappersiftstfbymisfitid0001101,0.002680000,2680,b031-pb-_ldsp.lht_iter_g1.stf
sg1iterdeconid0001033,wrappersiftstfbymisfitid0001101,0.004728000,4728,tuc-iu-60_ldsp.lht_iter_g1.stf
sg1iterdeconid0000193,wrappersiftstfbymisfitid0001101,0.004728000,4728,ss68-xi-_ldsp.lht_iter_g1.stf
sg1iterdeconid0001041,wrappersiftstfbymisfitid0001101,0.004728000,4728,z52a-ta-_ldsp.lht_iter_g1.stf
sg1iterdeconid0000192,wrappersiftstfbymisfitid0001101,0.004728000,4728,mlac-ci-_ldsp.lht_iter_g1.stf
sg1iterdeconid0001042,wrappersiftstfbymisfitid0001101,0.008824000,8824,uch-kn-_ldsp.lht_iter_g1.stf
sg1iterdeconid0000195,wrappersiftstfbymisfitid0001101,0.017016000,17016,go04-c-_ldsp.lht_iter_g1.stf
sg1iterdeconid0000194,wrappersiftstfbymisfitid0001101,0.004728000,4728,y43a-ta-_ldsp.lht_iter_g1.stf
sg1iterdeconid0001040,wrappersiftstfbymisfitid0001101,0.004728000,4728,e39a-ta-_ldsp.lht_iter_g1.stf
sg1iterdeconid0000191,wrappersiftstfbymisfitid0001101,0.004728000,4728,i39a-ta-_ldsp.lht_iter_g1.stf
sg1iterdeconid0000190,wrappersiftstfbymisfitid0001101,0.004728000,4728,natx-us-00_ldsp.lht_iter_g1.stf
sg1iterdeconid0001089,wrappersiftstfbymisfitid0001101,0.004728000,4728,y52a-ta-_ldsp.lht_iter_g1.stf
sg1iterdeconid0001087,wrappersiftstfbymisfitid0001101,0.008824000,8824,658a-ta-_ldsp.lht_iter_g1.stf
sg1iterdeconid0001088,wrappersiftstfbymisfitid0001101,0.008824000,8824,gtby-cu-00_ldsp.lht_iter_g1.stf
sg1iterdeconid0001096,wrappersiftstfbymisfitid0001101,0.004728000,4728,b058-pb-_ldsp.lht_iter_g1.stf
sg1iterdeconid0001097,wrappersiftstfbymisfitid0001101,0.002680000,2680,d39-xt-_ldsp.lht_iter_g1.stf
sg1iterdeconid0001094,wrappersiftstfbymisfitid0001101,0.017016000,17016,kv03-ya-_ldsp.lht_iter_g1.stf
sg1iterdeconid0001095,wrappersiftstfbymisfitid0001101,0.004728000,4728,v45a-ta-_ldsp.lht_iter_g1.stf
sg1iterdeconid0001092,wrappersiftstfbymisfitid0001101,0.002680000,2680,d22d-xt-_ldsp.lht_iter_g1.stf
sg1iterdeconid0001093,wrappersiftstfbymisfitid0001101,0.004728000,4728,ss82-xi-_ldsp.lht_iter_g1.stf
sg1iterdeconid0001090,wrappersiftstfbymisfitid0001101,0.004728000,4728,plm-ci-_ldsp.lht_iter_g1.stf
sg1iterdeconid0001091,wrappersiftstfbymisfitid0001101,0.004728000,4728,f46a-ta-_ldsp.lht_iter_g1.stf
sg1iterdeconid0001098,wrappersiftstfbymisfitid0001101,0.004728000,4728,kip-iu-60_ldsp.lht_iter_g1.stf
sg1iterdeconid0001099,wrappersiftstfbymisfitid0001101,0.004728000,4728,ksct-ld-_ldsp.lht_iter_g1.stf
sg1iterdeconid0001069,wrappersiftstfbymisfitid0001101,0.004728000,4728,p42a-ta-_ldsp.lht_iter_g1.stf
sg1iterdeconid0001067,wrappersiftstfbymisfitid0001101,0.004728000,4728,gvar1-yn-_ldsp.lht_iter_g1.stf
sg1iterdeconid0001068,wrappersiftstfbymisfitid0001101,0.002680000,2680,l02e-ta-_ldsp.lht_iter_g1.stf
sg1iterdeconid0001065,wrappersiftstfbymisfitid0001101,0.004728000,4728,pfo-az-_ldsp.lht_iter_g1.stf
sg1iterdeconid0001066,wrappersiftstfbymisfitid0001101,0.008824000,8824,yss-iu-00_ldsp.lht_iter_g1.stf
sg1iterdeconid0001074,wrappersiftstfbymisfitid0001101,0.008824000,8824,tip-mn-_ldsp.lht_iter_g1.stf
sg1iterdeconid0001075,wrappersiftstfbymisfitid0001101,0.004728000,4728,151a-ta-_ldsp.lht_iter_g1.stf
sg1iterdeconid0001072,wrappersiftstfbymisfitid0001101,0.017016000,17016,kv04-ya-_ldsp.lht_iter_g1.stf
sg1iterdeconid0001073,wrappersiftstfbymisfitid0001101,0.004728000,4728,j41a-ta-_ldsp.lht_iter_g1.stf
sg1iterdeconid0001070,wrappersiftstfbymisfitid0001101,0.008824000,8824,gni-iu-00_ldsp.lht_iter_g1.stf
sg1iterdeconid0001071,wrappersiftstfbymisfitid0001101,0.004728000,4728,n40a-ta-_ldsp.lht_iter_g1.stf
sg1iterdeconid0001078,wrappersiftstfbymisfitid0001101,0.002680000,2680,d24-xt-_ldsp.lht_iter_g1.stf
sg1iterdeconid0001079,wrappersiftstfbymisfitid0001101,0.008824000,8824,vsu-ge-_ldsp.lht_iter_g1.stf
sg1iterdeconid0001076,wrappersiftstfbymisfitid0001101,0.004728000,4728,w52a-ta-_ldsp.lht_iter_g1.stf
sg1iterdeconid0001077,wrappersiftstfbymisfitid0001101,0.008824000,8824,john-iu-00_ldsp.lht_iter_g1.stf
sg1iterdeconid0001085,wrappersiftstfbymisfitid0001101,0.004728000,4728,mcvt-ld-_ldsp.lht_iter_g1.stf
sg1iterdeconid0001086,wrappersiftstfbymisfitid0001101,0.008824000,8824,pvaq-pm-_ldsp.lht_iter_g1.stf
sg1iterdeconid0001083,wrappersiftstfbymisfitid0001101,0.004728000,4728,w45a-ta-_ldsp.lht_iter_g1.stf
sg1iterdeconid0001084,wrappersiftstfbymisfitid0001101,0.004728000,4728,miar-us-00_ldsp.lht_iter_g1.stf
sg1iterdeconid0001081,wrappersiftstfbymisfitid0001101,0.004728000,4728,oxf-us-00_ldsp.lht_iter_g1.stf
sg1iterdeconid0001082,wrappersiftstfbymisfitid0001101,0.002680000,2680,b013-pb-_ldsp.lht_iter_g1.stf
sg1iterdeconid0001080,wrappersiftstfbymisfitid0001101,0.004728000,4728,m44a-ta-_ldsp.lht_iter_g1.stf
sg1iterdeconid0000803,wrappersiftstfbymisfitid0001101,0.004728000,4728,p52a-ta-_ldsp.lht_iter_g1.stf
sg1iterdeconid0000802,wrappersiftstfbymisfitid0001101,0.002680000,2680,b046-pb-_ldsp.lht_iter_g1.stf
sg1iterdeconid0000805,wrappersiftstfbymisfitid0001101,0.004728000,4728,o47a-ta-_ldsp.lht_iter_g1.stf
sg1iterdeconid0000804,wrappersiftstfbymisfitid0001101,0.004728000,4728,f49a-ta-_ldsp.lht_iter_g1.stf
sg1iterdeconid0000801,wrappersiftstfbymisfitid0001101,0.004728000,4728,x42a-ta-_ldsp.lht_iter_g1.stf
sg1iterdeconid0000800,wrappersiftstfbymisfitid0001101,0.004728000,4728,pal-ld-_ldsp.lht_iter_g1.stf
sg1iterdeconid0000807,wrappersiftstfbymisfitid0001101,0.004728000,4728,l50a-ta-_ldsp.lht_iter_g1.stf
sg1iterdeconid0000806,wrappersiftstfbymisfitid0001101,0.004728000,4728,q49a-ta-_ldsp.lht_iter_g1.stf
sg1iterdeconid0000809,wrappersiftstfbymisfitid0001101,0.004728000,4728,cowi-us-00_ldsp.lht_iter_g1.stf
sg1iterdeconid0000808,wrappersiftstfbymisfitid0001101,0.008824000,8824,bsd-dk-_ldsp.lht_iter_g1.stf
sg1iterdeconid0000830,wrappersiftstfbymisfitid0001101,0.017016000,17016,lco-iu-_ldsp.lht_iter_g1.stf
sg1iterdeconid0000836,wrappersiftstfbymisfitid0001101,0.004728000,4728,a16-xd-_ldsp.lht_iter_g1.stf
sg1iterdeconid0000835,wrappersiftstfbymisfitid0001101,0.004728000,4728,e46a-ta-_ldsp.lht_iter_g1.stf
sg1iterdeconid0000838,wrappersiftstfbymisfitid0001101,0.004728000,4728,f45a-ta-_ldsp.lht_iter_g1.stf
sg1iterdeconid0000837,wrappersiftstfbymisfitid0001101,0.004728000,4728,n53a-ta-_ldsp.lht_iter_g1.stf
sg1iterdeconid0000832,wrappersiftstfbymisfitid0001101,0.017016000,17016,peca-yt-_ldsp.lht_iter_g1.stf
sg1iterdeconid0000831,wrappersiftstfbymisfitid0001101,0.002680000,2680,cola-iu-00_ldsp.lht_iter_g1.stf
sg1iterdeconid0000834,wrappersiftstfbymisfitid0001101,0.004728000,4728,w46a-ta-_ldsp.lht_iter_g1.stf
sg1iterdeconid0000833,wrappersiftstfbymisfitid0001101,0.002680000,2680,j05d-ta-_ldsp.lht_iter_g1.stf
sg1iterdeconid0000839,wrappersiftstfbymisfitid0001101,0.004728000,4728,npny-ld-_ldsp.lht_iter_g1.stf
sg1iterdeconid0000841,wrappersiftstfbymisfitid0001101,0.004728000,4728,m40a-ta-_ldsp.lht_iter_g1.stf
sg1iterdeconid0000840,wrappersiftstfbymisfitid0001101,0.002680000,2680,l14-xt-_ldsp.lht_iter_g1.stf
sg1iterdeconid0000605,wrappersiftstfbymisfitid0001101,0.004728000,4728,f41a-ta-_ldsp.lht_iter_g1.stf
sg1iterdeconid0000847,wrappersiftstfbymisfitid0001101,0.004728000,4728,o52a-ta-_ldsp.lht_iter_g1.stf
sg1iterdeconid0000604,wrappersiftstfbymisfitid0001101,0.004728000,4728,p55a-ta-_ldsp.lht_iter_g1.stf
sg1iterdeconid0000846,wrappersiftstfbymisfitid0001101,0.002680000,2680,d28-xt-_ldsp.lht_iter_g1.stf
sg1iterdeconid0000607,wrappersiftstfbymisfitid0001101,0.002680000,2680,d12-xt-_ldsp.lht_iter_g1.stf
sg1iterdeconid0000849,wrappersiftstfbymisfitid0001101,0.004728000,4728,sn50-xi-_ldsp.lht_iter_g1.stf
sg1iterdeconid0000606,wrappersiftstfbymisfitid0001101,0.004728000,4728,bel-ci-_ldsp.lht_iter_g1.stf
sg1iterdeconid0000848,wrappersiftstfbymisfitid0001101,0.002680000,2680,l13-xt-_ldsp.lht_iter_g1.stf
sg1iterdeconid0000601,wrappersiftstfbymisfitid0001101,0.004728000,4728,v44a-ta-_ldsp.lht_iter_g1.stf
sg1iterdeconid0000843,wrappersiftstfbymisfitid0001101,0.004728000,4728,ss76-xi-_ldsp.lht_iter_g1.stf
sg1iterdeconid0000600,wrappersiftstfbymisfitid0001101,0.002680000,2680,b009-pb-_ldsp.lht_iter_g1.stf
sg1iterdeconid0000842,wrappersiftstfbymisfitid0001101,0.004728000,4728,x51a-ta-_ldsp.lht_iter_g1.stf
sg1iterdeconid0000603,wrappersiftstfbymisfitid0001101,0.004728000,4728,f48a-ta-_ldsp.lht_iter_g1.stf
sg1iterdeconid0000845,wrappersiftstfbymisfitid0001101,0.017016000,17016,ais-g-10_ldsp.lht_iter_g1.stf
sg1iterdeconid0000602,wrappersiftstfbymisfitid0001101,0.004728000,4728,tixi-iu-00_ldsp.lht_iter_g1.stf
sg1iterdeconid0000844,wrappersiftstfbymisfitid0001101,0.017016000,17016,uptw-yt-_ldsp.lht_iter_g1.stf
sg1iterdeconid0000609,wrappersiftstfbymisfitid0001101,0.017016000,17016,fall-yt-_ldsp.lht_iter_g1.stf
sg1iterdeconid0000608,wrappersiftstfbymisfitid0001101,0.008824000,8824,aru-ii-00_ldsp.lht_iter_g1.stf
sg1iterdeconid0000814,wrappersiftstfbymisfitid0001101,0.002680000,2680,b028-pb-_ldsp.lht_iter_g1.stf
sg1iterdeconid0000813,wrappersiftstfbymisfitid0001101,0.004728000,4728,rssd-iu-10_ldsp.lht_iter_g1.stf
sg1iterdeconid0000816,wrappersiftstfbymisfitid0001101,0.004728000,4728,sc16-xi-_ldsp.lht_iter_g1.stf
sg1iterdeconid0000815,wrappersiftstfbymisfitid0001101,0.004728000,4728,v52a-ta-_ldsp.lht_iter_g1.stf
sg1iterdeconid0000810,wrappersiftstfbymisfitid0001101,0.004728000,4728,z47a-ta-_ldsp.lht_iter_g1.stf
sg1iterdeconid0000812,wrappersiftstfbymisfitid0001101,0.008824000,8824,059z-ta-_ldsp.lht_iter_g1.stf
sg1iterdeconid0000811,wrappersiftstfbymisfitid0001101,0.008824000,8824,kntn-iu-00_ldsp.lht_iter_g1.stf
sg1iterdeconid0000818,wrappersiftstfbymisfitid0001101,0.001656000,1656,ncbc-nv-_ldsp.lht_iter_g1.stf
sg1iterdeconid0000817,wrappersiftstfbymisfitid0001101,0.004728000,4728,sm27-xi-_ldsp.lht_iter_g1.stf
sg1iterdeconid0000819,wrappersiftstfbymisfitid0001101,0.017016000,17016,laha-xv-_ldsp.lht_iter_g1.stf
sg1iterdeconid0000825,wrappersiftstfbymisfitid0001101,0.004728000,4728,cia-ci-_ldsp.lht_iter_g1.stf
sg1iterdeconid0000824,wrappersiftstfbymisfitid0001101,0.008824000,8824,borg-ii-10_ldsp.lht_iter_g1.stf
sg1iterdeconid0000827,wrappersiftstfbymisfitid0001101,0.004728000,4728,g55a-ta-_ldsp.lht_iter_g1.stf
sg1iterdeconid0000826,wrappersiftstfbymisfitid0001101,0.004728000,4728,lg19-xo-_ldsp.lht_iter_g1.stf
sg1iterdeconid0000821,wrappersiftstfbymisfitid0001101,0.004728000,4728,l39a-ta-_ldsp.lht_iter_g1.stf
sg1iterdeconid0000820,wrappersiftstfbymisfitid0001101,0.004728000,4728,mvco-us-00_ldsp.lht_iter_g1.stf
sg1iterdeconid0000823,wrappersiftstfbymisfitid0001101,0.008824000,8824,sari-xf-_ldsp.lht_iter_g1.stf
sg1iterdeconid0000822,wrappersiftstfbymisfitid0001101,0.004728000,4728,y42a-ta-_ldsp.lht_iter_g1.stf
sg1iterdeconid0000829,wrappersiftstfbymisfitid0001101,0.017016000,17016,go06-c-_ldsp.lht_iter_g1.stf
sg1iterdeconid0000828,wrappersiftstfbymisfitid0001101,0.008824000,8824,tue-mn-_ldsp.lht_iter_g1.stf
sg1iterdeconid0000751,wrappersiftstfbymisfitid0001101,0.004728000,4728,wuaz-us-00_ldsp.lht_iter_g1.stf
sg1iterdeconid0000993,wrappersiftstfbymisfitid0001101,0.004728000,4728,ss72-xi-_ldsp.lht_iter_g1.stf
sg1iterdeconid0000750,wrappersiftstfbymisfitid0001101,0.004728000,4728,rrx-ci-_ldsp.lht_iter_g1.stf
sg1iterdeconid0000992,wrappersiftstfbymisfitid0001101,0.002680000,2680,l06-xt-_ldsp.lht_iter_g1.stf
sg1iterdeconid0000511,wrappersiftstfbymisfitid0001101,0.002680000,2680,d07-xt-_ldsp.lht_iter_g1.stf
sg1iterdeconid0000753,wrappersiftstfbymisfitid0001101,0.004728000,4728,b073-pb-_ldsp.lht_iter_g1.stf
sg1iterdeconid0000995,wrappersiftstfbymisfitid0001101,0.004728000,4728,w53a-ta-_ldsp.lht_iter_g1.stf
sg1iterdeconid0000510,wrappersiftstfbymisfitid0001101,0.004728000,4728,k47a-ta-_ldsp.lht_iter_g1.stf
sg1iterdeconid0000752,wrappersiftstfbymisfitid0001101,0.004728000,4728,rssd-iu-00_ldsp.lht_iter_g1.stf
sg1iterdeconid0000994,wrappersiftstfbymisfitid0001101,0.008824000,8824,mem-be-_ldsp.lht_iter_g1.stf
sg1iterdeconid0000991,wrappersiftstfbymisfitid0001101,0.004728000,4728,mcwv-us-00_ldsp.lht_iter_g1.stf
sg1iterdeconid0000990,wrappersiftstfbymisfitid0001101,0.004728000,4728,ado-ci-_ldsp.lht_iter_g1.stf
sg1iterdeconid0000517,wrappersiftstfbymisfitid0001101,0.004728000,4728,z49a-ta-_ldsp.lht_iter_g1.stf
sg1iterdeconid0000759,wrappersiftstfbymisfitid0001101,0.017016000,17016,rocam-g-00_ldsp.lht_iter_g1.stf
sg1iterdeconid0000516,wrappersiftstfbymisfitid0001101,0.017016000,17016,ipm-my-_ldsp.lht_iter_g1.stf
sg1iterdeconid0000758,wrappersiftstfbymisfitid0001101,0.004728000,4728,sn56-xi-_ldsp.lht_iter_g1.stf
sg1iterdeconid0000519,wrappersiftstfbymisfitid0001101,0.004728000,4728,a12-xd-_ldsp.lht_iter_g1.stf
sg1iterdeconid0000518,wrappersiftstfbymisfitid0001101,0.004728000,4728,250a-ta-_ldsp.lht_iter_g1.stf
sg1iterdeconid0000513,wrappersiftstfbymisfitid0001101,0.002680000,2680,l09-xt-_ldsp.lht_iter_g1.stf
sg1iterdeconid0000755,wrappersiftstfbymisfitid0001101,0.004728000,4728,sn47-xi-_ldsp.lht_iter_g1.stf
sg1iterdeconid0000997,wrappersiftstfbymisfitid0001101,0.004728000,4728,o49a-ta-_ldsp.lht_iter_g1.stf
sg1iterdeconid0000512,wrappersiftstfbymisfitid0001101,0.004728000,4728,552a-ta-_ldsp.lht_iter_g1.stf
sg1iterdeconid0000754,wrappersiftstfbymisfitid0001101,0.004728000,4728,e50a-ta-_ldsp.lht_iter_g1.stf
sg1iterdeconid0000996,wrappersiftstfbymisfitid0001101,0.008824000,8824,masn-nu-_ldsp.lht_iter_g1.stf
sg1iterdeconid0000515,wrappersiftstfbymisfitid0001101,0.008824000,8824,kbk-kn-_ldsp.lht_iter_g1.stf
sg1iterdeconid0000757,wrappersiftstfbymisfitid0001101,0.004728000,4728,a30-xd-_ldsp.lht_iter_g1.stf
sg1iterdeconid0000999,wrappersiftstfbymisfitid0001101,0.004728000,4728,vbms-us-00_ldsp.lht_iter_g1.stf
sg1iterdeconid0000514,wrappersiftstfbymisfitid0001101,0.004728000,4728,f38a-ta-_ldsp.lht_iter_g1.stf
sg1iterdeconid0000756,wrappersiftstfbymisfitid0001101,0.004728000,4728,a14-xd-_ldsp.lht_iter_g1.stf
sg1iterdeconid0000998,wrappersiftstfbymisfitid0001101,0.002680000,2680,d29-xt-_ldsp.lht_iter_g1.stf
sg1iterdeconid0000520,wrappersiftstfbymisfitid0001101,0.017016000,17016,lzae-xp-_ldsp.lht_iter_g1.stf
sg1iterdeconid0000762,wrappersiftstfbymisfitid0001101,0.004728000,4728,f55a-ta-_ldsp.lht_iter_g1.stf
sg1iterdeconid0000761,wrappersiftstfbymisfitid0001101,0.004728000,4728,s49a-ta-_ldsp.lht_iter_g1.stf
sg1iterdeconid0000522,wrappersiftstfbymisfitid0001101,0.002680000,2680,i04a-ta-_ldsp.lht_iter_g1.stf
sg1iterdeconid0000764,wrappersiftstfbymisfitid0001101,0.002680000,2680,l11-xt-_ldsp.lht_iter_g1.stf
sg1iterdeconid0000521,wrappersiftstfbymisfitid0001101,0.004728000,4728,b01-xd-_ldsp.lht_iter_g1.stf
sg1iterdeconid0000763,wrappersiftstfbymisfitid0001101,0.004728000,4728,346a-ta-_ldsp.lht_iter_g1.stf
sg1iterdeconid0000760,wrappersiftstfbymisfitid0001101,0.002680000,2680,d53-xt-_ldsp.lht_iter_g1.stf
sg1iterdeconid0000528,wrappersiftstfbymisfitid0001101,0.008824000,8824,pfvi-pm-_ldsp.lht_iter_g1.stf
sg1iterdeconid0000527,wrappersiftstfbymisfitid0001101,0.004728000,4728,cpe-az-_ldsp.lht_iter_g1.stf
sg1iterdeconid0000769,wrappersiftstfbymisfitid0001101,0.004728000,4728,i49a-ta-_ldsp.lht_iter_g1.stf
sg1iterdeconid0000529,wrappersiftstfbymisfitid0001101,0.002680000,2680,d09-xt-_ldsp.lht_iter_g1.stf
sg1iterdeconid0000524,wrappersiftstfbymisfitid0001101,0.002680000,2680,b026-pb-_ldsp.lht_iter_g1.stf
sg1iterdeconid0000766,wrappersiftstfbymisfitid0001101,0.008824000,8824,rar-iu-10_ldsp.lht_iter_g1.stf
sg1iterdeconid0000523,wrappersiftstfbymisfitid0001101,0.004728000,4728,544a-ta-_ldsp.lht_iter_g1.stf
sg1iterdeconid0000765,wrappersiftstfbymisfitid0001101,0.017016000,17016,abpo-ii-10_ldsp.lht_iter_g1.stf
sg1iterdeconid0000526,wrappersiftstfbymisfitid0001101,0.004728000,4728,pet-iu-00_ldsp.lht_iter_g1.stf
sg1iterdeconid0000768,wrappersiftstfbymisfitid0001101,0.004728000,4728,ally-ld-_ldsp.lht_iter_g1.stf
sg1iterdeconid0000525,wrappersiftstfbymisfitid0001101,0.004728000,4728,ivi-g-00_ldsp.lht_iter_g1.stf
sg1iterdeconid0000767,wrappersiftstfbymisfitid0001101,0.004728000,4728,sn60-xi-_ldsp.lht_iter_g1.stf
sg1iterdeconid0000971,wrappersiftstfbymisfitid0001101,0.008824000,8824,xmas-iu-10_ldsp.lht_iter_g1.stf
sg1iterdeconid0000970,wrappersiftstfbymisfitid0001101,0.008824000,8824,eks2-kn-_ldsp.lht_iter_g1.stf
sg1iterdeconid0000731,wrappersiftstfbymisfitid0001101,0.004728000,4728,monp2-az-_ldsp.lht_iter_g1.stf
sg1iterdeconid0000973,wrappersiftstfbymisfitid0001101,0.004728000,4728,v51a-ta-_ldsp.lht_iter_g1.stf
sg1iterdeconid0000730,wrappersiftstfbymisfitid0001101,0.008824000,8824,brant-ch-_ldsp.lht_iter_g1.stf
sg1iterdeconid0000972,wrappersiftstfbymisfitid0001101,0.008824000,8824,payg-iu-10_ldsp.lht_iter_g1.stf
sg1iterdeconid0000737,wrappersiftstfbymisfitid0001101,0.004728000,4728,w18a-ta-_ldsp.lht_iter_g1.stf
sg1iterdeconid0000979,wrappersiftstfbymisfitid0001101,0.002680000,2680,l27-xt-_ldsp.lht_iter_g1.stf
sg1iterdeconid0000736,wrappersiftstfbymisfitid0001101,0.004728000,4728,n44a-ta-_ldsp.lht_iter_g1.stf
sg1iterdeconid0000978,wrappersiftstfbymisfitid0001101,0.004728000,4728,sm41-xi-_ldsp.lht_iter_g1.stf
sg1iterdeconid0000739,wrappersiftstfbymisfitid0001101,0.002680000,2680,b944-pb-_ldsp.lht_iter_g1.stf
sg1iterdeconid0000738,wrappersiftstfbymisfitid0001101,0.008824000,8824,959a-ta-_ldsp.lht_iter_g1.stf
sg1iterdeconid0000733,wrappersiftstfbymisfitid0001101,0.017016000,17016,lonw-yt-_ldsp.lht_iter_g1.stf
sg1iterdeconid0000975,wrappersiftstfbymisfitid0001101,0.004728000,4728,cry-az-_ldsp.lht_iter_g1.stf
sg1iterdeconid0000732,wrappersiftstfbymisfitid0001101,0.008824000,8824,twgb-tw-_ldsp.lht_iter_g1.stf
sg1iterdeconid0000974,wrappersiftstfbymisfitid0001101,0.008824000,8824,gkp-pl-_ldsp.lht_iter_g1.stf
sg1iterdeconid0000735,wrappersiftstfbymisfitid0001101,0.004728000,4728,350a-ta-_ldsp.lht_iter_g1.stf
sg1iterdeconid0000977,wrappersiftstfbymisfitid0001101,0.004728000,4728,i42a-ta-_ldsp.lht_iter_g1.stf
sg1iterdeconid0000734,wrappersiftstfbymisfitid0001101,0.008824000,8824,bbsr-iu-00_ldsp.lht_iter_g1.stf
sg1iterdeconid0000976,wrappersiftstfbymisfitid0001101,0.004728000,4728,fur-ci-_ldsp.lht_iter_g1.stf
sg1iterdeconid0000740,wrappersiftstfbymisfitid0001101,0.004728000,4728,z41a-ta-_ldsp.lht_iter_g1.stf
sg1iterdeconid0000982,wrappersiftstfbymisfitid0001101,0.004728000,4728,j45a-ta-_ldsp.lht_iter_g1.stf
sg1iterdeconid0000981,wrappersiftstfbymisfitid0001101,0.002680000,2680,bmo-us-00_ldsp.lht_iter_g1.stf
sg1iterdeconid0000500,wrappersiftstfbymisfitid0001101,0.008824000,8824,457a-ta-_ldsp.lht_iter_g1.stf
sg1iterdeconid0000742,wrappersiftstfbymisfitid0001101,0.004728000,4728,l41a-ta-_ldsp.lht_iter_g1.stf
sg1iterdeconid0000984,wrappersiftstfbymisfitid0001101,0.008824000,8824,tkm2-kn-_ldsp.lht_iter_g1.stf
sg1iterdeconid0000741,wrappersiftstfbymisfitid0001101,0.004728000,4728,ss74-xi-_ldsp.lht_iter_g1.stf
sg1iterdeconid0000983,wrappersiftstfbymisfitid0001101,0.004728000,4728,u42a-ta-_ldsp.lht_iter_g1.stf
sg1iterdeconid0000980,wrappersiftstfbymisfitid0001101,0.008824000,8824,mpg-g-00_ldsp.lht_iter_g1.stf
sg1iterdeconid0000506,wrappersiftstfbymisfitid0001101,0.004728000,4728,scia-us-00_ldsp.lht_iter_g1.stf
sg1iterdeconid0000748,wrappersiftstfbymisfitid0001101,0.004728000,4728,sm23-xi-_ldsp.lht_iter_g1.stf
sg1iterdeconid0000505,wrappersiftstfbymisfitid0001101,0.008824000,8824,angg-dk-_ldsp.lht_iter_g1.stf
sg1iterdeconid0000747,wrappersiftstfbymisfitid0001101,0.008824000,8824,cmla-ii-00_ldsp.lht_iter_g1.stf
sg1iterdeconid0000989,wrappersiftstfbymisfitid0001101,0.002680000,2680,d25-xt-_ldsp.lht_iter_g1.stf
sg1iterdeconid0000508,wrappersiftstfbymisfitid0001101,0.017016000,17016,lona-xv-_ldsp.lht_iter_g1.stf
sg1iterdeconid0000507,wrappersiftstfbymisfitid0001101,0.004728000,4728,156a-ta-_ldsp.lht_iter_g1.stf
sg1iterdeconid0000749,wrappersiftstfbymisfitid0001101,0.004728000,4728,e47a-ta-_ldsp.lht_iter_g1.stf
sg1iterdeconid0000502,wrappersiftstfbymisfitid0001101,0.004728000,4728,bc3-ci-_ldsp.lht_iter_g1.stf
sg1iterdeconid0000744,wrappersiftstfbymisfitid0001101,0.004728000,4728,s51a-ta-_ldsp.lht_iter_g1.stf
sg1iterdeconid0000986,wrappersiftstfbymisfitid0001101,0.004728000,4728,hcny-ld-_ldsp.lht_iter_g1.stf
sg1iterdeconid0000501,wrappersiftstfbymisfitid0001101,0.004728000,4728,ss80-xi-_ldsp.lht_iter_g1.stf
sg1iterdeconid0000743,wrappersiftstfbymisfitid0001101,0.002680000,2680,l01-xt-_ldsp.lht_iter_g1.stf
sg1iterdeconid0000985,wrappersiftstfbymisfitid0001101,0.017016000,17016,tans-xv-_ldsp.lht_iter_g1.stf
sg1iterdeconid0000504,wrappersiftstfbymisfitid0001101,0.002680000,2680,b206-pb-_ldsp.lht_iter_g1.stf
sg1iterdeconid0000746,wrappersiftstfbymisfitid0001101,0.017016000,17016,banj-xv-_ldsp.lht_iter_g1.stf
sg1iterdeconid0000988,wrappersiftstfbymisfitid0001101,0.004728000,4728,sspa-iu-00_ldsp.lht_iter_g1.stf
sg1iterdeconid0000503,wrappersiftstfbymisfitid0001101,0.004728000,4728,bla-us-00_ldsp.lht_iter_g1.stf
sg1iterdeconid0000745,wrappersiftstfbymisfitid0001101,0.001656000,1656,nc27-nv-_ldsp.lht_iter_g1.stf
sg1iterdeconid0000987,wrappersiftstfbymisfitid0001101,0.002680000,2680,b014-pb-_ldsp.lht_iter_g1.stf
sg1iterdeconid0000509,wrappersiftstfbymisfitid0001101,0.004728000,4728,a24-xd-_ldsp.lht_iter_g1.stf
sg1iterdeconid0000311,wrappersiftstfbymisfitid0001101,0.004728000,4728,o56a-ta-_ldsp.lht_iter_g1.stf
sg1iterdeconid0000553,wrappersiftstfbymisfitid0001101,0.004728000,4728,kip-g-10_ldsp.lht_iter_g1.stf
sg1iterdeconid0000795,wrappersiftstfbymisfitid0001101,0.017016000,17016,khz-nz-10_ldsp.lht_iter_g1.stf
sg1iterdeconid0000310,wrappersiftstfbymisfitid0001101,0.004728000,4728,sm31-xi-_ldsp.lht_iter_g1.stf
sg1iterdeconid0000552,wrappersiftstfbymisfitid0001101,0.004728000,4728,148a-ta-_ldsp.lht_iter_g1.stf
sg1iterdeconid0000794,wrappersiftstfbymisfitid0001101,0.017016000,17016,tam-g-00_ldsp.lht_iter_g1.stf
sg1iterdeconid0000313,wrappersiftstfbymisfitid0001101,0.002680000,2680,f04d-ta-_ldsp.lht_iter_g1.stf
sg1iterdeconid0000555,wrappersiftstfbymisfitid0001101,0.017016000,17016,pmsa-iu-00_ldsp.lht_iter_g1.stf
sg1iterdeconid0000797,wrappersiftstfbymisfitid0001101,0.008824000,8824,aak-kn-_ldsp.lht_iter_g1.stf
sg1iterdeconid0000312,wrappersiftstfbymisfitid0001101,0.004728000,4728,n59a-ta-_ldsp.lht_iter_g1.stf
sg1iterdeconid0000554,wrappersiftstfbymisfitid0001101,0.004728000,4728,w49a-ta-_ldsp.lht_iter_g1.stf
sg1iterdeconid0000796,wrappersiftstfbymisfitid0001101,0.002680000,2680,ink-cn-_ldsp.lht_iter_g1.stf
sg1iterdeconid0000791,wrappersiftstfbymisfitid0001101,0.002680000,2680,nlwa-us-00_ldsp.lht_iter_g1.stf
sg1iterdeconid0000790,wrappersiftstfbymisfitid0001101,0.002680000,2680,wvor-us-00_ldsp.lht_iter_g1.stf
sg1iterdeconid0000551,wrappersiftstfbymisfitid0001101,0.002680000,2680,wdc-bk-00_ldsp.lht_iter_g1.stf
sg1iterdeconid0000793,wrappersiftstfbymisfitid0001101,0.004728000,4728,b918-pb-_ldsp.lht_iter_g1.stf
sg1iterdeconid0000550,wrappersiftstfbymisfitid0001101,0.017016000,17016,bity-xv-_ldsp.lht_iter_g1.stf
sg1iterdeconid0000792,wrappersiftstfbymisfitid0001101,0.017016000,17016,btdf-ms-_ldsp.lht_iter_g1.stf
sg1iterdeconid0000319,wrappersiftstfbymisfitid0001101,0.004728000,4728,blo-nm-_ldsp.lht_iter_g1.stf
sg1iterdeconid0000318,wrappersiftstfbymisfitid0001101,0.002680000,2680,d50-xt-_ldsp.lht_iter_g1.stf
sg1iterdeconid0000315,wrappersiftstfbymisfitid0001101,0.004728000,4728,ss67-xi-_ldsp.lht_iter_g1.stf
sg1iterdeconid0000557,wrappersiftstfbymisfitid0001101,0.004728000,4728,f37a-ta-_ldsp.lht_iter_g1.stf
sg1iterdeconid0000799,wrappersiftstfbymisfitid0001101,0.008824000,8824,fuorn-ch-_ldsp.lht_iter_g1.stf
sg1iterdeconid0000314,wrappersiftstfbymisfitid0001101,0.004728000,4728,q43a-ta-_ldsp.lht_iter_g1.stf
sg1iterdeconid0000556,wrappersiftstfbymisfitid0001101,0.004728000,4728,sbc-ci-_ldsp.lht_iter_g1.stf
sg1iterdeconid0000798,wrappersiftstfbymisfitid0001101,0.008824000,8824,pagw-xf-_ldsp.lht_iter_g1.stf
sg1iterdeconid0000317,wrappersiftstfbymisfitid0001101,0.004728000,4728,n45a-ta-_ldsp.lht_iter_g1.stf
sg1iterdeconid0000559,wrappersiftstfbymisfitid0001101,0.008824000,8824,coi-ss-_ldsp.lht_iter_g1.stf
sg1iterdeconid0000316,wrappersiftstfbymisfitid0001101,0.004728000,4728,nc10-xq-_ldsp.lht_iter_g1.stf
sg1iterdeconid0000558,wrappersiftstfbymisfitid0001101,0.008824000,8824,fdf-g-00_ldsp.lht_iter_g1.stf
sg1iterdeconid0000322,wrappersiftstfbymisfitid0001101,0.002680000,2680,d06-xt-_ldsp.lht_iter_g1.stf
sg1iterdeconid0000564,wrappersiftstfbymisfitid0001101,0.017016000,17016,mmbe-xv-_ldsp.lht_iter_g1.stf
sg1iterdeconid0000321,wrappersiftstfbymisfitid0001101,0.008824000,8824,rosa-pm-_ldsp.lht_iter_g1.stf
sg1iterdeconid0000563,wrappersiftstfbymisfitid0001101,0.004728000,4728,448a-ta-_ldsp.lht_iter_g1.stf
sg1iterdeconid0000324,wrappersiftstfbymisfitid0001101,0.002680000,2680,cola-iu-10_ldsp.lht_iter_g1.stf
sg1iterdeconid0000566,wrappersiftstfbymisfitid0001101,0.004728000,4728,sc05-xi-_ldsp.lht_iter_g1.stf
sg1iterdeconid0000323,wrappersiftstfbymisfitid0001101,0.004728000,4728,a23-xd-_ldsp.lht_iter_g1.stf
sg1iterdeconid0000565,wrappersiftstfbymisfitid0001101,0.004728000,4728,k22a-ta-_ldsp.lht_iter_g1.stf
sg1iterdeconid0000560,wrappersiftstfbymisfitid0001101,0.004728000,4728,f43a-ta-_ldsp.lht_iter_g1.stf
sg1iterdeconid0000320,wrappersiftstfbymisfitid0001101,0.017016000,17016,vina-xv-_ldsp.lht_iter_g1.stf
sg1iterdeconid0000562,wrappersiftstfbymisfitid0001101,0.001144000,1144,wrak-us-00_ldsp.lht_iter_g1.stf
sg1iterdeconid0000561,wrappersiftstfbymisfitid0001101,0.008824000,8824,acon-nu-_ldsp.lht_iter_g1.stf
sg1iterdeconid0000329,wrappersiftstfbymisfitid0001101,0.004728000,4728,k39a-ta-_ldsp.lht_iter_g1.stf
sg1iterdeconid0000326,wrappersiftstfbymisfitid0001101,0.002680000,2680,tuca-uw-_ldsp.lht_iter_g1.stf
sg1iterdeconid0000568,wrappersiftstfbymisfitid0001101,0.008824000,8824,espn-nu-_ldsp.lht_iter_g1.stf
sg1iterdeconid0000325,wrappersiftstfbymisfitid0001101,0.004728000,4728,z45a-ta-_ldsp.lht_iter_g1.stf
sg1iterdeconid0000567,wrappersiftstfbymisfitid0001101,0.004728000,4728,a15-xd-_ldsp.lht_iter_g1.stf
sg1iterdeconid0000328,wrappersiftstfbymisfitid0001101,0.017016000,17016,surp-yt-_ldsp.lht_iter_g1.stf
sg1iterdeconid0000327,wrappersiftstfbymisfitid0001101,0.004728000,4728,352a-ta-_ldsp.lht_iter_g1.stf
sg1iterdeconid0000569,wrappersiftstfbymisfitid0001101,0.004728000,4728,t48a-ta-_ldsp.lht_iter_g1.stf
sg1iterdeconid0000531,wrappersiftstfbymisfitid0001101,0.004728000,4728,ss64-xi-_ldsp.lht_iter_g1.stf
sg1iterdeconid0000773,wrappersiftstfbymisfitid0001101,0.004728000,4728,145a-ta-_ldsp.lht_iter_g1.stf
sg1iterdeconid0000530,wrappersiftstfbymisfitid0001101,0.017016000,17016,sipl-yt-_ldsp.lht_iter_g1.stf
sg1iterdeconid0000772,wrappersiftstfbymisfitid0001101,0.004728000,4728,icesg-dk-00_ldsp.lht_iter_g1.stf
sg1iterdeconid0000533,wrappersiftstfbymisfitid0001101,0.004728000,4728,sado-cn-_ldsp.lht_iter_g1.stf
sg1iterdeconid0000775,wrappersiftstfbymisfitid0001101,0.004728000,4728,s47a-ta-_ldsp.lht_iter_g1.stf
sg1iterdeconid0000532,wrappersiftstfbymisfitid0001101,0.004728000,4728,q52a-ta-_ldsp.lht_iter_g1.stf
sg1iterdeconid0000774,wrappersiftstfbymisfitid0001101,0.004728000,4728,pkme-us-00_ldsp.lht_iter_g1.stf
sg1iterdeconid0000771,wrappersiftstfbymisfitid0001101,0.008824000,8824,hasli-ch-_ldsp.lht_iter_g1.stf
sg1iterdeconid0000770,wrappersiftstfbymisfitid0001101,0.017016000,17016,chto-iu-00_ldsp.lht_iter_g1.stf
sg1iterdeconid0000539,wrappersiftstfbymisfitid0001101,0.004728000,4728,o42a-ta-_ldsp.lht_iter_g1.stf
sg1iterdeconid0000538,wrappersiftstfbymisfitid0001101,0.004728000,4728,ss71-xi-_ldsp.lht_iter_g1.stf
sg1iterdeconid0000535,wrappersiftstfbymisfitid0001101,0.004728000,4728,tuc-iu-00_ldsp.lht_iter_g1.stf
sg1iterdeconid0000777,wrappersiftstfbymisfitid0001101,0.008824000,8824,hdc-g-00_ldsp.lht_iter_g1.stf
sg1iterdeconid0000534,wrappersiftstfbymisfitid0001101,0.008824000,8824,aml-kn-_ldsp.lht_iter_g1.stf
sg1iterdeconid0000776,wrappersiftstfbymisfitid0001101,0.004728000,4728,y44a-ta-_ldsp.lht_iter_g1.stf
sg1iterdeconid0000537,wrappersiftstfbymisfitid0001101,0.004728000,4728,wci-iu-10_ldsp.lht_iter_g1.stf
sg1iterdeconid0000779,wrappersiftstfbymisfitid0001101,0.004728000,4728,wvt-iu-00_ldsp.lht_iter_g1.stf
sg1iterdeconid0000536,wrappersiftstfbymisfitid0001101,0.017016000,17016,knyn-zj-_ldsp.lht_iter_g1.stf
sg1iterdeconid0000778,wrappersiftstfbymisfitid0001101,0.004728000,4728,w48a-ta-_ldsp.lht_iter_g1.stf
sg1iterdeconid0000300,wrappersiftstfbymisfitid0001101,0.017016000,17016,anla-xv-_ldsp.lht_iter_g1.stf
sg1iterdeconid0000542,wrappersiftstfbymisfitid0001101,0.004728000,4728,nc02-xq-_ldsp.lht_iter_g1.stf
sg1iterdeconid0000784,wrappersiftstfbymisfitid0001101,0.004728000,4728,sm22-xi-_ldsp.lht_iter_g1.stf
sg1iterdeconid0000541,wrappersiftstfbymisfitid0001101,0.004728000,4728,smm-ci-_ldsp.lht_iter_g1.stf
sg1iterdeconid0000783,wrappersiftstfbymisfitid0001101,0.004728000,4728,109c-ta-_ldsp.lht_iter_g1.stf
sg1iterdeconid0000302,wrappersiftstfbymisfitid0001101,0.002680000,2680,d47-xt-_ldsp.lht_iter_g1.stf
sg1iterdeconid0000544,wrappersiftstfbymisfitid0001101,0.004728000,4728,k51a-ta-_ldsp.lht_iter_g1.stf
sg1iterdeconid0000786,wrappersiftstfbymisfitid0001101,0.004728000,4728,l43a-ta-_ldsp.lht_iter_g1.stf
sg1iterdeconid0000301,wrappersiftstfbymisfitid0001101,0.002680000,2680,l03-xt-_ldsp.lht_iter_g1.stf
sg1iterdeconid0000543,wrappersiftstfbymisfitid0001101,0.002680000,2680,o03e-ta-_ldsp.lht_iter_g1.stf
sg1iterdeconid0000785,wrappersiftstfbymisfitid0001101,0.004728000,4728,g41a-ta-_ldsp.lht_iter_g1.stf
sg1iterdeconid0000780,wrappersiftstfbymisfitid0001101,0.008824000,8824,igla-ei-_ldsp.lht_iter_g1.stf
sg1iterdeconid0000540,wrappersiftstfbymisfitid0001101,0.004728000,4728,t41a-ta-_ldsp.lht_iter_g1.stf
sg1iterdeconid0000782,wrappersiftstfbymisfitid0001101,0.008824000,8824,ech-g-00_ldsp.lht_iter_g1.stf
sg1iterdeconid0000781,wrappersiftstfbymisfitid0001101,0.008824000,8824,yhnb-tw-_ldsp.lht_iter_g1.stf
sg1iterdeconid0000308,wrappersiftstfbymisfitid0001101,0.008824000,8824,tguh-cu-00_ldsp.lht_iter_g1.stf
sg1iterdeconid0000307,wrappersiftstfbymisfitid0001101,0.004728000,4728,smer-az-_ldsp.lht_iter_g1.stf
sg1iterdeconid0000549,wrappersiftstfbymisfitid0001101,0.017016000,17016,tsum-iu-00_ldsp.lht_iter_g1.stf
sg1iterdeconid0000309,wrappersiftstfbymisfitid0001101,0.004728000,4728,whtx-ta-_ldsp.lht_iter_g1.stf
sg1iterdeconid0000304,wrappersiftstfbymisfitid0001101,0.008824000,8824,454a-ta-_ldsp.lht_iter_g1.stf
sg1iterdeconid0000546,wrappersiftstfbymisfitid0001101,0.004728000,4728,bzn-az-_ldsp.lht_iter_g1.stf
sg1iterdeconid0000788,wrappersiftstfbymisfitid0001101,0.004728000,4728,vcs-ci-_ldsp.lht_iter_g1.stf
sg1iterdeconid0000303,wrappersiftstfbymisfitid0001101,0.004728000,4728,j49a-ta-_ldsp.lht_iter_g1.stf
sg1iterdeconid0000545,wrappersiftstfbymisfitid0001101,0.004728000,4728,djj-ci-_ldsp.lht_iter_g1.stf
sg1iterdeconid0000787,wrappersiftstfbymisfitid0001101,0.002680000,2680,l15-xt-_ldsp.lht_iter_g1.stf
sg1iterdeconid0000306,wrappersiftstfbymisfitid0001101,0.002680000,2680,b004-pb-_ldsp.lht_iter_g1.stf
sg1iterdeconid0000548,wrappersiftstfbymisfitid0001101,0.008824000,8824,almn-xf-_ldsp.lht_iter_g1.stf
sg1iterdeconid0000305,wrappersiftstfbymisfitid0001101,0.002680000,2680,b935-pb-_ldsp.lht_iter_g1.stf
sg1iterdeconid0000547,wrappersiftstfbymisfitid0001101,0.017016000,17016,trqa-iu-00_ldsp.lht_iter_g1.stf
sg1iterdeconid0000789,wrappersiftstfbymisfitid0001101,0.017016000,17016,maha-xv-_ldsp.lht_iter_g1.stf
sg1iterdeconid0000113,wrappersiftstfbymisfitid0001101,0.002680000,2680,b007-pb-_ldsp.lht_iter_g1.stf
sg1iterdeconid0000355,wrappersiftstfbymisfitid0001101,0.004728000,4728,sn44-xi-_ldsp.lht_iter_g1.stf
sg1iterdeconid0000597,wrappersiftstfbymisfitid0001101,0.004728000,4728,iluli-dk-_ldsp.lht_iter_g1.stf
sg1iterdeconid0000112,wrappersiftstfbymisfitid0001101,0.004728000,4728,dan-ci-_ldsp.lht_iter_g1.stf
sg1iterdeconid0000354,wrappersiftstfbymisfitid0001101,0.004728000,4728,u40a-ta-_ldsp.lht_iter_g1.stf
sg1iterdeconid0000596,wrappersiftstfbymisfitid0001101,0.004728000,4728,sm42-xi-_ldsp.lht_iter_g1.stf
sg1iterdeconid0000115,wrappersiftstfbymisfitid0001101,0.004728000,4728,a26a-xd-_ldsp.lht_iter_g1.stf
sg1iterdeconid0000357,wrappersiftstfbymisfitid0001101,0.004728000,4728,n23a-ta-_ldsp.lht_iter_g1.stf
sg1iterdeconid0000599,wrappersiftstfbymisfitid0001101,0.004728000,4728,u51a-ta-_ldsp.lht_iter_g1.stf
sg1iterdeconid0000114,wrappersiftstfbymisfitid0001101,0.017016000,17016,pel-g-00_ldsp.lht_iter_g1.stf
sg1iterdeconid0000356,wrappersiftstfbymisfitid0001101,0.004728000,4728,g40a-ta-_ldsp.lht_iter_g1.stf
sg1iterdeconid0000598,wrappersiftstfbymisfitid0001101,0.008824000,8824,grtk-cu-00_ldsp.lht_iter_g1.stf
sg1iterdeconid0000351,wrappersiftstfbymisfitid0001101,0.001144000,1144,wrak-us-10_ldsp.lht_iter_g1.stf
sg1iterdeconid0000593,wrappersiftstfbymisfitid0001101,0.002680000,2680,i03d-ta-_ldsp.lht_iter_g1.stf
sg1iterdeconid0000350,wrappersiftstfbymisfitid0001101,0.004728000,4728,q46a-ta-_ldsp.lht_iter_g1.stf
sg1iterdeconid0000592,wrappersiftstfbymisfitid0001101,0.008824000,8824,060a-ta-_ldsp.lht_iter_g1.stf
sg1iterdeconid0000111,wrappersiftstfbymisfitid0001101,0.002680000,2680,b204-pb-_ldsp.lht_iter_g1.stf
sg1iterdeconid0000353,wrappersiftstfbymisfitid0001101,0.004728000,4728,sn43-xi-_ldsp.lht_iter_g1.stf
sg1iterdeconid0000595,wrappersiftstfbymisfitid0001101,0.004728000,4728,e42a-ta-_ldsp.lht_iter_g1.stf
sg1iterdeconid0000110,wrappersiftstfbymisfitid0001101,0.004728000,4728,dag-ge-_ldsp.lht_iter_g1.stf
sg1iterdeconid0000352,wrappersiftstfbymisfitid0001101,0.017016000,17016,rodm-g-00_ldsp.lht_iter_g1.stf
sg1iterdeconid0000594,wrappersiftstfbymisfitid0001101,0.004728000,4728,for-ld-_ldsp.lht_iter_g1.stf
sg1iterdeconid0000117,wrappersiftstfbymisfitid0001101,0.004728000,4728,sm20-xi-_ldsp.lht_iter_g1.stf
sg1iterdeconid0000359,wrappersiftstfbymisfitid0001101,0.004728000,4728,f51a-ta-_ldsp.lht_iter_g1.stf
sg1iterdeconid0000116,wrappersiftstfbymisfitid0001101,0.004728000,4728,ma2-iu-00_ldsp.lht_iter_g1.stf
sg1iterdeconid0000358,wrappersiftstfbymisfitid0001101,0.017016000,17016,maja-xv-_ldsp.lht_iter_g1.stf
sg1iterdeconid0000119,wrappersiftstfbymisfitid0001101,0.004728000,4728,sm29-xi-_ldsp.lht_iter_g1.stf
sg1iterdeconid0000118,wrappersiftstfbymisfitid0001101,0.004728000,4728,k48a-ta-_ldsp.lht_iter_g1.stf
sg1iterdeconid0000360,wrappersiftstfbymisfitid0001101,0.017016000,17016,kolr-yt-_ldsp.lht_iter_g1.stf
sg1iterdeconid0000124,wrappersiftstfbymisfitid0001101,0.004728000,4728,pdm-ci-_ldsp.lht_iter_g1.stf
sg1iterdeconid0000366,wrappersiftstfbymisfitid0001101,0.017016000,17016,kum-my-_ldsp.lht_iter_g1.stf
sg1iterdeconid0000123,wrappersiftstfbymisfitid0001101,0.004728000,4728,r46a-ta-_ldsp.lht_iter_g1.stf
sg1iterdeconid0000365,wrappersiftstfbymisfitid0001101,0.008824000,8824,857a-ta-_ldsp.lht_iter_g1.stf
sg1iterdeconid0000126,wrappersiftstfbymisfitid0001101,0.017016000,17016,pig1-xc-_ldsp.lht_iter_g1.stf
sg1iterdeconid0000368,wrappersiftstfbymisfitid0001101,0.002680000,2680,l28-xt-_ldsp.lht_iter_g1.stf
sg1iterdeconid0000125,wrappersiftstfbymisfitid0001101,0.004728000,4728,sm36-xi-_ldsp.lht_iter_g1.stf
sg1iterdeconid0000367,wrappersiftstfbymisfitid0001101,0.004728000,4728,acso-us-00_ldsp.lht_iter_g1.stf
sg1iterdeconid0000120,wrappersiftstfbymisfitid0001101,0.017016000,17016,p061-yt-_ldsp.lht_iter_g1.stf
sg1iterdeconid0000362,wrappersiftstfbymisfitid0001101,0.004728000,4728,ss69-xi-_ldsp.lht_iter_g1.stf
sg1iterdeconid0000361,wrappersiftstfbymisfitid0001101,0.002680000,2680,cmb-bk-00_ldsp.lht_iter_g1.stf
sg1iterdeconid0000122,wrappersiftstfbymisfitid0001101,0.002680000,2680,d17-xt-_ldsp.lht_iter_g1.stf
sg1iterdeconid0000364,wrappersiftstfbymisfitid0001101,0.004728000,4728,j43a-ta-_ldsp.lht_iter_g1.stf
sg1iterdeconid0000121,wrappersiftstfbymisfitid0001101,0.002680000,2680,l22-xt-_ldsp.lht_iter_g1.stf
sg1iterdeconid0000363,wrappersiftstfbymisfitid0001101,0.002680000,2680,j01e-ta-_ldsp.lht_iter_g1.stf
sg1iterdeconid0000128,wrappersiftstfbymisfitid0001101,0.002680000,2680,elk-us-00_ldsp.lht_iter_g1.stf
sg1iterdeconid0000127,wrappersiftstfbymisfitid0001101,0.002680000,2680,b926-pb-_ldsp.lht_iter_g1.stf
sg1iterdeconid0000369,wrappersiftstfbymisfitid0001101,0.004728000,4728,sn57-xi-_ldsp.lht_iter_g1.stf
sg1iterdeconid0000129,wrappersiftstfbymisfitid0001101,0.004728000,4728,y22a-sc-_ldsp.lht_iter_g1.stf
sg1iterdeconid0000371,wrappersiftstfbymisfitid0001101,0.004728000,4728,tpfo-ta-_ldsp.lht_iter_g1.stf
sg1iterdeconid0000370,wrappersiftstfbymisfitid0001101,0.004728000,4728,jct-us-00_ldsp.lht_iter_g1.stf
sg1iterdeconid0000333,wrappersiftstfbymisfitid0001101,0.004728000,4728,nuug-dk-_ldsp.lht_iter_g1.stf
sg1iterdeconid0000575,wrappersiftstfbymisfitid0001101,0.017016000,17016,sbm-my-_ldsp.lht_iter_g1.stf
sg1iterdeconid0000332,wrappersiftstfbymisfitid0001101,0.004728000,4728,sn52-xi-_ldsp.lht_iter_g1.stf
sg1iterdeconid0000574,wrappersiftstfbymisfitid0001101,0.004728000,4728,u44b-ta-_ldsp.lht_iter_g1.stf
sg1iterdeconid0000335,wrappersiftstfbymisfitid0001101,0.004728000,4728,fmp-ci-_ldsp.lht_iter_g1.stf
sg1iterdeconid0000577,wrappersiftstfbymisfitid0001101,0.002680000,2680,l23-xt-_ldsp.lht_iter_g1.stf
sg1iterdeconid0000334,wrappersiftstfbymisfitid0001101,0.008824000,8824,chm-kn-_ldsp.lht_iter_g1.stf
sg1iterdeconid0000576,wrappersiftstfbymisfitid0001101,0.008824000,8824,455a-ta-_ldsp.lht_iter_g1.stf
sg1iterdeconid0000571,wrappersiftstfbymisfitid0001101,0.008824000,8824,majo-iu-00_ldsp.lht_iter_g1.stf
sg1iterdeconid0000570,wrappersiftstfbymisfitid0001101,0.004728000,4728,bfs-ci-_ldsp.lht_iter_g1.stf
sg1iterdeconid0000331,wrappersiftstfbymisfitid0001101,0.008824000,8824,clf-g-00_ldsp.lht_iter_g1.stf
sg1iterdeconid0000573,wrappersiftstfbymisfitid0001101,0.002680000,2680,egmt-us-00_ldsp.lht_iter_g1.stf
sg1iterdeconid0000330,wrappersiftstfbymisfitid0001101,0.004728000,4728,q51a-ta-_ldsp.lht_iter_g1.stf
sg1iterdeconid0000572,wrappersiftstfbymisfitid0001101,0.008824000,8824,aqu-mn-_ldsp.lht_iter_g1.stf
sg1iterdeconid0000337,wrappersiftstfbymisfitid0001101,0.002680000,2680,d02-xt-_ldsp.lht_iter_g1.stf
sg1iterdeconid0000579,wrappersiftstfbymisfitid0001101,0.004728000,4728,sn59-xi-_ldsp.lht_iter_g1.stf
sg1iterdeconid0000336,wrappersiftstfbymisfitid0001101,0.002680000,2680,m02c-ta-_ldsp.lht_iter_g1.stf
sg1iterdeconid0000578,wrappersiftstfbymisfitid0001101,0.004728000,4728,kvtx-us-00_ldsp.lht_iter_g1.stf
sg1iterdeconid0000339,wrappersiftstfbymisfitid0001101,0.017016000,17016,dlv-rm-_ldsp.lht_iter_g1.stf
sg1iterdeconid0000338,wrappersiftstfbymisfitid0001101,0.004728000,4728,lva2-az-_ldsp.lht_iter_g1.stf
sg1iterdeconid0000580,wrappersiftstfbymisfitid0001101,0.004728000,4728,m65a-ta-_ldsp.lht_iter_g1.stf
sg1iterdeconid0000102,wrappersiftstfbymisfitid0001101,0.004728000,4728,g45a-ta-_ldsp.lht_iter_g1.stf
sg1iterdeconid0000344,wrappersiftstfbymisfitid0001101,0.002680000,2680,n02d-ta-_ldsp.lht_iter_g1.stf
sg1iterdeconid0000586,wrappersiftstfbymisfitid0001101,0.002680000,2680,b945-pb-_ldsp.lht_iter_g1.stf
sg1iterdeconid0000101,wrappersiftstfbymisfitid0001101,0.004728000,4728,lony-us-00_ldsp.lht_iter_g1.stf
sg1iterdeconid0000343,wrappersiftstfbymisfitid0001101,0.004728000,4728,anmo-iu-00_ldsp.lht_iter_g1.stf
sg1iterdeconid0000585,wrappersiftstfbymisfitid0001101,0.002680000,2680,b003-pb-_ldsp.lht_iter_g1.stf
sg1iterdeconid0000104,wrappersiftstfbymisfitid0001101,0.004728000,4728,b079-pb-_ldsp.lht_iter_g1.stf
sg1iterdeconid0000346,wrappersiftstfbymisfitid0001101,0.008824000,8824,ptcn-iu-00_ldsp.lht_iter_g1.stf
sg1iterdeconid0000588,wrappersiftstfbymisfitid0001101,0.004728000,4728,b084-pb-_ldsp.lht_iter_g1.stf
sg1iterdeconid0000103,wrappersiftstfbymisfitid0001101,0.002680000,2680,b045-pb-_ldsp.lht_iter_g1.stf
sg1iterdeconid0000345,wrappersiftstfbymisfitid0001101,0.002680000,2680,hawa-us-00_ldsp.lht_iter_g1.stf
sg1iterdeconid0000587,wrappersiftstfbymisfitid0001101,0.004728000,4728,b900-pb-_ldsp.lht_iter_g1.stf
sg1iterdeconid0000340,wrappersiftstfbymisfitid0001101,0.008824000,8824,kmnb-tw-_ldsp.lht_iter_g1.stf
sg1iterdeconid0000582,wrappersiftstfbymisfitid0001101,0.002680000,2680,i02d-ta-_ldsp.lht_iter_g1.stf
sg1iterdeconid0000581,wrappersiftstfbymisfitid0001101,0.002680000,2680,d33-xt-_ldsp.lht_iter_g1.stf
sg1iterdeconid0000100,wrappersiftstfbymisfitid0001101,0.004728000,4728,biny-us-00_ldsp.lht_iter_g1.stf
sg1iterdeconid0000342,wrappersiftstfbymisfitid0001101,0.004728000,4728,sn45-xi-_ldsp.lht_iter_g1.stf
sg1iterdeconid0000584,wrappersiftstfbymisfitid0001101,0.004728000,4728,e53a-ta-_ldsp.lht_iter_g1.stf
sg1iterdeconid0000341,wrappersiftstfbymisfitid0001101,0.004728000,4728,h38a-ta-_ldsp.lht_iter_g1.stf
sg1iterdeconid0000583,wrappersiftstfbymisfitid0001101,0.004728000,4728,m43a-ta-_ldsp.lht_iter_g1.stf
sg1iterdeconid0000109,wrappersiftstfbymisfitid0001101,0.002680000,2680,f05d-ta-_ldsp.lht_iter_g1.stf
sg1iterdeconid0000106,wrappersiftstfbymisfitid0001101,0.008824000,8824,agri-xf-_ldsp.lht_iter_g1.stf
sg1iterdeconid0000348,wrappersiftstfbymisfitid0001101,0.004728000,4728,poha-iu-00_ldsp.lht_iter_g1.stf
sg1iterdeconid0000105,wrappersiftstfbymisfitid0001101,0.004728000,4728,bgne-ta-_ldsp.lht_iter_g1.stf
sg1iterdeconid0000347,wrappersiftstfbymisfitid0001101,0.004728000,4728,j52a-ta-_ldsp.lht_iter_g1.stf
sg1iterdeconid0000589,wrappersiftstfbymisfitid0001101,0.004728000,4728,x44a-ta-_ldsp.lht_iter_g1.stf
sg1iterdeconid0000108,wrappersiftstfbymisfitid0001101,0.004728000,4728,r51a-ta-_ldsp.lht_iter_g1.stf
sg1iterdeconid0000107,wrappersiftstfbymisfitid0001101,0.004728000,4728,x48a-ta-_ldsp.lht_iter_g1.stf
sg1iterdeconid0000349,wrappersiftstfbymisfitid0001101,0.004728000,4728,kmsc-ta-_ldsp.lht_iter_g1.stf
sg1iterdeconid0000591,wrappersiftstfbymisfitid0001101,0.004728000,4728,adk-iu-00_ldsp.lht_iter_g1.stf
sg1iterdeconid0000590,wrappersiftstfbymisfitid0001101,0.004728000,4728,x45a-ta-_ldsp.lht_iter_g1.stf
sg1iterdeconid0000157,wrappersiftstfbymisfitid0001101,0.004728000,4728,y47a-ta-_ldsp.lht_iter_g1.stf
sg1iterdeconid0000399,wrappersiftstfbymisfitid0001101,0.008824000,8824,kza-kn-_ldsp.lht_iter_g1.stf
sg1iterdeconid0001005,wrappersiftstfbymisfitid0001101,0.004728000,4728,anmo-iu-10_ldsp.lht_iter_g1.stf
sg1iterdeconid0000156,wrappersiftstfbymisfitid0001101,0.002680000,2680,d43-xt-_ldsp.lht_iter_g1.stf
sg1iterdeconid0000398,wrappersiftstfbymisfitid0001101,0.008824000,8824,tato-iu-00_ldsp.lht_iter_g1.stf
sg1iterdeconid0001006,wrappersiftstfbymisfitid0001101,0.004728000,4728,s44a-ta-_ldsp.lht_iter_g1.stf
sg1iterdeconid0000159,wrappersiftstfbymisfitid0001101,0.004728000,4728,u46a-ta-_ldsp.lht_iter_g1.stf
sg1iterdeconid0001003,wrappersiftstfbymisfitid0001101,0.002680000,2680,l17-xt-_ldsp.lht_iter_g1.stf
sg1iterdeconid0000158,wrappersiftstfbymisfitid0001101,0.004728000,4728,h42a-ta-_ldsp.lht_iter_g1.stf
sg1iterdeconid0001004,wrappersiftstfbymisfitid0001101,0.017016000,17016,lvc-iu-10_ldsp.lht_iter_g1.stf
sg1iterdeconid0000153,wrappersiftstfbymisfitid0001101,0.004728000,4728,y12c-ta-_ldsp.lht_iter_g1.stf
sg1iterdeconid0000395,wrappersiftstfbymisfitid0001101,0.004728000,4728,pasc-ci-10_ldsp.lht_iter_g1.stf
sg1iterdeconid0001001,wrappersiftstfbymisfitid0001101,0.008824000,8824,ech-g-10_ldsp.lht_iter_g1.stf
sg1iterdeconid0000152,wrappersiftstfbymisfitid0001101,0.004728000,4728,nee2-ci-_ldsp.lht_iter_g1.stf
sg1iterdeconid0000394,wrappersiftstfbymisfitid0001101,0.008824000,8824,rar-iu-00_ldsp.lht_iter_g1.stf
sg1iterdeconid0001002,wrappersiftstfbymisfitid0001101,0.017016000,17016,go07-c-_ldsp.lht_iter_g1.stf
sg1iterdeconid0000155,wrappersiftstfbymisfitid0001101,0.004728000,4728,z53a-ta-_ldsp.lht_iter_g1.stf
sg1iterdeconid0000397,wrappersiftstfbymisfitid0001101,0.017016000,17016,clrk-yt-_ldsp.lht_iter_g1.stf
sg1iterdeconid0000154,wrappersiftstfbymisfitid0001101,0.004728000,4728,k43a-ta-_ldsp.lht_iter_g1.stf
sg1iterdeconid0000396,wrappersiftstfbymisfitid0001101,0.017016000,17016,spb-g-00_ldsp.lht_iter_g1.stf
sg1iterdeconid0001000,wrappersiftstfbymisfitid0001101,0.004728000,4728,152a-ta-_ldsp.lht_iter_g1.stf
sg1iterdeconid0001009,wrappersiftstfbymisfitid0001101,0.004728000,4728,i52a-ta-_ldsp.lht_iter_g1.stf
sg1iterdeconid0001007,wrappersiftstfbymisfitid0001101,0.004728000,4728,res-cn-_ldsp.lht_iter_g1.stf
sg1iterdeconid0001008,wrappersiftstfbymisfitid0001101,0.004728000,4728,y48a-ta-_ldsp.lht_iter_g1.stf
sg1iterdeconid0000160,wrappersiftstfbymisfitid0001101,0.004728000,4728,bar-ci-_ldsp.lht_iter_g1.stf
sg1iterdeconid0000162,wrappersiftstfbymisfitid0001101,0.008824000,8824,slv-rm-_ldsp.lht_iter_g1.stf
sg1iterdeconid0000161,wrappersiftstfbymisfitid0001101,0.001656000,1656,b928-pb-_ldsp.lht_iter_g1.stf
sg1iterdeconid0000168,wrappersiftstfbymisfitid0001101,0.004728000,4728,450a-ta-_ldsp.lht_iter_g1.stf
sg1iterdeconid0001016,wrappersiftstfbymisfitid0001101,0.004728000,4728,b917-pb-_ldsp.lht_iter_g1.stf
sg1iterdeconid0000167,wrappersiftstfbymisfitid0001101,0.004728000,4728,sdd-ci-_ldsp.lht_iter_g1.stf
sg1iterdeconid0001017,wrappersiftstfbymisfitid0001101,0.002680000,2680,b941-pb-_ldsp.lht_iter_g1.stf
sg1iterdeconid0001014,wrappersiftstfbymisfitid0001101,0.004728000,4728,usin-nm-_ldsp.lht_iter_g1.stf
sg1iterdeconid0000169,wrappersiftstfbymisfitid0001101,0.004728000,4728,a11-xd-_ldsp.lht_iter_g1.stf
sg1iterdeconid0001015,wrappersiftstfbymisfitid0001101,0.002680000,2680,ffc-ii-10_ldsp.lht_iter_g1.stf
sg1iterdeconid0000164,wrappersiftstfbymisfitid0001101,0.008824000,8824,556a-ta-_ldsp.lht_iter_g1.stf
sg1iterdeconid0001012,wrappersiftstfbymisfitid0001101,0.004728000,4728,susd-ta-_ldsp.lht_iter_g1.stf
sg1iterdeconid0000163,wrappersiftstfbymisfitid0001101,0.008824000,8824,sco-dk-_ldsp.lht_iter_g1.stf
sg1iterdeconid0001013,wrappersiftstfbymisfitid0001101,0.004728000,4728,q45a-ta-_ldsp.lht_iter_g1.stf
sg1iterdeconid0000166,wrappersiftstfbymisfitid0001101,0.004728000,4728,slbs-iu-10_ldsp.lht_iter_g1.stf
sg1iterdeconid0001010,wrappersiftstfbymisfitid0001101,0.004728000,4728,f40a-ta-_ldsp.lht_iter_g1.stf
sg1iterdeconid0000165,wrappersiftstfbymisfitid0001101,0.017016000,17016,kv08-ya-_ldsp.lht_iter_g1.stf
sg1iterdeconid0001011,wrappersiftstfbymisfitid0001101,0.017016000,17016,zaka-xv-_ldsp.lht_iter_g1.stf
sg1iterdeconid0001018,wrappersiftstfbymisfitid0001101,0.008824000,8824,idgl-ei-_ldsp.lht_iter_g1.stf
sg1iterdeconid0001019,wrappersiftstfbymisfitid0001101,0.004728000,4728,b081-pb-_ldsp.lht_iter_g1.stf
sg1iterdeconid0000171,wrappersiftstfbymisfitid0001101,0.004728000,4728,brny-ld-_ldsp.lht_iter_g1.stf
sg1iterdeconid0000170,wrappersiftstfbymisfitid0001101,0.004728000,4728,sm39-xi-_ldsp.lht_iter_g1.stf
sg1iterdeconid0001020,wrappersiftstfbymisfitid0001101,0.017016000,17016,lz2-xp-_ldsp.lht_iter_g1.stf
sg1iterdeconid0000173,wrappersiftstfbymisfitid0001101,0.017016000,17016,atd-g-00_ldsp.lht_iter_g1.stf
sg1iterdeconid0000172,wrappersiftstfbymisfitid0001101,0.004728000,4728,mntx-us-00_ldsp.lht_iter_g1.stf
sg1iterdeconid0000135,wrappersiftstfbymisfitid0001101,0.002680000,2680,b057-pb-_ldsp.lht_iter_g1.stf
sg1iterdeconid0000377,wrappersiftstfbymisfitid0001101,0.004728000,4728,f42a-ta-_ldsp.lht_iter_g1.stf
sg1iterdeconid0000134,wrappersiftstfbymisfitid0001101,0.017016000,17016,odz-nz-10_ldsp.lht_iter_g1.stf
sg1iterdeconid0000376,wrappersiftstfbymisfitid0001101,0.004728000,4728,cbn-us-00_ldsp.lht_iter_g1.stf
sg1iterdeconid0000137,wrappersiftstfbymisfitid0001101,0.004728000,4728,a13-xd-_ldsp.lht_iter_g1.stf
sg1iterdeconid0000379,wrappersiftstfbymisfitid0001101,0.004728000,4728,253a-ta-_ldsp.lht_iter_g1.stf
sg1iterdeconid0000136,wrappersiftstfbymisfitid0001101,0.004728000,4728,ualr-nm-_ldsp.lht_iter_g1.stf
sg1iterdeconid0000378,wrappersiftstfbymisfitid0001101,0.008824000,8824,otav-iu-00_ldsp.lht_iter_g1.stf
sg1iterdeconid0000131,wrappersiftstfbymisfitid0001101,0.002680000,2680,davn-uw-_ldsp.lht_iter_g1.stf
sg1iterdeconid0000373,wrappersiftstfbymisfitid0001101,0.004728000,4728,w51a-ta-_ldsp.lht_iter_g1.stf
sg1iterdeconid0000130,wrappersiftstfbymisfitid0001101,0.008824000,8824,yulb-tw-_ldsp.lht_iter_g1.stf
sg1iterdeconid0000372,wrappersiftstfbymisfitid0001101,0.017016000,17016,sily-yt-_ldsp.lht_iter_g1.stf
sg1iterdeconid0000133,wrappersiftstfbymisfitid0001101,0.004728000,4728,kspa-ld-_ldsp.lht_iter_g1.stf
sg1iterdeconid0000375,wrappersiftstfbymisfitid0001101,0.004728000,4728,v50a-ta-_ldsp.lht_iter_g1.stf
sg1iterdeconid0000132,wrappersiftstfbymisfitid0001101,0.004728000,4728,a32-xd-_ldsp.lht_iter_g1.stf
sg1iterdeconid0000374,wrappersiftstfbymisfitid0001101,0.004728000,4728,q48a-ta-_ldsp.lht_iter_g1.stf
sg1iterdeconid0000139,wrappersiftstfbymisfitid0001101,0.002680000,2680,boz-us-00_ldsp.lht_iter_g1.stf
sg1iterdeconid0000138,wrappersiftstfbymisfitid0001101,0.004728000,4728,ss78-xi-_ldsp.lht_iter_g1.stf
sg1iterdeconid0000380,wrappersiftstfbymisfitid0001101,0.004728000,4728,p49a-ta-_ldsp.lht_iter_g1.stf
sg1iterdeconid0000140,wrappersiftstfbymisfitid0001101,0.004728000,4728,siuc-nm-00_ldsp.lht_iter_g1.stf
sg1iterdeconid0000382,wrappersiftstfbymisfitid0001101,0.004728000,4728,252a-ta-_ldsp.lht_iter_g1.stf
sg1iterdeconid0000381,wrappersiftstfbymisfitid0001101,0.002680000,2680,b054-pb-_ldsp.lht_iter_g1.stf
sg1iterdeconid0000146,wrappersiftstfbymisfitid0001101,0.004728000,4728,v48a-ta-_ldsp.lht_iter_g1.stf
sg1iterdeconid0000388,wrappersiftstfbymisfitid0001101,0.004728000,4728,mpp-ci-_ldsp.lht_iter_g1.stf
sg1iterdeconid0000145,wrappersiftstfbymisfitid0001101,0.004728000,4728,sn63-xi-_ldsp.lht_iter_g1.stf
sg1iterdeconid0000387,wrappersiftstfbymisfitid0001101,0.002680000,2680,h04d-ta-_ldsp.lht_iter_g1.stf
sg1iterdeconid0000148,wrappersiftstfbymisfitid0001101,0.017016000,17016,bear-yt-_ldsp.lht_iter_g1.stf
sg1iterdeconid0000147,wrappersiftstfbymisfitid0001101,0.004728000,4728,a17-xd-_ldsp.lht_iter_g1.stf
sg1iterdeconid0000389,wrappersiftstfbymisfitid0001101,0.017016000,17016,eil-ge-_ldsp.lht_iter_g1.stf
sg1iterdeconid0000142,wrappersiftstfbymisfitid0001101,0.008824000,8824,mud-dk-_ldsp.lht_iter_g1.stf
sg1iterdeconid0000384,wrappersiftstfbymisfitid0001101,0.017016000,17016,bkta-xv-_ldsp.lht_iter_g1.stf
sg1iterdeconid0000141,wrappersiftstfbymisfitid0001101,0.002680000,2680,l24-xt-_ldsp.lht_iter_g1.stf
sg1iterdeconid0000383,wrappersiftstfbymisfitid0001101,0.004728000,4728,y53a-ta-_ldsp.lht_iter_g1.stf
sg1iterdeconid0000144,wrappersiftstfbymisfitid0001101,0.002680000,2680,b023-pb-_ldsp.lht_iter_g1.stf
sg1iterdeconid0000386,wrappersiftstfbymisfitid0001101,0.001656000,1656,kemf-nv-_ldsp.lht_iter_g1.stf
sg1iterdeconid0000143,wrappersiftstfbymisfitid0001101,0.004728000,4728,v42a-ta-_ldsp.lht_iter_g1.stf
sg1iterdeconid0000385,wrappersiftstfbymisfitid0001101,0.004728000,4728,w41b-ta-_ldsp.lht_iter_g1.stf
sg1iterdeconid0000149,wrappersiftstfbymisfitid0001101,0.002680000,2680,d30-xt-_ldsp.lht_iter_g1.stf
sg1iterdeconid0000391,wrappersiftstfbymisfitid0001101,0.004728000,4728,adk-iu-10_ldsp.lht_iter_g1.stf
sg1iterdeconid0000390,wrappersiftstfbymisfitid0001101,0.004728000,4728,j48a-ta-_ldsp.lht_iter_g1.stf
sg1iterdeconid0000151,wrappersiftstfbymisfitid0001101,0.004728000,4728,a09-xd-_ldsp.lht_iter_g1.stf
sg1iterdeconid0000393,wrappersiftstfbymisfitid0001101,0.017016000,17016,can-g-00_ldsp.lht_iter_g1.stf
sg1iterdeconid0000150,wrappersiftstfbymisfitid0001101,0.004728000,4728,ss70-xi-_ldsp.lht_iter_g1.stf
sg1iterdeconid0000392,wrappersiftstfbymisfitid0001101,0.004728000,4728,o41a-ta-_ldsp.lht_iter_g1.stf
