algorithm,scenario_id,interference_seed,interference_activity_ids,interference_rate,makespan,budget_used,budget_limit,deadline_limit,budget_violation,deadline_violation,feasible,interference_time,interference_pairs,algorithm_milliseconds,machine_distribution,machine_utilization
heft_classic,cluster_homo,1,maddid0000018|maddid0000037|maddid0000056|mbackgroundid0000015|mbackgroundid0000035|mbgmodelid0000012|mbgmodelid0000031|mconcatfitid0000011|mconcatfitid0000030|mdifffitid0000005|mdifffitid0000007|mdifffitid0000010|mdifffitid0000025|mdifffitid0000026|mdifffitid0000028|mdifffitid0000029|mdifffitid0000044|mimgtblid0000017|mimgtblid0000036|mimgtblid0000055|mprojectid0000003|mprojectid0000020|mprojectid0000022|mprojectid0000023|mprojectid0000040|mprojectid0000041|mviewerid0000038|mviewerid0000057|mviewerid0000058,0.2,538.100000,0.000000,1.011473,344.126167,0.000000,193.974000,false,0.000000,0,0.539000,"{""bora001"":14,""bora002"":16,""bora003"":14,""bora004"":14}","{""bora001"":0.023954,""bora002"":0.024188,""bora003"":0.023771,""bora004"":0.024001}"
heft_classic,cluster_hetero,1,maddid0000018|maddid0000037|maddid0000056|mbackgroundid0000015|mbackgroundid0000035|mbgmodelid0000012|mbgmodelid0000031|mconcatfitid0000011|mconcatfitid0000030|mdifffitid0000005|mdifffitid0000007|mdifffitid0000010|mdifffitid0000025|mdifffitid0000026|mdifffitid0000028|mdifffitid0000029|mdifffitid0000044|mimgtblid0000017|mimgtblid0000036|mimgtblid0000055|mprojectid0000003|mprojectid0000020|mprojectid0000022|mprojectid0000023|mprojectid0000040|mprojectid0000041|mviewerid0000038|mviewerid0000057|mviewerid0000058,0.2,591.999000,0.000000,1.011473,344.126167,0.000000,247.873000,false,0.000000,0,0.497000,"{""bora005"":15,""bora006"":16,""diablo01"":12,""diablo02"":15}","{""bora005"":0.02398,""bora006"":0.023905,""diablo01"":0.013673,""diablo02"":0.013849}"
heft_classic,cloud_homo,1,maddid0000018|maddid0000037|maddid0000056|mbackgroundid0000015|mbackgroundid0000035|mbgmodelid0000012|mbgmodelid0000031|mconcatfitid0000011|mconcatfitid0000030|mdifffitid0000005|mdifffitid0000007|mdifffitid0000010|mdifffitid0000025|mdifffitid0000026|mdifffitid0000028|mdifffitid0000029|mdifffitid0000044|mimgtblid0000017|mimgtblid0000036|mimgtblid0000055|mprojectid0000003|mprojectid0000020|mprojectid0000022|mprojectid0000023|mprojectid0000040|mprojectid0000041|mviewerid0000038|mviewerid0000057|mviewerid0000058,0.2,183.590000,1.910549,1.011473,344.126167,0.899100,0.000000,false,0.000000,0,0.651000,"{""h4d-standard-192-1"":14,""h4d-standard-192-2"":15,""h4d-standard-192-3"":15,""h4d-standard-192-4"":14}","{""h4d-standard-192-1"":0.002813,""h4d-standard-192-2"":0.002861,""h4d-standard-192-3"":0.002966,""h4d-standard-192-4"":0.002918}"
heft_classic,cloud_hetero,1,maddid0000018|maddid0000037|maddid0000056|mbackgroundid0000015|mbackgroundid0000035|mbgmodelid0000012|mbgmodelid0000031|mconcatfitid0000011|mconcatfitid0000030|mdifffitid0000005|mdifffitid0000007|mdifffitid0000010|mdifffitid0000025|mdifffitid0000026|mdifffitid0000028|mdifffitid0000029|mdifffitid0000044|mimgtblid0000017|mimgtblid0000036|mimgtblid0000055|mprojectid0000003|mprojectid0000020|mprojectid0000022|mprojectid0000023|mprojectid0000040|mprojectid0000041|mviewerid0000038|mviewerid0000057|mviewerid0000058,0.2,214.517000,1.950512,1.011473,344.126167,0.939000,0.000000,false,0.000000,0,0.691000,"{""h3-standard-88-1"":13,""h3-standard-88-2"":13,""h4d-highmem-192-1"":16,""h4d-standard-192-1"":16}","{""h3-standard-88-1"":0.006905,""h3-standard-88-2"":0.00684,""h4d-highmem-192-1"":0.00313,""h4d-standard-192-1"":0.003265}"
heft_classic,hybrid_homo,1,maddid0000018|maddid0000037|maddid0000056|mbackgroundid0000015|mbackgroundid0000035|mbgmodelid0000012|mbgmodelid0000031|mconcatfitid0000011|mconcatfitid0000030|mdifffitid0000005|mdifffitid0000007|mdifffitid0000010|mdifffitid0000025|mdifffitid0000026|mdifffitid0000028|mdifffitid0000029|mdifffitid0000044|mimgtblid0000017|mimgtblid0000036|mimgtblid0000055|mprojectid0000003|mprojectid0000020|mprojectid0000022|mprojectid0000023|mprojectid0000040|mprojectid0000041|mviewerid0000038|mviewerid0000057|mviewerid0000058,0.2,250.184000,1.159671,1.011473,344.126167,0.148200,0.000000,false,0.000000,0,0.585000,"{""bora009"":15,""bora010"":12,""h4d-standard-192-5"":15,""h4d-standard-192-6"":16}","{""bora009"":0.01834,""bora010"":0.021421,""h4d-standard-192-5"":0.003269,""h4d-standard-192-6"":0.003307}"
heft_classic,hybrid_hetero,1,maddid0000018|maddid0000037|maddid0000056|mbackgroundid0000015|mbackgroundid0000035|mbgmodelid0000012|mbgmodelid0000031|mconcatfitid0000011|mconcatfitid0000030|mdifffitid0000005|mdifffitid0000007|mdifffitid0000010|mdifffitid0000025|mdifffitid0000026|mdifffitid0000028|mdifffitid0000029|mdifffitid0000044|mimgtblid0000017|mimgtblid0000036|mimgtblid0000055|mprojectid0000003|mprojectid0000020|mprojectid0000022|mprojectid0000023|mprojectid0000040|mprojectid0000041|mviewerid0000038|mviewerid0000057|mviewerid0000058,0.2,286.367000,1.048103,1.011473,344.126167,0.036600,0.000000,false,0.000000,0,0.580000,"{""bora011"":15,""diablo03"":14,""h3-standard-88-2"":13,""h4d-standard-192-7"":16}","{""bora011"":0.02018,""diablo03"":0.010975,""h3-standard-88-2"":0.008461,""h4d-standard-192-7"":0.003516}"
heft_classic,cluster_homo,2,maddid0000037|mbackgroundid0000013|mbackgroundid0000014|mbackgroundid0000032|mbackgroundid0000033|mbackgroundid0000051|mbackgroundid0000052|mbackgroundid0000053|mbackgroundid0000054|mconcatfitid0000049|mdifffitid0000008|mdifffitid0000009|mdifffitid0000010|mdifffitid0000025|mdifffitid0000027|mdifffitid0000029|mdifffitid0000045|mdifffitid0000046|mdifffitid0000048|mimgtblid0000055|mprojectid0000001|mprojectid0000002|mprojectid0000020|mprojectid0000021|mprojectid0000022|mprojectid0000040|mviewerid0000038|mviewerid0000057|mviewerid0000058,0.2,538.100000,0.000000,1.011473,344.126167,0.000000,193.974000,false,0.000000,0,0.719000,"{""bora001"":14,""bora002"":16,""bora003"":14,""bora004"":14}","{""bora001"":0.023954,""bora002"":0.024188,""bora003"":0.023771,""bora004"":0.024001}"
heft_classic,cluster_hetero,2,maddid0000037|mbackgroundid0000013|mbackgroundid0000014|mbackgroundid0000032|mbackgroundid0000033|mbackgroundid0000051|mbackgroundid0000052|mbackgroundid0000053|mbackgroundid0000054|mconcatfitid0000049|mdifffitid0000008|mdifffitid0000009|mdifffitid0000010|mdifffitid0000025|mdifffitid0000027|mdifffitid0000029|mdifffitid0000045|mdifffitid0000046|mdifffitid0000048|mimgtblid0000055|mprojectid0000001|mprojectid0000002|mprojectid0000020|mprojectid0000021|mprojectid0000022|mprojectid0000040|mviewerid0000038|mviewerid0000057|mviewerid0000058,0.2,591.999000,0.000000,1.011473,344.126167,0.000000,247.873000,false,0.000000,0,0.453000,"{""bora005"":15,""bora006"":16,""diablo01"":12,""diablo02"":15}","{""bora005"":0.02398,""bora006"":0.023905,""diablo01"":0.013673,""diablo02"":0.013849}"
heft_classic,cloud_homo,2,maddid0000037|mbackgroundid0000013|mbackgroundid0000014|mbackgroundid0000032|mbackgroundid0000033|mbackgroundid0000051|mbackgroundid0000052|mbackgroundid0000053|mbackgroundid0000054|mconcatfitid0000049|mdifffitid0000008|mdifffitid0000009|mdifffitid0000010|mdifffitid0000025|mdifffitid0000027|mdifffitid0000029|mdifffitid0000045|mdifffitid0000046|mdifffitid0000048|mimgtblid0000055|mprojectid0000001|mprojectid0000002|mprojectid0000020|mprojectid0000021|mprojectid0000022|mprojectid0000040|mviewerid0000038|mviewerid0000057|mviewerid0000058,0.2,183.590000,1.910549,1.011473,344.126167,0.899100,0.000000,false,0.000000,0,0.821000,"{""h4d-standard-192-1"":14,""h4d-standard-192-2"":15,""h4d-standard-192-3"":15,""h4d-standard-192-4"":14}","{""h4d-standard-192-1"":0.002813,""h4d-standard-192-2"":0.002861,""h4d-standard-192-3"":0.002966,""h4d-standard-192-4"":0.002918}"
heft_classic,cloud_hetero,2,maddid0000037|mbackgroundid0000013|mbackgroundid0000014|mbackgroundid0000032|mbackgroundid0000033|mbackgroundid0000051|mbackgroundid0000052|mbackgroundid0000053|mbackgroundid0000054|mconcatfitid0000049|mdifffitid0000008|mdifffitid0000009|mdifffitid0000010|mdifffitid0000025|mdifffitid0000027|mdifffitid0000029|mdifffitid0000045|mdifffitid0000046|mdifffitid0000048|mimgtblid0000055|mprojectid0000001|mprojectid0000002|mprojectid0000020|mprojectid0000021|mprojectid0000022|mprojectid0000040|mviewerid0000038|mviewerid0000057|mviewerid0000058,0.2,214.517000,1.950512,1.011473,344.126167,0.939000,0.000000,false,0.000000,0,0.721000,"{""h3-standard-88-1"":13,""h3-standard-88-2"":13,""h4d-highmem-192-1"":16,""h4d-standard-192-1"":16}","{""h3-standard-88-1"":0.006905,""h3-standard-88-2"":0.00684,""h4d-highmem-192-1"":0.00313,""h4d-standard-192-1"":0.003265}"
heft_classic,hybrid_homo,2,maddid0000037|mbackgroundid0000013|mbackgroundid0000014|mbackgroundid0000032|mbackgroundid0000033|mbackgroundid0000051|mbackgroundid0000052|mbackgroundid0000053|mbackgroundid0000054|mconcatfitid0000049|mdifffitid0000008|mdifffitid0000009|mdifffitid0000010|mdifffitid0000025|mdifffitid0000027|mdifffitid0000029|mdifffitid0000045|mdifffitid0000046|mdifffitid0000048|mimgtblid0000055|mprojectid0000001|mprojectid0000002|mprojectid0000020|mprojectid0000021|mprojectid0000022|mprojectid0000040|mviewerid0000038|mviewerid0000057|mviewerid0000058,0.2,250.184000,1.159671,1.011473,344.126167,0.148200,0.000000,false,0.000000,0,0.901000,"{""bora009"":15,""bora010"":12,""h4d-standard-192-5"":15,""h4d-standard-192-6"":16}","{""bora009"":0.01834,""bora010"":0.021421,""h4d-standard-192-5"":0.003269,""h4d-standard-192-6"":0.003307}"
heft_classic,hybrid_hetero,2,maddid0000037|mbackgroundid0000013|mbackgroundid0000014|mbackgroundid0000032|mbackgroundid0000033|mbackgroundid0000051|mbackgroundid0000052|mbackgroundid0000053|mbackgroundid0000054|mconcatfitid0000049|mdifffitid0000008|mdifffitid0000009|mdifffitid0000010|mdifffitid0000025|mdifffitid0000027|mdifffitid0000029|mdifffitid0000045|mdifffitid0000046|mdifffitid0000048|mimgtblid0000055|mprojectid0000001|mprojectid0000002|mprojectid0000020|mprojectid0000021|mprojectid0000022|mprojectid0000040|mviewerid0000038|mviewerid0000057|mviewerid0000058,0.2,286.367000,1.048103,1.011473,344.126167,0.036600,0.000000,false,0.000000,0,1.335000,"{""bora011"":15,""diablo03"":14,""h3-standard-88-2"":13,""h4d-standard-192-7"":16}","{""bora011"":0.02018,""diablo03"":0.010975,""h3-standard-88-2"":0.008461,""h4d-standard-192-7"":0.003516}"
heft_classic,cluster_homo,3,maddid0000018|maddid0000037|mbackgroundid0000013|mbackgroundid0000014|mbackgroundid0000016|mbackgroundid0000032|mbackgroundid0000033|mbackgroundid0000034|mbackgroundid0000035|mbackgroundid0000052|mbackgroundid0000053|mbackgroundid0000054|mbgmodelid0000050|mconcatfitid0000011|mconcatfitid0000030|mdifffitid0000005|mdifffitid0000010|mdifffitid0000025|mdifffitid0000027|mdifffitid0000029|mdifffitid0000043|mdifffitid0000044|mdifffitid0000048|mimgtblid0000017|mimgtblid0000036|mprojectid0000004|mprojectid0000039|mviewerid0000038|mviewerid0000058,0.2,538.100000,0.000000,1.011473,344.126167,0.000000,193.974000,false,0.000000,0,0.461000,"{""bora001"":14,""bora002"":16,""bora003"":14,""bora004"":14}","{""bora001"":0.023954,""bora002"":0.024188,""bora003"":0.023771,""bora004"":0.024001}"
heft_classic,cluster_hetero,3,maddid0000018|maddid0000037|mbackgroundid0000013|mbackgroundid0000014|mbackgroundid0000016|mbackgroundid0000032|mbackgroundid0000033|mbackgroundid0000034|mbackgroundid0000035|mbackgroundid0000052|mbackgroundid0000053|mbackgroundid0000054|mbgmodelid0000050|mconcatfitid0000011|mconcatfitid0000030|mdifffitid0000005|mdifffitid0000010|mdifffitid0000025|mdifffitid0000027|mdifffitid0000029|mdifffitid0000043|mdifffitid0000044|mdifffitid0000048|mimgtblid0000017|mimgtblid0000036|mprojectid0000004|mprojectid0000039|mviewerid0000038|mviewerid0000058,0.2,591.999000,0.000000,1.011473,344.126167,0.000000,247.873000,false,0.000000,0,0.572000,"{""bora005"":15,""bora006"":16,""diablo01"":12,""diablo02"":15}","{""bora005"":0.02398,""bora006"":0.023905,""diablo01"":0.013673,""diablo02"":0.013849}"
heft_classic,cloud_homo,3,maddid0000018|maddid0000037|mbackgroundid0000013|mbackgroundid0000014|mbackgroundid0000016|mbackgroundid0000032|mbackgroundid0000033|mbackgroundid0000034|mbackgroundid0000035|mbackgroundid0000052|mbackgroundid0000053|mbackgroundid0000054|mbgmodelid0000050|mconcatfitid0000011|mconcatfitid0000030|mdifffitid0000005|mdifffitid0000010|mdifffitid0000025|mdifffitid0000027|mdifffitid0000029|mdifffitid0000043|mdifffitid0000044|mdifffitid0000048|mimgtblid0000017|mimgtblid0000036|mprojectid0000004|mprojectid0000039|mviewerid0000038|mviewerid0000058,0.2,183.590000,1.910549,1.011473,344.126167,0.899100,0.000000,false,0.000000,0,0.936000,"{""h4d-standard-192-1"":14,""h4d-standard-192-2"":15,""h4d-standard-192-3"":15,""h4d-standard-192-4"":14}","{""h4d-standard-192-1"":0.002813,""h4d-standard-192-2"":0.002861,""h4d-standard-192-3"":0.002966,""h4d-standard-192-4"":0.002918}"
heft_classic,cloud_hetero,3,maddid0000018|maddid0000037|mbackgroundid0000013|mbackgroundid0000014|mbackgroundid0000016|mbackgroundid0000032|mbackgroundid0000033|mbackgroundid0000034|mbackgroundid0000035|mbackgroundid0000052|mbackgroundid0000053|mbackgroundid0000054|mbgmodelid0000050|mconcatfitid0000011|mconcatfitid0000030|mdifffitid0000005|mdifffitid0000010|mdifffitid0000025|mdifffitid0000027|mdifffitid0000029|mdifffitid0000043|mdifffitid0000044|mdifffitid0000048|mimgtblid0000017|mimgtblid0000036|mprojectid0000004|mprojectid0000039|mviewerid0000038|mviewerid0000058,0.2,214.517000,1.950512,1.011473,344.126167,0.939000,0.000000,false,0.000000,0,0.764000,"{""h3-standard-88-1"":13,""h3-standard-88-2"":13,""h4d-highmem-192-1"":16,""h4d-standard-192-1"":16}","{""h3-standard-88-1"":0.006905,""h3-standard-88-2"":0.00684,""h4d-highmem-192-1"":0.00313,""h4d-standard-192-1"":0.003265}"
heft_classic,hybrid_homo,3,maddid0000018|maddid0000037|mbackgroundid0000013|mbackgroundid0000014|mbackgroundid0000016|mbackgroundid0000032|mbackgroundid0000033|mbackgroundid0000034|mbackgroundid0000035|mbackgroundid0000052|mbackgroundid0000053|mbackgroundid0000054|mbgmodelid0000050|mconcatfitid0000011|mconcatfitid0000030|mdifffitid0000005|mdifffitid0000010|mdifffitid0000025|mdifffitid0000027|mdifffitid0000029|mdifffitid0000043|mdifffitid0000044|mdifffitid0000048|mimgtblid0000017|mimgtblid0000036|mprojectid0000004|mprojectid0000039|mviewerid0000038|mviewerid0000058,0.2,250.184000,1.159671,1.011473,344.126167,0.148200,0.000000,false,0.000000,0,0.582000,"{""bora009"":15,""bora010"":12,""h4d-standard-192-5"":15,""h4d-standard-192-6"":16}","{""bora009"":0.01834,""bora010"":0.021421,""h4d-standard-192-5"":0.003269,""h4d-standard-192-6"":0.003307}"
heft_classic,hybrid_hetero,3,maddid0000018|maddid0000037|mbackgroundid0000013|mbackgroundid0000014|mbackgroundid0000016|mbackgroundid0000032|mbackgroundid0000033|mbackgroundid0000034|mbackgroundid0000035|mbackgroundid0000052|mbackgroundid0000053|mbackgroundid0000054|mbgmodelid0000050|mconcatfitid0000011|mconcatfitid0000030|mdifffitid0000005|mdifffitid0000010|mdifffitid0000025|mdifffitid0000027|mdifffitid0000029|mdifffitid0000043|mdifffitid0000044|mdifffitid0000048|mimgtblid0000017|mimgtblid0000036|mprojectid0000004|mprojectid0000039|mviewerid0000038|mviewerid0000058,0.2,286.367000,1.048103,1.011473,344.126167,0.036600,0.000000,false,0.000000,0,0.561000,"{""bora011"":15,""diablo03"":14,""h3-standard-88-2"":13,""h4d-standard-192-7"":16}","{""bora011"":0.02018,""diablo03"":0.010975,""h3-standard-88-2"":0.008461,""h4d-standard-192-7"":0.003516}"
heft_classic,cluster_homo,4,maddid0000056|mbackgroundid0000013|mbackgroundid0000016|mbackgroundid0000032|mbackgroundid0000033|mbackgroundid0000034|mbackgroundid0000052|mbackgroundid0000053|mdifffitid0000005|mdifffitid0000006|mdifffitid0000009|mdifffitid0000010|mdifffitid0000027|mdifffitid0000028|mdifffitid0000044|mdifffitid0000045|mdifffitid0000047|mdifffitid0000048|mimgtblid0000036|mimgtblid0000055|mprojectid0000001|mprojectid0000003|mprojectid0000021|mprojectid0000022|mprojectid0000023|mprojectid0000039|mprojectid0000040|mviewerid0000038|mviewerid0000058,0.2,538.100000,0.000000,1.011473,344.126167,0.000000,193.974000,false,0.000000,0,0.758000,"{""bora001"":14,""bora002"":16,""bora003"":14,""bora004"":14}","{""bora001"":0.023954,""bora002"":0.024188,""bora003"":0.023771,""bora004"":0.024001}"
heft_classic,cluster_hetero,4,maddid0000056|mbackgroundid0000013|mbackgroundid0000016|mbackgroundid0000032|mbackgroundid0000033|mbackgroundid0000034|mbackgroundid0000052|mbackgroundid0000053|mdifffitid0000005|mdifffitid0000006|mdifffitid0000009|mdifffitid0000010|mdifffitid0000027|mdifffitid0000028|mdifffitid0000044|mdifffitid0000045|mdifffitid0000047|mdifffitid0000048|mimgtblid0000036|mimgtblid0000055|mprojectid0000001|mprojectid0000003|mprojectid0000021|mprojectid0000022|mprojectid0000023|mprojectid0000039|mprojectid0000040|mviewerid0000038|mviewerid0000058,0.2,591.999000,0.000000,1.011473,344.126167,0.000000,247.873000,false,0.000000,0,0.527000,"{""bora005"":15,""bora006"":16,""diablo01"":12,""diablo02"":15}","{""bora005"":0.02398,""bora006"":0.023905,""diablo01"":0.013673,""diablo02"":0.013849}"
heft_classic,cloud_homo,4,maddid0000056|mbackgroundid0000013|mbackgroundid0000016|mbackgroundid0000032|mbackgroundid0000033|mbackgroundid0000034|mbackgroundid0000052|mbackgroundid0000053|mdifffitid0000005|mdifffitid0000006|mdifffitid0000009|mdifffitid0000010|mdifffitid0000027|mdifffitid0000028|mdifffitid0000044|mdifffitid0000045|mdifffitid0000047|mdifffitid0000048|mimgtblid0000036|mimgtblid0000055|mprojectid0000001|mprojectid0000003|mprojectid0000021|mprojectid0000022|mprojectid0000023|mprojectid0000039|mprojectid0000040|mviewerid0000038|mviewerid0000058,0.2,183.590000,1.910549,1.011473,344.126167,0.899100,0.000000,false,0.000000,0,0.711000,"{""h4d-standard-192-1"":14,""h4d-standard-192-2"":15,""h4d-standard-192-3"":15,""h4d-standard-192-4"":14}","{""h4d-standard-192-1"":0.002813,""h4d-standard-192-2"":0.002861,""h4d-standard-192-3"":0.002966,""h4d-standard-192-4"":0.002918}"
heft_classic,cloud_hetero,4,maddid0000056|mbackgroundid0000013|mbackgroundid0000016|mbackgroundid0000032|mbackgroundid0000033|mbackgroundid0000034|mbackgroundid0000052|mbackgroundid0000053|mdifffitid0000005|mdifffitid0000006|mdifffitid0000009|mdifffitid0000010|mdifffitid0000027|mdifffitid0000028|mdifffitid0000044|mdifffitid0000045|mdifffitid0000047|mdifffitid0000048|mimgtblid0000036|mimgtblid0000055|mprojectid0000001|mprojectid0000003|mprojectid0000021|mprojectid0000022|mprojectid0000023|mprojectid0000039|mprojectid0000040|mviewerid0000038|mviewerid0000058,0.2,214.517000,1.950512,1.011473,344.126167,0.939000,0.000000,false,0.000000,0,0.673000,"{""h3-standard-88-1"":13,""h3-standard-88-2"":13,""h4d-highmem-192-1"":16,""h4d-standard-192-1"":16}","{""h3-standard-88-1"":0.006905,""h3-standard-88-2"":0.00684,""h4d-highmem-192-1"":0.00313,""h4d-standard-192-1"":0.003265}"
heft_classic,hybrid_homo,4,maddid0000056|mbackgroundid0000013|mbackgroundid0000016|mbackgroundid0000032|mbackgroundid0000033|mbackgroundid0000034|mbackgroundid0000052|mbackgroundid0000053|mdifffitid0000005|mdifffitid0000006|mdifffitid0000009|mdifffitid0000010|mdifffitid0000027|mdifffitid0000028|mdifffitid0000044|mdifffitid0000045|mdifffitid0000047|mdifffitid0000048|mimgtblid0000036|mimgtblid0000055|mprojectid0000001|mprojectid0000003|mprojectid0000021|mprojectid0000022|mprojectid0000023|mprojectid0000039|mprojectid0000040|mviewerid0000038|mviewerid0000058,0.2,250.184000,1.159671,1.011473,344.126167,0.148200,0.000000,false,0.000000,0,0.605000,"{""bora009"":15,""bora010"":12,""h4d-standard-192-5"":15,""h4d-standard-192-6"":16}","{""bora009"":0.01834,""bora010"":0.021421,""h4d-standard-192-5"":0.003269,""h4d-standard-192-6"":0.003307}"
heft_classic,hybrid_hetero,4,maddid0000056|mbackgroundid0000013|mbackgroundid0000016|mbackgroundid0000032|mbackgroundid0000033|mbackgroundid0000034|mbackgroundid0000052|mbackgroundid0000053|mdifffitid0000005|mdifffitid0000006|mdifffitid0000009|mdifffitid0000010|mdifffitid0000027|mdifffitid0000028|mdifffitid0000044|mdifffitid0000045|mdifffitid0000047|mdifffitid0000048|mimgtblid0000036|mimgtblid0000055|mprojectid0000001|mprojectid0000003|mprojectid0000021|mprojectid0000022|mprojectid0000023|mprojectid0000039|mprojectid0000040|mviewerid0000038|mviewerid0000058,0.2,286.367000,1.048103,1.011473,344.126167,0.036600,0.000000,false,0.000000,0,0.829000,"{""bora011"":15,""diablo03"":14,""h3-standard-88-2"":13,""h4d-standard-192-7"":16}","{""bora011"":0.02018,""diablo03"":0.010975,""h3-standard-88-2"":0.008461,""h4d-standard-192-7"":0.003516}"
heft_classic,cluster_homo,5,maddid0000037|maddid0000056|mbackgroundid0000013|mbackgroundid0000014|mbackgroundid0000016|mbackgroundid0000033|mbackgroundid0000034|mbackgroundid0000035|mbackgroundid0000051|mbgmodelid0000012|mbgmodelid0000050|mconcatfitid0000011|mconcatfitid0000030|mconcatfitid0000049|mdifffitid0000007|mdifffitid0000024|mdifffitid0000028|mdifffitid0000045|mdifffitid0000048|mimgtblid0000017|mimgtblid0000036|mprojectid0000001|mprojectid0000004|mprojectid0000021|mprojectid0000023|mprojectid0000041|mviewerid0000038|mviewerid0000057|mviewerid0000058,0.2,538.100000,0.000000,1.011473,344.126167,0.000000,193.974000,false,0.000000,0,0.709000,"{""bora001"":14,""bora002"":16,""bora003"":14,""bora004"":14}","{""bora001"":0.023954,""bora002"":0.024188,""bora003"":0.023771,""bora004"":0.024001}"
heft_classic,cluster_hetero,5,maddid0000037|maddid0000056|mbackgroundid0000013|mbackgroundid0000014|mbackgroundid0000016|mbackgroundid0000033|mbackgroundid0000034|mbackgroundid0000035|mbackgroundid0000051|mbgmodelid0000012|mbgmodelid0000050|mconcatfitid0000011|mconcatfitid0000030|mconcatfitid0000049|mdifffitid0000007|mdifffitid0000024|mdifffitid0000028|mdifffitid0000045|mdifffitid0000048|mimgtblid0000017|mimgtblid0000036|mprojectid0000001|mprojectid0000004|mprojectid0000021|mprojectid0000023|mprojectid0000041|mviewerid0000038|mviewerid0000057|mviewerid0000058,0.2,591.999000,0.000000,1.011473,344.126167,0.000000,247.873000,false,0.000000,0,0.509000,"{""bora005"":15,""bora006"":16,""diablo01"":12,""diablo02"":15}","{""bora005"":0.02398,""bora006"":0.023905,""diablo01"":0.013673,""diablo02"":0.013849}"
heft_classic,cloud_homo,5,maddid0000037|maddid0000056|mbackgroundid0000013|mbackgroundid0000014|mbackgroundid0000016|mbackgroundid0000033|mbackgroundid0000034|mbackgroundid0000035|mbackgroundid0000051|mbgmodelid0000012|mbgmodelid0000050|mconcatfitid0000011|mconcatfitid0000030|mconcatfitid0000049|mdifffitid0000007|mdifffitid0000024|mdifffitid0000028|mdifffitid0000045|mdifffitid0000048|mimgtblid0000017|mimgtblid0000036|mprojectid0000001|mprojectid0000004|mprojectid0000021|mprojectid0000023|mprojectid0000041|mviewerid0000038|mviewerid0000057|mviewerid0000058,0.2,183.590000,1.910549,1.011473,344.126167,0.899100,0.000000,false,0.000000,0,0.722000,"{""h4d-standard-192-1"":14,""h4d-standard-192-2"":15,""h4d-standard-192-3"":15,""h4d-standard-192-4"":14}","{""h4d-standard-192-1"":0.002813,""h4d-standard-192-2"":0.002861,""h4d-standard-192-3"":0.002966,""h4d-standard-192-4"":0.002918}"
heft_classic,cloud_hetero,5,maddid0000037|maddid0000056|mbackgroundid0000013|mbackgroundid0000014|mbackgroundid0000016|mbackgroundid0000033|mbackgroundid0000034|mbackgroundid0000035|mbackgroundid0000051|mbgmodelid0000012|mbgmodelid0000050|mconcatfitid0000011|mconcatfitid0000030|mconcatfitid0000049|mdifffitid0000007|mdifffitid0000024|mdifffitid0000028|mdifffitid0000045|mdifffitid0000048|mimgtblid0000017|mimgtblid0000036|mprojectid0000001|mprojectid0000004|mprojectid0000021|mprojectid0000023|mprojectid0000041|mviewerid0000038|mviewerid0000057|mviewerid0000058,0.2,214.517000,1.950512,1.011473,344.126167,0.939000,0.000000,false,0.000000,0,0.608000,"{""h3-standard-88-1"":13,""h3-standard-88-2"":13,""h4d-highmem-192-1"":16,""h4d-standard-192-1"":16}","{""h3-standard-88-1"":0.006905,""h3-standard-88-2"":0.00684,""h4d-highmem-192-1"":0.00313,""h4d-standard-192-1"":0.003265}"
heft_classic,hybrid_homo,5,maddid0000037|maddid0000056|mbackgroundid0000013|mbackgroundid0000014|mbackgroundid0000016|mbackgroundid0000033|mbackgroundid0000034|mbackgroundid0000035|mbackgroundid0000051|mbgmodelid0000012|mbgmodelid0000050|mconcatfitid0000011|mconcatfitid0000030|mconcatfitid0000049|mdifffitid0000007|mdifffitid0000024|mdifffitid0000028|mdifffitid0000045|mdifffitid0000048|mimgtblid0000017|mimgtblid0000036|mprojectid0000001|mprojectid0000004|mprojectid0000021|mprojectid0000023|mprojectid0000041|mviewerid0000038|mviewerid0000057|mviewerid0000058,0.2,250.184000,1.159671,1.011473,344.126167,0.148200,0.000000,false,0.000000,0,0.602000,"{""bora009"":15,""bora010"":12,""h4d-standard-192-5"":15,""h4d-standard-192-6"":16}","{""bora009"":0.01834,""bora010"":0.021421,""h4d-standard-192-5"":0.003269,""h4d-standard-192-6"":0.003307}"
heft_classic,hybrid_hetero,5,maddid0000037|maddid0000056|mbackgroundid0000013|mbackgroundid0000014|mbackgroundid0000016|mbackgroundid0000033|mbackgroundid0000034|mbackgroundid0000035|mbackgroundid0000051|mbgmodelid0000012|mbgmodelid0000050|mconcatfitid0000011|mconcatfitid0000030|mconcatfitid0000049|mdifffitid0000007|mdifffitid0000024|mdifffitid0000028|mdifffitid0000045|mdifffitid0000048|mimgtblid0000017|mimgtblid0000036|mprojectid0000001|mprojectid0000004|mprojectid0000021|mprojectid0000023|mprojectid0000041|mviewerid0000038|mviewerid0000057|mviewerid0000058,0.2,286.367000,1.048103,1.011473,344.126167,0.036600,0.000000,false,0.000000,0,0.818000,"{""bora011"":15,""diablo03"":14,""h3-standard-88-2"":13,""h4d-standard-192-7"":16}","{""bora011"":0.02018,""diablo03"":0.010975,""h3-standard-88-2"":0.008461,""h4d-standard-192-7"":0.003516}"
heft_classic,cluster_homo,6,maddid0000018|maddid0000056|mbackgroundid0000013|mbackgroundid0000016|mbackgroundid0000033|mbackgroundid0000034|mbackgroundid0000035|mbackgroundid0000053|mbgmodelid0000031|mconcatfitid0000030|mdifffitid0000005|mdifffitid0000007|mdifffitid0000008|mdifffitid0000009|mdifffitid0000010|mdifffitid0000024|mdifffitid0000025|mdifffitid0000027|mdifffitid0000028|mdifffitid0000045|mdifffitid0000046|mdifffitid0000048|mprojectid0000002|mprojectid0000004|mprojectid0000039|mprojectid0000040|mprojectid0000041|mviewerid0000019|mviewerid0000057,0.2,538.100000,0.000000,1.011473,344.126167,0.000000,193.974000,false,0.000000,0,0.682000,"{""bora001"":14,""bora002"":16,""bora003"":14,""bora004"":14}","{""bora001"":0.023954,""bora002"":0.024188,""bora003"":0.023771,""bora004"":0.024001}"
heft_classic,cluster_hetero,6,maddid0000018|maddid0000056|mbackgroundid0000013|mbackgroundid0000016|mbackgroundid0000033|mbackgroundid0000034|mbackgroundid0000035|mbackgroundid0000053|mbgmodelid0000031|mconcatfitid0000030|mdifffitid0000005|mdifffitid0000007|mdifffitid0000008|mdifffitid0000009|mdifffitid0000010|mdifffitid0000024|mdifffitid0000025|mdifffitid0000027|mdifffitid0000028|mdifffitid0000045|mdifffitid0000046|mdifffitid0000048|mprojectid0000002|mprojectid0000004|mprojectid0000039|mprojectid0000040|mprojectid0000041|mviewerid0000019|mviewerid0000057,0.2,591.999000,0.000000,1.011473,344.126167,0.000000,247.873000,false,0.000000,0,0.425000,"{""bora005"":15,""bora006"":16,""diablo01"":12,""diablo02"":15}","{""bora005"":0.02398,""bora006"":0.023905,""diablo01"":0.013673,""diablo02"":0.013849}"
heft_classic,cloud_homo,6,maddid0000018|maddid0000056|mbackgroundid0000013|mbackgroundid0000016|mbackgroundid0000033|mbackgroundid0000034|mbackgroundid0000035|mbackgroundid0000053|mbgmodelid0000031|mconcatfitid0000030|mdifffitid0000005|mdifffitid0000007|mdifffitid0000008|mdifffitid0000009|mdifffitid0000010|mdifffitid0000024|mdifffitid0000025|mdifffitid0000027|mdifffitid0000028|mdifffitid0000045|mdifffitid0000046|mdifffitid0000048|mprojectid0000002|mprojectid0000004|mprojectid0000039|mprojectid0000040|mprojectid0000041|mviewerid0000019|mviewerid0000057,0.2,183.590000,1.910549,1.011473,344.126167,0.899100,0.000000,false,0.000000,0,0.722000,"{""h4d-standard-192-1"":14,""h4d-standard-192-2"":15,""h4d-standard-192-3"":15,""h4d-standard-192-4"":14}","{""h4d-standard-192-1"":0.002813,""h4d-standard-192-2"":0.002861,""h4d-standard-192-3"":0.002966,""h4d-standard-192-4"":0.002918}"
heft_classic,cloud_hetero,6,maddid0000018|maddid0000056|mbackgroundid0000013|mbackgroundid0000016|mbackgroundid0000033|mbackgroundid0000034|mbackgroundid0000035|mbackgroundid0000053|mbgmodelid0000031|mconcatfitid0000030|mdifffitid0000005|mdifffitid0000007|mdifffitid0000008|mdifffitid0000009|mdifffitid0000010|mdifffitid0000024|mdifffitid0000025|mdifffitid0000027|mdifffitid0000028|mdifffitid0000045|mdifffitid0000046|mdifffitid0000048|mprojectid0000002|mprojectid0000004|mprojectid0000039|mprojectid0000040|mprojectid0000041|mviewerid0000019|mviewerid0000057,0.2,214.517000,1.950512,1.011473,344.126167,0.939000,0.000000,false,0.000000,0,0.679000,"{""h3-standard-88-1"":13,""h3-standard-88-2"":13,""h4d-highmem-192-1"":16,""h4d-standard-192-1"":16}","{""h3-standard-88-1"":0.006905,""h3-standard-88-2"":0.00684,""h4d-highmem-192-1"":0.00313,""h4d-standard-192-1"":0.003265}"
heft_classic,hybrid_homo,6,maddid0000018|maddid0000056|mbackgroundid0000013|mbackgroundid0000016|mbackgroundid0000033|mbackgroundid0000034|mbackgroundid0000035|mbackgroundid0000053|mbgmodelid0000031|mconcatfitid0000030|mdifffitid0000005|mdifffitid0000007|mdifffitid0000008|mdifffitid0000009|mdifffitid0000010|mdifffitid0000024|mdifffitid0000025|mdifffitid0000027|mdifffitid0000028|mdifffitid0000045|mdifffitid0000046|mdifffitid0000048|mprojectid0000002|mprojectid0000004|mprojectid0000039|mprojectid0000040|mprojectid0000041|mviewerid0000019|mviewerid0000057,0.2,250.184000,1.159671,1.011473,344.126167,0.148200,0.000000,false,0.000000,0,0.619000,"{""bora009"":15,""bora010"":12,""h4d-standard-192-5"":15,""h4d-standard-192-6"":16}","{""bora009"":0.01834,""bora010"":0.021421,""h4d-standard-192-5"":0.003269,""h4d-standard-192-6"":0.003307}"
heft_classic,hybrid_hetero,6,maddid0000018|maddid0000056|mbackgroundid0000013|mbackgroundid0000016|mbackgroundid0000033|mbackgroundid0000034|mbackgroundid0000035|mbackgroundid0000053|mbgmodelid0000031|mconcatfitid0000030|mdifffitid0000005|mdifffitid0000007|mdifffitid0000008|mdifffitid0000009|mdifffitid0000010|mdifffitid0000024|mdifffitid0000025|mdifffitid0000027|mdifffitid0000028|mdifffitid0000045|mdifffitid0000046|mdifffitid0000048|mprojectid0000002|mprojectid0000004|mprojectid0000039|mprojectid0000040|mprojectid0000041|mviewerid0000019|mviewerid0000057,0.2,286.367000,1.048103,1.011473,344.126167,0.036600,0.000000,false,0.000000,0,0.493000,"{""bora011"":15,""diablo03"":14,""h3-standard-88-2"":13,""h4d-standard-192-7"":16}","{""bora011"":0.02018,""diablo03"":0.010975,""h3-standard-88-2"":0.008461,""h4d-standard-192-7"":0.003516}"
heft_classic,cluster_homo,7,maddid0000056|mbackgroundid0000013|mbackgroundid0000014|mbackgroundid0000033|mbackgroundid0000034|mbackgroundid0000035|mbackgroundid0000054|mbgmodelid0000012|mbgmodelid0000031|mconcatfitid0000030|mdifffitid0000005|mdifffitid0000008|mdifffitid0000009|mdifffitid0000010|mdifffitid0000027|mdifffitid0000028|mdifffitid0000043|mdifffitid0000046|mimgtblid0000017|mimgtblid0000055|mprojectid0000001|mprojectid0000002|mprojectid0000003|mprojectid0000020|mprojectid0000021|mprojectid0000022|mprojectid0000023|mviewerid0000019|mviewerid0000058,0.2,538.100000,0.000000,1.011473,344.126167,0.000000,193.974000,false,0.000000,0,0.600000,"{""bora001"":14,""bora002"":16,""bora003"":14,""bora004"":14}","{""bora001"":0.023954,""bora002"":0.024188,""bora003"":0.023771,""bora004"":0.024001}"
heft_classic,cluster_hetero,7,maddid0000056|mbackgroundid0000013|mbackgroundid0000014|mbackgroundid0000033|mbackgroundid0000034|mbackgroundid0000035|mbackgroundid0000054|mbgmodelid0000012|mbgmodelid0000031|mconcatfitid0000030|mdifffitid0000005|mdifffitid0000008|mdifffitid0000009|mdifffitid0000010|mdifffitid0000027|mdifffitid0000028|mdifffitid0000043|mdifffitid0000046|mimgtblid0000017|mimgtblid0000055|mprojectid0000001|mprojectid0000002|mprojectid0000003|mprojectid0000020|mprojectid0000021|mprojectid0000022|mprojectid0000023|mviewerid0000019|mviewerid0000058,0.2,591.999000,0.000000,1.011473,344.126167,0.000000,247.873000,false,0.000000,0,0.443000,"{""bora005"":15,""bora006"":16,""diablo01"":12,""diablo02"":15}","{""bora005"":0.02398,""bora006"":0.023905,""diablo01"":0.013673,""diablo02"":0.013849}"
heft_classic,cloud_homo,7,maddid0000056|mbackgroundid0000013|mbackgroundid0000014|mbackgroundid0000033|mbackgroundid0000034|mbackgroundid0000035|mbackgroundid0000054|mbgmodelid0000012|mbgmodelid0000031|mconcatfitid0000030|mdifffitid0000005|mdifffitid0000008|mdifffitid0000009|mdifffitid0000010|mdifffitid0000027|mdifffitid0000028|mdifffitid0000043|mdifffitid0000046|mimgtblid0000017|mimgtblid0000055|mprojectid0000001|mprojectid0000002|mprojectid0000003|mprojectid0000020|mprojectid0000021|mprojectid0000022|mprojectid0000023|mviewerid0000019|mviewerid0000058,0.2,183.590000,1.910549,1.011473,344.126167,0.899100,0.000000,false,0.000000,0,1.026000,"{""h4d-standard-192-1"":14,""h4d-standard-192-2"":15,""h4d-standard-192-3"":15,""h4d-standard-192-4"":14}","{""h4d-standard-192-1"":0.002813,""h4d-standard-192-2"":0.002861,""h4d-standard-192-3"":0.002966,""h4d-standard-192-4"":0.002918}"
heft_classic,cloud_hetero,7,maddid0000056|mbackgroundid0000013|mbackgroundid0000014|mbackgroundid0000033|mbackgroundid0000034|mbackgroundid0000035|mbackgroundid0000054|mbgmodelid0000012|mbgmodelid0000031|mconcatfitid0000030|mdifffitid0000005|mdifffitid0000008|mdifffitid0000009|mdifffitid0000010|mdifffitid0000027|mdifffitid0000028|mdifffitid0000043|mdifffitid0000046|mimgtblid0000017|mimgtblid0000055|mprojectid0000001|mprojectid0000002|mprojectid0000003|mprojectid0000020|mprojectid0000021|mprojectid0000022|mprojectid0000023|mviewerid0000019|mviewerid0000058,0.2,214.517000,1.950512,1.011473,344.126167,0.939000,0.000000,false,0.000000,0,0.900000,"{""h3-standard-88-1"":13,""h3-standard-88-2"":13,""h4d-highmem-192-1"":16,""h4d-standard-192-1"":16}","{""h3-standard-88-1"":0.006905,""h3-standard-88-2"":0.00684,""h4d-highmem-192-1"":0.00313,""h4d-standard-192-1"":0.003265}"
heft_classic,hybrid_homo,7,maddid0000056|mbackgroundid0000013|mbackgroundid0000014|mbackgroundid0000033|mbackgroundid0000034|mbackgroundid0000035|mbackgroundid0000054|mbgmodelid0000012|mbgmodelid0000031|mconcatfitid0000030|mdifffitid0000005|mdifffitid0000008|mdifffitid0000009|mdifffitid0000010|mdifffitid0000027|mdifffitid0000028|mdifffitid0000043|mdifffitid0000046|mimgtblid0000017|mimgtblid0000055|mprojectid0000001|mprojectid0000002|mprojectid0000003|mprojectid0000020|mprojectid0000021|mprojectid0000022|mprojectid0000023|mviewerid0000019|mviewerid0000058,0.2,250.184000,1.159671,1.011473,344.126167,0.148200,0.000000,false,0.000000,0,0.780000,"{""bora009"":15,""bora010"":12,""h4d-standard-192-5"":15,""h4d-standard-192-6"":16}","{""bora009"":0.01834,""bora010"":0.021421,""h4d-standard-192-5"":0.003269,""h4d-standard-192-6"":0.003307}"
heft_classic,hybrid_hetero,7,maddid0000056|mbackgroundid0000013|mbackgroundid0000014|mbackgroundid0000033|mbackgroundid0000034|mbackgroundid0000035|mbackgroundid0000054|mbgmodelid0000012|mbgmodelid0000031|mconcatfitid0000030|mdifffitid0000005|mdifffitid0000008|mdifffitid0000009|mdifffitid0000010|mdifffitid0000027|mdifffitid0000028|mdifffitid0000043|mdifffitid0000046|mimgtblid0000017|mimgtblid0000055|mprojectid0000001|mprojectid0000002|mprojectid0000003|mprojectid0000020|mprojectid0000021|mprojectid0000022|mprojectid0000023|mviewerid0000019|mviewerid0000058,0.2,286.367000,1.048103,1.011473,344.126167,0.036600,0.000000,false,0.000000,0,0.660000,"{""bora011"":15,""diablo03"":14,""h3-standard-88-2"":13,""h4d-standard-192-7"":16}","{""bora011"":0.02018,""diablo03"":0.010975,""h3-standard-88-2"":0.008461,""h4d-standard-192-7"":0.003516}"
heft_classic,cluster_homo,8,maddid0000018|maddid0000037|maddid0000056|mbackgroundid0000014|mbackgroundid0000016|mbackgroundid0000032|mbackgroundid0000033|mbackgroundid0000035|mbackgroundid0000052|mbackgroundid0000053|mbgmodelid0000012|mbgmodelid0000031|mbgmodelid0000050|mdifffitid0000006|mdifffitid0000008|mdifffitid0000024|mdifffitid0000043|mdifffitid0000044|mdifffitid0000045|mimgtblid0000036|mprojectid0000003|mprojectid0000004|mprojectid0000020|mprojectid0000021|mprojectid0000039|mprojectid0000040|mprojectid0000042|mviewerid0000038|mviewerid0000057,0.2,538.100000,0.000000,1.011473,344.126167,0.000000,193.974000,false,0.000000,0,0.546000,"{""bora001"":14,""bora002"":16,""bora003"":14,""bora004"":14}","{""bora001"":0.023954,""bora002"":0.024188,""bora003"":0.023771,""bora004"":0.024001}"
heft_classic,cluster_hetero,8,maddid0000018|maddid0000037|maddid0000056|mbackgroundid0000014|mbackgroundid0000016|mbackgroundid0000032|mbackgroundid0000033|mbackgroundid0000035|mbackgroundid0000052|mbackgroundid0000053|mbgmodelid0000012|mbgmodelid0000031|mbgmodelid0000050|mdifffitid0000006|mdifffitid0000008|mdifffitid0000024|mdifffitid0000043|mdifffitid0000044|mdifffitid0000045|mimgtblid0000036|mprojectid0000003|mprojectid0000004|mprojectid0000020|mprojectid0000021|mprojectid0000039|mprojectid0000040|mprojectid0000042|mviewerid0000038|mviewerid0000057,0.2,591.999000,0.000000,1.011473,344.126167,0.000000,247.873000,false,0.000000,0,0.464000,"{""bora005"":15,""bora006"":16,""diablo01"":12,""diablo02"":15}","{""bora005"":0.02398,""bora006"":0.023905,""diablo01"":0.013673,""diablo02"":0.013849}"
heft_classic,cloud_homo,8,maddid0000018|maddid0000037|maddid0000056|mbackgroundid0000014|mbackgroundid0000016|mbackgroundid0000032|mbackgroundid0000033|mbackgroundid0000035|mbackgroundid0000052|mbackgroundid0000053|mbgmodelid0000012|mbgmodelid0000031|mbgmodelid0000050|mdifffitid0000006|mdifffitid0000008|mdifffitid0000024|mdifffitid0000043|mdifffitid0000044|mdifffitid0000045|mimgtblid0000036|mprojectid0000003|mprojectid0000004|mprojectid0000020|mprojectid0000021|mprojectid0000039|mprojectid0000040|mprojectid0000042|mviewerid0000038|mviewerid0000057,0.2,183.590000,1.910549,1.011473,344.126167,0.899100,0.000000,false,0.000000,0,0.672000,"{""h4d-standard-192-1"":14,""h4d-standard-192-2"":15,""h4d-standard-192-3"":15,""h4d-standard-192-4"":14}","{""h4d-standard-192-1"":0.002813,""h4d-standard-192-2"":0.002861,""h4d-standard-192-3"":0.002966,""h4d-standard-192-4"":0.002918}"
heft_classic,cloud_hetero,8,maddid0000018|maddid0000037|maddid0000056|mbackgroundid0000014|mbackgroundid0000016|mbackgroundid0000032|mbackgroundid0000033|mbackgroundid0000035|mbackgroundid0000052|mbackgroundid0000053|mbgmodelid0000012|mbgmodelid0000031|mbgmodelid0000050|mdifffitid0000006|mdifffitid0000008|mdifffitid0000024|mdifffitid0000043|mdifffitid0000044|mdifffitid0000045|mimgtblid0000036|mprojectid0000003|mprojectid0000004|mprojectid0000020|mprojectid0000021|mprojectid0000039|mprojectid0000040|mprojectid0000042|mviewerid0000038|mviewerid0000057,0.2,214.517000,1.950512,1.011473,344.126167,0.939000,0.000000,false,0.000000,0,0.639000,"{""h3-standard-88-1"":13,""h3-standard-88-2"":13,""h4d-highmem-192-1"":16,""h4d-standard-192-1"":16}","{""h3-standard-88-1"":0.006905,""h3-standard-88-2"":0.00684,""h4d-highmem-192-1"":0.00313,""h4d-standard-192-1"":0.003265}"
heft_classic,hybrid_homo,8,maddid0000018|maddid0000037|maddid0000056|mbackgroundid0000014|mbackgroundid0000016|mbackgroundid0000032|mbackgroundid0000033|mbackgroundid0000035|mbackgroundid0000052|mbackgroundid0000053|mbgmodelid0000012|mbgmodelid0000031|mbgmodelid0000050|mdifffitid0000006|mdifffitid0000008|mdifffitid0000024|mdifffitid0000043|mdifffitid0000044|mdifffitid0000045|mimgtblid0000036|mprojectid0000003|mprojectid0000004|mprojectid0000020|mprojectid0000021|mprojectid0000039|mprojectid0000040|mprojectid0000042|mviewerid0000038|mviewerid0000057,0.2,250.184000,1.159671,1.011473,344.126167,0.148200,0.000000,false,0.000000,0,0.671000,"{""bora009"":15,""bora010"":12,""h4d-standard-192-5"":15,""h4d-standard-192-6"":16}","{""bora009"":0.01834,""bora010"":0.021421,""h4d-standard-192-5"":0.003269,""h4d-standard-192-6"":0.003307}"
heft_classic,hybrid_hetero,8,maddid0000018|maddid0000037|maddid0000056|mbackgroundid0000014|mbackgroundid0000016|mbackgroundid0000032|mbackgroundid0000033|mbackgroundid0000035|mbackgroundid0000052|mbackgroundid0000053|mbgmodelid0000012|mbgmodelid0000031|mbgmodelid0000050|mdifffitid0000006|mdifffitid0000008|mdifffitid0000024|mdifffitid0000043|mdifffitid0000044|mdifffitid0000045|mimgtblid0000036|mprojectid0000003|mprojectid0000004|mprojectid0000020|mprojectid0000021|mprojectid0000039|mprojectid0000040|mprojectid0000042|mviewerid0000038|mviewerid0000057,0.2,286.367000,1.048103,1.011473,344.126167,0.036600,0.000000,false,0.000000,0,0.546000,"{""bora011"":15,""diablo03"":14,""h3-standard-88-2"":13,""h4d-standard-192-7"":16}","{""bora011"":0.02018,""diablo03"":0.010975,""h3-standard-88-2"":0.008461,""h4d-standard-192-7"":0.003516}"
heft_classic,cluster_homo,9,maddid0000037|mbackgroundid0000013|mbackgroundid0000016|mbackgroundid0000032|mbackgroundid0000033|mbackgroundid0000052|mbackgroundid0000053|mbackgroundid0000054|mbgmodelid0000012|mbgmodelid0000031|mconcatfitid0000011|mconcatfitid0000030|mdifffitid0000005|mdifffitid0000008|mdifffitid0000009|mdifffitid0000010|mdifffitid0000028|mdifffitid0000029|mdifffitid0000046|mimgtblid0000055|mprojectid0000003|mprojectid0000004|mprojectid0000020|mprojectid0000022|mprojectid0000023|mprojectid0000040|mprojectid0000042|mviewerid0000038|mviewerid0000057,0.2,538.100000,0.000000,1.011473,344.126167,0.000000,193.974000,false,0.000000,0,0.425000,"{""bora001"":14,""bora002"":16,""bora003"":14,""bora004"":14}","{""bora001"":0.023954,""bora002"":0.024188,""bora003"":0.023771,""bora004"":0.024001}"
heft_classic,cluster_hetero,9,maddid0000037|mbackgroundid0000013|mbackgroundid0000016|mbackgroundid0000032|mbackgroundid0000033|mbackgroundid0000052|mbackgroundid0000053|mbackgroundid0000054|mbgmodelid0000012|mbgmodelid0000031|mconcatfitid0000011|mconcatfitid0000030|mdifffitid0000005|mdifffitid0000008|mdifffitid0000009|mdifffitid0000010|mdifffitid0000028|mdifffitid0000029|mdifffitid0000046|mimgtblid0000055|mprojectid0000003|mprojectid0000004|mprojectid0000020|mprojectid0000022|mprojectid0000023|mprojectid0000040|mprojectid0000042|mviewerid0000038|mviewerid0000057,0.2,591.999000,0.000000,1.011473,344.126167,0.000000,247.873000,false,0.000000,0,0.491000,"{""bora005"":15,""bora006"":16,""diablo01"":12,""diablo02"":15}","{""bora005"":0.02398,""bora006"":0.023905,""diablo01"":0.013673,""diablo02"":0.013849}"
heft_classic,cloud_homo,9,maddid0000037|mbackgroundid0000013|mbackgroundid0000016|mbackgroundid0000032|mbackgroundid0000033|mbackgroundid0000052|mbackgroundid0000053|mbackgroundid0000054|mbgmodelid0000012|mbgmodelid0000031|mconcatfitid0000011|mconcatfitid0000030|mdifffitid0000005|mdifffitid0000008|mdifffitid0000009|mdifffitid0000010|mdifffitid0000028|mdifffitid0000029|mdifffitid0000046|mimgtblid0000055|mprojectid0000003|mprojectid0000004|mprojectid0000020|mprojectid0000022|mprojectid0000023|mprojectid0000040|mprojectid0000042|mviewerid0000038|mviewerid0000057,0.2,183.590000,1.910549,1.011473,344.126167,0.899100,0.000000,false,0.000000,0,0.931000,"{""h4d-standard-192-1"":14,""h4d-standard-192-2"":15,""h4d-standard-192-3"":15,""h4d-standard-192-4"":14}","{""h4d-standard-192-1"":0.002813,""h4d-standard-192-2"":0.002861,""h4d-standard-192-3"":0.002966,""h4d-standard-192-4"":0.002918}"
heft_classic,cloud_hetero,9,maddid0000037|mbackgroundid0000013|mbackgroundid0000016|mbackgroundid0000032|mbackgroundid0000033|mbackgroundid0000052|mbackgroundid0000053|mbackgroundid0000054|mbgmodelid0000012|mbgmodelid0000031|mconcatfitid0000011|mconcatfitid0000030|mdifffitid0000005|mdifffitid0000008|mdifffitid0000009|mdifffitid0000010|mdifffitid0000028|mdifffitid0000029|mdifffitid0000046|mimgtblid0000055|mprojectid0000003|mprojectid0000004|mprojectid0000020|mprojectid0000022|mprojectid0000023|mprojectid0000040|mprojectid0000042|mviewerid0000038|mviewerid0000057,0.2,214.517000,1.950512,1.011473,344.126167,0.939000,0.000000,false,0.000000,0,2.838000,"{""h3-standard-88-1"":13,""h3-standard-88-2"":13,""h4d-highmem-192-1"":16,""h4d-standard-192-1"":16}","{""h3-standard-88-1"":0.006905,""h3-standard-88-2"":0.00684,""h4d-highmem-192-1"":0.00313,""h4d-standard-192-1"":0.003265}"
heft_classic,hybrid_homo,9,maddid0000037|mbackgroundid0000013|mbackgroundid0000016|mbackgroundid0000032|mbackgroundid0000033|mbackgroundid0000052|mbackgroundid0000053|mbackgroundid0000054|mbgmodelid0000012|mbgmodelid0000031|mconcatfitid0000011|mconcatfitid0000030|mdifffitid0000005|mdifffitid0000008|mdifffitid0000009|mdifffitid0000010|mdifffitid0000028|mdifffitid0000029|mdifffitid0000046|mimgtblid0000055|mprojectid0000003|mprojectid0000004|mprojectid0000020|mprojectid0000022|mprojectid0000023|mprojectid0000040|mprojectid0000042|mviewerid0000038|mviewerid0000057,0.2,250.184000,1.159671,1.011473,344.126167,0.148200,0.000000,false,0.000000,0,0.511000,"{""bora009"":15,""bora010"":12,""h4d-standard-192-5"":15,""h4d-standard-192-6"":16}","{""bora009"":0.01834,""bora010"":0.021421,""h4d-standard-192-5"":0.003269,""h4d-standard-192-6"":0.003307}"
heft_classic,hybrid_hetero,9,maddid0000037|mbackgroundid0000013|mbackgroundid0000016|mbackgroundid0000032|mbackgroundid0000033|mbackgroundid0000052|mbackgroundid0000053|mbackgroundid0000054|mbgmodelid0000012|mbgmodelid0000031|mconcatfitid0000011|mconcatfitid0000030|mdifffitid0000005|mdifffitid0000008|mdifffitid0000009|mdifffitid0000010|mdifffitid0000028|mdifffitid0000029|mdifffitid0000046|mimgtblid0000055|mprojectid0000003|mprojectid0000004|mprojectid0000020|mprojectid0000022|mprojectid0000023|mprojectid0000040|mprojectid0000042|mviewerid0000038|mviewerid0000057,0.2,286.367000,1.048103,1.011473,344.126167,0.036600,0.000000,false,0.000000,0,0.600000,"{""bora011"":15,""diablo03"":14,""h3-standard-88-2"":13,""h4d-standard-192-7"":16}","{""bora011"":0.02018,""diablo03"":0.010975,""h3-standard-88-2"":0.008461,""h4d-standard-192-7"":0.003516}"
heft_classic,cluster_homo,10,maddid0000018|maddid0000056|mbackgroundid0000013|mbackgroundid0000015|mbackgroundid0000016|mbackgroundid0000034|mbackgroundid0000052|mbackgroundid0000053|mbackgroundid0000054|mbgmodelid0000012|mbgmodelid0000031|mconcatfitid0000011|mconcatfitid0000049|mdifffitid0000006|mdifffitid0000026|mdifffitid0000027|mdifffitid0000044|mdifffitid0000045|mdifffitid0000046|mimgtblid0000017|mprojectid0000001|mprojectid0000003|mprojectid0000020|mprojectid0000021|mprojectid0000039|mprojectid0000041|mprojectid0000042|mviewerid0000019|mviewerid0000038,0.2,538.100000,0.000000,1.011473,344.126167,0.000000,193.974000,false,0.000000,0,0.532000,"{""bora001"":14,""bora002"":16,""bora003"":14,""bora004"":14}","{""bora001"":0.023954,""bora002"":0.024188,""bora003"":0.023771,""bora004"":0.024001}"
heft_classic,cluster_hetero,10,maddid0000018|maddid0000056|mbackgroundid0000013|mbackgroundid0000015|mbackgroundid0000016|mbackgroundid0000034|mbackgroundid0000052|mbackgroundid0000053|mbackgroundid0000054|mbgmodelid0000012|mbgmodelid0000031|mconcatfitid0000011|mconcatfitid0000049|mdifffitid0000006|mdifffitid0000026|mdifffitid0000027|mdifffitid0000044|mdifffitid0000045|mdifffitid0000046|mimgtblid0000017|mprojectid0000001|mprojectid0000003|mprojectid0000020|mprojectid0000021|mprojectid0000039|mprojectid0000041|mprojectid0000042|mviewerid0000019|mviewerid0000038,0.2,591.999000,0.000000,1.011473,344.126167,0.000000,247.873000,false,0.000000,0,0.474000,"{""bora005"":15,""bora006"":16,""diablo01"":12,""diablo02"":15}","{""bora005"":0.02398,""bora006"":0.023905,""diablo01"":0.013673,""diablo02"":0.013849}"
heft_classic,cloud_homo,10,maddid0000018|maddid0000056|mbackgroundid0000013|mbackgroundid0000015|mbackgroundid0000016|mbackgroundid0000034|mbackgroundid0000052|mbackgroundid0000053|mbackgroundid0000054|mbgmodelid0000012|mbgmodelid0000031|mconcatfitid0000011|mconcatfitid0000049|mdifffitid0000006|mdifffitid0000026|mdifffitid0000027|mdifffitid0000044|mdifffitid0000045|mdifffitid0000046|mimgtblid0000017|mprojectid0000001|mprojectid0000003|mprojectid0000020|mprojectid0000021|mprojectid0000039|mprojectid0000041|mprojectid0000042|mviewerid0000019|mviewerid0000038,0.2,183.590000,1.910549,1.011473,344.126167,0.899100,0.000000,false,0.000000,0,0.691000,"{""h4d-standard-192-1"":14,""h4d-standard-192-2"":15,""h4d-standard-192-3"":15,""h4d-standard-192-4"":14}","{""h4d-standard-192-1"":0.002813,""h4d-standard-192-2"":0.002861,""h4d-standard-192-3"":0.002966,""h4d-standard-192-4"":0.002918}"
heft_classic,cloud_hetero,10,maddid0000018|maddid0000056|mbackgroundid0000013|mbackgroundid0000015|mbackgroundid0000016|mbackgroundid0000034|mbackgroundid0000052|mbackgroundid0000053|mbackgroundid0000054|mbgmodelid0000012|mbgmodelid0000031|mconcatfitid0000011|mconcatfitid0000049|mdifffitid0000006|mdifffitid0000026|mdifffitid0000027|mdifffitid0000044|mdifffitid0000045|mdifffitid0000046|mimgtblid0000017|mprojectid0000001|mprojectid0000003|mprojectid0000020|mprojectid0000021|mprojectid0000039|mprojectid0000041|mprojectid0000042|mviewerid0000019|mviewerid0000038,0.2,214.517000,1.950512,1.011473,344.126167,0.939000,0.000000,false,0.000000,0,0.729000,"{""h3-standard-88-1"":13,""h3-standard-88-2"":13,""h4d-highmem-192-1"":16,""h4d-standard-192-1"":16}","{""h3-standard-88-1"":0.006905,""h3-standard-88-2"":0.00684,""h4d-highmem-192-1"":0.00313,""h4d-standard-192-1"":0.003265}"
heft_classic,hybrid_homo,10,maddid0000018|maddid0000056|mbackgroundid0000013|mbackgroundid0000015|mbackgroundid0000016|mbackgroundid0000034|mbackgroundid0000052|mbackgroundid0000053|mbackgroundid0000054|mbgmodelid0000012|mbgmodelid0000031|mconcatfitid0000011|mconcatfitid0000049|mdifffitid0000006|mdifffitid0000026|mdifffitid0000027|mdifffitid0000044|mdifffitid0000045|mdifffitid0000046|mimgtblid0000017|mprojectid0000001|mprojectid0000003|mprojectid0000020|mprojectid0000021|mprojectid0000039|mprojectid0000041|mprojectid0000042|mviewerid0000019|mviewerid0000038,0.2,250.184000,1.159671,1.011473,344.126167,0.148200,0.000000,false,0.000000,0,0.592000,"{""bora009"":15,""bora010"":12,""h4d-standard-192-5"":15,""h4d-standard-192-6"":16}","{""bora009"":0.01834,""bora010"":0.021421,""h4d-standard-192-5"":0.003269,""h4d-standard-192-6"":0.003307}"
heft_classic,hybrid_hetero,10,maddid0000018|maddid0000056|mbackgroundid0000013|mbackgroundid0000015|mbackgroundid0000016|mbackgroundid0000034|mbackgroundid0000052|mbackgroundid0000053|mbackgroundid0000054|mbgmodelid0000012|mbgmodelid0000031|mconcatfitid0000011|mconcatfitid0000049|mdifffitid0000006|mdifffitid0000026|mdifffitid0000027|mdifffitid0000044|mdifffitid0000045|mdifffitid0000046|mimgtblid0000017|mprojectid0000001|mprojectid0000003|mprojectid0000020|mprojectid0000021|mprojectid0000039|mprojectid0000041|mprojectid0000042|mviewerid0000019|mviewerid0000038,0.2,286.367000,1.048103,1.011473,344.126167,0.036600,0.000000,false,0.000000,0,0.568000,"{""bora011"":15,""diablo03"":14,""h3-standard-88-2"":13,""h4d-standard-192-7"":16}","{""bora011"":0.02018,""diablo03"":0.010975,""h3-standard-88-2"":0.008461,""h4d-standard-192-7"":0.003516}"
heft_classic,cluster_homo,11,maddid0000018|maddid0000037|mbackgroundid0000014|mbackgroundid0000032|mbackgroundid0000034|mbackgroundid0000053|mbackgroundid0000054|mbgmodelid0000031|mconcatfitid0000030|mconcatfitid0000049|mdifffitid0000005|mdifffitid0000006|mdifffitid0000009|mdifffitid0000010|mdifffitid0000026|mdifffitid0000029|mdifffitid0000045|mdifffitid0000047|mdifffitid0000048|mimgtblid0000017|mprojectid0000001|mprojectid0000002|mprojectid0000003|mprojectid0000021|mprojectid0000039|mprojectid0000041|mprojectid0000042|mviewerid0000019|mviewerid0000038,0.2,538.100000,0.000000,1.011473,344.126167,0.000000,193.974000,false,0.000000,0,0.463000,"{""bora001"":14,""bora002"":16,""bora003"":14,""bora004"":14}","{""bora001"":0.023954,""bora002"":0.024188,""bora003"":0.023771,""bora004"":0.024001}"
heft_classic,cluster_hetero,11,maddid0000018|maddid0000037|mbackgroundid0000014|mbackgroundid0000032|mbackgroundid0000034|mbackgroundid0000053|mbackgroundid0000054|mbgmodelid0000031|mconcatfitid0000030|mconcatfitid0000049|mdifffitid0000005|mdifffitid0000006|mdifffitid0000009|mdifffitid0000010|mdifffitid0000026|mdifffitid0000029|mdifffitid0000045|mdifffitid0000047|mdifffitid0000048|mimgtblid0000017|mprojectid0000001|mprojectid0000002|mprojectid0000003|mprojectid0000021|mprojectid0000039|mprojectid0000041|mprojectid0000042|mviewerid0000019|mviewerid0000038,0.2,591.999000,0.000000,1.011473,344.126167,0.000000,247.873000,false,0.000000,0,0.434000,"{""bora005"":15,""bora006"":16,""diablo01"":12,""diablo02"":15}","{""bora005"":0.02398,""bora006"":0.023905,""diablo01"":0.013673,""diablo02"":0.013849}"
heft_classic,cloud_homo,11,maddid0000018|maddid0000037|mbackgroundid0000014|mbackgroundid0000032|mbackgroundid0000034|mbackgroundid0000053|mbackgroundid0000054|mbgmodelid0000031|mconcatfitid0000030|mconcatfitid0000049|mdifffitid0000005|mdifffitid0000006|mdifffitid0000009|mdifffitid0000010|mdifffitid0000026|mdifffitid0000029|mdifffitid0000045|mdifffitid0000047|mdifffitid0000048|mimgtblid0000017|mprojectid0000001|mprojectid0000002|mprojectid0000003|mprojectid0000021|mprojectid0000039|mprojectid0000041|mprojectid0000042|mviewerid0000019|mviewerid0000038,0.2,183.590000,1.910549,1.011473,344.126167,0.899100,0.000000,false,0.000000,0,3.645000,"{""h4d-standard-192-1"":14,""h4d-standard-192-2"":15,""h4d-standard-192-3"":15,""h4d-standard-192-4"":14}","{""h4d-standard-192-1"":0.002813,""h4d-standard-192-2"":0.002861,""h4d-standard-192-3"":0.002966,""h4d-standard-192-4"":0.002918}"
heft_classic,cloud_hetero,11,maddid0000018|maddid0000037|mbackgroundid0000014|mbackgroundid0000032|mbackgroundid0000034|mbackgroundid0000053|mbackgroundid0000054|mbgmodelid0000031|mconcatfitid0000030|mconcatfitid0000049|mdifffitid0000005|mdifffitid0000006|mdifffitid0000009|mdifffitid0000010|mdifffitid0000026|mdifffitid0000029|mdifffitid0000045|mdifffitid0000047|mdifffitid0000048|mimgtblid0000017|mprojectid0000001|mprojectid0000002|mprojectid0000003|mprojectid0000021|mprojectid0000039|mprojectid0000041|mprojectid0000042|mviewerid0000019|mviewerid0000038,0.2,214.517000,1.950512,1.011473,344.126167,0.939000,0.000000,false,0.000000,0,3.135000,"{""h3-standard-88-1"":13,""h3-standard-88-2"":13,""h4d-highmem-192-1"":16,""h4d-standard-192-1"":16}","{""h3-standard-88-1"":0.006905,""h3-standard-88-2"":0.00684,""h4d-highmem-192-1"":0.00313,""h4d-standard-192-1"":0.003265}"
heft_classic,hybrid_homo,11,maddid0000018|maddid0000037|mbackgroundid0000014|mbackgroundid0000032|mbackgroundid0000034|mbackgroundid0000053|mbackgroundid0000054|mbgmodelid0000031|mconcatfitid0000030|mconcatfitid0000049|mdifffitid0000005|mdifffitid0000006|mdifffitid0000009|mdifffitid0000010|mdifffitid0000026|mdifffitid0000029|mdifffitid0000045|mdifffitid0000047|mdifffitid0000048|mimgtblid0000017|mprojectid0000001|mprojectid0000002|mprojectid0000003|mprojectid0000021|mprojectid0000039|mprojectid0000041|mprojectid0000042|mviewerid0000019|mviewerid0000038,0.2,250.184000,1.159671,1.011473,344.126167,0.148200,0.000000,false,0.000000,0,0.513000,"{""bora009"":15,""bora010"":12,""h4d-standard-192-5"":15,""h4d-standard-192-6"":16}","{""bora009"":0.01834,""bora010"":0.021421,""h4d-standard-192-5"":0.003269,""h4d-standard-192-6"":0.003307}"
heft_classic,hybrid_hetero,11,maddid0000018|maddid0000037|mbackgroundid0000014|mbackgroundid0000032|mbackgroundid0000034|mbackgroundid0000053|mbackgroundid0000054|mbgmodelid0000031|mconcatfitid0000030|mconcatfitid0000049|mdifffitid0000005|mdifffitid0000006|mdifffitid0000009|mdifffitid0000010|mdifffitid0000026|mdifffitid0000029|mdifffitid0000045|mdifffitid0000047|mdifffitid0000048|mimgtblid0000017|mprojectid0000001|mprojectid0000002|mprojectid0000003|mprojectid0000021|mprojectid0000039|mprojectid0000041|mprojectid0000042|mviewerid0000019|mviewerid0000038,0.2,286.367000,1.048103,1.011473,344.126167,0.036600,0.000000,false,0.000000,0,0.609000,"{""bora011"":15,""diablo03"":14,""h3-standard-88-2"":13,""h4d-standard-192-7"":16}","{""bora011"":0.02018,""diablo03"":0.010975,""h3-standard-88-2"":0.008461,""h4d-standard-192-7"":0.003516}"
heft_classic,cluster_homo,12,mbackgroundid0000013|mbackgroundid0000014|mbackgroundid0000032|mbackgroundid0000033|mbgmodelid0000050|mconcatfitid0000011|mdifffitid0000005|mdifffitid0000006|mdifffitid0000007|mdifffitid0000008|mdifffitid0000009|mdifffitid0000010|mdifffitid0000026|mdifffitid0000027|mdifffitid0000043|mdifffitid0000044|mdifffitid0000045|mdifffitid0000048|mimgtblid0000017|mimgtblid0000036|mimgtblid0000055|mprojectid0000001|mprojectid0000004|mprojectid0000020|mprojectid0000021|mprojectid0000022|mviewerid0000019|mviewerid0000038|mviewerid0000058,0.2,538.100000,0.000000,1.011473,344.126167,0.000000,193.974000,false,0.000000,0,0.430000,"{""bora001"":14,""bora002"":16,""bora003"":14,""bora004"":14}","{""bora001"":0.023954,""bora002"":0.024188,""bora003"":0.023771,""bora004"":0.024001}"
heft_classic,cluster_hetero,12,mbackgroundid0000013|mbackgroundid0000014|mbackgroundid0000032|mbackgroundid0000033|mbgmodelid0000050|mconcatfitid0000011|mdifffitid0000005|mdifffitid0000006|mdifffitid0000007|mdifffitid0000008|mdifffitid0000009|mdifffitid0000010|mdifffitid0000026|mdifffitid0000027|mdifffitid0000043|mdifffitid0000044|mdifffitid0000045|mdifffitid0000048|mimgtblid0000017|mimgtblid0000036|mimgtblid0000055|mprojectid0000001|mprojectid0000004|mprojectid0000020|mprojectid0000021|mprojectid0000022|mviewerid0000019|mviewerid0000038|mviewerid0000058,0.2,591.999000,0.000000,1.011473,344.126167,0.000000,247.873000,false,0.000000,0,0.982000,"{""bora005"":15,""bora006"":16,""diablo01"":12,""diablo02"":15}","{""bora005"":0.02398,""bora006"":0.023905,""diablo01"":0.013673,""diablo02"":0.013849}"
heft_classic,cloud_homo,12,mbackgroundid0000013|mbackgroundid0000014|mbackgroundid0000032|mbackgroundid0000033|mbgmodelid0000050|mconcatfitid0000011|mdifffitid0000005|mdifffitid0000006|mdifffitid0000007|mdifffitid0000008|mdifffitid0000009|mdifffitid0000010|mdifffitid0000026|mdifffitid0000027|mdifffitid0000043|mdifffitid0000044|mdifffitid0000045|mdifffitid0000048|mimgtblid0000017|mimgtblid0000036|mimgtblid0000055|mprojectid0000001|mprojectid0000004|mprojectid0000020|mprojectid0000021|mprojectid0000022|mviewerid0000019|mviewerid0000038|mviewerid0000058,0.2,183.590000,1.910549,1.011473,344.126167,0.899100,0.000000,false,0.000000,0,0.751000,"{""h4d-standard-192-1"":14,""h4d-standard-192-2"":15,""h4d-standard-192-3"":15,""h4d-standard-192-4"":14}","{""h4d-standard-192-1"":0.002813,""h4d-standard-192-2"":0.002861,""h4d-standard-192-3"":0.002966,""h4d-standard-192-4"":0.002918}"
heft_classic,cloud_hetero,12,mbackgroundid0000013|mbackgroundid0000014|mbackgroundid0000032|mbackgroundid0000033|mbgmodelid0000050|mconcatfitid0000011|mdifffitid0000005|mdifffitid0000006|mdifffitid0000007|mdifffitid0000008|mdifffitid0000009|mdifffitid0000010|mdifffitid0000026|mdifffitid0000027|mdifffitid0000043|mdifffitid0000044|mdifffitid0000045|mdifffitid0000048|mimgtblid0000017|mimgtblid0000036|mimgtblid0000055|mprojectid0000001|mprojectid0000004|mprojectid0000020|mprojectid0000021|mprojectid0000022|mviewerid0000019|mviewerid0000038|mviewerid0000058,0.2,214.517000,1.950512,1.011473,344.126167,0.939000,0.000000,false,0.000000,0,0.736000,"{""h3-standard-88-1"":13,""h3-standard-88-2"":13,""h4d-highmem-192-1"":16,""h4d-standard-192-1"":16}","{""h3-standard-88-1"":0.006905,""h3-standard-88-2"":0.00684,""h4d-highmem-192-1"":0.00313,""h4d-standard-192-1"":0.003265}"
heft_classic,hybrid_homo,12,mbackgroundid0000013|mbackgroundid0000014|mbackgroundid0000032|mbackgroundid0000033|mbgmodelid0000050|mconcatfitid0000011|mdifffitid0000005|mdifffitid0000006|mdifffitid0000007|mdifffitid0000008|mdifffitid0000009|mdifffitid0000010|mdifffitid0000026|mdifffitid0000027|mdifffitid0000043|mdifffitid0000044|mdifffitid0000045|mdifffitid0000048|mimgtblid0000017|mimgtblid0000036|mimgtblid0000055|mprojectid0000001|mprojectid0000004|mprojectid0000020|mprojectid0000021|mprojectid0000022|mviewerid0000019|mviewerid0000038|mviewerid0000058,0.2,250.184000,1.159671,1.011473,344.126167,0.148200,0.000000,false,0.000000,0,0.674000,"{""bora009"":15,""bora010"":12,""h4d-standard-192-5"":15,""h4d-standard-192-6"":16}","{""bora009"":0.01834,""bora010"":0.021421,""h4d-standard-192-5"":0.003269,""h4d-standard-192-6"":0.003307}"
heft_classic,hybrid_hetero,12,mbackgroundid0000013|mbackgroundid0000014|mbackgroundid0000032|mbackgroundid0000033|mbgmodelid0000050|mconcatfitid0000011|mdifffitid0000005|mdifffitid0000006|mdifffitid0000007|mdifffitid0000008|mdifffitid0000009|mdifffitid0000010|mdifffitid0000026|mdifffitid0000027|mdifffitid0000043|mdifffitid0000044|mdifffitid0000045|mdifffitid0000048|mimgtblid0000017|mimgtblid0000036|mimgtblid0000055|mprojectid0000001|mprojectid0000004|mprojectid0000020|mprojectid0000021|mprojectid0000022|mviewerid0000019|mviewerid0000038|mviewerid0000058,0.2,286.367000,1.048103,1.011473,344.126167,0.036600,0.000000,false,0.000000,0,0.570000,"{""bora011"":15,""diablo03"":14,""h3-standard-88-2"":13,""h4d-standard-192-7"":16}","{""bora011"":0.02018,""diablo03"":0.010975,""h3-standard-88-2"":0.008461,""h4d-standard-192-7"":0.003516}"
heft_classic,cluster_homo,13,maddid0000037|mbackgroundid0000013|mbackgroundid0000016|mbackgroundid0000034|mbackgroundid0000052|mbgmodelid0000012|mbgmodelid0000031|mconcatfitid0000030|mdifffitid0000005|mdifffitid0000006|mdifffitid0000007|mdifffitid0000008|mdifffitid0000009|mdifffitid0000010|mdifffitid0000025|mdifffitid0000026|mdifffitid0000027|mdifffitid0000028|mdifffitid0000029|mdifffitid0000043|mdifffitid0000044|mdifffitid0000045|mimgtblid0000017|mprojectid0000002|mprojectid0000004|mprojectid0000039|mprojectid0000040|mprojectid0000041|mviewerid0000057,0.2,538.100000,0.000000,1.011473,344.126167,0.000000,193.974000,false,0.000000,0,0.492000,"{""bora001"":14,""bora002"":16,""bora003"":14,""bora004"":14}","{""bora001"":0.023954,""bora002"":0.024188,""bora003"":0.023771,""bora004"":0.024001}"
heft_classic,cluster_hetero,13,maddid0000037|mbackgroundid0000013|mbackgroundid0000016|mbackgroundid0000034|mbackgroundid0000052|mbgmodelid0000012|mbgmodelid0000031|mconcatfitid0000030|mdifffitid0000005|mdifffitid0000006|mdifffitid0000007|mdifffitid0000008|mdifffitid0000009|mdifffitid0000010|mdifffitid0000025|mdifffitid0000026|mdifffitid0000027|mdifffitid0000028|mdifffitid0000029|mdifffitid0000043|mdifffitid0000044|mdifffitid0000045|mimgtblid0000017|mprojectid0000002|mprojectid0000004|mprojectid0000039|mprojectid0000040|mprojectid0000041|mviewerid0000057,0.2,591.999000,0.000000,1.011473,344.126167,0.000000,247.873000,false,0.000000,0,0.556000,"{""bora005"":15,""bora006"":16,""diablo01"":12,""diablo02"":15}","{""bora005"":0.02398,""bora006"":0.023905,""diablo01"":0.013673,""diablo02"":0.013849}"
heft_classic,cloud_homo,13,maddid0000037|mbackgroundid0000013|mbackgroundid0000016|mbackgroundid0000034|mbackgroundid0000052|mbgmodelid0000012|mbgmodelid0000031|mconcatfitid0000030|mdifffitid0000005|mdifffitid0000006|mdifffitid0000007|mdifffitid0000008|mdifffitid0000009|mdifffitid0000010|mdifffitid0000025|mdifffitid0000026|mdifffitid0000027|mdifffitid0000028|mdifffitid0000029|mdifffitid0000043|mdifffitid0000044|mdifffitid0000045|mimgtblid0000017|mprojectid0000002|mprojectid0000004|mprojectid0000039|mprojectid0000040|mprojectid0000041|mviewerid0000057,0.2,183.590000,1.910549,1.011473,344.126167,0.899100,0.000000,false,0.000000,0,0.680000,"{""h4d-standard-192-1"":14,""h4d-standard-192-2"":15,""h4d-standard-192-3"":15,""h4d-standard-192-4"":14}","{""h4d-standard-192-1"":0.002813,""h4d-standard-192-2"":0.002861,""h4d-standard-192-3"":0.002966,""h4d-standard-192-4"":0.002918}"
heft_classic,cloud_hetero,13,maddid0000037|mbackgroundid0000013|mbackgroundid0000016|mbackgroundid0000034|mbackgroundid0000052|mbgmodelid0000012|mbgmodelid0000031|mconcatfitid0000030|mdifffitid0000005|mdifffitid0000006|mdifffitid0000007|mdifffitid0000008|mdifffitid0000009|mdifffitid0000010|mdifffitid0000025|mdifffitid0000026|mdifffitid0000027|mdifffitid0000028|mdifffitid0000029|mdifffitid0000043|mdifffitid0000044|mdifffitid0000045|mimgtblid0000017|mprojectid0000002|mprojectid0000004|mprojectid0000039|mprojectid0000040|mprojectid0000041|mviewerid0000057,0.2,214.517000,1.950512,1.011473,344.126167,0.939000,0.000000,false,0.000000,0,0.748000,"{""h3-standard-88-1"":13,""h3-standard-88-2"":13,""h4d-highmem-192-1"":16,""h4d-standard-192-1"":16}","{""h3-standard-88-1"":0.006905,""h3-standard-88-2"":0.00684,""h4d-highmem-192-1"":0.00313,""h4d-standard-192-1"":0.003265}"
heft_classic,hybrid_homo,13,maddid0000037|mbackgroundid0000013|mbackgroundid0000016|mbackgroundid0000034|mbackgroundid0000052|mbgmodelid0000012|mbgmodelid0000031|mconcatfitid0000030|mdifffitid0000005|mdifffitid0000006|mdifffitid0000007|mdifffitid0000008|mdifffitid0000009|mdifffitid0000010|mdifffitid0000025|mdifffitid0000026|mdifffitid0000027|mdifffitid0000028|mdifffitid0000029|mdifffitid0000043|mdifffitid0000044|mdifffitid0000045|mimgtblid0000017|mprojectid0000002|mprojectid0000004|mprojectid0000039|mprojectid0000040|mprojectid0000041|mviewerid0000057,0.2,250.184000,1.159671,1.011473,344.126167,0.148200,0.000000,false,0.000000,0,0.716000,"{""bora009"":15,""bora010"":12,""h4d-standard-192-5"":15,""h4d-standard-192-6"":16}","{""bora009"":0.01834,""bora010"":0.021421,""h4d-standard-192-5"":0.003269,""h4d-standard-192-6"":0.003307}"
heft_classic,hybrid_hetero,13,maddid0000037|mbackgroundid0000013|mbackgroundid0000016|mbackgroundid0000034|mbackgroundid0000052|mbgmodelid0000012|mbgmodelid0000031|mconcatfitid0000030|mdifffitid0000005|mdifffitid0000006|mdifffitid0000007|mdifffitid0000008|mdifffitid0000009|mdifffitid0000010|mdifffitid0000025|mdifffitid0000026|mdifffitid0000027|mdifffitid0000028|mdifffitid0000029|mdifffitid0000043|mdifffitid0000044|mdifffitid0000045|mimgtblid0000017|mprojectid0000002|mprojectid0000004|mprojectid0000039|mprojectid0000040|mprojectid0000041|mviewerid0000057,0.2,286.367000,1.048103,1.011473,344.126167,0.036600,0.000000,false,0.000000,0,0.551000,"{""bora011"":15,""diablo03"":14,""h3-standard-88-2"":13,""h4d-standard-192-7"":16}","{""bora011"":0.02018,""diablo03"":0.010975,""h3-standard-88-2"":0.008461,""h4d-standard-192-7"":0.003516}"
heft_classic,cluster_homo,14,maddid0000018|maddid0000056|mbackgroundid0000013|mbackgroundid0000033|mbackgroundid0000052|mbackgroundid0000053|mbgmodelid0000031|mconcatfitid0000030|mconcatfitid0000049|mdifffitid0000005|mdifffitid0000007|mdifffitid0000008|mdifffitid0000010|mdifffitid0000025|mdifffitid0000044|mdifffitid0000045|mdifffitid0000046|mdifffitid0000047|mdifffitid0000048|mimgtblid0000017|mimgtblid0000055|mprojectid0000001|mprojectid0000003|mprojectid0000020|mprojectid0000021|mprojectid0000023|mprojectid0000039|mprojectid0000041|mviewerid0000058,0.2,538.100000,0.000000,1.011473,344.126167,0.000000,193.974000,false,0.000000,0,0.428000,"{""bora001"":14,""bora002"":16,""bora003"":14,""bora004"":14}","{""bora001"":0.023954,""bora002"":0.024188,""bora003"":0.023771,""bora004"":0.024001}"
heft_classic,cluster_hetero,14,maddid0000018|maddid0000056|mbackgroundid0000013|mbackgroundid0000033|mbackgroundid0000052|mbackgroundid0000053|mbgmodelid0000031|mconcatfitid0000030|mconcatfitid0000049|mdifffitid0000005|mdifffitid0000007|mdifffitid0000008|mdifffitid0000010|mdifffitid0000025|mdifffitid0000044|mdifffitid0000045|mdifffitid0000046|mdifffitid0000047|mdifffitid0000048|mimgtblid0000017|mimgtblid0000055|mprojectid0000001|mprojectid0000003|mprojectid0000020|mprojectid0000021|mprojectid0000023|mprojectid0000039|mprojectid0000041|mviewerid0000058,0.2,591.999000,0.000000,1.011473,344.126167,0.000000,247.873000,false,0.000000,0,0.454000,"{""bora005"":15,""bora006"":16,""diablo01"":12,""diablo02"":15}","{""bora005"":0.02398,""bora006"":0.023905,""diablo01"":0.013673,""diablo02"":0.013849}"
heft_classic,cloud_homo,14,maddid0000018|maddid0000056|mbackgroundid0000013|mbackgroundid0000033|mbackgroundid0000052|mbackgroundid0000053|mbgmodelid0000031|mconcatfitid0000030|mconcatfitid0000049|mdifffitid0000005|mdifffitid0000007|mdifffitid0000008|mdifffitid0000010|mdifffitid0000025|mdifffitid0000044|mdifffitid0000045|mdifffitid0000046|mdifffitid0000047|mdifffitid0000048|mimgtblid0000017|mimgtblid0000055|mprojectid0000001|mprojectid0000003|mprojectid0000020|mprojectid0000021|mprojectid0000023|mprojectid0000039|mprojectid0000041|mviewerid0000058,0.2,183.590000,1.910549,1.011473,344.126167,0.899100,0.000000,false,0.000000,0,0.972000,"{""h4d-standard-192-1"":14,""h4d-standard-192-2"":15,""h4d-standard-192-3"":15,""h4d-standard-192-4"":14}","{""h4d-standard-192-1"":0.002813,""h4d-standard-192-2"":0.002861,""h4d-standard-192-3"":0.002966,""h4d-standard-192-4"":0.002918}"
heft_classic,cloud_hetero,14,maddid0000018|maddid0000056|mbackgroundid0000013|mbackgroundid0000033|mbackgroundid0000052|mbackgroundid0000053|mbgmodelid0000031|mconcatfitid0000030|mconcatfitid0000049|mdifffitid0000005|mdifffitid0000007|mdifffitid0000008|mdifffitid0000010|mdifffitid0000025|mdifffitid0000044|mdifffitid0000045|mdifffitid0000046|mdifffitid0000047|mdifffitid0000048|mimgtblid0000017|mimgtblid0000055|mprojectid0000001|mprojectid0000003|mprojectid0000020|mprojectid0000021|mprojectid0000023|mprojectid0000039|mprojectid0000041|mviewerid0000058,0.2,214.517000,1.950512,1.011473,344.126167,0.939000,0.000000,false,0.000000,0,0.842000,"{""h3-standard-88-1"":13,""h3-standard-88-2"":13,""h4d-highmem-192-1"":16,""h4d-standard-192-1"":16}","{""h3-standard-88-1"":0.006905,""h3-standard-88-2"":0.00684,""h4d-highmem-192-1"":0.00313,""h4d-standard-192-1"":0.003265}"
heft_classic,hybrid_homo,14,maddid0000018|maddid0000056|mbackgroundid0000013|mbackgroundid0000033|mbackgroundid0000052|mbackgroundid0000053|mbgmodelid0000031|mconcatfitid0000030|mconcatfitid0000049|mdifffitid0000005|mdifffitid0000007|mdifffitid0000008|mdifffitid0000010|mdifffitid0000025|mdifffitid0000044|mdifffitid0000045|mdifffitid0000046|mdifffitid0000047|mdifffitid0000048|mimgtblid0000017|mimgtblid0000055|mprojectid0000001|mprojectid0000003|mprojectid0000020|mprojectid0000021|mprojectid0000023|mprojectid0000039|mprojectid0000041|mviewerid0000058,0.2,250.184000,1.159671,1.011473,344.126167,0.148200,0.000000,false,0.000000,0,0.943000,"{""bora009"":15,""bora010"":12,""h4d-standard-192-5"":15,""h4d-standard-192-6"":16}","{""bora009"":0.01834,""bora010"":0.021421,""h4d-standard-192-5"":0.003269,""h4d-standard-192-6"":0.003307}"
heft_classic,hybrid_hetero,14,maddid0000018|maddid0000056|mbackgroundid0000013|mbackgroundid0000033|mbackgroundid0000052|mbackgroundid0000053|mbgmodelid0000031|mconcatfitid0000030|mconcatfitid0000049|mdifffitid0000005|mdifffitid0000007|mdifffitid0000008|mdifffitid0000010|mdifffitid0000025|mdifffitid0000044|mdifffitid0000045|mdifffitid0000046|mdifffitid0000047|mdifffitid0000048|mimgtblid0000017|mimgtblid0000055|mprojectid0000001|mprojectid0000003|mprojectid0000020|mprojectid0000021|mprojectid0000023|mprojectid0000039|mprojectid0000041|mviewerid0000058,0.2,286.367000,1.048103,1.011473,344.126167,0.036600,0.000000,false,0.000000,0,0.881000,"{""bora011"":15,""diablo03"":14,""h3-standard-88-2"":13,""h4d-standard-192-7"":16}","{""bora011"":0.02018,""diablo03"":0.010975,""h3-standard-88-2"":0.008461,""h4d-standard-192-7"":0.003516}"
heft_classic,cluster_homo,15,maddid0000037|maddid0000056|mbackgroundid0000014|mbackgroundid0000032|mbackgroundid0000034|mbackgroundid0000051|mbackgroundid0000052|mbgmodelid0000031|mbgmodelid0000050|mconcatfitid0000011|mconcatfitid0000030|mconcatfitid0000049|mdifffitid0000006|mdifffitid0000008|mdifffitid0000025|mdifffitid0000026|mdifffitid0000027|mdifffitid0000046|mdifffitid0000047|mimgtblid0000055|mprojectid0000001|mprojectid0000003|mprojectid0000004|mprojectid0000021|mprojectid0000023|mprojectid0000039|mprojectid0000041|mviewerid0000038|mviewerid0000057,0.2,538.100000,0.000000,1.011473,344.126167,0.000000,193.974000,false,0.000000,0,0.455000,"{""bora001"":14,""bora002"":16,""bora003"":14,""bora004"":14}","{""bora001"":0.023954,""bora002"":0.024188,""bora003"":0.023771,""bora004"":0.024001}"
heft_classic,cluster_hetero,15,maddid0000037|maddid0000056|mbackgroundid0000014|mbackgroundid0000032|mbackgroundid0000034|mbackgroundid0000051|mbackgroundid0000052|mbgmodelid0000031|mbgmodelid0000050|mconcatfitid0000011|mconcatfitid0000030|mconcatfitid0000049|mdifffitid0000006|mdifffitid0000008|mdifffitid0000025|mdifffitid0000026|mdifffitid0000027|mdifffitid0000046|mdifffitid0000047|mimgtblid0000055|mprojectid0000001|mprojectid0000003|mprojectid0000004|mprojectid0000021|mprojectid0000023|mprojectid0000039|mprojectid0000041|mviewerid0000038|mviewerid0000057,0.2,591.999000,0.000000,1.011473,344.126167,0.000000,247.873000,false,0.000000,0,0.542000,"{""bora005"":15,""bora006"":16,""diablo01"":12,""diablo02"":15}","{""bora005"":0.02398,""bora006"":0.023905,""diablo01"":0.013673,""diablo02"":0.013849}"
heft_classic,cloud_homo,15,maddid0000037|maddid0000056|mbackgroundid0000014|mbackgroundid0000032|mbackgroundid0000034|mbackgroundid0000051|mbackgroundid0000052|mbgmodelid0000031|mbgmodelid0000050|mconcatfitid0000011|mconcatfitid0000030|mconcatfitid0000049|mdifffitid0000006|mdifffitid0000008|mdifffitid0000025|mdifffitid0000026|mdifffitid0000027|mdifffitid0000046|mdifffitid0000047|mimgtblid0000055|mprojectid0000001|mprojectid0000003|mprojectid0000004|mprojectid0000021|mprojectid0000023|mprojectid0000039|mprojectid0000041|mviewerid0000038|mviewerid0000057,0.2,183.590000,1.910549,1.011473,344.126167,0.899100,0.000000,false,0.000000,0,0.737000,"{""h4d-standard-192-1"":14,""h4d-standard-192-2"":15,""h4d-standard-192-3"":15,""h4d-standard-192-4"":14}","{""h4d-standard-192-1"":0.002813,""h4d-standard-192-2"":0.002861,""h4d-standard-192-3"":0.002966,""h4d-standard-192-4"":0.002918}"
heft_classic,cloud_hetero,15,maddid0000037|maddid0000056|mbackgroundid0000014|mbackgroundid0000032|mbackgroundid0000034|mbackgroundid0000051|mbackgroundid0000052|mbgmodelid0000031|mbgmodelid0000050|mconcatfitid0000011|mconcatfitid0000030|mconcatfitid0000049|mdifffitid0000006|mdifffitid0000008|mdifffitid0000025|mdifffitid0000026|mdifffitid0000027|mdifffitid0000046|mdifffitid0000047|mimgtblid0000055|mprojectid0000001|mprojectid0000003|mprojectid0000004|mprojectid0000021|mprojectid0000023|mprojectid0000039|mprojectid0000041|mviewerid0000038|mviewerid0000057,0.2,214.517000,1.950512,1.011473,344.126167,0.939000,0.000000,false,0.000000,0,0.703000,"{""h3-standard-88-1"":13,""h3-standard-88-2"":13,""h4d-highmem-192-1"":16,""h4d-standard-192-1"":16}","{""h3-standard-88-1"":0.006905,""h3-standard-88-2"":0.00684,""h4d-highmem-192-1"":0.00313,""h4d-standard-192-1"":0.003265}"
heft_classic,hybrid_homo,15,maddid0000037|maddid0000056|mbackgroundid0000014|mbackgroundid0000032|mbackgroundid0000034|mbackgroundid0000051|mbackgroundid0000052|mbgmodelid0000031|mbgmodelid0000050|mconcatfitid0000011|mconcatfitid0000030|mconcatfitid0000049|mdifffitid0000006|mdifffitid0000008|mdifffitid0000025|mdifffitid0000026|mdifffitid0000027|mdifffitid0000046|mdifffitid0000047|mimgtblid0000055|mprojectid0000001|mprojectid0000003|mprojectid0000004|mprojectid0000021|mprojectid0000023|mprojectid0000039|mprojectid0000041|mviewerid0000038|mviewerid0000057,0.2,250.184000,1.159671,1.011473,344.126167,0.148200,0.000000,false,0.000000,0,0.629000,"{""bora009"":15,""bora010"":12,""h4d-standard-192-5"":15,""h4d-standard-192-6"":16}","{""bora009"":0.01834,""bora010"":0.021421,""h4d-standard-192-5"":0.003269,""h4d-standard-192-6"":0.003307}"
heft_classic,hybrid_hetero,15,maddid0000037|maddid0000056|mbackgroundid0000014|mbackgroundid0000032|mbackgroundid0000034|mbackgroundid0000051|mbackgroundid0000052|mbgmodelid0000031|mbgmodelid0000050|mconcatfitid0000011|mconcatfitid0000030|mconcatfitid0000049|mdifffitid0000006|mdifffitid0000008|mdifffitid0000025|mdifffitid0000026|mdifffitid0000027|mdifffitid0000046|mdifffitid0000047|mimgtblid0000055|mprojectid0000001|mprojectid0000003|mprojectid0000004|mprojectid0000021|mprojectid0000023|mprojectid0000039|mprojectid0000041|mviewerid0000038|mviewerid0000057,0.2,286.367000,1.048103,1.011473,344.126167,0.036600,0.000000,false,0.000000,0,0.650000,"{""bora011"":15,""diablo03"":14,""h3-standard-88-2"":13,""h4d-standard-192-7"":16}","{""bora011"":0.02018,""diablo03"":0.010975,""h3-standard-88-2"":0.008461,""h4d-standard-192-7"":0.003516}"
heft_classic,cluster_homo,16,maddid0000056|mbackgroundid0000013|mbackgroundid0000014|mbackgroundid0000033|mbackgroundid0000034|mbackgroundid0000051|mbackgroundid0000053|mbgmodelid0000012|mbgmodelid0000031|mconcatfitid0000011|mconcatfitid0000030|mdifffitid0000006|mdifffitid0000007|mdifffitid0000009|mdifffitid0000010|mdifffitid0000024|mdifffitid0000025|mdifffitid0000027|mdifffitid0000028|mdifffitid0000029|mdifffitid0000045|mdifffitid0000046|mimgtblid0000017|mprojectid0000004|mprojectid0000020|mprojectid0000041|mprojectid0000042|mviewerid0000019|mviewerid0000038,0.2,538.100000,0.000000,1.011473,344.126167,0.000000,193.974000,false,0.000000,0,0.437000,"{""bora001"":14,""bora002"":16,""bora003"":14,""bora004"":14}","{""bora001"":0.023954,""bora002"":0.024188,""bora003"":0.023771,""bora004"":0.024001}"
heft_classic,cluster_hetero,16,maddid0000056|mbackgroundid0000013|mbackgroundid0000014|mbackgroundid0000033|mbackgroundid0000034|mbackgroundid0000051|mbackgroundid0000053|mbgmodelid0000012|mbgmodelid0000031|mconcatfitid0000011|mconcatfitid0000030|mdifffitid0000006|mdifffitid0000007|mdifffitid0000009|mdifffitid0000010|mdifffitid0000024|mdifffitid0000025|mdifffitid0000027|mdifffitid0000028|mdifffitid0000029|mdifffitid0000045|mdifffitid0000046|mimgtblid0000017|mprojectid0000004|mprojectid0000020|mprojectid0000041|mprojectid0000042|mviewerid0000019|mviewerid0000038,0.2,591.999000,0.000000,1.011473,344.126167,0.000000,247.873000,false,0.000000,0,0.516000,"{""bora005"":15,""bora006"":16,""diablo01"":12,""diablo02"":15}","{""bora005"":0.02398,""bora006"":0.023905,""diablo01"":0.013673,""diablo02"":0.013849}"
heft_classic,cloud_homo,16,maddid0000056|mbackgroundid0000013|mbackgroundid0000014|mbackgroundid0000033|mbackgroundid0000034|mbackgroundid0000051|mbackgroundid0000053|mbgmodelid0000012|mbgmodelid0000031|mconcatfitid0000011|mconcatfitid0000030|mdifffitid0000006|mdifffitid0000007|mdifffitid0000009|mdifffitid0000010|mdifffitid0000024|mdifffitid0000025|mdifffitid0000027|mdifffitid0000028|mdifffitid0000029|mdifffitid0000045|mdifffitid0000046|mimgtblid0000017|mprojectid0000004|mprojectid0000020|mprojectid0000041|mprojectid0000042|mviewerid0000019|mviewerid0000038,0.2,183.590000,1.910549,1.011473,344.126167,0.899100,0.000000,false,0.000000,0,0.748000,"{""h4d-standard-192-1"":14,""h4d-standard-192-2"":15,""h4d-standard-192-3"":15,""h4d-standard-192-4"":14}","{""h4d-standard-192-1"":0.002813,""h4d-standard-192-2"":0.002861,""h4d-standard-192-3"":0.002966,""h4d-standard-192-4"":0.002918}"
heft_classic,cloud_hetero,16,maddid0000056|mbackgroundid0000013|mbackgroundid0000014|mbackgroundid0000033|mbackgroundid0000034|mbackgroundid0000051|mbackgroundid0000053|mbgmodelid0000012|mbgmodelid0000031|mconcatfitid0000011|mconcatfitid0000030|mdifffitid0000006|mdifffitid0000007|mdifffitid0000009|mdifffitid0000010|mdifffitid0000024|mdifffitid0000025|mdifffitid0000027|mdifffitid0000028|mdifffitid0000029|mdifffitid0000045|mdifffitid0000046|mimgtblid0000017|mprojectid0000004|mprojectid0000020|mprojectid0000041|mprojectid0000042|mviewerid0000019|mviewerid0000038,0.2,214.517000,1.950512,1.011473,344.126167,0.939000,0.000000,false,0.000000,0,0.608000,"{""h3-standard-88-1"":13,""h3-standard-88-2"":13,""h4d-highmem-192-1"":16,""h4d-standard-192-1"":16}","{""h3-standard-88-1"":0.006905,""h3-standard-88-2"":0.00684,""h4d-highmem-192-1"":0.00313,""h4d-standard-192-1"":0.003265}"
heft_classic,hybrid_homo,16,maddid0000056|mbackgroundid0000013|mbackgroundid0000014|mbackgroundid0000033|mbackgroundid0000034|mbackgroundid0000051|mbackgroundid0000053|mbgmodelid0000012|mbgmodelid0000031|mconcatfitid0000011|mconcatfitid0000030|mdifffitid0000006|mdifffitid0000007|mdifffitid0000009|mdifffitid0000010|mdifffitid0000024|mdifffitid0000025|mdifffitid0000027|mdifffitid0000028|mdifffitid0000029|mdifffitid0000045|mdifffitid0000046|mimgtblid0000017|mprojectid0000004|mprojectid0000020|mprojectid0000041|mprojectid0000042|mviewerid0000019|mviewerid0000038,0.2,250.184000,1.159671,1.011473,344.126167,0.148200,0.000000,false,0.000000,0,0.597000,"{""bora009"":15,""bora010"":12,""h4d-standard-192-5"":15,""h4d-standard-192-6"":16}","{""bora009"":0.01834,""bora010"":0.021421,""h4d-standard-192-5"":0.003269,""h4d-standard-192-6"":0.003307}"
heft_classic,hybrid_hetero,16,maddid0000056|mbackgroundid0000013|mbackgroundid0000014|mbackgroundid0000033|mbackgroundid0000034|mbackgroundid0000051|mbackgroundid0000053|mbgmodelid0000012|mbgmodelid0000031|mconcatfitid0000011|mconcatfitid0000030|mdifffitid0000006|mdifffitid0000007|mdifffitid0000009|mdifffitid0000010|mdifffitid0000024|mdifffitid0000025|mdifffitid0000027|mdifffitid0000028|mdifffitid0000029|mdifffitid0000045|mdifffitid0000046|mimgtblid0000017|mprojectid0000004|mprojectid0000020|mprojectid0000041|mprojectid0000042|mviewerid0000019|mviewerid0000038,0.2,286.367000,1.048103,1.011473,344.126167,0.036600,0.000000,false,0.000000,0,0.483000,"{""bora011"":15,""diablo03"":14,""h3-standard-88-2"":13,""h4d-standard-192-7"":16}","{""bora011"":0.02018,""diablo03"":0.010975,""h3-standard-88-2"":0.008461,""h4d-standard-192-7"":0.003516}"
heft_classic,cluster_homo,17,maddid0000018|maddid0000037|maddid0000056|mbackgroundid0000013|mbackgroundid0000015|mbackgroundid0000032|mbackgroundid0000033|mbackgroundid0000034|mbackgroundid0000035|mbackgroundid0000052|mbackgroundid0000053|mbgmodelid0000031|mconcatfitid0000030|mdifffitid0000006|mdifffitid0000007|mdifffitid0000008|mdifffitid0000009|mdifffitid0000024|mdifffitid0000026|mdifffitid0000029|mdifffitid0000043|mdifffitid0000044|mimgtblid0000036|mprojectid0000003|mprojectid0000004|mprojectid0000020|mprojectid0000022|mprojectid0000023|mprojectid0000042,0.2,538.100000,0.000000,1.011473,344.126167,0.000000,193.974000,false,0.000000,0,0.539000,"{""bora001"":14,""bora002"":16,""bora003"":14,""bora004"":14}","{""bora001"":0.023954,""bora002"":0.024188,""bora003"":0.023771,""bora004"":0.024001}"
heft_classic,cluster_hetero,17,maddid0000018|maddid0000037|maddid0000056|mbackgroundid0000013|mbackgroundid0000015|mbackgroundid0000032|mbackgroundid0000033|mbackgroundid0000034|mbackgroundid0000035|mbackgroundid0000052|mbackgroundid0000053|mbgmodelid0000031|mconcatfitid0000030|mdifffitid0000006|mdifffitid0000007|mdifffitid0000008|mdifffitid0000009|mdifffitid0000024|mdifffitid0000026|mdifffitid0000029|mdifffitid0000043|mdifffitid0000044|mimgtblid0000036|mprojectid0000003|mprojectid0000004|mprojectid0000020|mprojectid0000022|mprojectid0000023|mprojectid0000042,0.2,591.999000,0.000000,1.011473,344.126167,0.000000,247.873000,false,0.000000,0,0.523000,"{""bora005"":15,""bora006"":16,""diablo01"":12,""diablo02"":15}","{""bora005"":0.02398,""bora006"":0.023905,""diablo01"":0.013673,""diablo02"":0.013849}"
heft_classic,cloud_homo,17,maddid0000018|maddid0000037|maddid0000056|mbackgroundid0000013|mbackgroundid0000015|mbackgroundid0000032|mbackgroundid0000033|mbackgroundid0000034|mbackgroundid0000035|mbackgroundid0000052|mbackgroundid0000053|mbgmodelid0000031|mconcatfitid0000030|mdifffitid0000006|mdifffitid0000007|mdifffitid0000008|mdifffitid0000009|mdifffitid0000024|mdifffitid0000026|mdifffitid0000029|mdifffitid0000043|mdifffitid0000044|mimgtblid0000036|mprojectid0000003|mprojectid0000004|mprojectid0000020|mprojectid0000022|mprojectid0000023|mprojectid0000042,0.2,183.590000,1.910549,1.011473,344.126167,0.899100,0.000000,false,0.000000,0,0.799000,"{""h4d-standard-192-1"":14,""h4d-standard-192-2"":15,""h4d-standard-192-3"":15,""h4d-standard-192-4"":14}","{""h4d-standard-192-1"":0.002813,""h4d-standard-192-2"":0.002861,""h4d-standard-192-3"":0.002966,""h4d-standard-192-4"":0.002918}"
heft_classic,cloud_hetero,17,maddid0000018|maddid0000037|maddid0000056|mbackgroundid0000013|mbackgroundid0000015|mbackgroundid0000032|mbackgroundid0000033|mbackgroundid0000034|mbackgroundid0000035|mbackgroundid0000052|mbackgroundid0000053|mbgmodelid0000031|mconcatfitid0000030|mdifffitid0000006|mdifffitid0000007|mdifffitid0000008|mdifffitid0000009|mdifffitid0000024|mdifffitid0000026|mdifffitid0000029|mdifffitid0000043|mdifffitid0000044|mimgtblid0000036|mprojectid0000003|mprojectid0000004|mprojectid0000020|mprojectid0000022|mprojectid0000023|mprojectid0000042,0.2,214.517000,1.950512,1.011473,344.126167,0.939000,0.000000,false,0.000000,0,0.925000,"{""h3-standard-88-1"":13,""h3-standard-88-2"":13,""h4d-highmem-192-1"":16,""h4d-standard-192-1"":16}","{""h3-standard-88-1"":0.006905,""h3-standard-88-2"":0.00684,""h4d-highmem-192-1"":0.00313,""h4d-standard-192-1"":0.003265}"
heft_classic,hybrid_homo,17,maddid0000018|maddid0000037|maddid0000056|mbackgroundid0000013|mbackgroundid0000015|mbackgroundid0000032|mbackgroundid0000033|mbackgroundid0000034|mbackgroundid0000035|mbackgroundid0000052|mbackgroundid0000053|mbgmodelid0000031|mconcatfitid0000030|mdifffitid0000006|mdifffitid0000007|mdifffitid0000008|mdifffitid0000009|mdifffitid0000024|mdifffitid0000026|mdifffitid0000029|mdifffitid0000043|mdifffitid0000044|mimgtblid0000036|mprojectid0000003|mprojectid0000004|mprojectid0000020|mprojectid0000022|mprojectid0000023|mprojectid0000042,0.2,250.184000,1.159671,1.011473,344.126167,0.148200,0.000000,false,0.000000,0,0.542000,"{""bora009"":15,""bora010"":12,""h4d-standard-192-5"":15,""h4d-standard-192-6"":16}","{""bora009"":0.01834,""bora010"":0.021421,""h4d-standard-192-5"":0.003269,""h4d-standard-192-6"":0.003307}"
heft_classic,hybrid_hetero,17,maddid0000018|maddid0000037|maddid0000056|mbackgroundid0000013|mbackgroundid0000015|mbackgroundid0000032|mbackgroundid0000033|mbackgroundid0000034|mbackgroundid0000035|mbackgroundid0000052|mbackgroundid0000053|mbgmodelid0000031|mconcatfitid0000030|mdifffitid0000006|mdifffitid0000007|mdifffitid0000008|mdifffitid0000009|mdifffitid0000024|mdifffitid0000026|mdifffitid0000029|mdifffitid0000043|mdifffitid0000044|mimgtblid0000036|mprojectid0000003|mprojectid0000004|mprojectid0000020|mprojectid0000022|mprojectid0000023|mprojectid0000042,0.2,286.367000,1.048103,1.011473,344.126167,0.036600,0.000000,false,0.000000,0,0.532000,"{""bora011"":15,""diablo03"":14,""h3-standard-88-2"":13,""h4d-standard-192-7"":16}","{""bora011"":0.02018,""diablo03"":0.010975,""h3-standard-88-2"":0.008461,""h4d-standard-192-7"":0.003516}"
heft_classic,cluster_homo,18,maddid0000018|maddid0000056|mbackgroundid0000014|mbackgroundid0000015|mbackgroundid0000035|mbackgroundid0000053|mbgmodelid0000012|mbgmodelid0000050|mconcatfitid0000030|mconcatfitid0000049|mdifffitid0000006|mdifffitid0000007|mdifffitid0000008|mdifffitid0000010|mdifffitid0000024|mdifffitid0000026|mdifffitid0000027|mdifffitid0000046|mdifffitid0000048|mprojectid0000001|mprojectid0000002|mprojectid0000020|mprojectid0000021|mprojectid0000039|mprojectid0000041|mprojectid0000042|mviewerid0000038|mviewerid0000057|mviewerid0000058,0.2,538.100000,0.000000,1.011473,344.126167,0.000000,193.974000,false,0.000000,0,0.909000,"{""bora001"":14,""bora002"":16,""bora003"":14,""bora004"":14}","{""bora001"":0.023954,""bora002"":0.024188,""bora003"":0.023771,""bora004"":0.024001}"
heft_classic,cluster_hetero,18,maddid0000018|maddid0000056|mbackgroundid0000014|mbackgroundid0000015|mbackgroundid0000035|mbackgroundid0000053|mbgmodelid0000012|mbgmodelid0000050|mconcatfitid0000030|mconcatfitid0000049|mdifffitid0000006|mdifffitid0000007|mdifffitid0000008|mdifffitid0000010|mdifffitid0000024|mdifffitid0000026|mdifffitid0000027|mdifffitid0000046|mdifffitid0000048|mprojectid0000001|mprojectid0000002|mprojectid0000020|mprojectid0000021|mprojectid0000039|mprojectid0000041|mprojectid0000042|mviewerid0000038|mviewerid0000057|mviewerid0000058,0.2,591.999000,0.000000,1.011473,344.126167,0.000000,247.873000,false,0.000000,0,0.407000,"{""bora005"":15,""bora006"":16,""diablo01"":12,""diablo02"":15}","{""bora005"":0.02398,""bora006"":0.023905,""diablo01"":0.013673,""diablo02"":0.013849}"
heft_classic,cloud_homo,18,maddid0000018|maddid0000056|mbackgroundid0000014|mbackgroundid0000015|mbackgroundid0000035|mbackgroundid0000053|mbgmodelid0000012|mbgmodelid0000050|mconcatfitid0000030|mconcatfitid0000049|mdifffitid0000006|mdifffitid0000007|mdifffitid0000008|mdifffitid0000010|mdifffitid0000024|mdifffitid0000026|mdifffitid0000027|mdifffitid0000046|mdifffitid0000048|mprojectid0000001|mprojectid0000002|mprojectid0000020|mprojectid0000021|mprojectid0000039|mprojectid0000041|mprojectid0000042|mviewerid0000038|mviewerid0000057|mviewerid0000058,0.2,183.590000,1.910549,1.011473,344.126167,0.899100,0.000000,false,0.000000,0,0.993000,"{""h4d-standard-192-1"":14,""h4d-standard-192-2"":15,""h4d-standard-192-3"":15,""h4d-standard-192-4"":14}","{""h4d-standard-192-1"":0.002813,""h4d-standard-192-2"":0.002861,""h4d-standard-192-3"":0.002966,""h4d-standard-192-4"":0.002918}"
heft_classic,cloud_hetero,18,maddid0000018|maddid0000056|mbackgroundid0000014|mbackgroundid0000015|mbackgroundid0000035|mbackgroundid0000053|mbgmodelid0000012|mbgmodelid0000050|mconcatfitid0000030|mconcatfitid0000049|mdifffitid0000006|mdifffitid0000007|mdifffitid0000008|mdifffitid0000010|mdifffitid0000024|mdifffitid0000026|mdifffitid0000027|mdifffitid0000046|mdifffitid0000048|mprojectid0000001|mprojectid0000002|mprojectid0000020|mprojectid0000021|mprojectid0000039|mprojectid0000041|mprojectid0000042|mviewerid0000038|mviewerid0000057|mviewerid0000058,0.2,214.517000,1.950512,1.011473,344.126167,0.939000,0.000000,false,0.000000,0,0.912000,"{""h3-standard-88-1"":13,""h3-standard-88-2"":13,""h4d-highmem-192-1"":16,""h4d-standard-192-1"":16}","{""h3-standard-88-1"":0.006905,""h3-standard-88-2"":0.00684,""h4d-highmem-192-1"":0.00313,""h4d-standard-192-1"":0.003265}"
heft_classic,hybrid_homo,18,maddid0000018|maddid0000056|mbackgroundid0000014|mbackgroundid0000015|mbackgroundid0000035|mbackgroundid0000053|mbgmodelid0000012|mbgmodelid0000050|mconcatfitid0000030|mconcatfitid0000049|mdifffitid0000006|mdifffitid0000007|mdifffitid0000008|mdifffitid0000010|mdifffitid0000024|mdifffitid0000026|mdifffitid0000027|mdifffitid0000046|mdifffitid0000048|mprojectid0000001|mprojectid0000002|mprojectid0000020|mprojectid0000021|mprojectid0000039|mprojectid0000041|mprojectid0000042|mviewerid0000038|mviewerid0000057|mviewerid0000058,0.2,250.184000,1.159671,1.011473,344.126167,0.148200,0.000000,false,0.000000,0,0.866000,"{""bora009"":15,""bora010"":12,""h4d-standard-192-5"":15,""h4d-standard-192-6"":16}","{""bora009"":0.01834,""bora010"":0.021421,""h4d-standard-192-5"":0.003269,""h4d-standard-192-6"":0.003307}"
heft_classic,hybrid_hetero,18,maddid0000018|maddid0000056|mbackgroundid0000014|mbackgroundid0000015|mbackgroundid0000035|mbackgroundid0000053|mbgmodelid0000012|mbgmodelid0000050|mconcatfitid0000030|mconcatfitid0000049|mdifffitid0000006|mdifffitid0000007|mdifffitid0000008|mdifffitid0000010|mdifffitid0000024|mdifffitid0000026|mdifffitid0000027|mdifffitid0000046|mdifffitid0000048|mprojectid0000001|mprojectid0000002|mprojectid0000020|mprojectid0000021|mprojectid0000039|mprojectid0000041|mprojectid0000042|mviewerid0000038|mviewerid0000057|mviewerid0000058,0.2,286.367000,1.048103,1.011473,344.126167,0.036600,0.000000,false,0.000000,0,0.886000,"{""bora011"":15,""diablo03"":14,""h3-standard-88-2"":13,""h4d-standard-192-7"":16}","{""bora011"":0.02018,""diablo03"":0.010975,""h3-standard-88-2"":0.008461,""h4d-standard-192-7"":0.003516}"
heft_classic,cluster_homo,19,maddid0000018|maddid0000037|mbackgroundid0000015|mbackgroundid0000016|mbackgroundid0000033|mbackgroundid0000053|mbgmodelid0000012|mconcatfitid0000030|mconcatfitid0000049|mdifffitid0000005|mdifffitid0000007|mdifffitid0000008|mdifffitid0000010|mdifffitid0000024|mdifffitid0000025|mdifffitid0000026|mdifffitid0000029|mimgtblid0000017|mimgtblid0000036|mprojectid0000001|mprojectid0000002|mprojectid0000003|mprojectid0000020|mprojectid0000021|mprojectid0000022|mprojectid0000039|mprojectid0000041|mviewerid0000057|mviewerid0000058,0.2,538.100000,0.000000,1.011473,344.126167,0.000000,193.974000,false,0.000000,0,0.452000,"{""bora001"":14,""bora002"":16,""bora003"":14,""bora004"":14}","{""bora001"":0.023954,""bora002"":0.024188,""bora003"":0.023771,""bora004"":0.024001}"
heft_classic,cluster_hetero,19,maddid0000018|maddid0000037|mbackgroundid0000015|mbackgroundid0000016|mbackgroundid0000033|mbackgroundid0000053|mbgmodelid0000012|mconcatfitid0000030|mconcatfitid0000049|mdifffitid0000005|mdifffitid0000007|mdifffitid0000008|mdifffitid0000010|mdifffitid0000024|mdifffitid0000025|mdifffitid0000026|mdifffitid0000029|mimgtblid0000017|mimgtblid0000036|mprojectid0000001|mprojectid0000002|mprojectid0000003|mprojectid0000020|mprojectid0000021|mprojectid0000022|mprojectid0000039|mprojectid0000041|mviewerid0000057|mviewerid0000058,0.2,591.999000,0.000000,1.011473,344.126167,0.000000,247.873000,false,0.000000,0,0.431000,"{""bora005"":15,""bora006"":16,""diablo01"":12,""diablo02"":15}","{""bora005"":0.02398,""bora006"":0.023905,""diablo01"":0.013673,""diablo02"":0.013849}"
heft_classic,cloud_homo,19,maddid0000018|maddid0000037|mbackgroundid0000015|mbackgroundid0000016|mbackgroundid0000033|mbackgroundid0000053|mbgmodelid0000012|mconcatfitid0000030|mconcatfitid0000049|mdifffitid0000005|mdifffitid0000007|mdifffitid0000008|mdifffitid0000010|mdifffitid0000024|mdifffitid0000025|mdifffitid0000026|mdifffitid0000029|mimgtblid0000017|mimgtblid0000036|mprojectid0000001|mprojectid0000002|mprojectid0000003|mprojectid0000020|mprojectid0000021|mprojectid0000022|mprojectid0000039|mprojectid0000041|mviewerid0000057|mviewerid0000058,0.2,183.590000,1.910549,1.011473,344.126167,0.899100,0.000000,false,0.000000,0,2.324000,"{""h4d-standard-192-1"":14,""h4d-standard-192-2"":15,""h4d-standard-192-3"":15,""h4d-standard-192-4"":14}","{""h4d-standard-192-1"":0.002813,""h4d-standard-192-2"":0.002861,""h4d-standard-192-3"":0.002966,""h4d-standard-192-4"":0.002918}"
heft_classic,cloud_hetero,19,maddid0000018|maddid0000037|mbackgroundid0000015|mbackgroundid0000016|mbackgroundid0000033|mbackgroundid0000053|mbgmodelid0000012|mconcatfitid0000030|mconcatfitid0000049|mdifffitid0000005|mdifffitid0000007|mdifffitid0000008|mdifffitid0000010|mdifffitid0000024|mdifffitid0000025|mdifffitid0000026|mdifffitid0000029|mimgtblid0000017|mimgtblid0000036|mprojectid0000001|mprojectid0000002|mprojectid0000003|mprojectid0000020|mprojectid0000021|mprojectid0000022|mprojectid0000039|mprojectid0000041|mviewerid0000057|mviewerid0000058,0.2,214.517000,1.950512,1.011473,344.126167,0.939000,0.000000,false,0.000000,0,0.846000,"{""h3-standard-88-1"":13,""h3-standard-88-2"":13,""h4d-highmem-192-1"":16,""h4d-standard-192-1"":16}","{""h3-standard-88-1"":0.006905,""h3-standard-88-2"":0.00684,""h4d-highmem-192-1"":0.00313,""h4d-standard-192-1"":0.003265}"
heft_classic,hybrid_homo,19,maddid0000018|maddid0000037|mbackgroundid0000015|mbackgroundid0000016|mbackgroundid0000033|mbackgroundid0000053|mbgmodelid0000012|mconcatfitid0000030|mconcatfitid0000049|mdifffitid0000005|mdifffitid0000007|mdifffitid0000008|mdifffitid0000010|mdifffitid0000024|mdifffitid0000025|mdifffitid0000026|mdifffitid0000029|mimgtblid0000017|mimgtblid0000036|mprojectid0000001|mprojectid0000002|mprojectid0000003|mprojectid0000020|mprojectid0000021|mprojectid0000022|mprojectid0000039|mprojectid0000041|mviewerid0000057|mviewerid0000058,0.2,250.184000,1.159671,1.011473,344.126167,0.148200,0.000000,false,0.000000,0,0.606000,"{""bora009"":15,""bora010"":12,""h4d-standard-192-5"":15,""h4d-standard-192-6"":16}","{""bora009"":0.01834,""bora010"":0.021421,""h4d-standard-192-5"":0.003269,""h4d-standard-192-6"":0.003307}"
heft_classic,hybrid_hetero,19,maddid0000018|maddid0000037|mbackgroundid0000015|mbackgroundid0000016|mbackgroundid0000033|mbackgroundid0000053|mbgmodelid0000012|mconcatfitid0000030|mconcatfitid0000049|mdifffitid0000005|mdifffitid0000007|mdifffitid0000008|mdifffitid0000010|mdifffitid0000024|mdifffitid0000025|mdifffitid0000026|mdifffitid0000029|mimgtblid0000017|mimgtblid0000036|mprojectid0000001|mprojectid0000002|mprojectid0000003|mprojectid0000020|mprojectid0000021|mprojectid0000022|mprojectid0000039|mprojectid0000041|mviewerid0000057|mviewerid0000058,0.2,286.367000,1.048103,1.011473,344.126167,0.036600,0.000000,false,0.000000,0,0.647000,"{""bora011"":15,""diablo03"":14,""h3-standard-88-2"":13,""h4d-standard-192-7"":16}","{""bora011"":0.02018,""diablo03"":0.010975,""h3-standard-88-2"":0.008461,""h4d-standard-192-7"":0.003516}"
heft_classic,cluster_homo,20,maddid0000018|mbackgroundid0000015|mbackgroundid0000016|mbackgroundid0000032|mbackgroundid0000033|mbackgroundid0000053|mbackgroundid0000054|mbgmodelid0000031|mbgmodelid0000050|mconcatfitid0000011|mconcatfitid0000030|mconcatfitid0000049|mdifffitid0000005|mdifffitid0000006|mdifffitid0000010|mdifffitid0000025|mdifffitid0000027|mdifffitid0000044|mdifffitid0000046|mdifffitid0000047|mimgtblid0000055|mprojectid0000001|mprojectid0000004|mprojectid0000020|mprojectid0000021|mprojectid0000039|mprojectid0000040|mprojectid0000042|mviewerid0000057,0.2,538.100000,0.000000,1.011473,344.126167,0.000000,193.974000,false,0.000000,0,0.507000,"{""bora001"":14,""bora002"":16,""bora003"":14,""bora004"":14}","{""bora001"":0.023954,""bora002"":0.024188,""bora003"":0.023771,""bora004"":0.024001}"
heft_classic,cluster_hetero,20,maddid0000018|mbackgroundid0000015|mbackgroundid0000016|mbackgroundid0000032|mbackgroundid0000033|mbackgroundid0000053|mbackgroundid0000054|mbgmodelid0000031|mbgmodelid0000050|mconcatfitid0000011|mconcatfitid0000030|mconcatfitid0000049|mdifffitid0000005|mdifffitid0000006|mdifffitid0000010|mdifffitid0000025|mdifffitid0000027|mdifffitid0000044|mdifffitid0000046|mdifffitid0000047|mimgtblid0000055|mprojectid0000001|mprojectid0000004|mprojectid0000020|mprojectid0000021|mprojectid0000039|mprojectid0000040|mprojectid0000042|mviewerid0000057,0.2,591.999000,0.000000,1.011473,344.126167,0.000000,247.873000,false,0.000000,0,0.417000,"{""bora005"":15,""bora006"":16,""diablo01"":12,""diablo02"":15}","{""bora005"":0.02398,""bora006"":0.023905,""diablo01"":0.013673,""diablo02"":0.013849}"
heft_classic,cloud_homo,20,maddid0000018|mbackgroundid0000015|mbackgroundid0000016|mbackgroundid0000032|mbackgroundid0000033|mbackgroundid0000053|mbackgroundid0000054|mbgmodelid0000031|mbgmodelid0000050|mconcatfitid0000011|mconcatfitid0000030|mconcatfitid0000049|mdifffitid0000005|mdifffitid0000006|mdifffitid0000010|mdifffitid0000025|mdifffitid0000027|mdifffitid0000044|mdifffitid0000046|mdifffitid0000047|mimgtblid0000055|mprojectid0000001|mprojectid0000004|mprojectid0000020|mprojectid0000021|mprojectid0000039|mprojectid0000040|mprojectid0000042|mviewerid0000057,0.2,183.590000,1.910549,1.011473,344.126167,0.899100,0.000000,false,0.000000,0,0.760000,"{""h4d-standard-192-1"":14,""h4d-standard-192-2"":15,""h4d-standard-192-3"":15,""h4d-standard-192-4"":14}","{""h4d-standard-192-1"":0.002813,""h4d-standard-192-2"":0.002861,""h4d-standard-192-3"":0.002966,""h4d-standard-192-4"":0.002918}"
heft_classic,cloud_hetero,20,maddid0000018|mbackgroundid0000015|mbackgroundid0000016|mbackgroundid0000032|mbackgroundid0000033|mbackgroundid0000053|mbackgroundid0000054|mbgmodelid0000031|mbgmodelid0000050|mconcatfitid0000011|mconcatfitid0000030|mconcatfitid0000049|mdifffitid0000005|mdifffitid0000006|mdifffitid0000010|mdifffitid0000025|mdifffitid0000027|mdifffitid0000044|mdifffitid0000046|mdifffitid0000047|mimgtblid0000055|mprojectid0000001|mprojectid0000004|mprojectid0000020|mprojectid0000021|mprojectid0000039|mprojectid0000040|mprojectid0000042|mviewerid0000057,0.2,214.517000,1.950512,1.011473,344.126167,0.939000,0.000000,false,0.000000,0,0.697000,"{""h3-standard-88-1"":13,""h3-standard-88-2"":13,""h4d-highmem-192-1"":16,""h4d-standard-192-1"":16}","{""h3-standard-88-1"":0.006905,""h3-standard-88-2"":0.00684,""h4d-highmem-192-1"":0.00313,""h4d-standard-192-1"":0.003265}"
heft_classic,hybrid_homo,20,maddid0000018|mbackgroundid0000015|mbackgroundid0000016|mbackgroundid0000032|mbackgroundid0000033|mbackgroundid0000053|mbackgroundid0000054|mbgmodelid0000031|mbgmodelid0000050|mconcatfitid0000011|mconcatfitid0000030|mconcatfitid0000049|mdifffitid0000005|mdifffitid0000006|mdifffitid0000010|mdifffitid0000025|mdifffitid0000027|mdifffitid0000044|mdifffitid0000046|mdifffitid0000047|mimgtblid0000055|mprojectid0000001|mprojectid0000004|mprojectid0000020|mprojectid0000021|mprojectid0000039|mprojectid0000040|mprojectid0000042|mviewerid0000057,0.2,250.184000,1.159671,1.011473,344.126167,0.148200,0.000000,false,0.000000,0,0.602000,"{""bora009"":15,""bora010"":12,""h4d-standard-192-5"":15,""h4d-standard-192-6"":16}","{""bora009"":0.01834,""bora010"":0.021421,""h4d-standard-192-5"":0.003269,""h4d-standard-192-6"":0.003307}"
heft_classic,hybrid_hetero,20,maddid0000018|mbackgroundid0000015|mbackgroundid0000016|mbackgroundid0000032|mbackgroundid0000033|mbackgroundid0000053|mbackgroundid0000054|mbgmodelid0000031|mbgmodelid0000050|mconcatfitid0000011|mconcatfitid0000030|mconcatfitid0000049|mdifffitid0000005|mdifffitid0000006|mdifffitid0000010|mdifffitid0000025|mdifffitid0000027|mdifffitid0000044|mdifffitid0000046|mdifffitid0000047|mimgtblid0000055|mprojectid0000001|mprojectid0000004|mprojectid0000020|mprojectid0000021|mprojectid0000039|mprojectid0000040|mprojectid0000042|mviewerid0000057,0.2,286.367000,1.048103,1.011473,344.126167,0.036600,0.000000,false,0.000000,0,0.554000,"{""bora011"":15,""diablo03"":14,""h3-standard-88-2"":13,""h4d-standard-192-7"":16}","{""bora011"":0.02018,""diablo03"":0.010975,""h3-standard-88-2"":0.008461,""h4d-standard-192-7"":0.003516}"
heft_classic,cluster_homo,21,maddid0000018|maddid0000037|maddid0000056|mbackgroundid0000014|mbackgroundid0000015|mbackgroundid0000034|mbackgroundid0000035|mbackgroundid0000053|mbgmodelid0000050|mconcatfitid0000011|mconcatfitid0000049|mdifffitid0000005|mdifffitid0000006|mdifffitid0000008|mdifffitid0000010|mdifffitid0000024|mdifffitid0000025|mdifffitid0000028|mdifffitid0000043|mdifffitid0000045|mdifffitid0000046|mprojectid0000002|mprojectid0000020|mprojectid0000023|mprojectid0000039|mprojectid0000040|mprojectid0000042|mviewerid0000038|mviewerid0000058,0.2,538.100000,0.000000,1.011473,344.126167,0.000000,193.974000,false,0.000000,0,0.508000,"{""bora001"":14,""bora002"":16,""bora003"":14,""bora004"":14}","{""bora001"":0.023954,""bora002"":0.024188,""bora003"":0.023771,""bora004"":0.024001}"
heft_classic,cluster_hetero,21,maddid0000018|maddid0000037|maddid0000056|mbackgroundid0000014|mbackgroundid0000015|mbackgroundid0000034|mbackgroundid0000035|mbackgroundid0000053|mbgmodelid0000050|mconcatfitid0000011|mconcatfitid0000049|mdifffitid0000005|mdifffitid0000006|mdifffitid0000008|mdifffitid0000010|mdifffitid0000024|mdifffitid0000025|mdifffitid0000028|mdifffitid0000043|mdifffitid0000045|mdifffitid0000046|mprojectid0000002|mprojectid0000020|mprojectid0000023|mprojectid0000039|mprojectid0000040|mprojectid0000042|mviewerid0000038|mviewerid0000058,0.2,591.999000,0.000000,1.011473,344.126167,0.000000,247.873000,false,0.000000,0,0.478000,"{""bora005"":15,""bora006"":16,""diablo01"":12,""diablo02"":15}","{""bora005"":0.02398,""bora006"":0.023905,""diablo01"":0.013673,""diablo02"":0.013849}"
heft_classic,cloud_homo,21,maddid0000018|maddid0000037|maddid0000056|mbackgroundid0000014|mbackgroundid0000015|mbackgroundid0000034|mbackgroundid0000035|mbackgroundid0000053|mbgmodelid0000050|mconcatfitid0000011|mconcatfitid0000049|mdifffitid0000005|mdifffitid0000006|mdifffitid0000008|mdifffitid0000010|mdifffitid0000024|mdifffitid0000025|mdifffitid0000028|mdifffitid0000043|mdifffitid0000045|mdifffitid0000046|mprojectid0000002|mprojectid0000020|mprojectid0000023|mprojectid0000039|mprojectid0000040|mprojectid0000042|mviewerid0000038|mviewerid0000058,0.2,183.590000,1.910549,1.011473,344.126167,0.899100,0.000000,false,0.000000,0,0.668000,"{""h4d-standard-192-1"":14,""h4d-standard-192-2"":15,""h4d-standard-192-3"":15,""h4d-standard-192-4"":14}","{""h4d-standard-192-1"":0.002813,""h4d-standard-192-2"":0.002861,""h4d-standard-192-3"":0.002966,""h4d-standard-192-4"":0.002918}"
heft_classic,cloud_hetero,21,maddid0000018|maddid0000037|maddid0000056|mbackgroundid0000014|mbackgroundid0000015|mbackgroundid0000034|mbackgroundid0000035|mbackgroundid0000053|mbgmodelid0000050|mconcatfitid0000011|mconcatfitid0000049|mdifffitid0000005|mdifffitid0000006|mdifffitid0000008|mdifffitid0000010|mdifffitid0000024|mdifffitid0000025|mdifffitid0000028|mdifffitid0000043|mdifffitid0000045|mdifffitid0000046|mprojectid0000002|mprojectid0000020|mprojectid0000023|mprojectid0000039|mprojectid0000040|mprojectid0000042|mviewerid0000038|mviewerid0000058,0.2,214.517000,1.950512,1.011473,344.126167,0.939000,0.000000,false,0.000000,0,0.614000,"{""h3-standard-88-1"":13,""h3-standard-88-2"":13,""h4d-highmem-192-1"":16,""h4d-standard-192-1"":16}","{""h3-standard-88-1"":0.006905,""h3-standard-88-2"":0.00684,""h4d-highmem-192-1"":0.00313,""h4d-standard-192-1"":0.003265}"
heft_classic,hybrid_homo,21,maddid0000018|maddid0000037|maddid0000056|mbackgroundid0000014|mbackgroundid0000015|mbackgroundid0000034|mbackgroundid0000035|mbackgroundid0000053|mbgmodelid0000050|mconcatfitid0000011|mconcatfitid0000049|mdifffitid0000005|mdifffitid0000006|mdifffitid0000008|mdifffitid0000010|mdifffitid0000024|mdifffitid0000025|mdifffitid0000028|mdifffitid0000043|mdifffitid0000045|mdifffitid0000046|mprojectid0000002|mprojectid0000020|mprojectid0000023|mprojectid0000039|mprojectid0000040|mprojectid0000042|mviewerid0000038|mviewerid0000058,0.2,250.184000,1.159671,1.011473,344.126167,0.148200,0.000000,false,0.000000,0,0.635000,"{""bora009"":15,""bora010"":12,""h4d-standard-192-5"":15,""h4d-standard-192-6"":16}","{""bora009"":0.01834,""bora010"":0.021421,""h4d-standard-192-5"":0.003269,""h4d-standard-192-6"":0.003307}"
heft_classic,hybrid_hetero,21,maddid0000018|maddid0000037|maddid0000056|mbackgroundid0000014|mbackgroundid0000015|mbackgroundid0000034|mbackgroundid0000035|mbackgroundid0000053|mbgmodelid0000050|mconcatfitid0000011|mconcatfitid0000049|mdifffitid0000005|mdifffitid0000006|mdifffitid0000008|mdifffitid0000010|mdifffitid0000024|mdifffitid0000025|mdifffitid0000028|mdifffitid0000043|mdifffitid0000045|mdifffitid0000046|mprojectid0000002|mprojectid0000020|mprojectid0000023|mprojectid0000039|mprojectid0000040|mprojectid0000042|mviewerid0000038|mviewerid0000058,0.2,286.367000,1.048103,1.011473,344.126167,0.036600,0.000000,false,0.000000,0,0.607000,"{""bora011"":15,""diablo03"":14,""h3-standard-88-2"":13,""h4d-standard-192-7"":16}","{""bora011"":0.02018,""diablo03"":0.010975,""h3-standard-88-2"":0.008461,""h4d-standard-192-7"":0.003516}"
heft_classic,cluster_homo,22,maddid0000018|maddid0000037|maddid0000056|mbackgroundid0000014|mbackgroundid0000015|mbackgroundid0000032|mbackgroundid0000033|mbackgroundid0000035|mbackgroundid0000051|mbackgroundid0000053|mbgmodelid0000050|mdifffitid0000007|mdifffitid0000008|mdifffitid0000009|mdifffitid0000025|mdifffitid0000043|mdifffitid0000044|mdifffitid0000045|mimgtblid0000055|mprojectid0000002|mprojectid0000021|mprojectid0000022|mprojectid0000023|mprojectid0000039|mprojectid0000041|mprojectid0000042|mviewerid0000019|mviewerid0000038|mviewerid0000057,0.2,538.100000,0.000000,1.011473,344.126167,0.000000,193.974000,false,0.000000,0,0.478000,"{""bora001"":14,""bora002"":16,""bora003"":14,""bora004"":14}","{""bora001"":0.023954,""bora002"":0.024188,""bora003"":0.023771,""bora004"":0.024001}"
heft_classic,cluster_hetero,22,maddid0000018|maddid0000037|maddid0000056|mbackgroundid0000014|mbackgroundid0000015|mbackgroundid0000032|mbackgroundid0000033|mbackgroundid0000035|mbackgroundid0000051|mbackgroundid0000053|mbgmodelid0000050|mdifffitid0000007|mdifffitid0000008|mdifffitid0000009|mdifffitid0000025|mdifffitid0000043|mdifffitid0000044|mdifffitid0000045|mimgtblid0000055|mprojectid0000002|mprojectid0000021|mprojectid0000022|mprojectid0000023|mprojectid0000039|mprojectid0000041|mprojectid0000042|mviewerid0000019|mviewerid0000038|mviewerid0000057,0.2,591.999000,0.000000,1.011473,344.126167,0.000000,247.873000,false,0.000000,0,0.486000,"{""bora005"":15,""bora006"":16,""diablo01"":12,""diablo02"":15}","{""bora005"":0.02398,""bora006"":0.023905,""diablo01"":0.013673,""diablo02"":0.013849}"
heft_classic,cloud_homo,22,maddid0000018|maddid0000037|maddid0000056|mbackgroundid0000014|mbackgroundid0000015|mbackgroundid0000032|mbackgroundid0000033|mbackgroundid0000035|mbackgroundid0000051|mbackgroundid0000053|mbgmodelid0000050|mdifffitid0000007|mdifffitid0000008|mdifffitid0000009|mdifffitid0000025|mdifffitid0000043|mdifffitid0000044|mdifffitid0000045|mimgtblid0000055|mprojectid0000002|mprojectid0000021|mprojectid0000022|mprojectid0000023|mprojectid0000039|mprojectid0000041|mprojectid0000042|mviewerid0000019|mviewerid0000038|mviewerid0000057,0.2,183.590000,1.910549,1.011473,344.126167,0.899100,0.000000,false,0.000000,0,1.073000,"{""h4d-standard-192-1"":14,""h4d-standard-192-2"":15,""h4d-standard-192-3"":15,""h4d-standard-192-4"":14}","{""h4d-standard-192-1"":0.002813,""h4d-standard-192-2"":0.002861,""h4d-standard-192-3"":0.002966,""h4d-standard-192-4"":0.002918}"
heft_classic,cloud_hetero,22,maddid0000018|maddid0000037|maddid0000056|mbackgroundid0000014|mbackgroundid0000015|mbackgroundid0000032|mbackgroundid0000033|mbackgroundid0000035|mbackgroundid0000051|mbackgroundid0000053|mbgmodelid0000050|mdifffitid0000007|mdifffitid0000008|mdifffitid0000009|mdifffitid0000025|mdifffitid0000043|mdifffitid0000044|mdifffitid0000045|mimgtblid0000055|mprojectid0000002|mprojectid0000021|mprojectid0000022|mprojectid0000023|mprojectid0000039|mprojectid0000041|mprojectid0000042|mviewerid0000019|mviewerid0000038|mviewerid0000057,0.2,214.517000,1.950512,1.011473,344.126167,0.939000,0.000000,false,0.000000,0,2.059000,"{""h3-standard-88-1"":13,""h3-standard-88-2"":13,""h4d-highmem-192-1"":16,""h4d-standard-192-1"":16}","{""h3-standard-88-1"":0.006905,""h3-standard-88-2"":0.00684,""h4d-highmem-192-1"":0.00313,""h4d-standard-192-1"":0.003265}"
heft_classic,hybrid_homo,22,maddid0000018|maddid0000037|maddid0000056|mbackgroundid0000014|mbackgroundid0000015|mbackgroundid0000032|mbackgroundid0000033|mbackgroundid0000035|mbackgroundid0000051|mbackgroundid0000053|mbgmodelid0000050|mdifffitid0000007|mdifffitid0000008|mdifffitid0000009|mdifffitid0000025|mdifffitid0000043|mdifffitid0000044|mdifffitid0000045|mimgtblid0000055|mprojectid0000002|mprojectid0000021|mprojectid0000022|mprojectid0000023|mprojectid0000039|mprojectid0000041|mprojectid0000042|mviewerid0000019|mviewerid0000038|mviewerid0000057,0.2,250.184000,1.159671,1.011473,344.126167,0.148200,0.000000,false,0.000000,0,1.268000,"{""bora009"":15,""bora010"":12,""h4d-standard-192-5"":15,""h4d-standard-192-6"":16}","{""bora009"":0.01834,""bora010"":0.021421,""h4d-standard-192-5"":0.003269,""h4d-standard-192-6"":0.003307}"
heft_classic,hybrid_hetero,22,maddid0000018|maddid0000037|maddid0000056|mbackgroundid0000014|mbackgroundid0000015|mbackgroundid0000032|mbackgroundid0000033|mbackgroundid0000035|mbackgroundid0000051|mbackgroundid0000053|mbgmodelid0000050|mdifffitid0000007|mdifffitid0000008|mdifffitid0000009|mdifffitid0000025|mdifffitid0000043|mdifffitid0000044|mdifffitid0000045|mimgtblid0000055|mprojectid0000002|mprojectid0000021|mprojectid0000022|mprojectid0000023|mprojectid0000039|mprojectid0000041|mprojectid0000042|mviewerid0000019|mviewerid0000038|mviewerid0000057,0.2,286.367000,1.048103,1.011473,344.126167,0.036600,0.000000,false,0.000000,0,1.978000,"{""bora011"":15,""diablo03"":14,""h3-standard-88-2"":13,""h4d-standard-192-7"":16}","{""bora011"":0.02018,""diablo03"":0.010975,""h3-standard-88-2"":0.008461,""h4d-standard-192-7"":0.003516}"
heft_classic,cluster_homo,23,maddid0000018|mbackgroundid0000013|mbackgroundid0000014|mbackgroundid0000015|mbackgroundid0000016|mbackgroundid0000032|mbackgroundid0000033|mbackgroundid0000035|mbackgroundid0000054|mconcatfitid0000011|mdifffitid0000007|mdifffitid0000026|mdifffitid0000029|mdifffitid0000043|mdifffitid0000044|mdifffitid0000045|mdifffitid0000047|mimgtblid0000036|mimgtblid0000055|mprojectid0000001|mprojectid0000002|mprojectid0000003|mprojectid0000004|mprojectid0000022|mprojectid0000023|mprojectid0000041|mprojectid0000042|mviewerid0000038|mviewerid0000057,0.2,538.100000,0.000000,1.011473,344.126167,0.000000,193.974000,false,0.000000,0,0.578000,"{""bora001"":14,""bora002"":16,""bora003"":14,""bora004"":14}","{""bora001"":0.023954,""bora002"":0.024188,""bora003"":0.023771,""bora004"":0.024001}"
heft_classic,cluster_hetero,23,maddid0000018|mbackgroundid0000013|mbackgroundid0000014|mbackgroundid0000015|mbackgroundid0000016|mbackgroundid0000032|mbackgroundid0000033|mbackgroundid0000035|mbackgroundid0000054|mconcatfitid0000011|mdifffitid0000007|mdifffitid0000026|mdifffitid0000029|mdifffitid0000043|mdifffitid0000044|mdifffitid0000045|mdifffitid0000047|mimgtblid0000036|mimgtblid0000055|mprojectid0000001|mprojectid0000002|mprojectid0000003|mprojectid0000004|mprojectid0000022|mprojectid0000023|mprojectid0000041|mprojectid0000042|mviewerid0000038|mviewerid0000057,0.2,591.999000,0.000000,1.011473,344.126167,0.000000,247.873000,false,0.000000,0,0.770000,"{""bora005"":15,""bora006"":16,""diablo01"":12,""diablo02"":15}","{""bora005"":0.02398,""bora006"":0.023905,""diablo01"":0.013673,""diablo02"":0.013849}"
heft_classic,cloud_homo,23,maddid0000018|mbackgroundid0000013|mbackgroundid0000014|mbackgroundid0000015|mbackgroundid0000016|mbackgroundid0000032|mbackgroundid0000033|mbackgroundid0000035|mbackgroundid0000054|mconcatfitid0000011|mdifffitid0000007|mdifffitid0000026|mdifffitid0000029|mdifffitid0000043|mdifffitid0000044|mdifffitid0000045|mdifffitid0000047|mimgtblid0000036|mimgtblid0000055|mprojectid0000001|mprojectid0000002|mprojectid0000003|mprojectid0000004|mprojectid0000022|mprojectid0000023|mprojectid0000041|mprojectid0000042|mviewerid0000038|mviewerid0000057,0.2,183.590000,1.910549,1.011473,344.126167,0.899100,0.000000,false,0.000000,0,1.263000,"{""h4d-standard-192-1"":14,""h4d-standard-192-2"":15,""h4d-standard-192-3"":15,""h4d-standard-192-4"":14}","{""h4d-standard-192-1"":0.002813,""h4d-standard-192-2"":0.002861,""h4d-standard-192-3"":0.002966,""h4d-standard-192-4"":0.002918}"
heft_classic,cloud_hetero,23,maddid0000018|mbackgroundid0000013|mbackgroundid0000014|mbackgroundid0000015|mbackgroundid0000016|mbackgroundid0000032|mbackgroundid0000033|mbackgroundid0000035|mbackgroundid0000054|mconcatfitid0000011|mdifffitid0000007|mdifffitid0000026|mdifffitid0000029|mdifffitid0000043|mdifffitid0000044|mdifffitid0000045|mdifffitid0000047|mimgtblid0000036|mimgtblid0000055|mprojectid0000001|mprojectid0000002|mprojectid0000003|mprojectid0000004|mprojectid0000022|mprojectid0000023|mprojectid0000041|mprojectid0000042|mviewerid0000038|mviewerid0000057,0.2,214.517000,1.950512,1.011473,344.126167,0.939000,0.000000,false,0.000000,0,2.204000,"{""h3-standard-88-1"":13,""h3-standard-88-2"":13,""h4d-highmem-192-1"":16,""h4d-standard-192-1"":16}","{""h3-standard-88-1"":0.006905,""h3-standard-88-2"":0.00684,""h4d-highmem-192-1"":0.00313,""h4d-standard-192-1"":0.003265}"
heft_classic,hybrid_homo,23,maddid0000018|mbackgroundid0000013|mbackgroundid0000014|mbackgroundid0000015|mbackgroundid0000016|mbackgroundid0000032|mbackgroundid0000033|mbackgroundid0000035|mbackgroundid0000054|mconcatfitid0000011|mdifffitid0000007|mdifffitid0000026|mdifffitid0000029|mdifffitid0000043|mdifffitid0000044|mdifffitid0000045|mdifffitid0000047|mimgtblid0000036|mimgtblid0000055|mprojectid0000001|mprojectid0000002|mprojectid0000003|mprojectid0000004|mprojectid0000022|mprojectid0000023|mprojectid0000041|mprojectid0000042|mviewerid0000038|mviewerid0000057,0.2,250.184000,1.159671,1.011473,344.126167,0.148200,0.000000,false,0.000000,0,2.946000,"{""bora009"":15,""bora010"":12,""h4d-standard-192-5"":15,""h4d-standard-192-6"":16}","{""bora009"":0.01834,""bora010"":0.021421,""h4d-standard-192-5"":0.003269,""h4d-standard-192-6"":0.003307}"
heft_classic,hybrid_hetero,23,maddid0000018|mbackgroundid0000013|mbackgroundid0000014|mbackgroundid0000015|mbackgroundid0000016|mbackgroundid0000032|mbackgroundid0000033|mbackgroundid0000035|mbackgroundid0000054|mconcatfitid0000011|mdifffitid0000007|mdifffitid0000026|mdifffitid0000029|mdifffitid0000043|mdifffitid0000044|mdifffitid0000045|mdifffitid0000047|mimgtblid0000036|mimgtblid0000055|mprojectid0000001|mprojectid0000002|mprojectid0000003|mprojectid0000004|mprojectid0000022|mprojectid0000023|mprojectid0000041|mprojectid0000042|mviewerid0000038|mviewerid0000057,0.2,286.367000,1.048103,1.011473,344.126167,0.036600,0.000000,false,0.000000,0,2.445000,"{""bora011"":15,""diablo03"":14,""h3-standard-88-2"":13,""h4d-standard-192-7"":16}","{""bora011"":0.02018,""diablo03"":0.010975,""h3-standard-88-2"":0.008461,""h4d-standard-192-7"":0.003516}"
heft_classic,cluster_homo,24,maddid0000037|maddid0000056|mbackgroundid0000032|mbackgroundid0000034|mbackgroundid0000035|mbgmodelid0000012|mbgmodelid0000050|mconcatfitid0000011|mconcatfitid0000049|mdifffitid0000006|mdifffitid0000007|mdifffitid0000008|mdifffitid0000009|mdifffitid0000010|mdifffitid0000024|mdifffitid0000025|mdifffitid0000028|mdifffitid0000045|mdifffitid0000046|mdifffitid0000047|mimgtblid0000017|mprojectid0000003|mprojectid0000004|mprojectid0000021|mprojectid0000022|mprojectid0000039|mprojectid0000041|mviewerid0000019|mviewerid0000038,0.2,538.100000,0.000000,1.011473,344.126167,0.000000,193.974000,false,0.000000,0,1.495000,"{""bora001"":14,""bora002"":16,""bora003"":14,""bora004"":14}","{""bora001"":0.023954,""bora002"":0.024188,""bora003"":0.023771,""bora004"":0.024001}"
heft_classic,cluster_hetero,24,maddid0000037|maddid0000056|mbackgroundid0000032|mbackgroundid0000034|mbackgroundid0000035|mbgmodelid0000012|mbgmodelid0000050|mconcatfitid0000011|mconcatfitid0000049|mdifffitid0000006|mdifffitid0000007|mdifffitid0000008|mdifffitid0000009|mdifffitid0000010|mdifffitid0000024|mdifffitid0000025|mdifffitid0000028|mdifffitid0000045|mdifffitid0000046|mdifffitid0000047|mimgtblid0000017|mprojectid0000003|mprojectid0000004|mprojectid0000021|mprojectid0000022|mprojectid0000039|mprojectid0000041|mviewerid0000019|mviewerid0000038,0.2,591.999000,0.000000,1.011473,344.126167,0.000000,247.873000,false,0.000000,0,0.421000,"{""bora005"":15,""bora006"":16,""diablo01"":12,""diablo02"":15}","{""bora005"":0.02398,""bora006"":0.023905,""diablo01"":0.013673,""diablo02"":0.013849}"
heft_classic,cloud_homo,24,maddid0000037|maddid0000056|mbackgroundid0000032|mbackgroundid0000034|mbackgroundid0000035|mbgmodelid0000012|mbgmodelid0000050|mconcatfitid0000011|mconcatfitid0000049|mdifffitid0000006|mdifffitid0000007|mdifffitid0000008|mdifffitid0000009|mdifffitid0000010|mdifffitid0000024|mdifffitid0000025|mdifffitid0000028|mdifffitid0000045|mdifffitid0000046|mdifffitid0000047|mimgtblid0000017|mprojectid0000003|mprojectid0000004|mprojectid0000021|mprojectid0000022|mprojectid0000039|mprojectid0000041|mviewerid0000019|mviewerid0000038,0.2,183.590000,1.910549,1.011473,344.126167,0.899100,0.000000,false,0.000000,0,2.049000,"{""h4d-standard-192-1"":14,""h4d-standard-192-2"":15,""h4d-standard-192-3"":15,""h4d-standard-192-4"":14}","{""h4d-standard-192-1"":0.002813,""h4d-standard-192-2"":0.002861,""h4d-standard-192-3"":0.002966,""h4d-standard-192-4"":0.002918}"
heft_classic,cloud_hetero,24,maddid0000037|maddid0000056|mbackgroundid0000032|mbackgroundid0000034|mbackgroundid0000035|mbgmodelid0000012|mbgmodelid0000050|mconcatfitid0000011|mconcatfitid0000049|mdifffitid0000006|mdifffitid0000007|mdifffitid0000008|mdifffitid0000009|mdifffitid0000010|mdifffitid0000024|mdifffitid0000025|mdifffitid0000028|mdifffitid0000045|mdifffitid0000046|mdifffitid0000047|mimgtblid0000017|mprojectid0000003|mprojectid0000004|mprojectid0000021|mprojectid0000022|mprojectid0000039|mprojectid0000041|mviewerid0000019|mviewerid0000038,0.2,214.517000,1.950512,1.011473,344.126167,0.939000,0.000000,false,0.000000,0,1.291000,"{""h3-standard-88-1"":13,""h3-standard-88-2"":13,""h4d-highmem-192-1"":16,""h4d-standard-192-1"":16}","{""h3-standard-88-1"":0.006905,""h3-standard-88-2"":0.00684,""h4d-highmem-192-1"":0.00313,""h4d-standard-192-1"":0.003265}"
heft_classic,hybrid_homo,24,maddid0000037|maddid0000056|mbackgroundid0000032|mbackgroundid0000034|mbackgroundid0000035|mbgmodelid0000012|mbgmodelid0000050|mconcatfitid0000011|mconcatfitid0000049|mdifffitid0000006|mdifffitid0000007|mdifffitid0000008|mdifffitid0000009|mdifffitid0000010|mdifffitid0000024|mdifffitid0000025|mdifffitid0000028|mdifffitid0000045|mdifffitid0000046|mdifffitid0000047|mimgtblid0000017|mprojectid0000003|mprojectid0000004|mprojectid0000021|mprojectid0000022|mprojectid0000039|mprojectid0000041|mviewerid0000019|mviewerid0000038,0.2,250.184000,1.159671,1.011473,344.126167,0.148200,0.000000,false,0.000000,0,0.609000,"{""bora009"":15,""bora010"":12,""h4d-standard-192-5"":15,""h4d-standard-192-6"":16}","{""bora009"":0.01834,""bora010"":0.021421,""h4d-standard-192-5"":0.003269,""h4d-standard-192-6"":0.003307}"
heft_classic,hybrid_hetero,24,maddid0000037|maddid0000056|mbackgroundid0000032|mbackgroundid0000034|mbackgroundid0000035|mbgmodelid0000012|mbgmodelid0000050|mconcatfitid0000011|mconcatfitid0000049|mdifffitid0000006|mdifffitid0000007|mdifffitid0000008|mdifffitid0000009|mdifffitid0000010|mdifffitid0000024|mdifffitid0000025|mdifffitid0000028|mdifffitid0000045|mdifffitid0000046|mdifffitid0000047|mimgtblid0000017|mprojectid0000003|mprojectid0000004|mprojectid0000021|mprojectid0000022|mprojectid0000039|mprojectid0000041|mviewerid0000019|mviewerid0000038,0.2,286.367000,1.048103,1.011473,344.126167,0.036600,0.000000,false,0.000000,0,0.616000,"{""bora011"":15,""diablo03"":14,""h3-standard-88-2"":13,""h4d-standard-192-7"":16}","{""bora011"":0.02018,""diablo03"":0.010975,""h3-standard-88-2"":0.008461,""h4d-standard-192-7"":0.003516}"
heft_classic,cluster_homo,25,maddid0000037|maddid0000056|mbackgroundid0000013|mbackgroundid0000015|mbackgroundid0000054|mbgmodelid0000012|mbgmodelid0000031|mbgmodelid0000050|mconcatfitid0000011|mdifffitid0000006|mdifffitid0000026|mdifffitid0000027|mdifffitid0000028|mdifffitid0000029|mdifffitid0000043|mdifffitid0000046|mdifffitid0000047|mdifffitid0000048|mimgtblid0000017|mimgtblid0000036|mimgtblid0000055|mprojectid0000001|mprojectid0000002|mprojectid0000004|mprojectid0000020|mprojectid0000021|mprojectid0000042|mviewerid0000019|mviewerid0000038,0.2,538.100000,0.000000,1.011473,344.126167,0.000000,193.974000,false,0.000000,0,0.522000,"{""bora001"":14,""bora002"":16,""bora003"":14,""bora004"":14}","{""bora001"":0.023954,""bora002"":0.024188,""bora003"":0.023771,""bora004"":0.024001}"
heft_classic,cluster_hetero,25,maddid0000037|maddid0000056|mbackgroundid0000013|mbackgroundid0000015|mbackgroundid0000054|mbgmodelid0000012|mbgmodelid0000031|mbgmodelid0000050|mconcatfitid0000011|mdifffitid0000006|mdifffitid0000026|mdifffitid0000027|mdifffitid0000028|mdifffitid0000029|mdifffitid0000043|mdifffitid0000046|mdifffitid0000047|mdifffitid0000048|mimgtblid0000017|mimgtblid0000036|mimgtblid0000055|mprojectid0000001|mprojectid0000002|mprojectid0000004|mprojectid0000020|mprojectid0000021|mprojectid0000042|mviewerid0000019|mviewerid0000038,0.2,591.999000,0.000000,1.011473,344.126167,0.000000,247.873000,false,0.000000,0,0.535000,"{""bora005"":15,""bora006"":16,""diablo01"":12,""diablo02"":15}","{""bora005"":0.02398,""bora006"":0.023905,""diablo01"":0.013673,""diablo02"":0.013849}"
heft_classic,cloud_homo,25,maddid0000037|maddid0000056|mbackgroundid0000013|mbackgroundid0000015|mbackgroundid0000054|mbgmodelid0000012|mbgmodelid0000031|mbgmodelid0000050|mconcatfitid0000011|mdifffitid0000006|mdifffitid0000026|mdifffitid0000027|mdifffitid0000028|mdifffitid0000029|mdifffitid0000043|mdifffitid0000046|mdifffitid0000047|mdifffitid0000048|mimgtblid0000017|mimgtblid0000036|mimgtblid0000055|mprojectid0000001|mprojectid0000002|mprojectid0000004|mprojectid0000020|mprojectid0000021|mprojectid0000042|mviewerid0000019|mviewerid0000038,0.2,183.590000,1.910549,1.011473,344.126167,0.899100,0.000000,false,0.000000,0,0.684000,"{""h4d-standard-192-1"":14,""h4d-standard-192-2"":15,""h4d-standard-192-3"":15,""h4d-standard-192-4"":14}","{""h4d-standard-192-1"":0.002813,""h4d-standard-192-2"":0.002861,""h4d-standard-192-3"":0.002966,""h4d-standard-192-4"":0.002918}"
heft_classic,cloud_hetero,25,maddid0000037|maddid0000056|mbackgroundid0000013|mbackgroundid0000015|mbackgroundid0000054|mbgmodelid0000012|mbgmodelid0000031|mbgmodelid0000050|mconcatfitid0000011|mdifffitid0000006|mdifffitid0000026|mdifffitid0000027|mdifffitid0000028|mdifffitid0000029|mdifffitid0000043|mdifffitid0000046|mdifffitid0000047|mdifffitid0000048|mimgtblid0000017|mimgtblid0000036|mimgtblid0000055|mprojectid0000001|mprojectid0000002|mprojectid0000004|mprojectid0000020|mprojectid0000021|mprojectid0000042|mviewerid0000019|mviewerid0000038,0.2,214.517000,1.950512,1.011473,344.126167,0.939000,0.000000,false,0.000000,0,0.706000,"{""h3-standard-88-1"":13,""h3-standard-88-2"":13,""h4d-highmem-192-1"":16,""h4d-standard-192-1"":16}","{""h3-standard-88-1"":0.006905,""h3-standard-88-2"":0.00684,""h4d-highmem-192-1"":0.00313,""h4d-standard-192-1"":0.003265}"
heft_classic,hybrid_homo,25,maddid0000037|maddid0000056|mbackgroundid0000013|mbackgroundid0000015|mbackgroundid0000054|mbgmodelid0000012|mbgmodelid0000031|mbgmodelid0000050|mconcatfitid0000011|mdifffitid0000006|mdifffitid0000026|mdifffitid0000027|mdifffitid0000028|mdifffitid0000029|mdifffitid0000043|mdifffitid0000046|mdifffitid0000047|mdifffitid0000048|mimgtblid0000017|mimgtblid0000036|mimgtblid0000055|mprojectid0000001|mprojectid0000002|mprojectid0000004|mprojectid0000020|mprojectid0000021|mprojectid0000042|mviewerid0000019|mviewerid0000038,0.2,250.184000,1.159671,1.011473,344.126167,0.148200,0.000000,false,0.000000,0,0.594000,"{""bora009"":15,""bora010"":12,""h4d-standard-192-5"":15,""h4d-standard-192-6"":16}","{""bora009"":0.01834,""bora010"":0.021421,""h4d-standard-192-5"":0.003269,""h4d-standard-192-6"":0.003307}"
heft_classic,hybrid_hetero,25,maddid0000037|maddid0000056|mbackgroundid0000013|mbackgroundid0000015|mbackgroundid0000054|mbgmodelid0000012|mbgmodelid0000031|mbgmodelid0000050|mconcatfitid0000011|mdifffitid0000006|mdifffitid0000026|mdifffitid0000027|mdifffitid0000028|mdifffitid0000029|mdifffitid0000043|mdifffitid0000046|mdifffitid0000047|mdifffitid0000048|mimgtblid0000017|mimgtblid0000036|mimgtblid0000055|mprojectid0000001|mprojectid0000002|mprojectid0000004|mprojectid0000020|mprojectid0000021|mprojectid0000042|mviewerid0000019|mviewerid0000038,0.2,286.367000,1.048103,1.011473,344.126167,0.036600,0.000000,false,0.000000,0,0.620000,"{""bora011"":15,""diablo03"":14,""h3-standard-88-2"":13,""h4d-standard-192-7"":16}","{""bora011"":0.02018,""diablo03"":0.010975,""h3-standard-88-2"":0.008461,""h4d-standard-192-7"":0.003516}"
heft_classic,cluster_homo,26,maddid0000018|maddid0000037|mbackgroundid0000015|mbackgroundid0000016|mbackgroundid0000032|mbackgroundid0000033|mbackgroundid0000034|mbackgroundid0000051|mbackgroundid0000052|mbackgroundid0000053|mbgmodelid0000012|mconcatfitid0000011|mconcatfitid0000030|mdifffitid0000006|mdifffitid0000007|mdifffitid0000009|mdifffitid0000025|mdifffitid0000026|mdifffitid0000029|mdifffitid0000044|mdifffitid0000045|mdifffitid0000046|mimgtblid0000017|mprojectid0000002|mprojectid0000003|mprojectid0000022|mprojectid0000041|mviewerid0000038|mviewerid0000058,0.2,538.100000,0.000000,1.011473,344.126167,0.000000,193.974000,false,0.000000,0,0.534000,"{""bora001"":14,""bora002"":16,""bora003"":14,""bora004"":14}","{""bora001"":0.023954,""bora002"":0.024188,""bora003"":0.023771,""bora004"":0.024001}"
heft_classic,cluster_hetero,26,maddid0000018|maddid0000037|mbackgroundid0000015|mbackgroundid0000016|mbackgroundid0000032|mbackgroundid0000033|mbackgroundid0000034|mbackgroundid0000051|mbackgroundid0000052|mbackgroundid0000053|mbgmodelid0000012|mconcatfitid0000011|mconcatfitid0000030|mdifffitid0000006|mdifffitid0000007|mdifffitid0000009|mdifffitid0000025|mdifffitid0000026|mdifffitid0000029|mdifffitid0000044|mdifffitid0000045|mdifffitid0000046|mimgtblid0000017|mprojectid0000002|mprojectid0000003|mprojectid0000022|mprojectid0000041|mviewerid0000038|mviewerid0000058,0.2,591.999000,0.000000,1.011473,344.126167,0.000000,247.873000,false,0.000000,0,0.507000,"{""bora005"":15,""bora006"":16,""diablo01"":12,""diablo02"":15}","{""bora005"":0.02398,""bora006"":0.023905,""diablo01"":0.013673,""diablo02"":0.013849}"
heft_classic,cloud_homo,26,maddid0000018|maddid0000037|mbackgroundid0000015|mbackgroundid0000016|mbackgroundid0000032|mbackgroundid0000033|mbackgroundid0000034|mbackgroundid0000051|mbackgroundid0000052|mbackgroundid0000053|mbgmodelid0000012|mconcatfitid0000011|mconcatfitid0000030|mdifffitid0000006|mdifffitid0000007|mdifffitid0000009|mdifffitid0000025|mdifffitid0000026|mdifffitid0000029|mdifffitid0000044|mdifffitid0000045|mdifffitid0000046|mimgtblid0000017|mprojectid0000002|mprojectid0000003|mprojectid0000022|mprojectid0000041|mviewerid0000038|mviewerid0000058,0.2,183.590000,1.910549,1.011473,344.126167,0.899100,0.000000,false,0.000000,0,0.693000,"{""h4d-standard-192-1"":14,""h4d-standard-192-2"":15,""h4d-standard-192-3"":15,""h4d-standard-192-4"":14}","{""h4d-standard-192-1"":0.002813,""h4d-standard-192-2"":0.002861,""h4d-standard-192-3"":0.002966,""h4d-standard-192-4"":0.002918}"
heft_classic,cloud_hetero,26,maddid0000018|maddid0000037|mbackgroundid0000015|mbackgroundid0000016|mbackgroundid0000032|mbackgroundid0000033|mbackgroundid0000034|mbackgroundid0000051|mbackgroundid0000052|mbackgroundid0000053|mbgmodelid0000012|mconcatfitid0000011|mconcatfitid0000030|mdifffitid0000006|mdifffitid0000007|mdifffitid0000009|mdifffitid0000025|mdifffitid0000026|mdifffitid0000029|mdifffitid0000044|mdifffitid0000045|mdifffitid0000046|mimgtblid0000017|mprojectid0000002|mprojectid0000003|mprojectid0000022|mprojectid0000041|mviewerid0000038|mviewerid0000058,0.2,214.517000,1.950512,1.011473,344.126167,0.939000,0.000000,false,0.000000,0,0.656000,"{""h3-standard-88-1"":13,""h3-standard-88-2"":13,""h4d-highmem-192-1"":16,""h4d-standard-192-1"":16}","{""h3-standard-88-1"":0.006905,""h3-standard-88-2"":0.00684,""h4d-highmem-192-1"":0.00313,""h4d-standard-192-1"":0.003265}"
heft_classic,hybrid_homo,26,maddid0000018|maddid0000037|mbackgroundid0000015|mbackgroundid0000016|mbackgroundid0000032|mbackgroundid0000033|mbackgroundid0000034|mbackgroundid0000051|mbackgroundid0000052|mbackgroundid0000053|mbgmodelid0000012|mconcatfitid0000011|mconcatfitid0000030|mdifffitid0000006|mdifffitid0000007|mdifffitid0000009|mdifffitid0000025|mdifffitid0000026|mdifffitid0000029|mdifffitid0000044|mdifffitid0000045|mdifffitid0000046|mimgtblid0000017|mprojectid0000002|mprojectid0000003|mprojectid0000022|mprojectid0000041|mviewerid0000038|mviewerid0000058,0.2,250.184000,1.159671,1.011473,344.126167,0.148200,0.000000,false,0.000000,0,0.583000,"{""bora009"":15,""bora010"":12,""h4d-standard-192-5"":15,""h4d-standard-192-6"":16}","{""bora009"":0.01834,""bora010"":0.021421,""h4d-standard-192-5"":0.003269,""h4d-standard-192-6"":0.003307}"
heft_classic,hybrid_hetero,26,maddid0000018|maddid0000037|mbackgroundid0000015|mbackgroundid0000016|mbackgroundid0000032|mbackgroundid0000033|mbackgroundid0000034|mbackgroundid0000051|mbackgroundid0000052|mbackgroundid0000053|mbgmodelid0000012|mconcatfitid0000011|mconcatfitid0000030|mdifffitid0000006|mdifffitid0000007|mdifffitid0000009|mdifffitid0000025|mdifffitid0000026|mdifffitid0000029|mdifffitid0000044|mdifffitid0000045|mdifffitid0000046|mimgtblid0000017|mprojectid0000002|mprojectid0000003|mprojectid0000022|mprojectid0000041|mviewerid0000038|mviewerid0000058,0.2,286.367000,1.048103,1.011473,344.126167,0.036600,0.000000,false,0.000000,0,0.511000,"{""bora011"":15,""diablo03"":14,""h3-standard-88-2"":13,""h4d-standard-192-7"":16}","{""bora011"":0.02018,""diablo03"":0.010975,""h3-standard-88-2"":0.008461,""h4d-standard-192-7"":0.003516}"
heft_classic,cluster_homo,27,maddid0000037|mbackgroundid0000013|mbackgroundid0000033|mbackgroundid0000034|mbackgroundid0000035|mbackgroundid0000052|mbgmodelid0000012|mbgmodelid0000050|mdifffitid0000005|mdifffitid0000006|mdifffitid0000007|mdifffitid0000009|mdifffitid0000010|mdifffitid0000024|mdifffitid0000026|mdifffitid0000027|mdifffitid0000028|mdifffitid0000048|mimgtblid0000017|mimgtblid0000036|mprojectid0000002|mprojectid0000003|mprojectid0000020|mprojectid0000021|mprojectid0000039|mprojectid0000041|mviewerid0000038|mviewerid0000057|mviewerid0000058,0.2,538.100000,0.000000,1.011473,344.126167,0.000000,193.974000,false,0.000000,0,0.461000,"{""bora001"":14,""bora002"":16,""bora003"":14,""bora004"":14}","{""bora001"":0.023954,""bora002"":0.024188,""bora003"":0.023771,""bora004"":0.024001}"
heft_classic,cluster_hetero,27,maddid0000037|mbackgroundid0000013|mbackgroundid0000033|mbackgroundid0000034|mbackgroundid0000035|mbackgroundid0000052|mbgmodelid0000012|mbgmodelid0000050|mdifffitid0000005|mdifffitid0000006|mdifffitid0000007|mdifffitid0000009|mdifffitid0000010|mdifffitid0000024|mdifffitid0000026|mdifffitid0000027|mdifffitid0000028|mdifffitid0000048|mimgtblid0000017|mimgtblid0000036|mprojectid0000002|mprojectid0000003|mprojectid0000020|mprojectid0000021|mprojectid0000039|mprojectid0000041|mviewerid0000038|mviewerid0000057|mviewerid0000058,0.2,591.999000,0.000000,1.011473,344.126167,0.000000,247.873000,false,0.000000,0,0.474000,"{""bora005"":15,""bora006"":16,""diablo01"":12,""diablo02"":15}","{""bora005"":0.02398,""bora006"":0.023905,""diablo01"":0.013673,""diablo02"":0.013849}"
heft_classic,cloud_homo,27,maddid0000037|mbackgroundid0000013|mbackgroundid0000033|mbackgroundid0000034|mbackgroundid0000035|mbackgroundid0000052|mbgmodelid0000012|mbgmodelid0000050|mdifffitid0000005|mdifffitid0000006|mdifffitid0000007|mdifffitid0000009|mdifffitid0000010|mdifffitid0000024|mdifffitid0000026|mdifffitid0000027|mdifffitid0000028|mdifffitid0000048|mimgtblid0000017|mimgtblid0000036|mprojectid0000002|mprojectid0000003|mprojectid0000020|mprojectid0000021|mprojectid0000039|mprojectid0000041|mviewerid0000038|mviewerid0000057|mviewerid0000058,0.2,183.590000,1.910549,1.011473,344.126167,0.899100,0.000000,false,0.000000,0,0.720000,"{""h4d-standard-192-1"":14,""h4d-standard-192-2"":15,""h4d-standard-192-3"":15,""h4d-standard-192-4"":14}","{""h4d-standard-192-1"":0.002813,""h4d-standard-192-2"":0.002861,""h4d-standard-192-3"":0.002966,""h4d-standard-192-4"":0.002918}"
heft_classic,cloud_hetero,27,maddid0000037|mbackgroundid0000013|mbackgroundid0000033|mbackgroundid0000034|mbackgroundid0000035|mbackgroundid0000052|mbgmodelid0000012|mbgmodelid0000050|mdifffitid0000005|mdifffitid0000006|mdifffitid0000007|mdifffitid0000009|mdifffitid0000010|mdifffitid0000024|mdifffitid0000026|mdifffitid0000027|mdifffitid0000028|mdifffitid0000048|mimgtblid0000017|mimgtblid0000036|mprojectid0000002|mprojectid0000003|mprojectid0000020|mprojectid0000021|mprojectid0000039|mprojectid0000041|mviewerid0000038|mviewerid0000057|mviewerid0000058,0.2,214.517000,1.950512,1.011473,344.126167,0.939000,0.000000,false,0.000000,0,0.682000,"{""h3-standard-88-1"":13,""h3-standard-88-2"":13,""h4d-highmem-192-1"":16,""h4d-standard-192-1"":16}","{""h3-standard-88-1"":0.006905,""h3-standard-88-2"":0.00684,""h4d-highmem-192-1"":0.00313,""h4d-standard-192-1"":0.003265}"
heft_classic,hybrid_homo,27,maddid0000037|mbackgroundid0000013|mbackgroundid0000033|mbackgroundid0000034|mbackgroundid0000035|mbackgroundid0000052|mbgmodelid0000012|mbgmodelid0000050|mdifffitid0000005|mdifffitid0000006|mdifffitid0000007|mdifffitid0000009|mdifffitid0000010|mdifffitid0000024|mdifffitid0000026|mdifffitid0000027|mdifffitid0000028|mdifffitid0000048|mimgtblid0000017|mimgtblid0000036|mprojectid0000002|mprojectid0000003|mprojectid0000020|mprojectid0000021|mprojectid0000039|mprojectid0000041|mviewerid0000038|mviewerid0000057|mviewerid0000058,0.2,250.184000,1.159671,1.011473,344.126167,0.148200,0.000000,false,0.000000,0,0.618000,"{""bora009"":15,""bora010"":12,""h4d-standard-192-5"":15,""h4d-standard-192-6"":16}","{""bora009"":0.01834,""bora010"":0.021421,""h4d-standard-192-5"":0.003269,""h4d-standard-192-6"":0.003307}"
heft_classic,hybrid_hetero,27,maddid0000037|mbackgroundid0000013|mbackgroundid0000033|mbackgroundid0000034|mbackgroundid0000035|mbackgroundid0000052|mbgmodelid0000012|mbgmodelid0000050|mdifffitid0000005|mdifffitid0000006|mdifffitid0000007|mdifffitid0000009|mdifffitid0000010|mdifffitid0000024|mdifffitid0000026|mdifffitid0000027|mdifffitid0000028|mdifffitid0000048|mimgtblid0000017|mimgtblid0000036|mprojectid0000002|mprojectid0000003|mprojectid0000020|mprojectid0000021|mprojectid0000039|mprojectid0000041|mviewerid0000038|mviewerid0000057|mviewerid0000058,0.2,286.367000,1.048103,1.011473,344.126167,0.036600,0.000000,false,0.000000,0,0.641000,"{""bora011"":15,""diablo03"":14,""h3-standard-88-2"":13,""h4d-standard-192-7"":16}","{""bora011"":0.02018,""diablo03"":0.010975,""h3-standard-88-2"":0.008461,""h4d-standard-192-7"":0.003516}"
heft_classic,cluster_homo,28,maddid0000037|maddid0000056|mbackgroundid0000013|mbackgroundid0000014|mbackgroundid0000015|mbackgroundid0000016|mbackgroundid0000032|mbackgroundid0000035|mbackgroundid0000053|mbackgroundid0000054|mbgmodelid0000012|mbgmodelid0000050|mconcatfitid0000030|mdifffitid0000005|mdifffitid0000009|mdifffitid0000010|mdifffitid0000024|mdifffitid0000028|mdifffitid0000044|mdifffitid0000046|mimgtblid0000036|mprojectid0000001|mprojectid0000002|mprojectid0000004|mprojectid0000040|mprojectid0000041|mprojectid0000042|mviewerid0000019|mviewerid0000057,0.2,538.100000,0.000000,1.011473,344.126167,0.000000,193.974000,false,0.000000,0,0.479000,"{""bora001"":14,""bora002"":16,""bora003"":14,""bora004"":14}","{""bora001"":0.023954,""bora002"":0.024188,""bora003"":0.023771,""bora004"":0.024001}"
heft_classic,cluster_hetero,28,maddid0000037|maddid0000056|mbackgroundid0000013|mbackgroundid0000014|mbackgroundid0000015|mbackgroundid0000016|mbackgroundid0000032|mbackgroundid0000035|mbackgroundid0000053|mbackgroundid0000054|mbgmodelid0000012|mbgmodelid0000050|mconcatfitid0000030|mdifffitid0000005|mdifffitid0000009|mdifffitid0000010|mdifffitid0000024|mdifffitid0000028|mdifffitid0000044|mdifffitid0000046|mimgtblid0000036|mprojectid0000001|mprojectid0000002|mprojectid0000004|mprojectid0000040|mprojectid0000041|mprojectid0000042|mviewerid0000019|mviewerid0000057,0.2,591.999000,0.000000,1.011473,344.126167,0.000000,247.873000,false,0.000000,0,0.455000,"{""bora005"":15,""bora006"":16,""diablo01"":12,""diablo02"":15}","{""bora005"":0.02398,""bora006"":0.023905,""diablo01"":0.013673,""diablo02"":0.013849}"
heft_classic,cloud_homo,28,maddid0000037|maddid0000056|mbackgroundid0000013|mbackgroundid0000014|mbackgroundid0000015|mbackgroundid0000016|mbackgroundid0000032|mbackgroundid0000035|mbackgroundid0000053|mbackgroundid0000054|mbgmodelid0000012|mbgmodelid0000050|mconcatfitid0000030|mdifffitid0000005|mdifffitid0000009|mdifffitid0000010|mdifffitid0000024|mdifffitid0000028|mdifffitid0000044|mdifffitid0000046|mimgtblid0000036|mprojectid0000001|mprojectid0000002|mprojectid0000004|mprojectid0000040|mprojectid0000041|mprojectid0000042|mviewerid0000019|mviewerid0000057,0.2,183.590000,1.910549,1.011473,344.126167,0.899100,0.000000,false,0.000000,0,1.204000,"{""h4d-standard-192-1"":14,""h4d-standard-192-2"":15,""h4d-standard-192-3"":15,""h4d-standard-192-4"":14}","{""h4d-standard-192-1"":0.002813,""h4d-standard-192-2"":0.002861,""h4d-standard-192-3"":0.002966,""h4d-standard-192-4"":0.002918}"
heft_classic,cloud_hetero,28,maddid0000037|maddid0000056|mbackgroundid0000013|mbackgroundid0000014|mbackgroundid0000015|mbackgroundid0000016|mbackgroundid0000032|mbackgroundid0000035|mbackgroundid0000053|mbackgroundid0000054|mbgmodelid0000012|mbgmodelid0000050|mconcatfitid0000030|mdifffitid0000005|mdifffitid0000009|mdifffitid0000010|mdifffitid0000024|mdifffitid0000028|mdifffitid0000044|mdifffitid0000046|mimgtblid0000036|mprojectid0000001|mprojectid0000002|mprojectid0000004|mprojectid0000040|mprojectid0000041|mprojectid0000042|mviewerid0000019|mviewerid0000057,0.2,214.517000,1.950512,1.011473,344.126167,0.939000,0.000000,false,0.000000,0,0.967000,"{""h3-standard-88-1"":13,""h3-standard-88-2"":13,""h4d-highmem-192-1"":16,""h4d-standard-192-1"":16}","{""h3-standard-88-1"":0.006905,""h3-standard-88-2"":0.00684,""h4d-highmem-192-1"":0.00313,""h4d-standard-192-1"":0.003265}"
heft_classic,hybrid_homo,28,maddid0000037|maddid0000056|mbackgroundid0000013|mbackgroundid0000014|mbackgroundid0000015|mbackgroundid0000016|mbackgroundid0000032|mbackgroundid0000035|mbackgroundid0000053|mbackgroundid0000054|mbgmodelid0000012|mbgmodelid0000050|mconcatfitid0000030|mdifffitid0000005|mdifffitid0000009|mdifffitid0000010|mdifffitid0000024|mdifffitid0000028|mdifffitid0000044|mdifffitid0000046|mimgtblid0000036|mprojectid0000001|mprojectid0000002|mprojectid0000004|mprojectid0000040|mprojectid0000041|mprojectid0000042|mviewerid0000019|mviewerid0000057,0.2,250.184000,1.159671,1.011473,344.126167,0.148200,0.000000,false,0.000000,0,1.051000,"{""bora009"":15,""bora010"":12,""h4d-standard-192-5"":15,""h4d-standard-192-6"":16}","{""bora009"":0.01834,""bora010"":0.021421,""h4d-standard-192-5"":0.003269,""h4d-standard-192-6"":0.003307}"
heft_classic,hybrid_hetero,28,maddid0000037|maddid0000056|mbackgroundid0000013|mbackgroundid0000014|mbackgroundid0000015|mbackgroundid0000016|mbackgroundid0000032|mbackgroundid0000035|mbackgroundid0000053|mbackgroundid0000054|mbgmodelid0000012|mbgmodelid0000050|mconcatfitid0000030|mdifffitid0000005|mdifffitid0000009|mdifffitid0000010|mdifffitid0000024|mdifffitid0000028|mdifffitid0000044|mdifffitid0000046|mimgtblid0000036|mprojectid0000001|mprojectid0000002|mprojectid0000004|mprojectid0000040|mprojectid0000041|mprojectid0000042|mviewerid0000019|mviewerid0000057,0.2,286.367000,1.048103,1.011473,344.126167,0.036600,0.000000,false,0.000000,0,3.010000,"{""bora011"":15,""diablo03"":14,""h3-standard-88-2"":13,""h4d-standard-192-7"":16}","{""bora011"":0.02018,""diablo03"":0.010975,""h3-standard-88-2"":0.008461,""h4d-standard-192-7"":0.003516}"
heft_classic,cluster_homo,29,maddid0000037|maddid0000056|mbackgroundid0000013|mbackgroundid0000016|mbackgroundid0000033|mbgmodelid0000050|mconcatfitid0000011|mconcatfitid0000049|mdifffitid0000006|mdifffitid0000007|mdifffitid0000008|mdifffitid0000009|mdifffitid0000010|mdifffitid0000024|mdifffitid0000025|mdifffitid0000027|mdifffitid0000028|mdifffitid0000029|mdifffitid0000044|mdifffitid0000047|mimgtblid0000017|mprojectid0000001|mprojectid0000003|mprojectid0000020|mprojectid0000039|mprojectid0000040|mprojectid0000042|mviewerid0000019|mviewerid0000038,0.2,538.100000,0.000000,1.011473,344.126167,0.000000,193.974000,false,0.000000,0,0.464000,"{""bora001"":14,""bora002"":16,""bora003"":14,""bora004"":14}","{""bora001"":0.023954,""bora002"":0.024188,""bora003"":0.023771,""bora004"":0.024001}"
heft_classic,cluster_hetero,29,maddid0000037|maddid0000056|mbackgroundid0000013|mbackgroundid0000016|mbackgroundid0000033|mbgmodelid0000050|mconcatfitid0000011|mconcatfitid0000049|mdifffitid0000006|mdifffitid0000007|mdifffitid0000008|mdifffitid0000009|mdifffitid0000010|mdifffitid0000024|mdifffitid0000025|mdifffitid0000027|mdifffitid0000028|mdifffitid0000029|mdifffitid0000044|mdifffitid0000047|mimgtblid0000017|mprojectid0000001|mprojectid0000003|mprojectid0000020|mprojectid0000039|mprojectid0000040|mprojectid0000042|mviewerid0000019|mviewerid0000038,0.2,591.999000,0.000000,1.011473,344.126167,0.000000,247.873000,false,0.000000,0,0.931000,"{""bora005"":15,""bora006"":16,""diablo01"":12,""diablo02"":15}","{""bora005"":0.02398,""bora006"":0.023905,""diablo01"":0.013673,""diablo02"":0.013849}"
heft_classic,cloud_homo,29,maddid0000037|maddid0000056|mbackgroundid0000013|mbackgroundid0000016|mbackgroundid0000033|mbgmodelid0000050|mconcatfitid0000011|mconcatfitid0000049|mdifffitid0000006|mdifffitid0000007|mdifffitid0000008|mdifffitid0000009|mdifffitid0000010|mdifffitid0000024|mdifffitid0000025|mdifffitid0000027|mdifffitid0000028|mdifffitid0000029|mdifffitid0000044|mdifffitid0000047|mimgtblid0000017|mprojectid0000001|mprojectid0000003|mprojectid0000020|mprojectid0000039|mprojectid0000040|mprojectid0000042|mviewerid0000019|mviewerid0000038,0.2,183.590000,1.910549,1.011473,344.126167,0.899100,0.000000,false,0.000000,0,1.100000,"{""h4d-standard-192-1"":14,""h4d-standard-192-2"":15,""h4d-standard-192-3"":15,""h4d-standard-192-4"":14}","{""h4d-standard-192-1"":0.002813,""h4d-standard-192-2"":0.002861,""h4d-standard-192-3"":0.002966,""h4d-standard-192-4"":0.002918}"
heft_classic,cloud_hetero,29,maddid0000037|maddid0000056|mbackgroundid0000013|mbackgroundid0000016|mbackgroundid0000033|mbgmodelid0000050|mconcatfitid0000011|mconcatfitid0000049|mdifffitid0000006|mdifffitid0000007|mdifffitid0000008|mdifffitid0000009|mdifffitid0000010|mdifffitid0000024|mdifffitid0000025|mdifffitid0000027|mdifffitid0000028|mdifffitid0000029|mdifffitid0000044|mdifffitid0000047|mimgtblid0000017|mprojectid0000001|mprojectid0000003|mprojectid0000020|mprojectid0000039|mprojectid0000040|mprojectid0000042|mviewerid0000019|mviewerid0000038,0.2,214.517000,1.950512,1.011473,344.126167,0.939000,0.000000,false,0.000000,0,0.861000,"{""h3-standard-88-1"":13,""h3-standard-88-2"":13,""h4d-highmem-192-1"":16,""h4d-standard-192-1"":16}","{""h3-standard-88-1"":0.006905,""h3-standard-88-2"":0.00684,""h4d-highmem-192-1"":0.00313,""h4d-standard-192-1"":0.003265}"
heft_classic,hybrid_homo,29,maddid0000037|maddid0000056|mbackgroundid0000013|mbackgroundid0000016|mbackgroundid0000033|mbgmodelid0000050|mconcatfitid0000011|mconcatfitid0000049|mdifffitid0000006|mdifffitid0000007|mdifffitid0000008|mdifffitid0000009|mdifffitid0000010|mdifffitid0000024|mdifffitid0000025|mdifffitid0000027|mdifffitid0000028|mdifffitid0000029|mdifffitid0000044|mdifffitid0000047|mimgtblid0000017|mprojectid0000001|mprojectid0000003|mprojectid0000020|mprojectid0000039|mprojectid0000040|mprojectid0000042|mviewerid0000019|mviewerid0000038,0.2,250.184000,1.159671,1.011473,344.126167,0.148200,0.000000,false,0.000000,0,0.850000,"{""bora009"":15,""bora010"":12,""h4d-standard-192-5"":15,""h4d-standard-192-6"":16}","{""bora009"":0.01834,""bora010"":0.021421,""h4d-standard-192-5"":0.003269,""h4d-standard-192-6"":0.003307}"
heft_classic,hybrid_hetero,29,maddid0000037|maddid0000056|mbackgroundid0000013|mbackgroundid0000016|mbackgroundid0000033|mbgmodelid0000050|mconcatfitid0000011|mconcatfitid0000049|mdifffitid0000006|mdifffitid0000007|mdifffitid0000008|mdifffitid0000009|mdifffitid0000010|mdifffitid0000024|mdifffitid0000025|mdifffitid0000027|mdifffitid0000028|mdifffitid0000029|mdifffitid0000044|mdifffitid0000047|mimgtblid0000017|mprojectid0000001|mprojectid0000003|mprojectid0000020|mprojectid0000039|mprojectid0000040|mprojectid0000042|mviewerid0000019|mviewerid0000038,0.2,286.367000,1.048103,1.011473,344.126167,0.036600,0.000000,false,0.000000,0,0.829000,"{""bora011"":15,""diablo03"":14,""h3-standard-88-2"":13,""h4d-standard-192-7"":16}","{""bora011"":0.02018,""diablo03"":0.010975,""h3-standard-88-2"":0.008461,""h4d-standard-192-7"":0.003516}"
heft_classic,cluster_homo,30,mbackgroundid0000014|mbackgroundid0000032|mbackgroundid0000033|mbackgroundid0000034|mbackgroundid0000052|mbgmodelid0000031|mconcatfitid0000011|mconcatfitid0000030|mdifffitid0000005|mdifffitid0000006|mdifffitid0000007|mdifffitid0000010|mdifffitid0000026|mdifffitid0000028|mdifffitid0000029|mdifffitid0000043|mdifffitid0000044|mdifffitid0000045|mdifffitid0000046|mdifffitid0000048|mprojectid0000001|mprojectid0000002|mprojectid0000020|mprojectid0000039|mprojectid0000040|mprojectid0000041|mprojectid0000042|mviewerid0000038|mviewerid0000058,0.2,538.100000,0.000000,1.011473,344.126167,0.000000,193.974000,false,0.000000,0,0.839000,"{""bora001"":14,""bora002"":16,""bora003"":14,""bora004"":14}","{""bora001"":0.023954,""bora002"":0.024188,""bora003"":0.023771,""bora004"":0.024001}"
heft_classic,cluster_hetero,30,mbackgroundid0000014|mbackgroundid0000032|mbackgroundid0000033|mbackgroundid0000034|mbackgroundid0000052|mbgmodelid0000031|mconcatfitid0000011|mconcatfitid0000030|mdifffitid0000005|mdifffitid0000006|mdifffitid0000007|mdifffitid0000010|mdifffitid0000026|mdifffitid0000028|mdifffitid0000029|mdifffitid0000043|mdifffitid0000044|mdifffitid0000045|mdifffitid0000046|mdifffitid0000048|mprojectid0000001|mprojectid0000002|mprojectid0000020|mprojectid0000039|mprojectid0000040|mprojectid0000041|mprojectid0000042|mviewerid0000038|mviewerid0000058,0.2,591.999000,0.000000,1.011473,344.126167,0.000000,247.873000,false,0.000000,0,0.439000,"{""bora005"":15,""bora006"":16,""diablo01"":12,""diablo02"":15}","{""bora005"":0.02398,""bora006"":0.023905,""diablo01"":0.013673,""diablo02"":0.013849}"
heft_classic,cloud_homo,30,mbackgroundid0000014|mbackgroundid0000032|mbackgroundid0000033|mbackgroundid0000034|mbackgroundid0000052|mbgmodelid0000031|mconcatfitid0000011|mconcatfitid0000030|mdifffitid0000005|mdifffitid0000006|mdifffitid0000007|mdifffitid0000010|mdifffitid0000026|mdifffitid0000028|mdifffitid0000029|mdifffitid0000043|mdifffitid0000044|mdifffitid0000045|mdifffitid0000046|mdifffitid0000048|mprojectid0000001|mprojectid0000002|mprojectid0000020|mprojectid0000039|mprojectid0000040|mprojectid0000041|mprojectid0000042|mviewerid0000038|mviewerid0000058,0.2,183.590000,1.910549,1.011473,344.126167,0.899100,0.000000,false,0.000000,0,0.924000,"{""h4d-standard-192-1"":14,""h4d-standard-192-2"":15,""h4d-standard-192-3"":15,""h4d-standard-192-4"":14}","{""h4d-standard-192-1"":0.002813,""h4d-standard-192-2"":0.002861,""h4d-standard-192-3"":0.002966,""h4d-standard-192-4"":0.002918}"
heft_classic,cloud_hetero,30,mbackgroundid0000014|mbackgroundid0000032|mbackgroundid0000033|mbackgroundid0000034|mbackgroundid0000052|mbgmodelid0000031|mconcatfitid0000011|mconcatfitid0000030|mdifffitid0000005|mdifffitid0000006|mdifffitid0000007|mdifffitid0000010|mdifffitid0000026|mdifffitid0000028|mdifffitid0000029|mdifffitid0000043|mdifffitid0000044|mdifffitid0000045|mdifffitid0000046|mdifffitid0000048|mprojectid0000001|mprojectid0000002|mprojectid0000020|mprojectid0000039|mprojectid0000040|mprojectid0000041|mprojectid0000042|mviewerid0000038|mviewerid0000058,0.2,214.517000,1.950512,1.011473,344.126167,0.939000,0.000000,false,0.000000,0,0.919000,"{""h3-standard-88-1"":13,""h3-standard-88-2"":13,""h4d-highmem-192-1"":16,""h4d-standard-192-1"":16}","{""h3-standard-88-1"":0.006905,""h3-standard-88-2"":0.00684,""h4d-highmem-192-1"":0.00313,""h4d-standard-192-1"":0.003265}"
heft_classic,hybrid_homo,30,mbackgroundid0000014|mbackgroundid0000032|mbackgroundid0000033|mbackgroundid0000034|mbackgroundid0000052|mbgmodelid0000031|mconcatfitid0000011|mconcatfitid0000030|mdifffitid0000005|mdifffitid0000006|mdifffitid0000007|mdifffitid0000010|mdifffitid0000026|mdifffitid0000028|mdifffitid0000029|mdifffitid0000043|mdifffitid0000044|mdifffitid0000045|mdifffitid0000046|mdifffitid0000048|mprojectid0000001|mprojectid0000002|mprojectid0000020|mprojectid0000039|mprojectid0000040|mprojectid0000041|mprojectid0000042|mviewerid0000038|mviewerid0000058,0.2,250.184000,1.159671,1.011473,344.126167,0.148200,0.000000,false,0.000000,0,1.036000,"{""bora009"":15,""bora010"":12,""h4d-standard-192-5"":15,""h4d-standard-192-6"":16}","{""bora009"":0.01834,""bora010"":0.021421,""h4d-standard-192-5"":0.003269,""h4d-standard-192-6"":0.003307}"
heft_classic,hybrid_hetero,30,mbackgroundid0000014|mbackgroundid0000032|mbackgroundid0000033|mbackgroundid0000034|mbackgroundid0000052|mbgmodelid0000031|mconcatfitid0000011|mconcatfitid0000030|mdifffitid0000005|mdifffitid0000006|mdifffitid0000007|mdifffitid0000010|mdifffitid0000026|mdifffitid0000028|mdifffitid0000029|mdifffitid0000043|mdifffitid0000044|mdifffitid0000045|mdifffitid0000046|mdifffitid0000048|mprojectid0000001|mprojectid0000002|mprojectid0000020|mprojectid0000039|mprojectid0000040|mprojectid0000041|mprojectid0000042|mviewerid0000038|mviewerid0000058,0.2,286.367000,1.048103,1.011473,344.126167,0.036600,0.000000,false,0.000000,0,0.872000,"{""bora011"":15,""diablo03"":14,""h3-standard-88-2"":13,""h4d-standard-192-7"":16}","{""bora011"":0.02018,""diablo03"":0.010975,""h3-standard-88-2"":0.008461,""h4d-standard-192-7"":0.003516}"
prism_cc_time,cluster_homo,1,maddid0000018|maddid0000037|maddid0000056|mbackgroundid0000015|mbackgroundid0000035|mbgmodelid0000012|mbgmodelid0000031|mconcatfitid0000011|mconcatfitid0000030|mdifffitid0000005|mdifffitid0000007|mdifffitid0000010|mdifffitid0000025|mdifffitid0000026|mdifffitid0000028|mdifffitid0000029|mdifffitid0000044|mimgtblid0000017|mimgtblid0000036|mimgtblid0000055|mprojectid0000003|mprojectid0000020|mprojectid0000022|mprojectid0000023|mprojectid0000040|mprojectid0000041|mviewerid0000038|mviewerid0000057|mviewerid0000058,0.2,292.983000,0.000000,1.011473,344.126167,0.000000,0.000000,true,56.253000,7,698.518000,"{""bora001"":19,""bora002"":17,""bora003"":9,""bora004"":13}","{""bora001"":0.087127,""bora002"":0.023749,""bora003"":0.023879,""bora004"":0.044258}"
prism_cc_cost,cluster_homo,1,maddid0000018|maddid0000037|maddid0000056|mbackgroundid0000015|mbackgroundid0000035|mbgmodelid0000012|mbgmodelid0000031|mconcatfitid0000011|mconcatfitid0000030|mdifffitid0000005|mdifffitid0000007|mdifffitid0000010|mdifffitid0000025|mdifffitid0000026|mdifffitid0000028|mdifffitid0000029|mdifffitid0000044|mimgtblid0000017|mimgtblid0000036|mimgtblid0000055|mprojectid0000003|mprojectid0000020|mprojectid0000022|mprojectid0000023|mprojectid0000040|mprojectid0000041|mviewerid0000038|mviewerid0000057|mviewerid0000058,0.2,292.983000,0.000000,1.011473,344.126167,0.000000,0.000000,true,56.253000,7,670.834000,"{""bora001"":19,""bora002"":17,""bora003"":9,""bora004"":13}","{""bora001"":0.087127,""bora002"":0.023749,""bora003"":0.023879,""bora004"":0.044258}"
prism_cc_time,cluster_hetero,1,maddid0000018|maddid0000037|maddid0000056|mbackgroundid0000015|mbackgroundid0000035|mbgmodelid0000012|mbgmodelid0000031|mconcatfitid0000011|mconcatfitid0000030|mdifffitid0000005|mdifffitid0000007|mdifffitid0000010|mdifffitid0000025|mdifffitid0000026|mdifffitid0000028|mdifffitid0000029|mdifffitid0000044|mimgtblid0000017|mimgtblid0000036|mimgtblid0000055|mprojectid0000003|mprojectid0000020|mprojectid0000022|mprojectid0000023|mprojectid0000040|mprojectid0000041|mviewerid0000038|mviewerid0000057|mviewerid0000058,0.2,313.312000,0.000000,1.011473,344.126167,0.000000,0.000000,true,79.574000,9,756.087000,"{""bora005"":19,""bora006"":21,""diablo01"":8,""diablo02"":10}","{""bora005"":0.108955,""bora006"":0.033165,""diablo01"":0.011202,""diablo02"":0.007972}"
prism_cc_cost,cluster_hetero,1,maddid0000018|maddid0000037|maddid0000056|mbackgroundid0000015|mbackgroundid0000035|mbgmodelid0000012|mbgmodelid0000031|mconcatfitid0000011|mconcatfitid0000030|mdifffitid0000005|mdifffitid0000007|mdifffitid0000010|mdifffitid0000025|mdifffitid0000026|mdifffitid0000028|mdifffitid0000029|mdifffitid0000044|mimgtblid0000017|mimgtblid0000036|mimgtblid0000055|mprojectid0000003|mprojectid0000020|mprojectid0000022|mprojectid0000023|mprojectid0000040|mprojectid0000041|mviewerid0000038|mviewerid0000057|mviewerid0000058,0.2,313.312000,0.000000,1.011473,344.126167,0.000000,0.000000,true,79.574000,9,712.272000,"{""bora005"":19,""bora006"":21,""diablo01"":8,""diablo02"":10}","{""bora005"":0.108955,""bora006"":0.033165,""diablo01"":0.011202,""diablo02"":0.007972}"
prism_cc_time,cloud_homo,1,maddid0000018|maddid0000037|maddid0000056|mbackgroundid0000015|mbackgroundid0000035|mbgmodelid0000012|mbgmodelid0000031|mconcatfitid0000011|mconcatfitid0000030|mdifffitid0000005|mdifffitid0000007|mdifffitid0000010|mdifffitid0000025|mdifffitid0000026|mdifffitid0000028|mdifffitid0000029|mdifffitid0000044|mimgtblid0000017|mimgtblid0000036|mimgtblid0000055|mprojectid0000003|mprojectid0000020|mprojectid0000022|mprojectid0000023|mprojectid0000040|mprojectid0000041|mviewerid0000038|mviewerid0000057|mviewerid0000058,0.2,112.064000,0.699740,1.011473,344.126167,0.000000,0.000000,true,21.328000,19,1030.018000,"{""h4d-standard-192-1"":40,""h4d-standard-192-3"":3,""h4d-standard-192-4"":15}","{""h4d-standard-192-1"":0.009418,""h4d-standard-192-2"":0,""h4d-standard-192-3"":0.003122,""h4d-standard-192-4"":0.00802}"
prism_cc_cost,cloud_homo,1,maddid0000018|maddid0000037|maddid0000056|mbackgroundid0000015|mbackgroundid0000035|mbgmodelid0000012|mbgmodelid0000031|mconcatfitid0000011|mconcatfitid0000030|mdifffitid0000005|mdifffitid0000007|mdifffitid0000010|mdifffitid0000025|mdifffitid0000026|mdifffitid0000028|mdifffitid0000029|mdifffitid0000044|mimgtblid0000017|mimgtblid0000036|mimgtblid0000055|mprojectid0000003|mprojectid0000020|mprojectid0000022|mprojectid0000023|mprojectid0000040|mprojectid0000041|mviewerid0000038|mviewerid0000057|mviewerid0000058,0.2,117.054000,0.412472,1.011473,344.126167,0.000000,0.000000,true,46.996000,30,999.287000,"{""h4d-standard-192-2"":2,""h4d-standard-192-4"":56}","{""h4d-standard-192-1"":0,""h4d-standard-192-2"":0.002977,""h4d-standard-192-3"":0,""h4d-standard-192-4"":0.018057}"
prism_cc_time,cloud_hetero,1,maddid0000018|maddid0000037|maddid0000056|mbackgroundid0000015|mbackgroundid0000035|mbgmodelid0000012|mbgmodelid0000031|mconcatfitid0000011|mconcatfitid0000030|mdifffitid0000005|mdifffitid0000007|mdifffitid0000010|mdifffitid0000025|mdifffitid0000026|mdifffitid0000028|mdifffitid0000029|mdifffitid0000044|mimgtblid0000017|mimgtblid0000036|mimgtblid0000055|mprojectid0000003|mprojectid0000020|mprojectid0000022|mprojectid0000023|mprojectid0000040|mprojectid0000041|mviewerid0000038|mviewerid0000057|mviewerid0000058,0.2,121.785000,0.841253,1.011473,344.126167,0.000000,0.000000,true,38.795000,14,1011.137000,"{""h4d-highmem-192-1"":34,""h4d-standard-192-1"":24}","{""h3-standard-88-1"":0,""h3-standard-88-2"":0,""h4d-highmem-192-1"":0.010414,""h4d-standard-192-1"":0.008863}"
prism_cc_cost,cloud_hetero,1,maddid0000018|maddid0000037|maddid0000056|mbackgroundid0000015|mbackgroundid0000035|mbgmodelid0000012|mbgmodelid0000031|mconcatfitid0000011|mconcatfitid0000030|mdifffitid0000005|mdifffitid0000007|mdifffitid0000010|mdifffitid0000025|mdifffitid0000026|mdifffitid0000028|mdifffitid0000029|mdifffitid0000044|mimgtblid0000017|mimgtblid0000036|mimgtblid0000055|mprojectid0000003|mprojectid0000020|mprojectid0000022|mprojectid0000023|mprojectid0000040|mprojectid0000041|mviewerid0000038|mviewerid0000057|mviewerid0000058,0.2,152.779000,0.391019,1.011473,344.126167,0.000000,0.000000,true,99.429000,42,994.267000,"{""h3-standard-88-1"":1,""h3-standard-88-2"":11,""h4d-standard-192-1"":46}","{""h3-standard-88-1"":0.000122,""h3-standard-88-2"":0.001449,""h4d-highmem-192-1"":0,""h4d-standard-192-1"":0.0174}"
prism_cc_time,hybrid_homo,1,maddid0000018|maddid0000037|maddid0000056|mbackgroundid0000015|mbackgroundid0000035|mbgmodelid0000012|mbgmodelid0000031|mconcatfitid0000011|mconcatfitid0000030|mdifffitid0000005|mdifffitid0000007|mdifffitid0000010|mdifffitid0000025|mdifffitid0000026|mdifffitid0000028|mdifffitid0000029|mdifffitid0000044|mimgtblid0000017|mimgtblid0000036|mimgtblid0000055|mprojectid0000003|mprojectid0000020|mprojectid0000022|mprojectid0000023|mprojectid0000040|mprojectid0000041|mviewerid0000038|mviewerid0000057|mviewerid0000058,0.2,117.963000,0.610104,1.011473,344.126167,0.000000,0.000000,true,38.853000,14,1001.010000,"{""bora009"":5,""bora010"":7,""h4d-standard-192-5"":19,""h4d-standard-192-6"":27}","{""bora009"":0.002553,""bora010"":0.002922,""h4d-standard-192-5"":0.008693,""h4d-standard-192-6"":0.010033}"
prism_cc_cost,hybrid_homo,1,maddid0000018|maddid0000037|maddid0000056|mbackgroundid0000015|mbackgroundid0000035|mbgmodelid0000012|mbgmodelid0000031|mconcatfitid0000011|mconcatfitid0000030|mdifffitid0000005|mdifffitid0000007|mdifffitid0000010|mdifffitid0000025|mdifffitid0000026|mdifffitid0000028|mdifffitid0000029|mdifffitid0000044|mimgtblid0000017|mimgtblid0000036|mimgtblid0000055|mprojectid0000003|mprojectid0000020|mprojectid0000022|mprojectid0000023|mprojectid0000040|mprojectid0000041|mviewerid0000038|mviewerid0000057|mviewerid0000058,0.2,316.774000,0.000000,1.011473,344.126167,0.000000,0.000000,true,194.119000,21,948.108000,"{""bora009"":27,""bora010"":31}","{""bora009"":0.123445,""bora010"":0.056378,""h4d-standard-192-5"":0,""h4d-standard-192-6"":0}"
prism_cc_time,hybrid_hetero,1,maddid0000018|maddid0000037|maddid0000056|mbackgroundid0000015|mbackgroundid0000035|mbgmodelid0000012|mbgmodelid0000031|mconcatfitid0000011|mconcatfitid0000030|mdifffitid0000005|mdifffitid0000007|mdifffitid0000010|mdifffitid0000025|mdifffitid0000026|mdifffitid0000028|mdifffitid0000029|mdifffitid0000044|mimgtblid0000017|mimgtblid0000036|mimgtblid0000055|mprojectid0000003|mprojectid0000020|mprojectid0000022|mprojectid0000023|mprojectid0000040|mprojectid0000041|mviewerid0000038|mviewerid0000057|mviewerid0000058,0.2,135.183000,0.293441,1.011473,344.126167,0.000000,0.000000,true,92.404000,33,863.858000,"{""bora011"":9,""diablo03"":7,""h4d-standard-192-7"":42}","{""bora011"":0.004926,""diablo03"":0.001623,""h3-standard-88-2"":0,""h4d-standard-192-7"":0.018264}"
prism_cc_cost,hybrid_hetero,1,maddid0000018|maddid0000037|maddid0000056|mbackgroundid0000015|mbackgroundid0000035|mbgmodelid0000012|mbgmodelid0000031|mconcatfitid0000011|mconcatfitid0000030|mdifffitid0000005|mdifffitid0000007|mdifffitid0000010|mdifffitid0000025|mdifffitid0000026|mdifffitid0000028|mdifffitid0000029|mdifffitid0000044|mimgtblid0000017|mimgtblid0000036|mimgtblid0000055|mprojectid0000003|mprojectid0000020|mprojectid0000022|mprojectid0000023|mprojectid0000040|mprojectid0000041|mviewerid0000038|mviewerid0000057|mviewerid0000058,0.2,274.757000,0.140712,1.011473,344.126167,0.000000,0.000000,true,59.525000,27,864.422000,"{""bora011"":20,""diablo03"":21,""h4d-standard-192-7"":17}","{""bora011"":0.02952,""diablo03"":0.003834,""h3-standard-88-2"":0,""h4d-standard-192-7"":0.00658}"
prism_cc_time,cluster_homo,2,maddid0000037|mbackgroundid0000013|mbackgroundid0000014|mbackgroundid0000032|mbackgroundid0000033|mbackgroundid0000051|mbackgroundid0000052|mbackgroundid0000053|mbackgroundid0000054|mconcatfitid0000049|mdifffitid0000008|mdifffitid0000009|mdifffitid0000010|mdifffitid0000025|mdifffitid0000027|mdifffitid0000029|mdifffitid0000045|mdifffitid0000046|mdifffitid0000048|mimgtblid0000055|mprojectid0000001|mprojectid0000002|mprojectid0000020|mprojectid0000021|mprojectid0000022|mprojectid0000040|mviewerid0000038|mviewerid0000057|mviewerid0000058,0.2,310.858000,0.000000,1.011473,344.126167,0.000000,0.000000,true,58.184000,9,705.622000,"{""bora001"":16,""bora002"":18,""bora003"":10,""bora004"":14}","{""bora001"":0.078539,""bora002"":0.041364,""bora003"":0.023956,""bora004"":0.025058}"
prism_cc_cost,cluster_homo,2,maddid0000037|mbackgroundid0000013|mbackgroundid0000014|mbackgroundid0000032|mbackgroundid0000033|mbackgroundid0000051|mbackgroundid0000052|mbackgroundid0000053|mbackgroundid0000054|mconcatfitid0000049|mdifffitid0000008|mdifffitid0000009|mdifffitid0000010|mdifffitid0000025|mdifffitid0000027|mdifffitid0000029|mdifffitid0000045|mdifffitid0000046|mdifffitid0000048|mimgtblid0000055|mprojectid0000001|mprojectid0000002|mprojectid0000020|mprojectid0000021|mprojectid0000022|mprojectid0000040|mviewerid0000038|mviewerid0000057|mviewerid0000058,0.2,310.858000,0.000000,1.011473,344.126167,0.000000,0.000000,true,58.184000,9,652.143000,"{""bora001"":16,""bora002"":18,""bora003"":10,""bora004"":14}","{""bora001"":0.078539,""bora002"":0.041364,""bora003"":0.023956,""bora004"":0.025058}"
prism_cc_time,cluster_hetero,2,maddid0000037|mbackgroundid0000013|mbackgroundid0000014|mbackgroundid0000032|mbackgroundid0000033|mbackgroundid0000051|mbackgroundid0000052|mbackgroundid0000053|mbackgroundid0000054|mconcatfitid0000049|mdifffitid0000008|mdifffitid0000009|mdifffitid0000010|mdifffitid0000025|mdifffitid0000027|mdifffitid0000029|mdifffitid0000045|mdifffitid0000046|mdifffitid0000048|mimgtblid0000055|mprojectid0000001|mprojectid0000002|mprojectid0000020|mprojectid0000021|mprojectid0000022|mprojectid0000040|mviewerid0000038|mviewerid0000057|mviewerid0000058,0.2,323.159000,0.000000,1.011473,344.126167,0.000000,0.000000,true,27.944000,11,726.205000,"{""bora005"":21,""bora006"":22,""diablo01"":6,""diablo02"":9}","{""bora005"":0.107577,""bora006"":0.017638,""diablo01"":0.01035,""diablo02"":0.014227}"
prism_cc_cost,cluster_hetero,2,maddid0000037|mbackgroundid0000013|mbackgroundid0000014|mbackgroundid0000032|mbackgroundid0000033|mbackgroundid0000051|mbackgroundid0000052|mbackgroundid0000053|mbackgroundid0000054|mconcatfitid0000049|mdifffitid0000008|mdifffitid0000009|mdifffitid0000010|mdifffitid0000025|mdifffitid0000027|mdifffitid0000029|mdifffitid0000045|mdifffitid0000046|mdifffitid0000048|mimgtblid0000055|mprojectid0000001|mprojectid0000002|mprojectid0000020|mprojectid0000021|mprojectid0000022|mprojectid0000040|mviewerid0000038|mviewerid0000057|mviewerid0000058,0.2,323.159000,0.000000,1.011473,344.126167,0.000000,0.000000,true,27.944000,11,726.744000,"{""bora005"":21,""bora006"":22,""diablo01"":6,""diablo02"":9}","{""bora005"":0.107577,""bora006"":0.017638,""diablo01"":0.01035,""diablo02"":0.014227}"
prism_cc_time,cloud_homo,2,maddid0000037|mbackgroundid0000013|mbackgroundid0000014|mbackgroundid0000032|mbackgroundid0000033|mbackgroundid0000051|mbackgroundid0000052|mbackgroundid0000053|mbackgroundid0000054|mconcatfitid0000049|mdifffitid0000008|mdifffitid0000009|mdifffitid0000010|mdifffitid0000025|mdifffitid0000027|mdifffitid0000029|mdifffitid0000045|mdifffitid0000046|mdifffitid0000048|mimgtblid0000055|mprojectid0000001|mprojectid0000002|mprojectid0000020|mprojectid0000021|mprojectid0000022|mprojectid0000040|mviewerid0000038|mviewerid0000057|mviewerid0000058,0.2,101.689000,0.933571,1.011473,344.126167,0.000000,0.000000,true,8.204000,16,1078.526000,"{""h4d-standard-192-1"":18,""h4d-standard-192-2"":30,""h4d-standard-192-3"":5,""h4d-standard-192-4"":5}","{""h4d-standard-192-1"":0.006501,""h4d-standard-192-2"":0.007311,""h4d-standard-192-3"":0.003207,""h4d-standard-192-4"":0.00331}"
prism_cc_cost,cloud_homo,2,maddid0000037|mbackgroundid0000013|mbackgroundid0000014|mbackgroundid0000032|mbackgroundid0000033|mbackgroundid0000051|mbackgroundid0000052|mbackgroundid0000053|mbackgroundid0000054|mconcatfitid0000049|mdifffitid0000008|mdifffitid0000009|mdifffitid0000010|mdifffitid0000025|mdifffitid0000027|mdifffitid0000029|mdifffitid0000045|mdifffitid0000046|mdifffitid0000048|mimgtblid0000055|mprojectid0000001|mprojectid0000002|mprojectid0000020|mprojectid0000021|mprojectid0000022|mprojectid0000040|mviewerid0000038|mviewerid0000057|mviewerid0000058,0.2,121.468000,0.416994,1.011473,344.126167,0.000000,0.000000,true,49.559000,37,1045.301000,"{""h4d-standard-192-2"":2,""h4d-standard-192-4"":56}","{""h4d-standard-192-1"":0,""h4d-standard-192-2"":0.00178,""h4d-standard-192-3"":0,""h4d-standard-192-4"":0.018552}"
prism_cc_time,cloud_hetero,2,maddid0000037|mbackgroundid0000013|mbackgroundid0000014|mbackgroundid0000032|mbackgroundid0000033|mbackgroundid0000051|mbackgroundid0000052|mbackgroundid0000053|mbackgroundid0000054|mconcatfitid0000049|mdifffitid0000008|mdifffitid0000009|mdifffitid0000010|mdifffitid0000025|mdifffitid0000027|mdifffitid0000029|mdifffitid0000045|mdifffitid0000046|mdifffitid0000048|mimgtblid0000055|mprojectid0000001|mprojectid0000002|mprojectid0000020|mprojectid0000021|mprojectid0000022|mprojectid0000040|mviewerid0000038|mviewerid0000057|mviewerid0000058,0.2,120.547000,0.448481,1.011473,344.126167,0.000000,0.000000,true,56.807000,41,1019.317000,"{""h4d-highmem-192-1"":3,""h4d-standard-192-1"":55}","{""h3-standard-88-1"":0,""h3-standard-88-2"":0,""h4d-highmem-192-1"":0.001913,""h4d-standard-192-1"":0.019794}"
prism_cc_cost,cloud_hetero,2,maddid0000037|mbackgroundid0000013|mbackgroundid0000014|mbackgroundid0000032|mbackgroundid0000033|mbackgroundid0000051|mbackgroundid0000052|mbackgroundid0000053|mbackgroundid0000054|mconcatfitid0000049|mdifffitid0000008|mdifffitid0000009|mdifffitid0000010|mdifffitid0000025|mdifffitid0000027|mdifffitid0000029|mdifffitid0000045|mdifffitid0000046|mdifffitid0000048|mimgtblid0000055|mprojectid0000001|mprojectid0000002|mprojectid0000020|mprojectid0000021|mprojectid0000022|mprojectid0000040|mviewerid0000038|mviewerid0000057|mviewerid0000058,0.2,163.808000,0.356189,1.011473,344.126167,0.000000,0.000000,true,99.223000,51,1063.563000,"{""h3-standard-88-2"":10,""h4d-standard-192-1"":48}","{""h3-standard-88-1"":0,""h3-standard-88-2"":0.00146,""h4d-highmem-192-1"":0,""h4d-standard-192-1"":0.016286}"
prism_cc_time,hybrid_homo,2,maddid0000037|mbackgroundid0000013|mbackgroundid0000014|mbackgroundid0000032|mbackgroundid0000033|mbackgroundid0000051|mbackgroundid0000052|mbackgroundid0000053|mbackgroundid0000054|mconcatfitid0000049|mdifffitid0000008|mdifffitid0000009|mdifffitid0000010|mdifffitid0000025|mdifffitid0000027|mdifffitid0000029|mdifffitid0000045|mdifffitid0000046|mdifffitid0000048|mimgtblid0000055|mprojectid0000001|mprojectid0000002|mprojectid0000020|mprojectid0000021|mprojectid0000022|mprojectid0000040|mviewerid0000038|mviewerid0000057|mviewerid0000058,0.2,118.556000,0.600534,1.011473,344.126167,0.000000,0.000000,true,36.422000,16,976.802000,"{""bora009"":7,""bora010"":6,""h4d-standard-192-5"":19,""h4d-standard-192-6"":26}","{""bora009"":0.004042,""bora010"":0.002217,""h4d-standard-192-5"":0.009692,""h4d-standard-192-6"":0.008604}"
prism_cc_cost,hybrid_homo,2,maddid0000037|mbackgroundid0000013|mbackgroundid0000014|mbackgroundid0000032|mbackgroundid0000033|mbackgroundid0000051|mbackgroundid0000052|mbackgroundid0000053|mbackgroundid0000054|mconcatfitid0000049|mdifffitid0000008|mdifffitid0000009|mdifffitid0000010|mdifffitid0000025|mdifffitid0000027|mdifffitid0000029|mdifffitid0000045|mdifffitid0000046|mdifffitid0000048|mimgtblid0000055|mprojectid0000001|mprojectid0000002|mprojectid0000020|mprojectid0000021|mprojectid0000022|mprojectid0000040|mviewerid0000038|mviewerid0000057|mviewerid0000058,0.2,273.388000,0.139860,1.011473,344.126167,0.000000,0.000000,true,34.028000,25,994.637000,"{""bora009"":17,""bora010"":26,""h4d-standard-192-6"":15}","{""bora009"":0.027882,""bora010"":0.012929,""h4d-standard-192-5"":0,""h4d-standard-192-6"":0.005883}"
prism_cc_time,hybrid_hetero,2,maddid0000037|mbackgroundid0000013|mbackgroundid0000014|mbackgroundid0000032|mbackgroundid0000033|mbackgroundid0000051|mbackgroundid0000052|mbackgroundid0000053|mbackgroundid0000054|mconcatfitid0000049|mdifffitid0000008|mdifffitid0000009|mdifffitid0000010|mdifffitid0000025|mdifffitid0000027|mdifffitid0000029|mdifffitid0000045|mdifffitid0000046|mdifffitid0000048|mimgtblid0000055|mprojectid0000001|mprojectid0000002|mprojectid0000020|mprojectid0000021|mprojectid0000022|mprojectid0000040|mviewerid0000038|mviewerid0000057|mviewerid0000058,0.2,143.979000,0.312634,1.011473,344.126167,0.000000,0.000000,true,84.213000,31,893.751000,"{""bora011"":9,""diablo03"":7,""h4d-standard-192-7"":42}","{""bora011"":0.004646,""diablo03"":0.001598,""h3-standard-88-2"":0,""h4d-standard-192-7"":0.016898}"
prism_cc_cost,hybrid_hetero,2,maddid0000037|mbackgroundid0000013|mbackgroundid0000014|mbackgroundid0000032|mbackgroundid0000033|mbackgroundid0000051|mbackgroundid0000052|mbackgroundid0000053|mbackgroundid0000054|mconcatfitid0000049|mdifffitid0000008|mdifffitid0000009|mdifffitid0000010|mdifffitid0000025|mdifffitid0000027|mdifffitid0000029|mdifffitid0000045|mdifffitid0000046|mdifffitid0000048|mimgtblid0000055|mprojectid0000001|mprojectid0000002|mprojectid0000020|mprojectid0000021|mprojectid0000022|mprojectid0000040|mviewerid0000038|mviewerid0000057|mviewerid0000058,0.2,275.434000,0.152633,1.011473,344.126167,0.000000,0.000000,true,45.159000,28,883.644000,"{""bora011"":17,""diablo03"":20,""h4d-standard-192-7"":21}","{""bora011"":0.027325,""diablo03"":0.003621,""h3-standard-88-2"":0,""h4d-standard-192-7"":0.006571}"
prism_cc_time,cluster_homo,3,maddid0000018|maddid0000037|mbackgroundid0000013|mbackgroundid0000014|mbackgroundid0000016|mbackgroundid0000032|mbackgroundid0000033|mbackgroundid0000034|mbackgroundid0000035|mbackgroundid0000052|mbackgroundid0000053|mbackgroundid0000054|mbgmodelid0000050|mconcatfitid0000011|mconcatfitid0000030|mdifffitid0000005|mdifffitid0000010|mdifffitid0000025|mdifffitid0000027|mdifffitid0000029|mdifffitid0000043|mdifffitid0000044|mdifffitid0000048|mimgtblid0000017|mimgtblid0000036|mprojectid0000004|mprojectid0000039|mviewerid0000038|mviewerid0000058,0.2,292.983000,0.000000,1.011473,344.126167,0.000000,0.000000,true,3.094000,6,686.206000,"{""bora001"":16,""bora002"":20,""bora003"":9,""bora004"":13}","{""bora001"":0.077542,""bora002"":0.04533,""bora003"":0.023047,""bora004"":0.027785}"
prism_cc_cost,cluster_homo,3,maddid0000018|maddid0000037|mbackgroundid0000013|mbackgroundid0000014|mbackgroundid0000016|mbackgroundid0000032|mbackgroundid0000033|mbackgroundid0000034|mbackgroundid0000035|mbackgroundid0000052|mbackgroundid0000053|mbackgroundid0000054|mbgmodelid0000050|mconcatfitid0000011|mconcatfitid0000030|mdifffitid0000005|mdifffitid0000010|mdifffitid0000025|mdifffitid0000027|mdifffitid0000029|mdifffitid0000043|mdifffitid0000044|mdifffitid0000048|mimgtblid0000017|mimgtblid0000036|mprojectid0000004|mprojectid0000039|mviewerid0000038|mviewerid0000058,0.2,292.983000,0.000000,1.011473,344.126167,0.000000,0.000000,true,3.094000,6,697.250000,"{""bora001"":16,""bora002"":20,""bora003"":9,""bora004"":13}","{""bora001"":0.077542,""bora002"":0.04533,""bora003"":0.023047,""bora004"":0.027785}"
prism_cc_time,cluster_hetero,3,maddid0000018|maddid0000037|mbackgroundid0000013|mbackgroundid0000014|mbackgroundid0000016|mbackgroundid0000032|mbackgroundid0000033|mbackgroundid0000034|mbackgroundid0000035|mbackgroundid0000052|mbackgroundid0000053|mbackgroundid0000054|mbgmodelid0000050|mconcatfitid0000011|mconcatfitid0000030|mdifffitid0000005|mdifffitid0000010|mdifffitid0000025|mdifffitid0000027|mdifffitid0000029|mdifffitid0000043|mdifffitid0000044|mdifffitid0000048|mimgtblid0000017|mimgtblid0000036|mprojectid0000004|mprojectid0000039|mviewerid0000038|mviewerid0000058,0.2,293.451000,0.000000,1.011473,344.126167,0.000000,0.000000,true,3.716000,7,755.612000,"{""bora005"":23,""bora006"":19,""diablo01"":6,""diablo02"":10}","{""bora005"":0.108971,""bora006"":0.060648,""diablo01"":0.001141,""diablo02"":0.001567}"
prism_cc_cost,cluster_hetero,3,maddid0000018|maddid0000037|mbackgroundid0000013|mbackgroundid0000014|mbackgroundid0000016|mbackgroundid0000032|mbackgroundid0000033|mbackgroundid0000034|mbackgroundid0000035|mbackgroundid0000052|mbackgroundid0000053|mbackgroundid0000054|mbgmodelid0000050|mconcatfitid0000011|mconcatfitid0000030|mdifffitid0000005|mdifffitid0000010|mdifffitid0000025|mdifffitid0000027|mdifffitid0000029|mdifffitid0000043|mdifffitid0000044|mdifffitid0000048|mimgtblid0000017|mimgtblid0000036|mprojectid0000004|mprojectid0000039|mviewerid0000038|mviewerid0000058,0.2,293.451000,0.000000,1.011473,344.126167,0.000000,0.000000,true,3.716000,7,737.582000,"{""bora005"":23,""bora006"":19,""diablo01"":6,""diablo02"":10}","{""bora005"":0.108971,""bora006"":0.060648,""diablo01"":0.001141,""diablo02"":0.001567}"
prism_cc_time,cloud_homo,3,maddid0000018|maddid0000037|mbackgroundid0000013|mbackgroundid0000014|mbackgroundid0000016|mbackgroundid0000032|mbackgroundid0000033|mbackgroundid0000034|mbackgroundid0000035|mbackgroundid0000052|mbackgroundid0000053|mbackgroundid0000054|mbgmodelid0000050|mconcatfitid0000011|mconcatfitid0000030|mdifffitid0000005|mdifffitid0000010|mdifffitid0000025|mdifffitid0000027|mdifffitid0000029|mdifffitid0000043|mdifffitid0000044|mdifffitid0000048|mimgtblid0000017|mimgtblid0000036|mprojectid0000004|mprojectid0000039|mviewerid0000038|mviewerid0000058,0.2,105.998000,0.754982,1.011473,344.126167,0.000000,0.000000,true,6.422000,17,1035.578000,"{""h4d-standard-192-1"":33,""h4d-standard-192-4"":25}","{""h4d-standard-192-1"":0.012121,""h4d-standard-192-2"":0,""h4d-standard-192-3"":0,""h4d-standard-192-4"":0.007912}"
prism_cc_cost,cloud_homo,3,maddid0000018|maddid0000037|mbackgroundid0000013|mbackgroundid0000014|mbackgroundid0000016|mbackgroundid0000032|mbackgroundid0000033|mbackgroundid0000034|mbackgroundid0000035|mbackgroundid0000052|mbackgroundid0000053|mbackgroundid0000054|mbgmodelid0000050|mconcatfitid0000011|mconcatfitid0000030|mdifffitid0000005|mdifffitid0000010|mdifffitid0000025|mdifffitid0000027|mdifffitid0000029|mdifffitid0000043|mdifffitid0000044|mdifffitid0000048|mimgtblid0000017|mimgtblid0000036|mprojectid0000004|mprojectid0000039|mviewerid0000038|mviewerid0000058,0.2,116.022000,0.253113,1.011473,344.126167,0.000000,0.000000,true,29.746000,39,1069.516000,"{""h4d-standard-192-2"":58}","{""h4d-standard-192-1"":0,""h4d-standard-192-2"":0.020631,""h4d-standard-192-3"":0,""h4d-standard-192-4"":0}"
prism_cc_time,cloud_hetero,3,maddid0000018|maddid0000037|mbackgroundid0000013|mbackgroundid0000014|mbackgroundid0000016|mbackgroundid0000032|mbackgroundid0000033|mbackgroundid0000034|mbackgroundid0000035|mbackgroundid0000052|mbackgroundid0000053|mbackgroundid0000054|mbgmodelid0000050|mconcatfitid0000011|mconcatfitid0000030|mdifffitid0000005|mdifffitid0000010|mdifffitid0000025|mdifffitid0000027|mdifffitid0000029|mdifffitid0000043|mdifffitid0000044|mdifffitid0000048|mimgtblid0000017|mimgtblid0000036|mprojectid0000004|mprojectid0000039|mviewerid0000038|mviewerid0000058,0.2,108.813000,0.784454,1.011473,344.126167,0.000000,0.000000,true,7.200000,15,1029.100000,"{""h4d-highmem-192-1"":33,""h4d-standard-192-1"":25}","{""h3-standard-88-1"":0,""h3-standard-88-2"":0,""h4d-highmem-192-1"":0.008129,""h4d-standard-192-1"":0.011833}"
prism_cc_cost,cloud_hetero,3,maddid0000018|maddid0000037|mbackgroundid0000013|mbackgroundid0000014|mbackgroundid0000016|mbackgroundid0000032|mbackgroundid0000033|mbackgroundid0000034|mbackgroundid0000035|mbackgroundid0000052|mbackgroundid0000053|mbackgroundid0000054|mbgmodelid0000050|mconcatfitid0000011|mconcatfitid0000030|mdifffitid0000005|mdifffitid0000010|mdifffitid0000025|mdifffitid0000027|mdifffitid0000029|mdifffitid0000043|mdifffitid0000044|mdifffitid0000048|mimgtblid0000017|mimgtblid0000036|mprojectid0000004|mprojectid0000039|mviewerid0000038|mviewerid0000058,0.2,161.608000,0.221030,1.011473,344.126167,0.000000,0.000000,true,42.033000,43,1043.982000,"{""h3-standard-88-2"":58}","{""h3-standard-88-1"":0,""h3-standard-88-2"":0.054877,""h4d-highmem-192-1"":0,""h4d-standard-192-1"":0}"
prism_cc_time,hybrid_homo,3,maddid0000018|maddid0000037|mbackgroundid0000013|mbackgroundid0000014|mbackgroundid0000016|mbackgroundid0000032|mbackgroundid0000033|mbackgroundid0000034|mbackgroundid0000035|mbackgroundid0000052|mbackgroundid0000053|mbackgroundid0000054|mbgmodelid0000050|mconcatfitid0000011|mconcatfitid0000030|mdifffitid0000005|mdifffitid0000010|mdifffitid0000025|mdifffitid0000027|mdifffitid0000029|mdifffitid0000043|mdifffitid0000044|mdifffitid0000048|mimgtblid0000017|mimgtblid0000036|mprojectid0000004|mprojectid0000039|mviewerid0000038|mviewerid0000058,0.2,107.839000,0.596339,1.011473,344.126167,0.000000,0.000000,true,3.888000,8,975.512000,"{""bora009"":8,""bora010"":6,""h4d-standard-192-5"":19,""h4d-standard-192-6"":25}","{""bora009"":0.004641,""bora010"":0.003844,""h4d-standard-192-5"":0.011463,""h4d-standard-192-6"":0.007038}"
prism_cc_cost,hybrid_homo,3,maddid0000018|maddid0000037|mbackgroundid0000013|mbackgroundid0000014|mbackgroundid0000016|mbackgroundid0000032|mbackgroundid0000033|mbackgroundid0000034|mbackgroundid0000035|mbackgroundid0000052|mbackgroundid0000053|mbackgroundid0000054|mbgmodelid0000050|mconcatfitid0000011|mconcatfitid0000030|mdifffitid0000005|mdifffitid0000010|mdifffitid0000025|mdifffitid0000027|mdifffitid0000029|mdifffitid0000043|mdifffitid0000044|mdifffitid0000048|mimgtblid0000017|mimgtblid0000036|mprojectid0000004|mprojectid0000039|mviewerid0000038|mviewerid0000058,0.2,293.549000,0.000000,1.011473,344.126167,0.000000,0.000000,true,8.189000,12,970.599000,"{""bora009"":29,""bora010"":29}","{""bora009"":0.111506,""bora010"":0.064041,""h4d-standard-192-5"":0,""h4d-standard-192-6"":0}"
prism_cc_time,hybrid_hetero,3,maddid0000018|maddid0000037|mbackgroundid0000013|mbackgroundid0000014|mbackgroundid0000016|mbackgroundid0000032|mbackgroundid0000033|mbackgroundid0000034|mbackgroundid0000035|mbackgroundid0000052|mbackgroundid0000053|mbackgroundid0000054|mbgmodelid0000050|mconcatfitid0000011|mconcatfitid0000030|mdifffitid0000005|mdifffitid0000010|mdifffitid0000025|mdifffitid0000027|mdifffitid0000029|mdifffitid0000043|mdifffitid0000044|mdifffitid0000048|mimgtblid0000017|mimgtblid0000036|mprojectid0000004|mprojectid0000039|mviewerid0000038|mviewerid0000058,0.2,113.011000,0.245073,1.011473,344.126167,0.000000,0.000000,true,15.586000,17,876.702000,"{""bora011"":8,""diablo03"":7,""h4d-standard-192-7"":43}","{""bora011"":0.005343,""diablo03"":0.002035,""h3-standard-88-2"":0,""h4d-standard-192-7"":0.018446}"
prism_cc_cost,hybrid_hetero,3,maddid0000018|maddid0000037|mbackgroundid0000013|mbackgroundid0000014|mbackgroundid0000016|mbackgroundid0000032|mbackgroundid0000033|mbackgroundid0000034|mbackgroundid0000035|mbackgroundid0000052|mbackgroundid0000053|mbackgroundid0000054|mbgmodelid0000050|mconcatfitid0000011|mconcatfitid0000030|mdifffitid0000005|mdifffitid0000010|mdifffitid0000025|mdifffitid0000027|mdifffitid0000029|mdifffitid0000043|mdifffitid0000044|mdifffitid0000048|mimgtblid0000017|mimgtblid0000036|mprojectid0000004|mprojectid0000039|mviewerid0000038|mviewerid0000058,0.2,296.466000,0.000000,1.011473,344.126167,0.000000,0.000000,true,6.167000,9,840.541000,"{""bora011"":32,""diablo03"":26}","{""bora011"":0.155914,""diablo03"":0.012573,""h3-standard-88-2"":0,""h4d-standard-192-7"":0}"
prism_cc_time,cluster_homo,4,maddid0000056|mbackgroundid0000013|mbackgroundid0000016|mbackgroundid0000032|mbackgroundid0000033|mbackgroundid0000034|mbackgroundid0000052|mbackgroundid0000053|mdifffitid0000005|mdifffitid0000006|mdifffitid0000009|mdifffitid0000010|mdifffitid0000027|mdifffitid0000028|mdifffitid0000044|mdifffitid0000045|mdifffitid0000047|mdifffitid0000048|mimgtblid0000036|mimgtblid0000055|mprojectid0000001|mprojectid0000003|mprojectid0000021|mprojectid0000022|mprojectid0000023|mprojectid0000039|mprojectid0000040|mviewerid0000038|mviewerid0000058,0.2,313.685000,0.000000,1.011473,344.126167,0.000000,0.000000,true,125.131000,11,677.953000,"{""bora001"":15,""bora002"":16,""bora003"":12,""bora004"":15}","{""bora001"":0.076045,""bora002"":0.031065,""bora003"":0.03956,""bora004"":0.026452}"
prism_cc_cost,cluster_homo,4,maddid0000056|mbackgroundid0000013|mbackgroundid0000016|mbackgroundid0000032|mbackgroundid0000033|mbackgroundid0000034|mbackgroundid0000052|mbackgroundid0000053|mdifffitid0000005|mdifffitid0000006|mdifffitid0000009|mdifffitid0000010|mdifffitid0000027|mdifffitid0000028|mdifffitid0000044|mdifffitid0000045|mdifffitid0000047|mdifffitid0000048|mimgtblid0000036|mimgtblid0000055|mprojectid0000001|mprojectid0000003|mprojectid0000021|mprojectid0000022|mprojectid0000023|mprojectid0000039|mprojectid0000040|mviewerid0000038|mviewerid0000058,0.2,313.685000,0.000000,1.011473,344.126167,0.000000,0.000000,true,125.131000,11,657.094000,"{""bora001"":15,""bora002"":16,""bora003"":12,""bora004"":15}","{""bora001"":0.076045,""bora002"":0.031065,""bora003"":0.03956,""bora004"":0.026452}"
prism_cc_time,cluster_hetero,4,maddid0000056|mbackgroundid0000013|mbackgroundid0000016|mbackgroundid0000032|mbackgroundid0000033|mbackgroundid0000034|mbackgroundid0000052|mbackgroundid0000053|mdifffitid0000005|mdifffitid0000006|mdifffitid0000009|mdifffitid0000010|mdifffitid0000027|mdifffitid0000028|mdifffitid0000044|mdifffitid0000045|mdifffitid0000047|mdifffitid0000048|mimgtblid0000036|mimgtblid0000055|mprojectid0000001|mprojectid0000003|mprojectid0000021|mprojectid0000022|mprojectid0000023|mprojectid0000039|mprojectid0000040|mviewerid0000038|mviewerid0000058,0.2,354.329000,0.000000,1.011473,344.126167,0.000000,10.203000,false,140.707000,13,748.300000,"{""bora005"":21,""bora006"":19,""diablo01"":9,""diablo02"":9}","{""bora005"":0.074578,""bora006"":0.04671,""diablo01"":0.01013,""diablo02"":0.012997}"
prism_cc_cost,cluster_hetero,4,maddid0000056|mbackgroundid0000013|mbackgroundid0000016|mbackgroundid0000032|mbackgroundid0000033|mbackgroundid0000034|mbackgroundid0000052|mbackgroundid0000053|mdifffitid0000005|mdifffitid0000006|mdifffitid0000009|mdifffitid0000010|mdifffitid0000027|mdifffitid0000028|mdifffitid0000044|mdifffitid0000045|mdifffitid0000047|mdifffitid0000048|mimgtblid0000036|mimgtblid0000055|mprojectid0000001|mprojectid0000003|mprojectid0000021|mprojectid0000022|mprojectid0000023|mprojectid0000039|mprojectid0000040|mviewerid0000038|mviewerid0000058,0.2,354.329000,0.000000,1.011473,344.126167,0.000000,10.203000,false,140.707000,13,749.778000,"{""bora005"":21,""bora006"":19,""diablo01"":9,""diablo02"":9}","{""bora005"":0.074578,""bora006"":0.04671,""diablo01"":0.01013,""diablo02"":0.012997}"
prism_cc_time,cloud_homo,4,maddid0000056|mbackgroundid0000013|mbackgroundid0000016|mbackgroundid0000032|mbackgroundid0000033|mbackgroundid0000034|mbackgroundid0000052|mbackgroundid0000053|mdifffitid0000005|mdifffitid0000006|mdifffitid0000009|mdifffitid0000010|mdifffitid0000027|mdifffitid0000028|mdifffitid0000044|mdifffitid0000045|mdifffitid0000047|mdifffitid0000048|mimgtblid0000036|mimgtblid0000055|mprojectid0000001|mprojectid0000003|mprojectid0000021|mprojectid0000022|mprojectid0000023|mprojectid0000039|mprojectid0000040|mviewerid0000038|mviewerid0000058,0.2,105.663000,0.984405,1.011473,344.126167,0.000000,0.000000,true,18.275000,10,1028.578000,"{""h4d-standard-192-1"":19,""h4d-standard-192-2"":26,""h4d-standard-192-3"":10,""h4d-standard-192-4"":3}","{""h4d-standard-192-1"":0.007951,""h4d-standard-192-2"":0.006165,""h4d-standard-192-3"":0.003656,""h4d-standard-192-4"":0.001921}"
prism_cc_cost,cloud_homo,4,maddid0000056|mbackgroundid0000013|mbackgroundid0000016|mbackgroundid0000032|mbackgroundid0000033|mbackgroundid0000034|mbackgroundid0000052|mbackgroundid0000053|mdifffitid0000005|mdifffitid0000006|mdifffitid0000009|mdifffitid0000010|mdifffitid0000027|mdifffitid0000028|mdifffitid0000044|mdifffitid0000045|mdifffitid0000047|mdifffitid0000048|mimgtblid0000036|mimgtblid0000055|mprojectid0000001|mprojectid0000003|mprojectid0000021|mprojectid0000022|mprojectid0000023|mprojectid0000039|mprojectid0000040|mviewerid0000038|mviewerid0000058,0.2,149.601000,0.326372,1.011473,344.126167,0.000000,0.000000,true,169.846000,71,1065.051000,"{""h4d-standard-192-2"":58}","{""h4d-standard-192-1"":0,""h4d-standard-192-2"":0.020877,""h4d-standard-192-3"":0,""h4d-standard-192-4"":0}"
prism_cc_time,cloud_hetero,4,maddid0000056|mbackgroundid0000013|mbackgroundid0000016|mbackgroundid0000032|mbackgroundid0000033|mbackgroundid0000034|mbackgroundid0000052|mbackgroundid0000053|mdifffitid0000005|mdifffitid0000006|mdifffitid0000009|mdifffitid0000010|mdifffitid0000027|mdifffitid0000028|mdifffitid0000044|mdifffitid0000045|mdifffitid0000047|mdifffitid0000048|mimgtblid0000036|mimgtblid0000055|mprojectid0000001|mprojectid0000003|mprojectid0000021|mprojectid0000022|mprojectid0000023|mprojectid0000039|mprojectid0000040|mviewerid0000038|mviewerid0000058,0.2,122.687000,0.532758,1.011473,344.126167,0.000000,0.000000,true,72.602000,46,1031.249000,"{""h4d-highmem-192-1"":52,""h4d-standard-192-1"":6}","{""h3-standard-88-1"":0,""h3-standard-88-2"":0,""h4d-highmem-192-1"":0.014165,""h4d-standard-192-1"":0.007075}"
prism_cc_cost,cloud_hetero,4,maddid0000056|mbackgroundid0000013|mbackgroundid0000016|mbackgroundid0000032|mbackgroundid0000033|mbackgroundid0000034|mbackgroundid0000052|mbackgroundid0000053|mdifffitid0000005|mdifffitid0000006|mdifffitid0000009|mdifffitid0000010|mdifffitid0000027|mdifffitid0000028|mdifffitid0000044|mdifffitid0000045|mdifffitid0000047|mdifffitid0000048|mimgtblid0000036|mimgtblid0000055|mprojectid0000001|mprojectid0000003|mprojectid0000021|mprojectid0000022|mprojectid0000023|mprojectid0000039|mprojectid0000040|mviewerid0000038|mviewerid0000058,0.2,170.147000,0.405959,1.011473,344.126167,0.000000,0.000000,true,170.075000,78,1021.365000,"{""h3-standard-88-2"":15,""h4d-standard-192-1"":43}","{""h3-standard-88-1"":0,""h3-standard-88-2"":0.001759,""h4d-highmem-192-1"":0,""h4d-standard-192-1"":0.017661}"
prism_cc_time,hybrid_homo,4,maddid0000056|mbackgroundid0000013|mbackgroundid0000016|mbackgroundid0000032|mbackgroundid0000033|mbackgroundid0000034|mbackgroundid0000052|mbackgroundid0000053|mdifffitid0000005|mdifffitid0000006|mdifffitid0000009|mdifffitid0000010|mdifffitid0000027|mdifffitid0000028|mdifffitid0000044|mdifffitid0000045|mdifffitid0000047|mdifffitid0000048|mimgtblid0000036|mimgtblid0000055|mprojectid0000001|mprojectid0000003|mprojectid0000021|mprojectid0000022|mprojectid0000023|mprojectid0000039|mprojectid0000040|mviewerid0000038|mviewerid0000058,0.2,118.677000,0.467640,1.011473,344.126167,0.000000,0.000000,true,61.712000,21,960.641000,"{""bora009"":12,""bora010"":13,""h4d-standard-192-5"":8,""h4d-standard-192-6"":25}","{""bora009"":0.007665,""bora010"":0.008453,""h4d-standard-192-5"":0.010119,""h4d-standard-192-6"":0.008417}"
prism_cc_cost,hybrid_homo,4,maddid0000056|mbackgroundid0000013|mbackgroundid0000016|mbackgroundid0000032|mbackgroundid0000033|mbackgroundid0000034|mbackgroundid0000052|mbackgroundid0000053|mdifffitid0000005|mdifffitid0000006|mdifffitid0000009|mdifffitid0000010|mdifffitid0000027|mdifffitid0000028|mdifffitid0000044|mdifffitid0000045|mdifffitid0000047|mdifffitid0000048|mimgtblid0000036|mimgtblid0000055|mprojectid0000001|mprojectid0000003|mprojectid0000021|mprojectid0000022|mprojectid0000023|mprojectid0000039|mprojectid0000040|mviewerid0000038|mviewerid0000058,0.2,318.515000,0.141850,1.011473,344.126167,0.000000,0.000000,true,92.084000,31,928.937000,"{""bora009"":19,""bora010"":26,""h4d-standard-192-6"":13}","{""bora009"":0.024225,""bora010"":0.034609,""h4d-standard-192-5"":0,""h4d-standard-192-6"":0.004422}"
prism_cc_time,hybrid_hetero,4,maddid0000056|mbackgroundid0000013|mbackgroundid0000016|mbackgroundid0000032|mbackgroundid0000033|mbackgroundid0000034|mbackgroundid0000052|mbackgroundid0000053|mdifffitid0000005|mdifffitid0000006|mdifffitid0000009|mdifffitid0000010|mdifffitid0000027|mdifffitid0000028|mdifffitid0000044|mdifffitid0000045|mdifffitid0000047|mdifffitid0000048|mimgtblid0000036|mimgtblid0000055|mprojectid0000001|mprojectid0000003|mprojectid0000021|mprojectid0000022|mprojectid0000023|mprojectid0000039|mprojectid0000040|mviewerid0000038|mviewerid0000058,0.2,143.721000,0.546726,1.011473,344.126167,0.000000,0.000000,true,114.828000,37,875.231000,"{""bora011"":10,""diablo03"":6,""h3-standard-88-2"":6,""h4d-standard-192-7"":36}","{""bora011"":0.005316,""diablo03"":0.001272,""h3-standard-88-2"":0.002449,""h4d-standard-192-7"":0.017176}"
prism_cc_cost,hybrid_hetero,4,maddid0000056|mbackgroundid0000013|mbackgroundid0000016|mbackgroundid0000032|mbackgroundid0000033|mbackgroundid0000034|mbackgroundid0000052|mbackgroundid0000053|mdifffitid0000005|mdifffitid0000006|mdifffitid0000009|mdifffitid0000010|mdifffitid0000027|mdifffitid0000028|mdifffitid0000044|mdifffitid0000045|mdifffitid0000047|mdifffitid0000048|mimgtblid0000036|mimgtblid0000055|mprojectid0000001|mprojectid0000003|mprojectid0000021|mprojectid0000022|mprojectid0000023|mprojectid0000039|mprojectid0000040|mviewerid0000038|mviewerid0000058,0.2,318.736000,0.140712,1.011473,344.126167,0.000000,0.000000,true,89.892000,28,852.270000,"{""bora011"":20,""diablo03"":26,""h4d-standard-192-7"":12}","{""bora011"":0.047148,""diablo03"":0.00794,""h3-standard-88-2"":0,""h4d-standard-192-7"":0.004399}"
prism_cc_time,cluster_homo,5,maddid0000037|maddid0000056|mbackgroundid0000013|mbackgroundid0000014|mbackgroundid0000016|mbackgroundid0000033|mbackgroundid0000034|mbackgroundid0000035|mbackgroundid0000051|mbgmodelid0000012|mbgmodelid0000050|mconcatfitid0000011|mconcatfitid0000030|mconcatfitid0000049|mdifffitid0000007|mdifffitid0000024|mdifffitid0000028|mdifffitid0000045|mdifffitid0000048|mimgtblid0000017|mimgtblid0000036|mprojectid0000001|mprojectid0000004|mprojectid0000021|mprojectid0000023|mprojectid0000041|mviewerid0000038|mviewerid0000057|mviewerid0000058,0.2,292.983000,0.000000,1.011473,344.126167,0.000000,0.000000,true,22.306000,3,677.865000,"{""bora001"":18,""bora002"":19,""bora003"":9,""bora004"":12}","{""bora001"":0.079951,""bora002"":0.044979,""bora003"":0.023047,""bora004"":0.02744}"
prism_cc_cost,cluster_homo,5,maddid0000037|maddid0000056|mbackgroundid0000013|mbackgroundid0000014|mbackgroundid0000016|mbackgroundid0000033|mbackgroundid0000034|mbackgroundid0000035|mbackgroundid0000051|mbgmodelid0000012|mbgmodelid0000050|mconcatfitid0000011|mconcatfitid0000030|mconcatfitid0000049|mdifffitid0000007|mdifffitid0000024|mdifffitid0000028|mdifffitid0000045|mdifffitid0000048|mimgtblid0000017|mimgtblid0000036|mprojectid0000001|mprojectid0000004|mprojectid0000021|mprojectid0000023|mprojectid0000041|mviewerid0000038|mviewerid0000057|mviewerid0000058,0.2,292.983000,0.000000,1.011473,344.126167,0.000000,0.000000,true,22.306000,3,686.785000,"{""bora001"":18,""bora002"":19,""bora003"":9,""bora004"":12}","{""bora001"":0.079951,""bora002"":0.044979,""bora003"":0.023047,""bora004"":0.02744}"
prism_cc_time,cluster_hetero,5,maddid0000037|maddid0000056|mbackgroundid0000013|mbackgroundid0000014|mbackgroundid0000016|mbackgroundid0000033|mbackgroundid0000034|mbackgroundid0000035|mbackgroundid0000051|mbgmodelid0000012|mbgmodelid0000050|mconcatfitid0000011|mconcatfitid0000030|mconcatfitid0000049|mdifffitid0000007|mdifffitid0000024|mdifffitid0000028|mdifffitid0000045|mdifffitid0000048|mimgtblid0000017|mimgtblid0000036|mprojectid0000001|mprojectid0000004|mprojectid0000021|mprojectid0000023|mprojectid0000041|mviewerid0000038|mviewerid0000057|mviewerid0000058,0.2,293.451000,0.000000,1.011473,344.126167,0.000000,0.000000,true,58.571000,6,729.615000,"{""bora005"":21,""bora006"":22,""diablo01"":6,""diablo02"":9}","{""bora005"":0.101199,""bora006"":0.064631,""diablo01"":0.007993,""diablo02"":0.001215}"
prism_cc_cost,cluster_hetero,5,maddid0000037|maddid0000056|mbackgroundid0000013|mbackgroundid0000014|mbackgroundid0000016|mbackgroundid0000033|mbackgroundid0000034|mbackgroundid0000035|mbackgroundid0000051|mbgmodelid0000012|mbgmodelid0000050|mconcatfitid0000011|mconcatfitid0000030|mconcatfitid0000049|mdifffitid0000007|mdifffitid0000024|mdifffitid0000028|mdifffitid0000045|mdifffitid0000048|mimgtblid0000017|mimgtblid0000036|mprojectid0000001|mprojectid0000004|mprojectid0000021|mprojectid0000023|mprojectid0000041|mviewerid0000038|mviewerid0000057|mviewerid0000058,0.2,293.451000,0.000000,1.011473,344.126167,0.000000,0.000000,true,58.571000,6,714.069000,"{""bora005"":21,""bora006"":22,""diablo01"":6,""diablo02"":9}","{""bora005"":0.101199,""bora006"":0.064631,""diablo01"":0.007993,""diablo02"":0.001215}"
prism_cc_time,cloud_homo,5,maddid0000037|maddid0000056|mbackgroundid0000013|mbackgroundid0000014|mbackgroundid0000016|mbackgroundid0000033|mbackgroundid0000034|mbackgroundid0000035|mbackgroundid0000051|mbgmodelid0000012|mbgmodelid0000050|mconcatfitid0000011|mconcatfitid0000030|mconcatfitid0000049|mdifffitid0000007|mdifffitid0000024|mdifffitid0000028|mdifffitid0000045|mdifffitid0000048|mimgtblid0000017|mimgtblid0000036|mprojectid0000001|mprojectid0000004|mprojectid0000021|mprojectid0000023|mprojectid0000041|mviewerid0000038|mviewerid0000057|mviewerid0000058,0.2,101.689000,0.819775,1.011473,344.126167,0.000000,0.000000,true,9.083000,9,1034.758000,"{""h4d-standard-192-1"":21,""h4d-standard-192-2"":31,""h4d-standard-192-4"":6}","{""h4d-standard-192-1"":0.006454,""h4d-standard-192-2"":0.010612,""h4d-standard-192-3"":0,""h4d-standard-192-4"":0.003202}"
prism_cc_cost,cloud_homo,5,maddid0000037|maddid0000056|mbackgroundid0000013|mbackgroundid0000014|mbackgroundid0000016|mbackgroundid0000033|mbackgroundid0000034|mbackgroundid0000035|mbackgroundid0000051|mbgmodelid0000012|mbgmodelid0000050|mconcatfitid0000011|mconcatfitid0000030|mconcatfitid0000049|mdifffitid0000007|mdifffitid0000024|mdifffitid0000028|mdifffitid0000045|mdifffitid0000048|mimgtblid0000017|mimgtblid0000036|mprojectid0000001|mprojectid0000004|mprojectid0000021|mprojectid0000023|mprojectid0000041|mviewerid0000038|mviewerid0000057|mviewerid0000058,0.2,115.519000,0.252011,1.011473,344.126167,0.000000,0.000000,true,58.354000,36,1018.017000,"{""h4d-standard-192-2"":58}","{""h4d-standard-192-1"":0,""h4d-standard-192-2"":0.02201,""h4d-standard-192-3"":0,""h4d-standard-192-4"":0}"
prism_cc_time,cloud_hetero,5,maddid0000037|maddid0000056|mbackgroundid0000013|mbackgroundid0000014|mbackgroundid0000016|mbackgroundid0000033|mbackgroundid0000034|mbackgroundid0000035|mbackgroundid0000051|mbgmodelid0000012|mbgmodelid0000050|mconcatfitid0000011|mconcatfitid0000030|mconcatfitid0000049|mdifffitid0000007|mdifffitid0000024|mdifffitid0000028|mdifffitid0000045|mdifffitid0000048|mimgtblid0000017|mimgtblid0000036|mprojectid0000001|mprojectid0000004|mprojectid0000021|mprojectid0000023|mprojectid0000041|mviewerid0000038|mviewerid0000057|mviewerid0000058,0.2,107.731000,0.751545,1.011473,344.126167,0.000000,0.000000,true,20.124000,11,983.830000,"{""h4d-highmem-192-1"":34,""h4d-standard-192-1"":24}","{""h3-standard-88-1"":0,""h3-standard-88-2"":0,""h4d-highmem-192-1"":0.010093,""h4d-standard-192-1"":0.01082}"
prism_cc_cost,cloud_hetero,5,maddid0000037|maddid0000056|mbackgroundid0000013|mbackgroundid0000014|mbackgroundid0000016|mbackgroundid0000033|mbackgroundid0000034|mbackgroundid0000035|mbackgroundid0000051|mbgmodelid0000012|mbgmodelid0000050|mconcatfitid0000011|mconcatfitid0000030|mconcatfitid0000049|mdifffitid0000007|mdifffitid0000024|mdifffitid0000028|mdifffitid0000045|mdifffitid0000048|mimgtblid0000017|mimgtblid0000036|mprojectid0000001|mprojectid0000004|mprojectid0000021|mprojectid0000023|mprojectid0000041|mviewerid0000038|mviewerid0000057|mviewerid0000058,0.2,124.660000,0.376048,1.011473,344.126167,0.000000,0.000000,true,57.625000,38,977.273000,"{""h3-standard-88-1"":28,""h4d-standard-192-1"":30}","{""h3-standard-88-1"":0.00854,""h3-standard-88-2"":0,""h4d-highmem-192-1"":0,""h4d-standard-192-1"":0.017322}"
prism_cc_time,hybrid_homo,5,maddid0000037|maddid0000056|mbackgroundid0000013|mbackgroundid0000014|mbackgroundid0000016|mbackgroundid0000033|mbackgroundid0000034|mbackgroundid0000035|mbackgroundid0000051|mbgmodelid0000012|mbgmodelid0000050|mconcatfitid0000011|mconcatfitid0000030|mconcatfitid0000049|mdifffitid0000007|mdifffitid0000024|mdifffitid0000028|mdifffitid0000045|mdifffitid0000048|mimgtblid0000017|mimgtblid0000036|mprojectid0000001|mprojectid0000004|mprojectid0000021|mprojectid0000023|mprojectid0000041|mviewerid0000038|mviewerid0000057|mviewerid0000058,0.2,106.976000,0.550785,1.011473,344.126167,0.000000,0.000000,true,18.098000,6,929.049000,"{""bora009"":5,""bora010"":9,""h4d-standard-192-5"":16,""h4d-standard-192-6"":28}","{""bora009"":0.002718,""bora010"":0.0045,""h4d-standard-192-5"":0.009735,""h4d-standard-192-6"":0.009636}"
prism_cc_cost,hybrid_homo,5,maddid0000037|maddid0000056|mbackgroundid0000013|mbackgroundid0000014|mbackgroundid0000016|mbackgroundid0000033|mbackgroundid0000034|mbackgroundid0000035|mbackgroundid0000051|mbgmodelid0000012|mbgmodelid0000050|mconcatfitid0000011|mconcatfitid0000030|mconcatfitid0000049|mdifffitid0000007|mdifffitid0000024|mdifffitid0000028|mdifffitid0000045|mdifffitid0000048|mimgtblid0000017|mimgtblid0000036|mprojectid0000001|mprojectid0000004|mprojectid0000021|mprojectid0000023|mprojectid0000041|mviewerid0000038|mviewerid0000057|mviewerid0000058,0.2,293.549000,0.000000,1.011473,344.126167,0.000000,0.000000,true,107.474000,15,956.687000,"{""bora009"":25,""bora010"":33}","{""bora009"":0.116788,""bora010"":0.068234,""h4d-standard-192-5"":0,""h4d-standard-192-6"":0}"
prism_cc_time,hybrid_hetero,5,maddid0000037|maddid0000056|mbackgroundid0000013|mbackgroundid0000014|mbackgroundid0000016|mbackgroundid0000033|mbackgroundid0000034|mbackgroundid0000035|mbackgroundid0000051|mbgmodelid0000012|mbgmodelid0000050|mconcatfitid0000011|mconcatfitid0000030|mconcatfitid0000049|mdifffitid0000007|mdifffitid0000024|mdifffitid0000028|mdifffitid0000045|mdifffitid0000048|mimgtblid0000017|mimgtblid0000036|mprojectid0000001|mprojectid0000004|mprojectid0000021|mprojectid0000023|mprojectid0000041|mviewerid0000038|mviewerid0000057|mviewerid0000058,0.2,112.537000,0.243595,1.011473,344.126167,0.000000,0.000000,true,49.036000,20,860.673000,"{""bora011"":8,""diablo03"":8,""h4d-standard-192-7"":42}","{""bora011"":0.005028,""diablo03"":0.002665,""h3-standard-88-2"":0,""h4d-standard-192-7"":0.020086}"
prism_cc_cost,hybrid_hetero,5,maddid0000037|maddid0000056|mbackgroundid0000013|mbackgroundid0000014|mbackgroundid0000016|mbackgroundid0000033|mbackgroundid0000034|mbackgroundid0000035|mbackgroundid0000051|mbgmodelid0000012|mbgmodelid0000050|mconcatfitid0000011|mconcatfitid0000030|mconcatfitid0000049|mdifffitid0000007|mdifffitid0000024|mdifffitid0000028|mdifffitid0000045|mdifffitid0000048|mimgtblid0000017|mimgtblid0000036|mprojectid0000001|mprojectid0000004|mprojectid0000021|mprojectid0000023|mprojectid0000041|mviewerid0000038|mviewerid0000057|mviewerid0000058,0.2,296.466000,0.000000,1.011473,344.126167,0.000000,0.000000,true,81.278000,17,835.459000,"{""bora011"":31,""diablo03"":27}","{""bora011"":0.146426,""diablo03"":0.023736,""h3-standard-88-2"":0,""h4d-standard-192-7"":0}"
prism_cc_time,cluster_homo,6,maddid0000018|maddid0000056|mbackgroundid0000013|mbackgroundid0000016|mbackgroundid0000033|mbackgroundid0000034|mbackgroundid0000035|mbackgroundid0000053|mbgmodelid0000031|mconcatfitid0000030|mdifffitid0000005|mdifffitid0000007|mdifffitid0000008|mdifffitid0000009|mdifffitid0000010|mdifffitid0000024|mdifffitid0000025|mdifffitid0000027|mdifffitid0000028|mdifffitid0000045|mdifffitid0000046|mdifffitid0000048|mprojectid0000002|mprojectid0000004|mprojectid0000039|mprojectid0000040|mprojectid0000041|mviewerid0000019|mviewerid0000057,0.2,292.983000,0.000000,1.011473,344.126167,0.000000,0.000000,true,27.172000,11,667.796000,"{""bora001"":19,""bora002"":17,""bora003"":10,""bora004"":12}","{""bora001"":0.080352,""bora002"":0.044424,""bora003"":0.023284,""bora004"":0.027823}"
prism_cc_cost,cluster_homo,6,maddid0000018|maddid0000056|mbackgroundid0000013|mbackgroundid0000016|mbackgroundid0000033|mbackgroundid0000034|mbackgroundid0000035|mbackgroundid0000053|mbgmodelid0000031|mconcatfitid0000030|mdifffitid0000005|mdifffitid0000007|mdifffitid0000008|mdifffitid0000009|mdifffitid0000010|mdifffitid0000024|mdifffitid0000025|mdifffitid0000027|mdifffitid0000028|mdifffitid0000045|mdifffitid0000046|mdifffitid0000048|mprojectid0000002|mprojectid0000004|mprojectid0000039|mprojectid0000040|mprojectid0000041|mviewerid0000019|mviewerid0000057,0.2,292.983000,0.000000,1.011473,344.126167,0.000000,0.000000,true,27.172000,11,663.250000,"{""bora001"":19,""bora002"":17,""bora003"":10,""bora004"":12}","{""bora001"":0.080352,""bora002"":0.044424,""bora003"":0.023284,""bora004"":0.027823}"
prism_cc_time,cluster_hetero,6,maddid0000018|maddid0000056|mbackgroundid0000013|mbackgroundid0000016|mbackgroundid0000033|mbackgroundid0000034|mbackgroundid0000035|mbackgroundid0000053|mbgmodelid0000031|mconcatfitid0000030|mdifffitid0000005|mdifffitid0000007|mdifffitid0000008|mdifffitid0000009|mdifffitid0000010|mdifffitid0000024|mdifffitid0000025|mdifffitid0000027|mdifffitid0000028|mdifffitid0000045|mdifffitid0000046|mdifffitid0000048|mprojectid0000002|mprojectid0000004|mprojectid0000039|mprojectid0000040|mprojectid0000041|mviewerid0000019|mviewerid0000057,0.2,310.818000,0.000000,1.011473,344.126167,0.000000,0.000000,true,71.146000,9,714.479000,"{""bora005"":23,""bora006"":19,""diablo01"":7,""diablo02"":9}","{""bora005"":0.091374,""bora006"":0.065659,""diablo01"":0.007852,""diablo02"":0.001147}"
prism_cc_cost,cluster_hetero,6,maddid0000018|maddid0000056|mbackgroundid0000013|mbackgroundid0000016|mbackgroundid0000033|mbackgroundid0000034|mbackgroundid0000035|mbackgroundid0000053|mbgmodelid0000031|mconcatfitid0000030|mdifffitid0000005|mdifffitid0000007|mdifffitid0000008|mdifffitid0000009|mdifffitid0000010|mdifffitid0000024|mdifffitid0000025|mdifffitid0000027|mdifffitid0000028|mdifffitid0000045|mdifffitid0000046|mdifffitid0000048|mprojectid0000002|mprojectid0000004|mprojectid0000039|mprojectid0000040|mprojectid0000041|mviewerid0000019|mviewerid0000057,0.2,310.818000,0.000000,1.011473,344.126167,0.000000,0.000000,true,71.146000,9,726.773000,"{""bora005"":23,""bora006"":19,""diablo01"":7,""diablo02"":9}","{""bora005"":0.091374,""bora006"":0.065659,""diablo01"":0.007852,""diablo02"":0.001147}"
prism_cc_time,cloud_homo,6,maddid0000018|maddid0000056|mbackgroundid0000013|mbackgroundid0000016|mbackgroundid0000033|mbackgroundid0000034|mbackgroundid0000035|mbackgroundid0000053|mbgmodelid0000031|mconcatfitid0000030|mdifffitid0000005|mdifffitid0000007|mdifffitid0000008|mdifffitid0000009|mdifffitid0000010|mdifffitid0000024|mdifffitid0000025|mdifffitid0000027|mdifffitid0000028|mdifffitid0000045|mdifffitid0000046|mdifffitid0000048|mprojectid0000002|mprojectid0000004|mprojectid0000039|mprojectid0000040|mprojectid0000041|mviewerid0000019|mviewerid0000057,0.2,107.584000,0.874528,1.011473,344.126167,0.000000,0.000000,true,17.328000,18,1055.428000,"{""h4d-standard-192-2"":26,""h4d-standard-192-3"":25,""h4d-standard-192-4"":7}","{""h4d-standard-192-1"":0,""h4d-standard-192-2"":0.006032,""h4d-standard-192-3"":0.011103,""h4d-standard-192-4"":0.003256}"
prism_cc_cost,cloud_homo,6,maddid0000018|maddid0000056|mbackgroundid0000013|mbackgroundid0000016|mbackgroundid0000033|mbackgroundid0000034|mbackgroundid0000035|mbackgroundid0000053|mbgmodelid0000031|mconcatfitid0000030|mdifffitid0000005|mdifffitid0000007|mdifffitid0000008|mdifffitid0000009|mdifffitid0000010|mdifffitid0000024|mdifffitid0000025|mdifffitid0000027|mdifffitid0000028|mdifffitid0000045|mdifffitid0000046|mdifffitid0000048|mprojectid0000002|mprojectid0000004|mprojectid0000039|mprojectid0000040|mprojectid0000041|mviewerid0000019|mviewerid0000057,0.2,125.655000,0.274132,1.011473,344.126167,0.000000,0.000000,true,97.620000,72,995.552000,"{""h4d-standard-192-2"":58}","{""h4d-standard-192-1"":0,""h4d-standard-192-2"":0.021862,""h4d-standard-192-3"":0,""h4d-standard-192-4"":0}"
prism_cc_time,cloud_hetero,6,maddid0000018|maddid0000056|mbackgroundid0000013|mbackgroundid0000016|mbackgroundid0000033|mbackgroundid0000034|mbackgroundid0000035|mbackgroundid0000053|mbgmodelid0000031|mconcatfitid0000030|mdifffitid0000005|mdifffitid0000007|mdifffitid0000008|mdifffitid0000009|mdifffitid0000010|mdifffitid0000024|mdifffitid0000025|mdifffitid0000027|mdifffitid0000028|mdifffitid0000045|mdifffitid0000046|mdifffitid0000048|mprojectid0000002|mprojectid0000004|mprojectid0000039|mprojectid0000040|mprojectid0000041|mviewerid0000019|mviewerid0000057,0.2,115.953000,0.810793,1.011473,344.126167,0.000000,0.000000,true,31.632000,23,973.061000,"{""h4d-highmem-192-1"":34,""h4d-standard-192-1"":24}","{""h3-standard-88-1"":0,""h3-standard-88-2"":0,""h4d-highmem-192-1"":0.007671,""h4d-standard-192-1"":0.012226}"
prism_cc_cost,cloud_hetero,6,maddid0000018|maddid0000056|mbackgroundid0000013|mbackgroundid0000016|mbackgroundid0000033|mbackgroundid0000034|mbackgroundid0000035|mbackgroundid0000053|mbgmodelid0000031|mconcatfitid0000030|mdifffitid0000005|mdifffitid0000007|mdifffitid0000008|mdifffitid0000009|mdifffitid0000010|mdifffitid0000024|mdifffitid0000025|mdifffitid0000027|mdifffitid0000028|mdifffitid0000045|mdifffitid0000046|mdifffitid0000048|mprojectid0000002|mprojectid0000004|mprojectid0000039|mprojectid0000040|mprojectid0000041|mviewerid0000019|mviewerid0000057,0.2,144.219000,0.354566,1.011473,344.126167,0.000000,0.000000,true,92.855000,73,986.163000,"{""h3-standard-88-2"":13,""h4d-standard-192-1"":45}","{""h3-standard-88-1"":0,""h3-standard-88-2"":0.001779,""h4d-highmem-192-1"":0,""h4d-standard-192-1"":0.018039}"
prism_cc_time,hybrid_homo,6,maddid0000018|maddid0000056|mbackgroundid0000013|mbackgroundid0000016|mbackgroundid0000033|mbackgroundid0000034|mbackgroundid0000035|mbackgroundid0000053|mbgmodelid0000031|mconcatfitid0000030|mdifffitid0000005|mdifffitid0000007|mdifffitid0000008|mdifffitid0000009|mdifffitid0000010|mdifffitid0000024|mdifffitid0000025|mdifffitid0000027|mdifffitid0000028|mdifffitid0000045|mdifffitid0000046|mdifffitid0000048|mprojectid0000002|mprojectid0000004|mprojectid0000039|mprojectid0000040|mprojectid0000041|mviewerid0000019|mviewerid0000057,0.2,112.131000,0.568347,1.011473,344.126167,0.000000,0.000000,true,29.562000,19,1006.878000,"{""bora009"":6,""bora010"":7,""h4d-standard-192-5"":19,""h4d-standard-192-6"":26}","{""bora009"":0.003527,""bora010"":0.003074,""h4d-standard-192-5"":0.01207,""h4d-standard-192-6"":0.00699}"
prism_cc_cost,hybrid_homo,6,maddid0000018|maddid0000056|mbackgroundid0000013|mbackgroundid0000016|mbackgroundid0000033|mbackgroundid0000034|mbackgroundid0000035|mbackgroundid0000053|mbgmodelid0000031|mconcatfitid0000030|mdifffitid0000005|mdifffitid0000007|mdifffitid0000008|mdifffitid0000009|mdifffitid0000010|mdifffitid0000024|mdifffitid0000025|mdifffitid0000027|mdifffitid0000028|mdifffitid0000045|mdifffitid0000046|mdifffitid0000048|mprojectid0000002|mprojectid0000004|mprojectid0000039|mprojectid0000040|mprojectid0000041|mviewerid0000019|mviewerid0000057,0.2,314.286000,0.000000,1.011473,344.126167,0.000000,0.000000,true,122.088000,21,923.213000,"{""bora009"":31,""bora010"":27}","{""bora009"":0.106583,""bora010"":0.067537,""h4d-standard-192-5"":0,""h4d-standard-192-6"":0}"
prism_cc_time,hybrid_hetero,6,maddid0000018|maddid0000056|mbackgroundid0000013|mbackgroundid0000016|mbackgroundid0000033|mbackgroundid0000034|mbackgroundid0000035|mbackgroundid0000053|mbgmodelid0000031|mconcatfitid0000030|mdifffitid0000005|mdifffitid0000007|mdifffitid0000008|mdifffitid0000009|mdifffitid0000010|mdifffitid0000024|mdifffitid0000025|mdifffitid0000027|mdifffitid0000028|mdifffitid0000045|mdifffitid0000046|mdifffitid0000048|mprojectid0000002|mprojectid0000004|mprojectid0000039|mprojectid0000040|mprojectid0000041|mviewerid0000019|mviewerid0000057,0.2,127.064000,0.275727,1.011473,344.126167,0.000000,0.000000,true,72.557000,36,877.695000,"{""bora011"":10,""diablo03"":7,""h4d-standard-192-7"":41}","{""bora011"":0.006102,""diablo03"":0.002205,""h3-standard-88-2"":0,""h4d-standard-192-7"":0.01854}"
prism_cc_cost,hybrid_hetero,6,maddid0000018|maddid0000056|mbackgroundid0000013|mbackgroundid0000016|mbackgroundid0000033|mbackgroundid0000034|mbackgroundid0000035|mbackgroundid0000053|mbgmodelid0000031|mconcatfitid0000030|mdifffitid0000005|mdifffitid0000007|mdifffitid0000008|mdifffitid0000009|mdifffitid0000010|mdifffitid0000024|mdifffitid0000025|mdifffitid0000027|mdifffitid0000028|mdifffitid0000045|mdifffitid0000046|mdifffitid0000048|mprojectid0000002|mprojectid0000004|mprojectid0000039|mprojectid0000040|mprojectid0000041|mviewerid0000019|mviewerid0000057,0.2,132.956000,0.177995,1.011473,344.126167,0.000000,0.000000,true,73.623000,39,909.099000,"{""bora011"":12,""diablo03"":19,""h4d-standard-192-7"":27}","{""bora011"":0.007158,""diablo03"":0.006316,""h3-standard-88-2"":0,""h4d-standard-192-7"":0.017028}"
prism_cc_time,cluster_homo,7,maddid0000056|mbackgroundid0000013|mbackgroundid0000014|mbackgroundid0000033|mbackgroundid0000034|mbackgroundid0000035|mbackgroundid0000054|mbgmodelid0000012|mbgmodelid0000031|mconcatfitid0000030|mdifffitid0000005|mdifffitid0000008|mdifffitid0000009|mdifffitid0000010|mdifffitid0000027|mdifffitid0000028|mdifffitid0000043|mdifffitid0000046|mimgtblid0000017|mimgtblid0000055|mprojectid0000001|mprojectid0000002|mprojectid0000003|mprojectid0000020|mprojectid0000021|mprojectid0000022|mprojectid0000023|mviewerid0000019|mviewerid0000058,0.2,292.983000,0.000000,1.011473,344.126167,0.000000,0.000000,true,78.984000,10,701.882000,"{""bora001"":17,""bora002"":18,""bora003"":10,""bora004"":13}","{""bora001"":0.07769,""bora002"":0.037796,""bora003"":0.026788,""bora004"":0.039137}"
prism_cc_cost,cluster_homo,7,maddid0000056|mbackgroundid0000013|mbackgroundid0000014|mbackgroundid0000033|mbackgroundid0000034|mbackgroundid0000035|mbackgroundid0000054|mbgmodelid0000012|mbgmodelid0000031|mconcatfitid0000030|mdifffitid0000005|mdifffitid0000008|mdifffitid0000009|mdifffitid0000010|mdifffitid0000027|mdifffitid0000028|mdifffitid0000043|mdifffitid0000046|mimgtblid0000017|mimgtblid0000055|mprojectid0000001|mprojectid0000002|mprojectid0000003|mprojectid0000020|mprojectid0000021|mprojectid0000022|mprojectid0000023|mviewerid0000019|mviewerid0000058,0.2,292.983000,0.000000,1.011473,344.126167,0.000000,0.000000,true,78.984000,10,695.088000,"{""bora001"":17,""bora002"":18,""bora003"":10,""bora004"":13}","{""bora001"":0.07769,""bora002"":0.037796,""bora003"":0.026788,""bora004"":0.039137}"
prism_cc_time,cluster_hetero,7,maddid0000056|mbackgroundid0000013|mbackgroundid0000014|mbackgroundid0000033|mbackgroundid0000034|mbackgroundid0000035|mbackgroundid0000054|mbgmodelid0000012|mbgmodelid0000031|mconcatfitid0000030|mdifffitid0000005|mdifffitid0000008|mdifffitid0000009|mdifffitid0000010|mdifffitid0000027|mdifffitid0000028|mdifffitid0000043|mdifffitid0000046|mimgtblid0000017|mimgtblid0000055|mprojectid0000001|mprojectid0000002|mprojectid0000003|mprojectid0000020|mprojectid0000021|mprojectid0000022|mprojectid0000023|mviewerid0000019|mviewerid0000058,0.2,293.451000,0.000000,1.011473,344.126167,0.000000,0.000000,true,94.303000,8,750.937000,"{""bora005"":19,""bora006"":20,""diablo01"":7,""diablo02"":12}","{""bora005"":0.116469,""bora006"":0.041814,""diablo01"":0.011721,""diablo02"":0.005266}"
prism_cc_cost,cluster_hetero,7,maddid0000056|mbackgroundid0000013|mbackgroundid0000014|mbackgroundid0000033|mbackgroundid0000034|mbackgroundid0000035|mbackgroundid0000054|mbgmodelid0000012|mbgmodelid0000031|mconcatfitid0000030|mdifffitid0000005|mdifffitid0000008|mdifffitid0000009|mdifffitid0000010|mdifffitid0000027|mdifffitid0000028|mdifffitid0000043|mdifffitid0000046|mimgtblid0000017|mimgtblid0000055|mprojectid0000001|mprojectid0000002|mprojectid0000003|mprojectid0000020|mprojectid0000021|mprojectid0000022|mprojectid0000023|mviewerid0000019|mviewerid0000058,0.2,293.451000,0.000000,1.011473,344.126167,0.000000,0.000000,true,94.303000,8,744.439000,"{""bora005"":19,""bora006"":20,""diablo01"":7,""diablo02"":12}","{""bora005"":0.116469,""bora006"":0.041814,""diablo01"":0.011721,""diablo02"":0.005266}"
prism_cc_time,cloud_homo,7,maddid0000056|mbackgroundid0000013|mbackgroundid0000014|mbackgroundid0000033|mbackgroundid0000034|mbackgroundid0000035|mbackgroundid0000054|mbgmodelid0000012|mbgmodelid0000031|mconcatfitid0000030|mdifffitid0000005|mdifffitid0000008|mdifffitid0000009|mdifffitid0000010|mdifffitid0000027|mdifffitid0000028|mdifffitid0000043|mdifffitid0000046|mimgtblid0000017|mimgtblid0000055|mprojectid0000001|mprojectid0000002|mprojectid0000003|mprojectid0000020|mprojectid0000021|mprojectid0000022|mprojectid0000023|mviewerid0000019|mviewerid0000058,0.2,106.154000,0.831280,1.011473,344.126167,0.000000,0.000000,true,21.974000,18,1085.084000,"{""h4d-standard-192-1"":29,""h4d-standard-192-3"":27,""h4d-standard-192-4"":2}","{""h4d-standard-192-1"":0.013842,""h4d-standard-192-2"":0,""h4d-standard-192-3"":0.005835,""h4d-standard-192-4"":0.001456}"
prism_cc_cost,cloud_homo,7,maddid0000056|mbackgroundid0000013|mbackgroundid0000014|mbackgroundid0000033|mbackgroundid0000034|mbackgroundid0000035|mbackgroundid0000054|mbgmodelid0000012|mbgmodelid0000031|mconcatfitid0000030|mdifffitid0000005|mdifffitid0000008|mdifffitid0000009|mdifffitid0000010|mdifffitid0000027|mdifffitid0000028|mdifffitid0000043|mdifffitid0000046|mimgtblid0000017|mimgtblid0000055|mprojectid0000001|mprojectid0000002|mprojectid0000003|mprojectid0000020|mprojectid0000021|mprojectid0000022|mprojectid0000023|mviewerid0000019|mviewerid0000058,0.2,132.184000,0.288374,1.011473,344.126167,0.000000,0.000000,true,106.707000,56,1074.997000,"{""h4d-standard-192-4"":58}","{""h4d-standard-192-1"":0,""h4d-standard-192-2"":0,""h4d-standard-192-3"":0,""h4d-standard-192-4"":0.021018}"
prism_cc_time,cloud_hetero,7,maddid0000056|mbackgroundid0000013|mbackgroundid0000014|mbackgroundid0000033|mbackgroundid0000034|mbackgroundid0000035|mbackgroundid0000054|mbgmodelid0000012|mbgmodelid0000031|mconcatfitid0000030|mdifffitid0000005|mdifffitid0000008|mdifffitid0000009|mdifffitid0000010|mdifffitid0000027|mdifffitid0000028|mdifffitid0000043|mdifffitid0000046|mimgtblid0000017|mimgtblid0000055|mprojectid0000001|mprojectid0000002|mprojectid0000003|mprojectid0000020|mprojectid0000021|mprojectid0000022|mprojectid0000023|mviewerid0000019|mviewerid0000058,0.2,109.447000,0.780798,1.011473,344.126167,0.000000,0.000000,true,43.964000,21,1005.627000,"{""h4d-highmem-192-1"":36,""h4d-standard-192-1"":22}","{""h3-standard-88-1"":0,""h3-standard-88-2"":0,""h4d-highmem-192-1"":0.010194,""h4d-standard-192-1"":0.011456}"
prism_cc_cost,cloud_hetero,7,maddid0000056|mbackgroundid0000013|mbackgroundid0000014|mbackgroundid0000033|mbackgroundid0000034|mbackgroundid0000035|mbackgroundid0000054|mbgmodelid0000012|mbgmodelid0000031|mconcatfitid0000030|mdifffitid0000005|mdifffitid0000008|mdifffitid0000009|mdifffitid0000010|mdifffitid0000027|mdifffitid0000028|mdifffitid0000043|mdifffitid0000046|mimgtblid0000017|mimgtblid0000055|mprojectid0000001|mprojectid0000002|mprojectid0000003|mprojectid0000020|mprojectid0000021|mprojectid0000022|mprojectid0000023|mviewerid0000019|mviewerid0000058,0.2,144.984000,0.394846,1.011473,344.126167,0.000000,0.000000,true,110.135000,59,1000.392000,"{""h3-standard-88-1"":31,""h4d-standard-192-1"":27}","{""h3-standard-88-1"":0.007495,""h3-standard-88-2"":0,""h4d-highmem-192-1"":0,""h4d-standard-192-1"":0.016606}"
prism_cc_time,hybrid_homo,7,maddid0000056|mbackgroundid0000013|mbackgroundid0000014|mbackgroundid0000033|mbackgroundid0000034|mbackgroundid0000035|mbackgroundid0000054|mbgmodelid0000012|mbgmodelid0000031|mconcatfitid0000030|mdifffitid0000005|mdifffitid0000008|mdifffitid0000009|mdifffitid0000010|mdifffitid0000027|mdifffitid0000028|mdifffitid0000043|mdifffitid0000046|mimgtblid0000017|mimgtblid0000055|mprojectid0000001|mprojectid0000002|mprojectid0000003|mprojectid0000020|mprojectid0000021|mprojectid0000022|mprojectid0000023|mviewerid0000019|mviewerid0000058,0.2,107.650000,0.600889,1.011473,344.126167,0.000000,0.000000,true,41.577000,14,993.581000,"{""bora009"":4,""bora010"":7,""h4d-standard-192-5"":20,""h4d-standard-192-6"":27}","{""bora009"":0.002002,""bora010"":0.003253,""h4d-standard-192-5"":0.013365,""h4d-standard-192-6"":0.007207}"
prism_cc_cost,hybrid_homo,7,maddid0000056|mbackgroundid0000013|mbackgroundid0000014|mbackgroundid0000033|mbackgroundid0000034|mbackgroundid0000035|mbackgroundid0000054|mbgmodelid0000012|mbgmodelid0000031|mconcatfitid0000030|mdifffitid0000005|mdifffitid0000008|mdifffitid0000009|mdifffitid0000010|mdifffitid0000027|mdifffitid0000028|mdifffitid0000043|mdifffitid0000046|mimgtblid0000017|mimgtblid0000055|mprojectid0000001|mprojectid0000002|mprojectid0000003|mprojectid0000020|mprojectid0000021|mprojectid0000022|mprojectid0000023|mviewerid0000019|mviewerid0000058,0.2,314.842000,0.000000,1.011473,344.126167,0.000000,0.000000,true,221.789000,22,969.666000,"{""bora009"":27,""bora010"":31}","{""bora009"":0.123178,""bora010"":0.059617,""h4d-standard-192-5"":0,""h4d-standard-192-6"":0}"
prism_cc_time,hybrid_hetero,7,maddid0000056|mbackgroundid0000013|mbackgroundid0000014|mbackgroundid0000033|mbackgroundid0000034|mbackgroundid0000035|mbackgroundid0000054|mbgmodelid0000012|mbgmodelid0000031|mconcatfitid0000030|mdifffitid0000005|mdifffitid0000008|mdifffitid0000009|mdifffitid0000010|mdifffitid0000027|mdifffitid0000028|mdifffitid0000043|mdifffitid0000046|mimgtblid0000017|mimgtblid0000055|mprojectid0000001|mprojectid0000002|mprojectid0000003|mprojectid0000020|mprojectid0000021|mprojectid0000022|mprojectid0000023|mviewerid0000019|mviewerid0000058,0.2,121.974000,0.508169,1.011473,344.126167,0.000000,0.000000,true,72.278000,27,857.052000,"{""bora011"":6,""diablo03"":7,""h3-standard-88-2"":8,""h4d-standard-192-7"":37}","{""bora011"":0.003213,""diablo03"":0.001767,""h3-standard-88-2"":0.003565,""h4d-standard-192-7"":0.01834}"
prism_cc_cost,hybrid_hetero,7,maddid0000056|mbackgroundid0000013|mbackgroundid0000014|mbackgroundid0000033|mbackgroundid0000034|mbackgroundid0000035|mbackgroundid0000054|mbgmodelid0000012|mbgmodelid0000031|mconcatfitid0000030|mdifffitid0000005|mdifffitid0000008|mdifffitid0000009|mdifffitid0000010|mdifffitid0000027|mdifffitid0000028|mdifffitid0000043|mdifffitid0000046|mimgtblid0000017|mimgtblid0000055|mprojectid0000001|mprojectid0000002|mprojectid0000003|mprojectid0000020|mprojectid0000021|mprojectid0000022|mprojectid0000023|mviewerid0000019|mviewerid0000058,0.2,134.640000,0.167084,1.011473,344.126167,0.000000,0.000000,true,77.790000,38,882.085000,"{""bora011"":17,""diablo03"":18,""h4d-standard-192-7"":23}","{""bora011"":0.021721,""diablo03"":0.006588,""h3-standard-88-2"":0,""h4d-standard-192-7"":0.015903}"
prism_cc_time,cluster_homo,8,maddid0000018|maddid0000037|maddid0000056|mbackgroundid0000014|mbackgroundid0000016|mbackgroundid0000032|mbackgroundid0000033|mbackgroundid0000035|mbackgroundid0000052|mbackgroundid0000053|mbgmodelid0000012|mbgmodelid0000031|mbgmodelid0000050|mdifffitid0000006|mdifffitid0000008|mdifffitid0000024|mdifffitid0000043|mdifffitid0000044|mdifffitid0000045|mimgtblid0000036|mprojectid0000003|mprojectid0000004|mprojectid0000020|mprojectid0000021|mprojectid0000039|mprojectid0000040|mprojectid0000042|mviewerid0000038|mviewerid0000057,0.2,314.916000,0.000000,1.011473,344.126167,0.000000,0.000000,true,137.163000,13,690.544000,"{""bora001"":17,""bora002"":17,""bora003"":12,""bora004"":12}","{""bora001"":0.067164,""bora002"":0.044837,""bora003"":0.047548,""bora004"":0.013886}"
prism_cc_cost,cluster_homo,8,maddid0000018|maddid0000037|maddid0000056|mbackgroundid0000014|mbackgroundid0000016|mbackgroundid0000032|mbackgroundid0000033|mbackgroundid0000035|mbackgroundid0000052|mbackgroundid0000053|mbgmodelid0000012|mbgmodelid0000031|mbgmodelid0000050|mdifffitid0000006|mdifffitid0000008|mdifffitid0000024|mdifffitid0000043|mdifffitid0000044|mdifffitid0000045|mimgtblid0000036|mprojectid0000003|mprojectid0000004|mprojectid0000020|mprojectid0000021|mprojectid0000039|mprojectid0000040|mprojectid0000042|mviewerid0000038|mviewerid0000057,0.2,314.916000,0.000000,1.011473,344.126167,0.000000,0.000000,true,137.163000,13,711.434000,"{""bora001"":17,""bora002"":17,""bora003"":12,""bora004"":12}","{""bora001"":0.067164,""bora002"":0.044837,""bora003"":0.047548,""bora004"":0.013886}"
prism_cc_time,cluster_hetero,8,maddid0000018|maddid0000037|maddid0000056|mbackgroundid0000014|mbackgroundid0000016|mbackgroundid0000032|mbackgroundid0000033|mbackgroundid0000035|mbackgroundid0000052|mbackgroundid0000053|mbgmodelid0000012|mbgmodelid0000031|mbgmodelid0000050|mdifffitid0000006|mdifffitid0000008|mdifffitid0000024|mdifffitid0000043|mdifffitid0000044|mdifffitid0000045|mimgtblid0000036|mprojectid0000003|mprojectid0000004|mprojectid0000020|mprojectid0000021|mprojectid0000039|mprojectid0000040|mprojectid0000042|mviewerid0000038|mviewerid0000057,0.2,356.205000,0.000000,1.011473,344.126167,0.000000,12.079000,false,126.648000,14,760.123000,"{""bora005"":20,""bora006"":22,""diablo01"":6,""diablo02"":10}","{""bora005"":0.088185,""bora006"":0.028099,""diablo01"":0.012753,""diablo02"":0.013001}"
prism_cc_cost,cluster_hetero,8,maddid0000018|maddid0000037|maddid0000056|mbackgroundid0000014|mbackgroundid0000016|mbackgroundid0000032|mbackgroundid0000033|mbackgroundid0000035|mbackgroundid0000052|mbackgroundid0000053|mbgmodelid0000012|mbgmodelid0000031|mbgmodelid0000050|mdifffitid0000006|mdifffitid0000008|mdifffitid0000024|mdifffitid0000043|mdifffitid0000044|mdifffitid0000045|mimgtblid0000036|mprojectid0000003|mprojectid0000004|mprojectid0000020|mprojectid0000021|mprojectid0000039|mprojectid0000040|mprojectid0000042|mviewerid0000038|mviewerid0000057,0.2,356.205000,0.000000,1.011473,344.126167,0.000000,12.079000,false,126.648000,14,754.101000,"{""bora005"":20,""bora006"":22,""diablo01"":6,""diablo02"":10}","{""bora005"":0.088185,""bora006"":0.028099,""diablo01"":0.012753,""diablo02"":0.013001}"
prism_cc_time,cloud_homo,8,maddid0000018|maddid0000037|maddid0000056|mbackgroundid0000014|mbackgroundid0000016|mbackgroundid0000032|mbackgroundid0000033|mbackgroundid0000035|mbackgroundid0000052|mbackgroundid0000053|mbgmodelid0000012|mbgmodelid0000031|mbgmodelid0000050|mdifffitid0000006|mdifffitid0000008|mdifffitid0000024|mdifffitid0000043|mdifffitid0000044|mdifffitid0000045|mimgtblid0000036|mprojectid0000003|mprojectid0000004|mprojectid0000020|mprojectid0000021|mprojectid0000039|mprojectid0000040|mprojectid0000042|mviewerid0000038|mviewerid0000057,0.2,122.370000,0.520325,1.011473,344.126167,0.000000,0.000000,true,56.241000,36,1172.653000,"{""h4d-standard-192-1"":43,""h4d-standard-192-3"":15}","{""h4d-standard-192-1"":0.011851,""h4d-standard-192-2"":0,""h4d-standard-192-3"":0.009234,""h4d-standard-192-4"":0}"
prism_cc_cost,cloud_homo,8,maddid0000018|maddid0000037|maddid0000056|mbackgroundid0000014|mbackgroundid0000016|mbackgroundid0000032|mbackgroundid0000033|mbackgroundid0000035|mbackgroundid0000052|mbackgroundid0000053|mbgmodelid0000012|mbgmodelid0000031|mbgmodelid0000050|mdifffitid0000006|mdifffitid0000008|mdifffitid0000024|mdifffitid0000043|mdifffitid0000044|mdifffitid0000045|mimgtblid0000036|mprojectid0000003|mprojectid0000004|mprojectid0000020|mprojectid0000021|mprojectid0000039|mprojectid0000040|mprojectid0000042|mviewerid0000038|mviewerid0000057,0.2,122.370000,0.520325,1.011473,344.126167,0.000000,0.000000,true,56.241000,36,1111.148000,"{""h4d-standard-192-1"":43,""h4d-standard-192-3"":15}","{""h4d-standard-192-1"":0.011851,""h4d-standard-192-2"":0,""h4d-standard-192-3"":0.009234,""h4d-standard-192-4"":0}"
prism_cc_time,cloud_hetero,8,maddid0000018|maddid0000037|maddid0000056|mbackgroundid0000014|mbackgroundid0000016|mbackgroundid0000032|mbackgroundid0000033|mbackgroundid0000035|mbackgroundid0000052|mbackgroundid0000053|mbgmodelid0000012|mbgmodelid0000031|mbgmodelid0000050|mdifffitid0000006|mdifffitid0000008|mdifffitid0000024|mdifffitid0000043|mdifffitid0000044|mdifffitid0000045|mimgtblid0000036|mprojectid0000003|mprojectid0000004|mprojectid0000020|mprojectid0000021|mprojectid0000039|mprojectid0000040|mprojectid0000042|mviewerid0000038|mviewerid0000057,0.2,125.526000,0.587084,1.011473,344.126167,0.000000,0.000000,true,56.637000,36,1051.659000,"{""h4d-highmem-192-1"":45,""h4d-standard-192-1"":13}","{""h3-standard-88-1"":0,""h3-standard-88-2"":0,""h4d-highmem-192-1"":0.010326,""h4d-standard-192-1"":0.009814}"
prism_cc_cost,cloud_hetero,8,maddid0000018|maddid0000037|maddid0000056|mbackgroundid0000014|mbackgroundid0000016|mbackgroundid0000032|mbackgroundid0000033|mbackgroundid0000035|mbackgroundid0000052|mbackgroundid0000053|mbgmodelid0000012|mbgmodelid0000031|mbgmodelid0000050|mdifffitid0000006|mdifffitid0000008|mdifffitid0000024|mdifffitid0000043|mdifffitid0000044|mdifffitid0000045|mimgtblid0000036|mprojectid0000003|mprojectid0000004|mprojectid0000020|mprojectid0000021|mprojectid0000039|mprojectid0000040|mprojectid0000042|mviewerid0000038|mviewerid0000057,0.2,169.968000,0.398816,1.011473,344.126167,0.000000,0.000000,true,173.239000,79,991.650000,"{""h3-standard-88-2"":14,""h4d-standard-192-1"":44}","{""h3-standard-88-1"":0,""h3-standard-88-2"":0.001829,""h4d-highmem-192-1"":0,""h4d-standard-192-1"":0.017904}"
prism_cc_time,hybrid_homo,8,maddid0000018|maddid0000037|maddid0000056|mbackgroundid0000014|mbackgroundid0000016|mbackgroundid0000032|mbackgroundid0000033|mbackgroundid0000035|mbackgroundid0000052|mbackgroundid0000053|mbgmodelid0000012|mbgmodelid0000031|mbgmodelid0000050|mdifffitid0000006|mdifffitid0000008|mdifffitid0000024|mdifffitid0000043|mdifffitid0000044|mdifffitid0000045|mimgtblid0000036|mprojectid0000003|mprojectid0000004|mprojectid0000020|mprojectid0000021|mprojectid0000039|mprojectid0000040|mprojectid0000042|mviewerid0000038|mviewerid0000057,0.2,124.073000,0.371691,1.011473,344.126167,0.000000,0.000000,true,46.687000,19,961.328000,"{""bora009"":11,""bora010"":14,""h4d-standard-192-5"":17,""h4d-standard-192-6"":16}","{""bora009"":0.007082,""bora010"":0.00684,""h4d-standard-192-5"":0.008364,""h4d-standard-192-6"":0.008852}"
prism_cc_cost,hybrid_homo,8,maddid0000018|maddid0000037|maddid0000056|mbackgroundid0000014|mbackgroundid0000016|mbackgroundid0000032|mbackgroundid0000033|mbackgroundid0000035|mbackgroundid0000052|mbackgroundid0000053|mbgmodelid0000012|mbgmodelid0000031|mbgmodelid0000050|mdifffitid0000006|mdifffitid0000008|mdifffitid0000024|mdifffitid0000043|mdifffitid0000044|mdifffitid0000045|mimgtblid0000036|mprojectid0000003|mprojectid0000004|mprojectid0000020|mprojectid0000021|mprojectid0000039|mprojectid0000040|mprojectid0000042|mviewerid0000038|mviewerid0000057,0.2,314.286000,0.136440,1.011473,344.126167,0.000000,0.000000,true,75.359000,33,1008.818000,"{""bora009"":15,""bora010"":24,""h4d-standard-192-6"":19}","{""bora009"":0.023857,""bora010"":0.048582,""h4d-standard-192-5"":0,""h4d-standard-192-6"":0.004}"
prism_cc_time,hybrid_hetero,8,maddid0000018|maddid0000037|maddid0000056|mbackgroundid0000014|mbackgroundid0000016|mbackgroundid0000032|mbackgroundid0000033|mbackgroundid0000035|mbackgroundid0000052|mbackgroundid0000053|mbgmodelid0000012|mbgmodelid0000031|mbgmodelid0000050|mdifffitid0000006|mdifffitid0000008|mdifffitid0000024|mdifffitid0000043|mdifffitid0000044|mdifffitid0000045|mimgtblid0000036|mprojectid0000003|mprojectid0000004|mprojectid0000020|mprojectid0000021|mprojectid0000039|mprojectid0000040|mprojectid0000042|mviewerid0000038|mviewerid0000057,0.2,146.491000,0.552891,1.011473,344.126167,0.000000,0.000000,true,115.490000,28,890.383000,"{""bora011"":9,""diablo03"":9,""h3-standard-88-2"":6,""h4d-standard-192-7"":34}","{""bora011"":0.004658,""diablo03"":0.002154,""h3-standard-88-2"":0.002276,""h4d-standard-192-7"":0.016857}"
prism_cc_cost,hybrid_hetero,8,maddid0000018|maddid0000037|maddid0000056|mbackgroundid0000014|mbackgroundid0000016|mbackgroundid0000032|mbackgroundid0000033|mbackgroundid0000035|mbackgroundid0000052|mbackgroundid0000053|mbgmodelid0000012|mbgmodelid0000031|mbgmodelid0000050|mdifffitid0000006|mdifffitid0000008|mdifffitid0000024|mdifffitid0000043|mdifffitid0000044|mdifffitid0000045|mimgtblid0000036|mprojectid0000003|mprojectid0000004|mprojectid0000020|mprojectid0000021|mprojectid0000039|mprojectid0000040|mprojectid0000042|mviewerid0000038|mviewerid0000057,0.2,330.549000,0.136440,1.011473,344.126167,0.000000,0.000000,true,75.629000,32,901.117000,"{""bora011"":19,""diablo03"":20,""h4d-standard-192-7"":19}","{""bora011"":0.045674,""diablo03"":0.016193,""h3-standard-88-2"":0,""h4d-standard-192-7"":0.003803}"
prism_cc_time,cluster_homo,9,maddid0000037|mbackgroundid0000013|mbackgroundid0000016|mbackgroundid0000032|mbackgroundid0000033|mbackgroundid0000052|mbackgroundid0000053|mbackgroundid0000054|mbgmodelid0000012|mbgmodelid0000031|mconcatfitid0000011|mconcatfitid0000030|mdifffitid0000005|mdifffitid0000008|mdifffitid0000009|mdifffitid0000010|mdifffitid0000028|mdifffitid0000029|mdifffitid0000046|mimgtblid0000055|mprojectid0000003|mprojectid0000004|mprojectid0000020|mprojectid0000022|mprojectid0000023|mprojectid0000040|mprojectid0000042|mviewerid0000038|mviewerid0000057,0.2,312.076000,0.000000,1.011473,344.126167,0.000000,0.000000,true,123.553000,11,691.442000,"{""bora001"":17,""bora002"":18,""bora003"":12,""bora004"":11}","{""bora001"":0.086902,""bora002"":0.045696,""bora003"":0.032279,""bora004"":0.009006}"
prism_cc_cost,cluster_homo,9,maddid0000037|mbackgroundid0000013|mbackgroundid0000016|mbackgroundid0000032|mbackgroundid0000033|mbackgroundid0000052|mbackgroundid0000053|mbackgroundid0000054|mbgmodelid0000012|mbgmodelid0000031|mconcatfitid0000011|mconcatfitid0000030|mdifffitid0000005|mdifffitid0000008|mdifffitid0000009|mdifffitid0000010|mdifffitid0000028|mdifffitid0000029|mdifffitid0000046|mimgtblid0000055|mprojectid0000003|mprojectid0000004|mprojectid0000020|mprojectid0000022|mprojectid0000023|mprojectid0000040|mprojectid0000042|mviewerid0000038|mviewerid0000057,0.2,312.076000,0.000000,1.011473,344.126167,0.000000,0.000000,true,123.553000,11,702.304000,"{""bora001"":17,""bora002"":18,""bora003"":12,""bora004"":11}","{""bora001"":0.086902,""bora002"":0.045696,""bora003"":0.032279,""bora004"":0.009006}"
prism_cc_time,cluster_hetero,9,maddid0000037|mbackgroundid0000013|mbackgroundid0000016|mbackgroundid0000032|mbackgroundid0000033|mbackgroundid0000052|mbackgroundid0000053|mbackgroundid0000054|mbgmodelid0000012|mbgmodelid0000031|mconcatfitid0000011|mconcatfitid0000030|mdifffitid0000005|mdifffitid0000008|mdifffitid0000009|mdifffitid0000010|mdifffitid0000028|mdifffitid0000029|mdifffitid0000046|mimgtblid0000055|mprojectid0000003|mprojectid0000004|mprojectid0000020|mprojectid0000022|mprojectid0000023|mprojectid0000040|mprojectid0000042|mviewerid0000038|mviewerid0000057,0.2,356.448000,0.000000,1.011473,344.126167,0.000000,12.322000,false,145.623000,11,801.829000,"{""bora005"":18,""bora006"":21,""diablo01"":9,""diablo02"":10}","{""bora005"":0.091956,""bora006"":0.029152,""diablo01"":0.01001,""diablo02"":0.012899}"
prism_cc_cost,cluster_hetero,9,maddid0000037|mbackgroundid0000013|mbackgroundid0000016|mbackgroundid0000032|mbackgroundid0000033|mbackgroundid0000052|mbackgroundid0000053|mbackgroundid0000054|mbgmodelid0000012|mbgmodelid0000031|mconcatfitid0000011|mconcatfitid0000030|mdifffitid0000005|mdifffitid0000008|mdifffitid0000009|mdifffitid0000010|mdifffitid0000028|mdifffitid0000029|mdifffitid0000046|mimgtblid0000055|mprojectid0000003|mprojectid0000004|mprojectid0000020|mprojectid0000022|mprojectid0000023|mprojectid0000040|mprojectid0000042|mviewerid0000038|mviewerid0000057,0.2,356.448000,0.000000,1.011473,344.126167,0.000000,12.322000,false,145.623000,11,766.913000,"{""bora005"":18,""bora006"":21,""diablo01"":9,""diablo02"":10}","{""bora005"":0.091956,""bora006"":0.029152,""diablo01"":0.01001,""diablo02"":0.012899}"
prism_cc_time,cloud_homo,9,maddid0000037|mbackgroundid0000013|mbackgroundid0000016|mbackgroundid0000032|mbackgroundid0000033|mbackgroundid0000052|mbackgroundid0000053|mbackgroundid0000054|mbgmodelid0000012|mbgmodelid0000031|mconcatfitid0000011|mconcatfitid0000030|mdifffitid0000005|mdifffitid0000008|mdifffitid0000009|mdifffitid0000010|mdifffitid0000028|mdifffitid0000029|mdifffitid0000046|mimgtblid0000055|mprojectid0000003|mprojectid0000004|mprojectid0000020|mprojectid0000022|mprojectid0000023|mprojectid0000040|mprojectid0000042|mviewerid0000038|mviewerid0000057,0.2,114.812000,0.867040,1.011473,344.126167,0.000000,0.000000,true,35.658000,14,1116.780000,"{""h4d-standard-192-1"":23,""h4d-standard-192-2"":29,""h4d-standard-192-3"":6}","{""h4d-standard-192-1"":0.011156,""h4d-standard-192-2"":0.005478,""h4d-standard-192-3"":0.002541,""h4d-standard-192-4"":0}"
prism_cc_cost,cloud_homo,9,maddid0000037|mbackgroundid0000013|mbackgroundid0000016|mbackgroundid0000032|mbackgroundid0000033|mbackgroundid0000052|mbackgroundid0000053|mbackgroundid0000054|mbgmodelid0000012|mbgmodelid0000031|mconcatfitid0000011|mconcatfitid0000030|mdifffitid0000005|mdifffitid0000008|mdifffitid0000009|mdifffitid0000010|mdifffitid0000028|mdifffitid0000029|mdifffitid0000046|mimgtblid0000055|mprojectid0000003|mprojectid0000004|mprojectid0000020|mprojectid0000022|mprojectid0000023|mprojectid0000040|mprojectid0000042|mviewerid0000038|mviewerid0000057,0.2,120.926000,0.450604,1.011473,344.126167,0.000000,0.000000,true,75.701000,47,1054.914000,"{""h4d-standard-192-1"":3,""h4d-standard-192-3"":55}","{""h4d-standard-192-1"":0.003957,""h4d-standard-192-2"":0,""h4d-standard-192-3"":0.018431,""h4d-standard-192-4"":0}"
prism_cc_time,cloud_hetero,9,maddid0000037|mbackgroundid0000013|mbackgroundid0000016|mbackgroundid0000032|mbackgroundid0000033|mbackgroundid0000052|mbackgroundid0000053|mbackgroundid0000054|mbgmodelid0000012|mbgmodelid0000031|mconcatfitid0000011|mconcatfitid0000030|mdifffitid0000005|mdifffitid0000008|mdifffitid0000009|mdifffitid0000010|mdifffitid0000028|mdifffitid0000029|mdifffitid0000046|mimgtblid0000055|mprojectid0000003|mprojectid0000004|mprojectid0000020|mprojectid0000022|mprojectid0000023|mprojectid0000040|mprojectid0000042|mviewerid0000038|mviewerid0000057,0.2,120.853000,0.504464,1.011473,344.126167,0.000000,0.000000,true,72.894000,40,1047.931000,"{""h4d-highmem-192-1"":52,""h4d-standard-192-1"":6}","{""h3-standard-88-1"":0,""h3-standard-88-2"":0,""h4d-highmem-192-1"":0.016356,""h4d-standard-192-1"":0.005186}"
prism_cc_cost,cloud_hetero,9,maddid0000037|mbackgroundid0000013|mbackgroundid0000016|mbackgroundid0000032|mbackgroundid0000033|mbackgroundid0000052|mbackgroundid0000053|mbackgroundid0000054|mbgmodelid0000012|mbgmodelid0000031|mconcatfitid0000011|mconcatfitid0000030|mdifffitid0000005|mdifffitid0000008|mdifffitid0000009|mdifffitid0000010|mdifffitid0000028|mdifffitid0000029|mdifffitid0000046|mimgtblid0000055|mprojectid0000003|mprojectid0000004|mprojectid0000020|mprojectid0000022|mprojectid0000023|mprojectid0000040|mprojectid0000042|mviewerid0000038|mviewerid0000057,0.2,171.614000,0.415614,1.011473,344.126167,0.000000,0.000000,true,169.852000,71,1011.417000,"{""h3-standard-88-2"":16,""h4d-standard-192-1"":42}","{""h3-standard-88-1"":0,""h3-standard-88-2"":0.002117,""h4d-highmem-192-1"":0,""h4d-standard-192-1"":0.017429}"
prism_cc_time,hybrid_homo,9,maddid0000037|mbackgroundid0000013|mbackgroundid0000016|mbackgroundid0000032|mbackgroundid0000033|mbackgroundid0000052|mbackgroundid0000053|mbackgroundid0000054|mbgmodelid0000012|mbgmodelid0000031|mconcatfitid0000011|mconcatfitid0000030|mdifffitid0000005|mdifffitid0000008|mdifffitid0000009|mdifffitid0000010|mdifffitid0000028|mdifffitid0000029|mdifffitid0000046|mimgtblid0000055|mprojectid0000003|mprojectid0000004|mprojectid0000020|mprojectid0000022|mprojectid0000023|mprojectid0000040|mprojectid0000042|mviewerid0000038|mviewerid0000057,0.2,124.316000,0.451642,1.011473,344.126167,0.000000,0.000000,true,57.057000,21,941.513000,"{""bora009"":11,""bora010"":14,""h4d-standard-192-5"":22,""h4d-standard-192-6"":11}","{""bora009"":0.007008,""bora010"":0.00675,""h4d-standard-192-5"":0.008342,""h4d-standard-192-6"":0.009281}"
prism_cc_cost,hybrid_homo,9,maddid0000037|mbackgroundid0000013|mbackgroundid0000016|mbackgroundid0000032|mbackgroundid0000033|mbackgroundid0000052|mbackgroundid0000053|mbackgroundid0000054|mbgmodelid0000012|mbgmodelid0000031|mconcatfitid0000011|mconcatfitid0000030|mdifffitid0000005|mdifffitid0000008|mdifffitid0000009|mdifffitid0000010|mdifffitid0000028|mdifffitid0000029|mdifffitid0000046|mimgtblid0000055|mprojectid0000003|mprojectid0000004|mprojectid0000020|mprojectid0000022|mprojectid0000023|mprojectid0000040|mprojectid0000042|mviewerid0000038|mviewerid0000057,0.2,273.788000,0.153916,1.011473,344.126167,0.000000,0.000000,true,63.366000,35,985.583000,"{""bora009"":15,""bora010"":25,""h4d-standard-192-6"":18}","{""bora009"":0.026805,""bora010"":0.029719,""h4d-standard-192-5"":0,""h4d-standard-192-6"":0.005984}"
prism_cc_time,hybrid_hetero,9,maddid0000037|mbackgroundid0000013|mbackgroundid0000016|mbackgroundid0000032|mbackgroundid0000033|mbackgroundid0000052|mbackgroundid0000053|mbackgroundid0000054|mbgmodelid0000012|mbgmodelid0000031|mconcatfitid0000011|mconcatfitid0000030|mdifffitid0000005|mdifffitid0000008|mdifffitid0000009|mdifffitid0000010|mdifffitid0000028|mdifffitid0000029|mdifffitid0000046|mimgtblid0000055|mprojectid0000003|mprojectid0000004|mprojectid0000020|mprojectid0000022|mprojectid0000023|mprojectid0000040|mprojectid0000042|mviewerid0000038|mviewerid0000057,0.2,146.491000,0.578067,1.011473,344.126167,0.000000,0.000000,true,113.127000,35,895.486000,"{""bora011"":9,""diablo03"":6,""h3-standard-88-2"":8,""h4d-standard-192-7"":35}","{""bora011"":0.004532,""diablo03"":0.001248,""h3-standard-88-2"":0.003238,""h4d-standard-192-7"":0.016731}"
prism_cc_cost,hybrid_hetero,9,maddid0000037|mbackgroundid0000013|mbackgroundid0000016|mbackgroundid0000032|mbackgroundid0000033|mbackgroundid0000052|mbackgroundid0000053|mbackgroundid0000054|mbgmodelid0000012|mbgmodelid0000031|mconcatfitid0000011|mconcatfitid0000030|mdifffitid0000005|mdifffitid0000008|mdifffitid0000009|mdifffitid0000010|mdifffitid0000028|mdifffitid0000029|mdifffitid0000046|mimgtblid0000055|mprojectid0000003|mprojectid0000004|mprojectid0000020|mprojectid0000022|mprojectid0000023|mprojectid0000040|mprojectid0000042|mviewerid0000038|mviewerid0000057,0.2,326.502000,0.153918,1.011473,344.126167,0.000000,0.000000,true,64.595000,36,888.243000,"{""bora011"":18,""diablo03"":21,""h4d-standard-192-7"":19}","{""bora011"":0.024166,""diablo03"":0.015886,""h3-standard-88-2"":0,""h4d-standard-192-7"":0.005066}"
prism_cc_time,cluster_homo,10,maddid0000018|maddid0000056|mbackgroundid0000013|mbackgroundid0000015|mbackgroundid0000016|mbackgroundid0000034|mbackgroundid0000052|mbackgroundid0000053|mbackgroundid0000054|mbgmodelid0000012|mbgmodelid0000031|mconcatfitid0000011|mconcatfitid0000049|mdifffitid0000006|mdifffitid0000026|mdifffitid0000027|mdifffitid0000044|mdifffitid0000045|mdifffitid0000046|mimgtblid0000017|mprojectid0000001|mprojectid0000003|mprojectid0000020|mprojectid0000021|mprojectid0000039|mprojectid0000041|mprojectid0000042|mviewerid0000019|mviewerid0000038,0.2,314.025000,0.000000,1.011473,344.126167,0.000000,0.000000,true,111.527000,7,674.781000,"{""bora001"":14,""bora002"":19,""bora003"":12,""bora004"":13}","{""bora001"":0.057092,""bora002"":0.064773,""bora003"":0.035648,""bora004"":0.013996}"
prism_cc_cost,cluster_homo,10,maddid0000018|maddid0000056|mbackgroundid0000013|mbackgroundid0000015|mbackgroundid0000016|mbackgroundid0000034|mbackgroundid0000052|mbackgroundid0000053|mbackgroundid0000054|mbgmodelid0000012|mbgmodelid0000031|mconcatfitid0000011|mconcatfitid0000049|mdifffitid0000006|mdifffitid0000026|mdifffitid0000027|mdifffitid0000044|mdifffitid0000045|mdifffitid0000046|mimgtblid0000017|mprojectid0000001|mprojectid0000003|mprojectid0000020|mprojectid0000021|mprojectid0000039|mprojectid0000041|mprojectid0000042|mviewerid0000019|mviewerid0000038,0.2,314.025000,0.000000,1.011473,344.126167,0.000000,0.000000,true,111.527000,7,681.382000,"{""bora001"":14,""bora002"":19,""bora003"":12,""bora004"":13}","{""bora001"":0.057092,""bora002"":0.064773,""bora003"":0.035648,""bora004"":0.013996}"
prism_cc_time,cluster_hetero,10,maddid0000018|maddid0000056|mbackgroundid0000013|mbackgroundid0000015|mbackgroundid0000016|mbackgroundid0000034|mbackgroundid0000052|mbackgroundid0000053|mbackgroundid0000054|mbgmodelid0000012|mbgmodelid0000031|mconcatfitid0000011|mconcatfitid0000049|mdifffitid0000006|mdifffitid0000026|mdifffitid0000027|mdifffitid0000044|mdifffitid0000045|mdifffitid0000046|mimgtblid0000017|mprojectid0000001|mprojectid0000003|mprojectid0000020|mprojectid0000021|mprojectid0000039|mprojectid0000041|mprojectid0000042|mviewerid0000019|mviewerid0000038,0.2,326.680000,0.000000,1.011473,344.126167,0.000000,0.000000,true,72.302000,10,746.725000,"{""bora005"":21,""bora006"":22,""diablo01"":7,""diablo02"":8}","{""bora005"":0.07321,""bora006"":0.048441,""diablo01"":0.014261,""diablo02"":0.013991}"
prism_cc_cost,cluster_hetero,10,maddid0000018|maddid0000056|mbackgroundid0000013|mbackgroundid0000015|mbackgroundid0000016|mbackgroundid0000034|mbackgroundid0000052|mbackgroundid0000053|mbackgroundid0000054|mbgmodelid0000012|mbgmodelid0000031|mconcatfitid0000011|mconcatfitid0000049|mdifffitid0000006|mdifffitid0000026|mdifffitid0000027|mdifffitid0000044|mdifffitid0000045|mdifffitid0000046|mimgtblid0000017|mprojectid0000001|mprojectid0000003|mprojectid0000020|mprojectid0000021|mprojectid0000039|mprojectid0000041|mprojectid0000042|mviewerid0000019|mviewerid0000038,0.2,326.680000,0.000000,1.011473,344.126167,0.000000,0.000000,true,72.302000,10,739.042000,"{""bora005"":21,""bora006"":22,""diablo01"":7,""diablo02"":8}","{""bora005"":0.07321,""bora006"":0.048441,""diablo01"":0.014261,""diablo02"":0.013991}"
prism_cc_time,cloud_homo,10,maddid0000018|maddid0000056|mbackgroundid0000013|mbackgroundid0000015|mbackgroundid0000016|mbackgroundid0000034|mbackgroundid0000052|mbackgroundid0000053|mbackgroundid0000054|mbgmodelid0000012|mbgmodelid0000031|mconcatfitid0000011|mconcatfitid0000049|mdifffitid0000006|mdifffitid0000026|mdifffitid0000027|mdifffitid0000044|mdifffitid0000045|mdifffitid0000046|mimgtblid0000017|mprojectid0000001|mprojectid0000003|mprojectid0000020|mprojectid0000021|mprojectid0000039|mprojectid0000041|mprojectid0000042|mviewerid0000019|mviewerid0000038,0.2,101.888000,0.999059,1.011473,344.126167,0.000000,0.000000,true,10.656000,8,1078.242000,"{""h4d-standard-192-1"":14,""h4d-standard-192-2"":28,""h4d-standard-192-3"":11,""h4d-standard-192-4"":5}","{""h4d-standard-192-1"":0.002939,""h4d-standard-192-2"":0.008356,""h4d-standard-192-3"":0.005438,""h4d-standard-192-4"":0.003304}"
prism_cc_cost,cloud_homo,10,maddid0000018|maddid0000056|mbackgroundid0000013|mbackgroundid0000015|mbackgroundid0000016|mbackgroundid0000034|mbackgroundid0000052|mbackgroundid0000053|mbackgroundid0000054|mbgmodelid0000012|mbgmodelid0000031|mconcatfitid0000011|mconcatfitid0000049|mdifffitid0000006|mdifffitid0000026|mdifffitid0000027|mdifffitid0000044|mdifffitid0000045|mdifffitid0000046|mimgtblid0000017|mprojectid0000001|mprojectid0000003|mprojectid0000020|mprojectid0000021|mprojectid0000039|mprojectid0000041|mprojectid0000042|mviewerid0000019|mviewerid0000038,0.2,118.564000,0.512742,1.011473,344.126167,0.000000,0.000000,true,52.028000,34,1085.309000,"{""h4d-standard-192-1"":16,""h4d-standard-192-4"":42}","{""h4d-standard-192-1"":0.011055,""h4d-standard-192-2"":0,""h4d-standard-192-3"":0,""h4d-standard-192-4"":0.00984}"
prism_cc_time,cloud_hetero,10,maddid0000018|maddid0000056|mbackgroundid0000013|mbackgroundid0000015|mbackgroundid0000016|mbackgroundid0000034|mbackgroundid0000052|mbackgroundid0000053|mbackgroundid0000054|mbgmodelid0000012|mbgmodelid0000031|mconcatfitid0000011|mconcatfitid0000049|mdifffitid0000006|mdifffitid0000026|mdifffitid0000027|mdifffitid0000044|mdifffitid0000045|mdifffitid0000046|mimgtblid0000017|mprojectid0000001|mprojectid0000003|mprojectid0000020|mprojectid0000021|mprojectid0000039|mprojectid0000041|mprojectid0000042|mviewerid0000019|mviewerid0000038,0.2,130.346000,0.562625,1.011473,344.126167,0.000000,0.000000,true,48.692000,31,1022.611000,"{""h4d-highmem-192-1"":17,""h4d-standard-192-1"":41}","{""h3-standard-88-1"":0,""h3-standard-88-2"":0,""h4d-highmem-192-1"":0.009969,""h4d-standard-192-1"":0.009362}"
prism_cc_cost,cloud_hetero,10,maddid0000018|maddid0000056|mbackgroundid0000013|mbackgroundid0000015|mbackgroundid0000016|mbackgroundid0000034|mbackgroundid0000052|mbackgroundid0000053|mbackgroundid0000054|mbgmodelid0000012|mbgmodelid0000031|mconcatfitid0000011|mconcatfitid0000049|mdifffitid0000006|mdifffitid0000026|mdifffitid0000027|mdifffitid0000044|mdifffitid0000045|mdifffitid0000046|mimgtblid0000017|mprojectid0000001|mprojectid0000003|mprojectid0000020|mprojectid0000021|mprojectid0000039|mprojectid0000041|mprojectid0000042|mviewerid0000019|mviewerid0000038,0.2,161.640000,0.506114,1.011473,344.126167,0.000000,0.000000,true,71.703000,49,1052.791000,"{""h3-standard-88-1"":43,""h4d-standard-192-1"":15}","{""h3-standard-88-1"":0.027023,""h3-standard-88-2"":0,""h4d-highmem-192-1"":0,""h4d-standard-192-1"":0.008055}"
prism_cc_time,hybrid_homo,10,maddid0000018|maddid0000056|mbackgroundid0000013|mbackgroundid0000015|mbackgroundid0000016|mbackgroundid0000034|mbackgroundid0000052|mbackgroundid0000053|mbackgroundid0000054|mbgmodelid0000012|mbgmodelid0000031|mconcatfitid0000011|mconcatfitid0000049|mdifffitid0000006|mdifffitid0000026|mdifffitid0000027|mdifffitid0000044|mdifffitid0000045|mdifffitid0000046|mimgtblid0000017|mprojectid0000001|mprojectid0000003|mprojectid0000020|mprojectid0000021|mprojectid0000039|mprojectid0000041|mprojectid0000042|mviewerid0000019|mviewerid0000038,0.2,119.676000,0.371899,1.011473,344.126167,0.000000,0.000000,true,47.342000,22,1043.124000,"{""bora009"":13,""bora010"":18,""h4d-standard-192-5"":12,""h4d-standard-192-6"":15}","{""bora009"":0.010208,""bora010"":0.011565,""h4d-standard-192-5"":0.010812,""h4d-standard-192-6"":0.006795}"
prism_cc_cost,hybrid_homo,10,maddid0000018|maddid0000056|mbackgroundid0000013|mbackgroundid0000015|mbackgroundid0000016|mbackgroundid0000034|mbackgroundid0000052|mbackgroundid0000053|mbackgroundid0000054|mbgmodelid0000012|mbgmodelid0000031|mconcatfitid0000011|mconcatfitid0000049|mdifffitid0000006|mdifffitid0000026|mdifffitid0000027|mdifffitid0000044|mdifffitid0000045|mdifffitid0000046|mimgtblid0000017|mprojectid0000001|mprojectid0000003|mprojectid0000020|mprojectid0000021|mprojectid0000039|mprojectid0000041|mprojectid0000042|mviewerid0000019|mviewerid0000038,0.2,274.842000,0.136439,1.011473,344.126167,0.000000,0.000000,true,44.704000,29,961.415000,"{""bora009"":17,""bora010"":22,""h4d-standard-192-6"":19}","{""bora009"":0.028108,""bora010"":0.028428,""h4d-standard-192-5"":0,""h4d-standard-192-6"":0.00553}"
prism_cc_time,hybrid_hetero,10,maddid0000018|maddid0000056|mbackgroundid0000013|mbackgroundid0000015|mbackgroundid0000016|mbackgroundid0000034|mbackgroundid0000052|mbackgroundid0000053|mbackgroundid0000054|mbgmodelid0000012|mbgmodelid0000031|mconcatfitid0000011|mconcatfitid0000049|mdifffitid0000006|mdifffitid0000026|mdifffitid0000027|mdifffitid0000044|mdifffitid0000045|mdifffitid0000046|mimgtblid0000017|mprojectid0000001|mprojectid0000003|mprojectid0000020|mprojectid0000021|mprojectid0000039|mprojectid0000041|mprojectid0000042|mviewerid0000019|mviewerid0000038,0.2,146.491000,0.560488,1.011473,344.126167,0.000000,0.000000,true,101.279000,34,846.913000,"{""bora011"":8,""diablo03"":6,""h3-standard-88-2"":5,""h4d-standard-192-7"":39}","{""bora011"":0.003964,""diablo03"":0.001285,""h3-standard-88-2"":0.002268,""h4d-standard-192-7"":0.016599}"
prism_cc_cost,hybrid_hetero,10,maddid0000018|maddid0000056|mbackgroundid0000013|mbackgroundid0000015|mbackgroundid0000016|mbackgroundid0000034|mbackgroundid0000052|mbackgroundid0000053|mbackgroundid0000054|mbgmodelid0000012|mbgmodelid0000031|mconcatfitid0000011|mconcatfitid0000049|mdifffitid0000006|mdifffitid0000026|mdifffitid0000027|mdifffitid0000044|mdifffitid0000045|mdifffitid0000046|mimgtblid0000017|mprojectid0000001|mprojectid0000003|mprojectid0000020|mprojectid0000021|mprojectid0000039|mprojectid0000041|mprojectid0000042|mviewerid0000019|mviewerid0000038,0.2,330.549000,0.136439,1.011473,344.126167,0.000000,0.000000,true,45.214000,29,841.775000,"{""bora011"":19,""diablo03"":19,""h4d-standard-192-7"":20}","{""bora011"":0.023944,""diablo03"":0.015715,""h3-standard-88-2"":0,""h4d-standard-192-7"":0.004645}"
prism_cc_time,cluster_homo,11,maddid0000018|maddid0000037|mbackgroundid0000014|mbackgroundid0000032|mbackgroundid0000034|mbackgroundid0000053|mbackgroundid0000054|mbgmodelid0000031|mconcatfitid0000030|mconcatfitid0000049|mdifffitid0000005|mdifffitid0000006|mdifffitid0000009|mdifffitid0000010|mdifffitid0000026|mdifffitid0000029|mdifffitid0000045|mdifffitid0000047|mdifffitid0000048|mimgtblid0000017|mprojectid0000001|mprojectid0000002|mprojectid0000003|mprojectid0000021|mprojectid0000039|mprojectid0000041|mprojectid0000042|mviewerid0000019|mviewerid0000038,0.2,313.782000,0.000000,1.011473,344.126167,0.000000,0.000000,true,114.114000,11,708.363000,"{""bora001"":17,""bora002"":18,""bora003"":11,""bora004"":12}","{""bora001"":0.041968,""bora002"":0.08099,""bora003"":0.033649,""bora004"":0.015398}"
prism_cc_cost,cluster_homo,11,maddid0000018|maddid0000037|mbackgroundid0000014|mbackgroundid0000032|mbackgroundid0000034|mbackgroundid0000053|mbackgroundid0000054|mbgmodelid0000031|mconcatfitid0000030|mconcatfitid0000049|mdifffitid0000005|mdifffitid0000006|mdifffitid0000009|mdifffitid0000010|mdifffitid0000026|mdifffitid0000029|mdifffitid0000045|mdifffitid0000047|mdifffitid0000048|mimgtblid0000017|mprojectid0000001|mprojectid0000002|mprojectid0000003|mprojectid0000021|mprojectid0000039|mprojectid0000041|mprojectid0000042|mviewerid0000019|mviewerid0000038,0.2,313.782000,0.000000,1.011473,344.126167,0.000000,0.000000,true,114.114000,11,692.724000,"{""bora001"":17,""bora002"":18,""bora003"":11,""bora004"":12}","{""bora001"":0.041968,""bora002"":0.08099,""bora003"":0.033649,""bora004"":0.015398}"
prism_cc_time,cluster_hetero,11,maddid0000018|maddid0000037|mbackgroundid0000014|mbackgroundid0000032|mbackgroundid0000034|mbackgroundid0000053|mbackgroundid0000054|mbgmodelid0000031|mconcatfitid0000030|mconcatfitid0000049|mdifffitid0000005|mdifffitid0000006|mdifffitid0000009|mdifffitid0000010|mdifffitid0000026|mdifffitid0000029|mdifffitid0000045|mdifffitid0000047|mdifffitid0000048|mimgtblid0000017|mprojectid0000001|mprojectid0000002|mprojectid0000003|mprojectid0000021|mprojectid0000039|mprojectid0000041|mprojectid0000042|mviewerid0000019|mviewerid0000038,0.2,326.437000,0.000000,1.011473,344.126167,0.000000,0.000000,true,75.130000,12,742.606000,"{""bora005"":20,""bora006"":23,""diablo01"":6,""diablo02"":9}","{""bora005"":0.074942,""bora006"":0.04733,""diablo01"":0.014163,""diablo02"":0.014165}"
prism_cc_cost,cluster_hetero,11,maddid0000018|maddid0000037|mbackgroundid0000014|mbackgroundid0000032|mbackgroundid0000034|mbackgroundid0000053|mbackgroundid0000054|mbgmodelid0000031|mconcatfitid0000030|mconcatfitid0000049|mdifffitid0000005|mdifffitid0000006|mdifffitid0000009|mdifffitid0000010|mdifffitid0000026|mdifffitid0000029|mdifffitid0000045|mdifffitid0000047|mdifffitid0000048|mimgtblid0000017|mprojectid0000001|mprojectid0000002|mprojectid0000003|mprojectid0000021|mprojectid0000039|mprojectid0000041|mprojectid0000042|mviewerid0000019|mviewerid0000038,0.2,326.437000,0.000000,1.011473,344.126167,0.000000,0.000000,true,75.130000,12,739.850000,"{""bora005"":20,""bora006"":23,""diablo01"":6,""diablo02"":9}","{""bora005"":0.074942,""bora006"":0.04733,""diablo01"":0.014163,""diablo02"":0.014165}"
prism_cc_time,cloud_homo,11,maddid0000018|maddid0000037|mbackgroundid0000014|mbackgroundid0000032|mbackgroundid0000034|mbackgroundid0000053|mbackgroundid0000054|mbgmodelid0000031|mconcatfitid0000030|mconcatfitid0000049|mdifffitid0000005|mdifffitid0000006|mdifffitid0000009|mdifffitid0000010|mdifffitid0000026|mdifffitid0000029|mdifffitid0000045|mdifffitid0000047|mdifffitid0000048|mimgtblid0000017|mprojectid0000001|mprojectid0000002|mprojectid0000003|mprojectid0000021|mprojectid0000039|mprojectid0000041|mprojectid0000042|mviewerid0000019|mviewerid0000038,0.2,101.689000,0.985087,1.011473,344.126167,0.000000,0.000000,true,11.810000,12,1115.796000,"{""h4d-standard-192-1"":14,""h4d-standard-192-2"":30,""h4d-standard-192-3"":11,""h4d-standard-192-4"":3}","{""h4d-standard-192-1"":0.002931,""h4d-standard-192-2"":0.009674,""h4d-standard-192-3"":0.00549,""h4d-standard-192-4"":0.002141}"
prism_cc_cost,cloud_homo,11,maddid0000018|maddid0000037|mbackgroundid0000014|mbackgroundid0000032|mbackgroundid0000034|mbackgroundid0000053|mbackgroundid0000054|mbgmodelid0000031|mconcatfitid0000030|mconcatfitid0000049|mdifffitid0000005|mdifffitid0000006|mdifffitid0000009|mdifffitid0000010|mdifffitid0000026|mdifffitid0000029|mdifffitid0000045|mdifffitid0000047|mdifffitid0000048|mimgtblid0000017|mprojectid0000001|mprojectid0000002|mprojectid0000003|mprojectid0000021|mprojectid0000039|mprojectid0000041|mprojectid0000042|mviewerid0000019|mviewerid0000038,0.2,117.830000,0.511133,1.011473,344.126167,0.000000,0.000000,true,53.400000,37,1119.178000,"{""h4d-standard-192-1"":16,""h4d-standard-192-4"":42}","{""h4d-standard-192-1"":0.011248,""h4d-standard-192-2"":0,""h4d-standard-192-3"":0,""h4d-standard-192-4"":0.009838}"
prism_cc_time,cloud_hetero,11,maddid0000018|maddid0000037|mbackgroundid0000014|mbackgroundid0000032|mbackgroundid0000034|mbackgroundid0000053|mbackgroundid0000054|mbgmodelid0000031|mconcatfitid0000030|mconcatfitid0000049|mdifffitid0000005|mdifffitid0000006|mdifffitid0000009|mdifffitid0000010|mdifffitid0000026|mdifffitid0000029|mdifffitid0000045|mdifffitid0000047|mdifffitid0000048|mimgtblid0000017|mprojectid0000001|mprojectid0000002|mprojectid0000003|mprojectid0000021|mprojectid0000039|mprojectid0000041|mprojectid0000042|mviewerid0000019|mviewerid0000038,0.2,129.872000,0.559065,1.011473,344.126167,0.000000,0.000000,true,49.243000,33,1015.192000,"{""h4d-highmem-192-1"":16,""h4d-standard-192-1"":42}","{""h3-standard-88-1"":0,""h3-standard-88-2"":0,""h4d-highmem-192-1"":0.009995,""h4d-standard-192-1"":0.009442}"
prism_cc_cost,cloud_hetero,11,maddid0000018|maddid0000037|mbackgroundid0000014|mbackgroundid0000032|mbackgroundid0000034|mbackgroundid0000053|mbackgroundid0000054|mbgmodelid0000031|mconcatfitid0000030|mconcatfitid0000049|mdifffitid0000005|mdifffitid0000006|mdifffitid0000009|mdifffitid0000010|mdifffitid0000026|mdifffitid0000029|mdifffitid0000045|mdifffitid0000047|mdifffitid0000048|mimgtblid0000017|mprojectid0000001|mprojectid0000002|mprojectid0000003|mprojectid0000021|mprojectid0000039|mprojectid0000041|mprojectid0000042|mviewerid0000019|mviewerid0000038,0.2,162.068000,0.506698,1.011473,344.126167,0.000000,0.000000,true,69.701000,49,1002.299000,"{""h3-standard-88-1"":43,""h4d-standard-192-1"":15}","{""h3-standard-88-1"":0.026831,""h3-standard-88-2"":0,""h4d-highmem-192-1"":0,""h4d-standard-192-1"":0.008024}"
prism_cc_time,hybrid_homo,11,maddid0000018|maddid0000037|mbackgroundid0000014|mbackgroundid0000032|mbackgroundid0000034|mbackgroundid0000053|mbackgroundid0000054|mbgmodelid0000031|mconcatfitid0000030|mconcatfitid0000049|mdifffitid0000005|mdifffitid0000006|mdifffitid0000009|mdifffitid0000010|mdifffitid0000026|mdifffitid0000029|mdifffitid0000045|mdifffitid0000047|mdifffitid0000048|mimgtblid0000017|mprojectid0000001|mprojectid0000002|mprojectid0000003|mprojectid0000021|mprojectid0000039|mprojectid0000041|mprojectid0000042|mviewerid0000019|mviewerid0000038,0.2,124.404000,0.385648,1.011473,344.126167,0.000000,0.000000,true,39.843000,18,979.181000,"{""bora009"":12,""bora010"":12,""h4d-standard-192-5"":18,""h4d-standard-192-6"":16}","{""bora009"":0.007254,""bora010"":0.00625,""h4d-standard-192-5"":0.006561,""h4d-standard-192-6"":0.010213}"
prism_cc_cost,hybrid_homo,11,maddid0000018|maddid0000037|mbackgroundid0000014|mbackgroundid0000032|mbackgroundid0000034|mbackgroundid0000053|mbackgroundid0000054|mbgmodelid0000031|mconcatfitid0000030|mconcatfitid0000049|mdifffitid0000005|mdifffitid0000006|mdifffitid0000009|mdifffitid0000010|mdifffitid0000026|mdifffitid0000029|mdifffitid0000045|mdifffitid0000047|mdifffitid0000048|mimgtblid0000017|mprojectid0000001|mprojectid0000002|mprojectid0000003|mprojectid0000021|mprojectid0000039|mprojectid0000041|mprojectid0000042|mviewerid0000019|mviewerid0000038,0.2,274.599000,0.136439,1.011473,344.126167,0.000000,0.000000,true,45.599000,32,1044.400000,"{""bora009"":15,""bora010"":25,""h4d-standard-192-6"":18}","{""bora009"":0.026556,""bora010"":0.03028,""h4d-standard-192-5"":0,""h4d-standard-192-6"":0.005467}"
prism_cc_time,hybrid_hetero,11,maddid0000018|maddid0000037|mbackgroundid0000014|mbackgroundid0000032|mbackgroundid0000034|mbackgroundid0000053|mbackgroundid0000054|mbgmodelid0000031|mconcatfitid0000030|mconcatfitid0000049|mdifffitid0000005|mdifffitid0000006|mdifffitid0000009|mdifffitid0000010|mdifffitid0000026|mdifffitid0000029|mdifffitid0000045|mdifffitid0000047|mdifffitid0000048|mimgtblid0000017|mprojectid0000001|mprojectid0000002|mprojectid0000003|mprojectid0000021|mprojectid0000039|mprojectid0000041|mprojectid0000042|mviewerid0000019|mviewerid0000038,0.2,146.491000,0.545121,1.011473,344.126167,0.000000,0.000000,true,98.348000,30,854.864000,"{""bora011"":10,""diablo03"":8,""h3-standard-88-2"":5,""h4d-standard-192-7"":35}","{""bora011"":0.005337,""diablo03"":0.001684,""h3-standard-88-2"":0.00216,""h4d-standard-192-7"":0.016165}"
prism_cc_cost,hybrid_hetero,11,maddid0000018|maddid0000037|mbackgroundid0000014|mbackgroundid0000032|mbackgroundid0000034|mbackgroundid0000053|mbackgroundid0000054|mbgmodelid0000031|mconcatfitid0000030|mconcatfitid0000049|mdifffitid0000005|mdifffitid0000006|mdifffitid0000009|mdifffitid0000010|mdifffitid0000026|mdifffitid0000029|mdifffitid0000045|mdifffitid0000047|mdifffitid0000048|mimgtblid0000017|mprojectid0000001|mprojectid0000002|mprojectid0000003|mprojectid0000021|mprojectid0000039|mprojectid0000041|mprojectid0000042|mviewerid0000019|mviewerid0000038,0.2,330.549000,0.136439,1.011473,344.126167,0.000000,0.000000,true,47.742000,33,892.941000,"{""bora011"":18,""diablo03"":20,""h4d-standard-192-7"":20}","{""bora011"":0.023221,""diablo03"":0.0162,""h3-standard-88-2"":0,""h4d-standard-192-7"":0.004664}"
prism_cc_time,cluster_homo,12,mbackgroundid0000013|mbackgroundid0000014|mbackgroundid0000032|mbackgroundid0000033|mbgmodelid0000050|mconcatfitid0000011|mdifffitid0000005|mdifffitid0000006|mdifffitid0000007|mdifffitid0000008|mdifffitid0000009|mdifffitid0000010|mdifffitid0000026|mdifffitid0000027|mdifffitid0000043|mdifffitid0000044|mdifffitid0000045|mdifffitid0000048|mimgtblid0000017|mimgtblid0000036|mimgtblid0000055|mprojectid0000001|mprojectid0000004|mprojectid0000020|mprojectid0000021|mprojectid0000022|mviewerid0000019|mviewerid0000038|mviewerid0000058,0.2,292.983000,0.000000,1.011473,344.126167,0.000000,0.000000,true,35.727000,9,690.978000,"{""bora001"":16,""bora002"":18,""bora003"":11,""bora004"":13}","{""bora001"":0.07749,""bora002"":0.047468,""bora003"":0.031063,""bora004"":0.02108}"
prism_cc_cost,cluster_homo,12,mbackgroundid0000013|mbackgroundid0000014|mbackgroundid0000032|mbackgroundid0000033|mbgmodelid0000050|mconcatfitid0000011|mdifffitid0000005|mdifffitid0000006|mdifffitid0000007|mdifffitid0000008|mdifffitid0000009|mdifffitid0000010|mdifffitid0000026|mdifffitid0000027|mdifffitid0000043|mdifffitid0000044|mdifffitid0000045|mdifffitid0000048|mimgtblid0000017|mimgtblid0000036|mimgtblid0000055|mprojectid0000001|mprojectid0000004|mprojectid0000020|mprojectid0000021|mprojectid0000022|mviewerid0000019|mviewerid0000038|mviewerid0000058,0.2,292.983000,0.000000,1.011473,344.126167,0.000000,0.000000,true,35.727000,9,696.674000,"{""bora001"":16,""bora002"":18,""bora003"":11,""bora004"":13}","{""bora001"":0.07749,""bora002"":0.047468,""bora003"":0.031063,""bora004"":0.02108}"
prism_cc_time,cluster_hetero,12,mbackgroundid0000013|mbackgroundid0000014|mbackgroundid0000032|mbackgroundid0000033|mbgmodelid0000050|mconcatfitid0000011|mdifffitid0000005|mdifffitid0000006|mdifffitid0000007|mdifffitid0000008|mdifffitid0000009|mdifffitid0000010|mdifffitid0000026|mdifffitid0000027|mdifffitid0000043|mdifffitid0000044|mdifffitid0000045|mdifffitid0000048|mimgtblid0000017|mimgtblid0000036|mimgtblid0000055|mprojectid0000001|mprojectid0000004|mprojectid0000020|mprojectid0000021|mprojectid0000022|mviewerid0000019|mviewerid0000038|mviewerid0000058,0.2,293.451000,0.000000,1.011473,344.126167,0.000000,0.000000,true,41.929000,15,765.886000,"{""bora005"":21,""bora006"":20,""diablo01"":7,""diablo02"":10}","{""bora005"":0.119525,""bora006"":0.038949,""diablo01"":0.011829,""diablo02"":0.001464}"
prism_cc_cost,cluster_hetero,12,mbackgroundid0000013|mbackgroundid0000014|mbackgroundid0000032|mbackgroundid0000033|mbgmodelid0000050|mconcatfitid0000011|mdifffitid0000005|mdifffitid0000006|mdifffitid0000007|mdifffitid0000008|mdifffitid0000009|mdifffitid0000010|mdifffitid0000026|mdifffitid0000027|mdifffitid0000043|mdifffitid0000044|mdifffitid0000045|mdifffitid0000048|mimgtblid0000017|mimgtblid0000036|mimgtblid0000055|mprojectid0000001|mprojectid0000004|mprojectid0000020|mprojectid0000021|mprojectid0000022|mviewerid0000019|mviewerid0000038|mviewerid0000058,0.2,293.451000,0.000000,1.011473,344.126167,0.000000,0.000000,true,41.929000,15,780.687000,"{""bora005"":21,""bora006"":20,""diablo01"":7,""diablo02"":10}","{""bora005"":0.119525,""bora006"":0.038949,""diablo01"":0.011829,""diablo02"":0.001464}"
prism_cc_time,cloud_homo,12,mbackgroundid0000013|mbackgroundid0000014|mbackgroundid0000032|mbackgroundid0000033|mbgmodelid0000050|mconcatfitid0000011|mdifffitid0000005|mdifffitid0000006|mdifffitid0000007|mdifffitid0000008|mdifffitid0000009|mdifffitid0000010|mdifffitid0000026|mdifffitid0000027|mdifffitid0000043|mdifffitid0000044|mdifffitid0000045|mdifffitid0000048|mimgtblid0000017|mimgtblid0000036|mimgtblid0000055|mprojectid0000001|mprojectid0000004|mprojectid0000020|mprojectid0000021|mprojectid0000022|mviewerid0000019|mviewerid0000038|mviewerid0000058,0.2,106.263000,0.747591,1.011473,344.126167,0.000000,0.000000,true,7.876000,13,1088.233000,"{""h4d-standard-192-2"":30,""h4d-standard-192-3"":21,""h4d-standard-192-4"":7}","{""h4d-standard-192-1"":0,""h4d-standard-192-2"":0.008826,""h4d-standard-192-3"":0.007852,""h4d-standard-192-4"":0.003326}"
prism_cc_cost,cloud_homo,12,mbackgroundid0000013|mbackgroundid0000014|mbackgroundid0000032|mbackgroundid0000033|mbgmodelid0000050|mconcatfitid0000011|mdifffitid0000005|mdifffitid0000006|mdifffitid0000007|mdifffitid0000008|mdifffitid0000009|mdifffitid0000010|mdifffitid0000026|mdifffitid0000027|mdifffitid0000043|mdifffitid0000044|mdifffitid0000045|mdifffitid0000048|mimgtblid0000017|mimgtblid0000036|mimgtblid0000055|mprojectid0000001|mprojectid0000004|mprojectid0000020|mprojectid0000021|mprojectid0000022|mviewerid0000019|mviewerid0000038|mviewerid0000058,0.2,114.793000,0.250437,1.011473,344.126167,0.000000,0.000000,true,56.516000,43,1051.543000,"{""h4d-standard-192-2"":58}","{""h4d-standard-192-1"":0,""h4d-standard-192-2"":0.022066,""h4d-standard-192-3"":0,""h4d-standard-192-4"":0}"
prism_cc_time,cloud_hetero,12,mbackgroundid0000013|mbackgroundid0000014|mbackgroundid0000032|mbackgroundid0000033|mbgmodelid0000050|mconcatfitid0000011|mdifffitid0000005|mdifffitid0000006|mdifffitid0000007|mdifffitid0000008|mdifffitid0000009|mdifffitid0000010|mdifffitid0000026|mdifffitid0000027|mdifffitid0000043|mdifffitid0000044|mdifffitid0000045|mdifffitid0000048|mimgtblid0000017|mimgtblid0000036|mimgtblid0000055|mprojectid0000001|mprojectid0000004|mprojectid0000020|mprojectid0000021|mprojectid0000022|mviewerid0000019|mviewerid0000038|mviewerid0000058,0.2,107.731000,0.750144,1.011473,344.126167,0.000000,0.000000,true,17.770000,17,1076.262000,"{""h4d-highmem-192-1"":34,""h4d-standard-192-1"":24}","{""h3-standard-88-1"":0,""h3-standard-88-2"":0,""h4d-highmem-192-1"":0.010405,""h4d-standard-192-1"":0.010325}"
prism_cc_cost,cloud_hetero,12,mbackgroundid0000013|mbackgroundid0000014|mbackgroundid0000032|mbackgroundid0000033|mbgmodelid0000050|mconcatfitid0000011|mdifffitid0000005|mdifffitid0000006|mdifffitid0000007|mdifffitid0000008|mdifffitid0000009|mdifffitid0000010|mdifffitid0000026|mdifffitid0000027|mdifffitid0000043|mdifffitid0000044|mdifffitid0000045|mdifffitid0000048|mimgtblid0000017|mimgtblid0000036|mimgtblid0000055|mprojectid0000001|mprojectid0000004|mprojectid0000020|mprojectid0000021|mprojectid0000022|mviewerid0000019|mviewerid0000038|mviewerid0000058,0.2,166.339000,0.227499,1.011473,344.126167,0.000000,0.000000,true,95.172000,45,1025.655000,"{""h3-standard-88-2"":58}","{""h3-standard-88-1"":0,""h3-standard-88-2"":0.056947,""h4d-highmem-192-1"":0,""h4d-standard-192-1"":0}"
prism_cc_time,hybrid_homo,12,mbackgroundid0000013|mbackgroundid0000014|mbackgroundid0000032|mbackgroundid0000033|mbgmodelid0000050|mconcatfitid0000011|mdifffitid0000005|mdifffitid0000006|mdifffitid0000007|mdifffitid0000008|mdifffitid0000009|mdifffitid0000010|mdifffitid0000026|mdifffitid0000027|mdifffitid0000043|mdifffitid0000044|mdifffitid0000045|mdifffitid0000048|mimgtblid0000017|mimgtblid0000036|mimgtblid0000055|mprojectid0000001|mprojectid0000004|mprojectid0000020|mprojectid0000021|mprojectid0000022|mviewerid0000019|mviewerid0000038|mviewerid0000058,0.2,106.934000,0.565332,1.011473,344.126167,0.000000,0.000000,true,19.218000,13,961.393000,"{""bora009"":5,""bora010"":8,""h4d-standard-192-5"":20,""h4d-standard-192-6"":25}","{""bora009"":0.002614,""bora010"":0.003654,""h4d-standard-192-5"":0.010858,""h4d-standard-192-6"":0.008665}"
prism_cc_cost,hybrid_homo,12,mbackgroundid0000013|mbackgroundid0000014|mbackgroundid0000032|mbackgroundid0000033|mbgmodelid0000050|mconcatfitid0000011|mdifffitid0000005|mdifffitid0000006|mdifffitid0000007|mdifffitid0000008|mdifffitid0000009|mdifffitid0000010|mdifffitid0000026|mdifffitid0000027|mdifffitid0000043|mdifffitid0000044|mdifffitid0000045|mdifffitid0000048|mimgtblid0000017|mimgtblid0000036|mimgtblid0000055|mprojectid0000001|mprojectid0000004|mprojectid0000020|mprojectid0000021|mprojectid0000022|mviewerid0000019|mviewerid0000038|mviewerid0000058,0.2,293.549000,0.000000,1.011473,344.126167,0.000000,0.000000,true,106.870000,18,1023.393000,"{""bora009"":27,""bora010"":31}","{""bora009"":0.12172,""bora010"":0.063281,""h4d-standard-192-5"":0,""h4d-standard-192-6"":0}"
prism_cc_time,hybrid_hetero,12,mbackgroundid0000013|mbackgroundid0000014|mbackgroundid0000032|mbackgroundid0000033|mbgmodelid0000050|mconcatfitid0000011|mdifffitid0000005|mdifffitid0000006|mdifffitid0000007|mdifffitid0000008|mdifffitid0000009|mdifffitid0000010|mdifffitid0000026|mdifffitid0000027|mdifffitid0000043|mdifffitid0000044|mdifffitid0000045|mdifffitid0000048|mimgtblid0000017|mimgtblid0000036|mimgtblid0000055|mprojectid0000001|mprojectid0000004|mprojectid0000020|mprojectid0000021|mprojectid0000022|mviewerid0000019|mviewerid0000038|mviewerid0000058,0.2,116.892000,0.253093,1.011473,344.126167,0.000000,0.000000,true,46.575000,28,874.172000,"{""bora011"":10,""diablo03"":6,""h4d-standard-192-7"":42}","{""bora011"":0.006391,""diablo03"":0.001585,""h3-standard-88-2"":0,""h4d-standard-192-7"":0.019131}"
prism_cc_cost,hybrid_hetero,12,mbackgroundid0000013|mbackgroundid0000014|mbackgroundid0000032|mbackgroundid0000033|mbgmodelid0000050|mconcatfitid0000011|mdifffitid0000005|mdifffitid0000006|mdifffitid0000007|mdifffitid0000008|mdifffitid0000009|mdifffitid0000010|mdifffitid0000026|mdifffitid0000027|mdifffitid0000043|mdifffitid0000044|mdifffitid0000045|mdifffitid0000048|mimgtblid0000017|mimgtblid0000036|mimgtblid0000055|mprojectid0000001|mprojectid0000004|mprojectid0000020|mprojectid0000021|mprojectid0000022|mviewerid0000019|mviewerid0000038|mviewerid0000058,0.2,299.980000,0.000000,1.011473,344.126167,0.000000,0.000000,true,106.633000,21,911.070000,"{""bora011"":32,""diablo03"":26}","{""bora011"":0.151156,""diablo03"":0.020141,""h3-standard-88-2"":0,""h4d-standard-192-7"":0}"
prism_cc_time,cluster_homo,13,maddid0000037|mbackgroundid0000013|mbackgroundid0000016|mbackgroundid0000034|mbackgroundid0000052|mbgmodelid0000012|mbgmodelid0000031|mconcatfitid0000030|mdifffitid0000005|mdifffitid0000006|mdifffitid0000007|mdifffitid0000008|mdifffitid0000009|mdifffitid0000010|mdifffitid0000025|mdifffitid0000026|mdifffitid0000027|mdifffitid0000028|mdifffitid0000029|mdifffitid0000043|mdifffitid0000044|mdifffitid0000045|mimgtblid0000017|mprojectid0000002|mprojectid0000004|mprojectid0000039|mprojectid0000040|mprojectid0000041|mviewerid0000057,0.2,292.983000,0.000000,1.011473,344.126167,0.000000,0.000000,true,27.361000,11,698.376000,"{""bora001"":17,""bora002"":19,""bora003"":11,""bora004"":11}","{""bora001"":0.079994,""bora002"":0.044749,""bora003"":0.023944,""bora004"":0.027272}"
prism_cc_cost,cluster_homo,13,maddid0000037|mbackgroundid0000013|mbackgroundid0000016|mbackgroundid0000034|mbackgroundid0000052|mbgmodelid0000012|mbgmodelid0000031|mconcatfitid0000030|mdifffitid0000005|mdifffitid0000006|mdifffitid0000007|mdifffitid0000008|mdifffitid0000009|mdifffitid0000010|mdifffitid0000025|mdifffitid0000026|mdifffitid0000027|mdifffitid0000028|mdifffitid0000029|mdifffitid0000043|mdifffitid0000044|mdifffitid0000045|mimgtblid0000017|mprojectid0000002|mprojectid0000004|mprojectid0000039|mprojectid0000040|mprojectid0000041|mviewerid0000057,0.2,292.983000,0.000000,1.011473,344.126167,0.000000,0.000000,true,27.361000,11,710.831000,"{""bora001"":17,""bora002"":19,""bora003"":11,""bora004"":11}","{""bora001"":0.079994,""bora002"":0.044749,""bora003"":0.023944,""bora004"":0.027272}"
prism_cc_time,cluster_hetero,13,maddid0000037|mbackgroundid0000013|mbackgroundid0000016|mbackgroundid0000034|mbackgroundid0000052|mbgmodelid0000012|mbgmodelid0000031|mconcatfitid0000030|mdifffitid0000005|mdifffitid0000006|mdifffitid0000007|mdifffitid0000008|mdifffitid0000009|mdifffitid0000010|mdifffitid0000025|mdifffitid0000026|mdifffitid0000027|mdifffitid0000028|mdifffitid0000029|mdifffitid0000043|mdifffitid0000044|mdifffitid0000045|mimgtblid0000017|mprojectid0000002|mprojectid0000004|mprojectid0000039|mprojectid0000040|mprojectid0000041|mviewerid0000057,0.2,310.818000,0.000000,1.011473,344.126167,0.000000,0.000000,true,70.115000,7,781.346000,"{""bora005"":21,""bora006"":20,""diablo01"":8,""diablo02"":9}","{""bora005"":0.090453,""bora006"":0.065851,""diablo01"":0.008242,""diablo02"":0.001147}"
prism_cc_cost,cluster_hetero,13,maddid0000037|mbackgroundid0000013|mbackgroundid0000016|mbackgroundid0000034|mbackgroundid0000052|mbgmodelid0000012|mbgmodelid0000031|mconcatfitid0000030|mdifffitid0000005|mdifffitid0000006|mdifffitid0000007|mdifffitid0000008|mdifffitid0000009|mdifffitid0000010|mdifffitid0000025|mdifffitid0000026|mdifffitid0000027|mdifffitid0000028|mdifffitid0000029|mdifffitid0000043|mdifffitid0000044|mdifffitid0000045|mimgtblid0000017|mprojectid0000002|mprojectid0000004|mprojectid0000039|mprojectid0000040|mprojectid0000041|mviewerid0000057,0.2,310.818000,0.000000,1.011473,344.126167,0.000000,0.000000,true,70.115000,7,753.271000,"{""bora005"":21,""bora006"":20,""diablo01"":8,""diablo02"":9}","{""bora005"":0.090453,""bora006"":0.065851,""diablo01"":0.008242,""diablo02"":0.001147}"
prism_cc_time,cloud_homo,13,maddid0000037|mbackgroundid0000013|mbackgroundid0000016|mbackgroundid0000034|mbackgroundid0000052|mbgmodelid0000012|mbgmodelid0000031|mconcatfitid0000030|mdifffitid0000005|mdifffitid0000006|mdifffitid0000007|mdifffitid0000008|mdifffitid0000009|mdifffitid0000010|mdifffitid0000025|mdifffitid0000026|mdifffitid0000027|mdifffitid0000028|mdifffitid0000029|mdifffitid0000043|mdifffitid0000044|mdifffitid0000045|mimgtblid0000017|mprojectid0000002|mprojectid0000004|mprojectid0000039|mprojectid0000040|mprojectid0000041|mviewerid0000057,0.2,108.094000,0.820872,1.011473,344.126167,0.000000,0.000000,true,17.190000,18,1035.553000,"{""h4d-standard-192-2"":29,""h4d-standard-192-3"":22,""h4d-standard-192-4"":7}","{""h4d-standard-192-1"":0,""h4d-standard-192-2"":0.006434,""h4d-standard-192-3"":0.010561,""h4d-standard-192-4"":0.003241}"
prism_cc_cost,cloud_homo,13,maddid0000037|mbackgroundid0000013|mbackgroundid0000016|mbackgroundid0000034|mbackgroundid0000052|mbgmodelid0000012|mbgmodelid0000031|mconcatfitid0000030|mdifffitid0000005|mdifffitid0000006|mdifffitid0000007|mdifffitid0000008|mdifffitid0000009|mdifffitid0000010|mdifffitid0000025|mdifffitid0000026|mdifffitid0000027|mdifffitid0000028|mdifffitid0000029|mdifffitid0000043|mdifffitid0000044|mdifffitid0000045|mimgtblid0000017|mprojectid0000002|mprojectid0000004|mprojectid0000039|mprojectid0000040|mprojectid0000041|mviewerid0000057,0.2,125.655000,0.274126,1.011473,344.126167,0.000000,0.000000,true,102.690000,79,1079.891000,"{""h4d-standard-192-2"":58}","{""h4d-standard-192-1"":0,""h4d-standard-192-2"":0.022072,""h4d-standard-192-3"":0,""h4d-standard-192-4"":0}"
prism_cc_time,cloud_hetero,13,maddid0000037|mbackgroundid0000013|mbackgroundid0000016|mbackgroundid0000034|mbackgroundid0000052|mbgmodelid0000012|mbgmodelid0000031|mconcatfitid0000030|mdifffitid0000005|mdifffitid0000006|mdifffitid0000007|mdifffitid0000008|mdifffitid0000009|mdifffitid0000010|mdifffitid0000025|mdifffitid0000026|mdifffitid0000027|mdifffitid0000028|mdifffitid0000029|mdifffitid0000043|mdifffitid0000044|mdifffitid0000045|mimgtblid0000017|mprojectid0000002|mprojectid0000004|mprojectid0000039|mprojectid0000040|mprojectid0000041|mviewerid0000057,0.2,115.953000,0.816094,1.011473,344.126167,0.000000,0.000000,true,33.282000,25,1038.892000,"{""h4d-highmem-192-1"":33,""h4d-standard-192-1"":25}","{""h3-standard-88-1"":0,""h3-standard-88-2"":0,""h4d-highmem-192-1"":0.007505,""h4d-standard-192-1"":0.012463}"
prism_cc_cost,cloud_hetero,13,maddid0000037|mbackgroundid0000013|mbackgroundid0000016|mbackgroundid0000034|mbackgroundid0000052|mbgmodelid0000012|mbgmodelid0000031|mconcatfitid0000030|mdifffitid0000005|mdifffitid0000006|mdifffitid0000007|mdifffitid0000008|mdifffitid0000009|mdifffitid0000010|mdifffitid0000025|mdifffitid0000026|mdifffitid0000027|mdifffitid0000028|mdifffitid0000029|mdifffitid0000043|mdifffitid0000044|mdifffitid0000045|mimgtblid0000017|mprojectid0000002|mprojectid0000004|mprojectid0000039|mprojectid0000040|mprojectid0000041|mviewerid0000057,0.2,144.219000,0.366504,1.011473,344.126167,0.000000,0.000000,true,101.590000,84,1045.404000,"{""h3-standard-88-2"":14,""h4d-standard-192-1"":44}","{""h3-standard-88-1"":0,""h3-standard-88-2"":0.001966,""h4d-highmem-192-1"":0,""h4d-standard-192-1"":0.018298}"
prism_cc_time,hybrid_homo,13,maddid0000037|mbackgroundid0000013|mbackgroundid0000016|mbackgroundid0000034|mbackgroundid0000052|mbgmodelid0000012|mbgmodelid0000031|mconcatfitid0000030|mdifffitid0000005|mdifffitid0000006|mdifffitid0000007|mdifffitid0000008|mdifffitid0000009|mdifffitid0000010|mdifffitid0000025|mdifffitid0000026|mdifffitid0000027|mdifffitid0000028|mdifffitid0000029|mdifffitid0000043|mdifffitid0000044|mdifffitid0000045|mimgtblid0000017|mprojectid0000002|mprojectid0000004|mprojectid0000039|mprojectid0000040|mprojectid0000041|mviewerid0000057,0.2,112.131000,0.530328,1.011473,344.126167,0.000000,0.000000,true,29.806000,18,980.452000,"{""bora009"":9,""bora010"":7,""h4d-standard-192-5"":19,""h4d-standard-192-6"":23}","{""bora009"":0.006049,""bora010"":0.002968,""h4d-standard-192-5"":0.012249,""h4d-standard-192-6"":0.006478}"
prism_cc_cost,hybrid_homo,13,maddid0000037|mbackgroundid0000013|mbackgroundid0000016|mbackgroundid0000034|mbackgroundid0000052|mbgmodelid0000012|mbgmodelid0000031|mconcatfitid0000030|mdifffitid0000005|mdifffitid0000006|mdifffitid0000007|mdifffitid0000008|mdifffitid0000009|mdifffitid0000010|mdifffitid0000025|mdifffitid0000026|mdifffitid0000027|mdifffitid0000028|mdifffitid0000029|mdifffitid0000043|mdifffitid0000044|mdifffitid0000045|mimgtblid0000017|mprojectid0000002|mprojectid0000004|mprojectid0000039|mprojectid0000040|mprojectid0000041|mviewerid0000057,0.2,314.286000,0.000000,1.011473,344.126167,0.000000,0.000000,true,121.689000,20,1007.605000,"{""bora009"":29,""bora010"":29}","{""bora009"":0.105794,""bora010"":0.068358,""h4d-standard-192-5"":0,""h4d-standard-192-6"":0}"
prism_cc_time,hybrid_hetero,13,maddid0000037|mbackgroundid0000013|mbackgroundid0000016|mbackgroundid0000034|mbackgroundid0000052|mbgmodelid0000012|mbgmodelid0000031|mconcatfitid0000030|mdifffitid0000005|mdifffitid0000006|mdifffitid0000007|mdifffitid0000008|mdifffitid0000009|mdifffitid0000010|mdifffitid0000025|mdifffitid0000026|mdifffitid0000027|mdifffitid0000028|mdifffitid0000029|mdifffitid0000043|mdifffitid0000044|mdifffitid0000045|mimgtblid0000017|mprojectid0000002|mprojectid0000004|mprojectid0000039|mprojectid0000040|mprojectid0000041|mviewerid0000057,0.2,127.064000,0.275728,1.011473,344.126167,0.000000,0.000000,true,72.950000,39,920.617000,"{""bora011"":11,""diablo03"":7,""h4d-standard-192-7"":40}","{""bora011"":0.006823,""diablo03"":0.002149,""h3-standard-88-2"":0,""h4d-standard-192-7"":0.018301}"
prism_cc_cost,hybrid_hetero,13,maddid0000037|mbackgroundid0000013|mbackgroundid0000016|mbackgroundid0000034|mbackgroundid0000052|mbgmodelid0000012|mbgmodelid0000031|mconcatfitid0000030|mdifffitid0000005|mdifffitid0000006|mdifffitid0000007|mdifffitid0000008|mdifffitid0000009|mdifffitid0000010|mdifffitid0000025|mdifffitid0000026|mdifffitid0000027|mdifffitid0000028|mdifffitid0000029|mdifffitid0000043|mdifffitid0000044|mdifffitid0000045|mimgtblid0000017|mprojectid0000002|mprojectid0000004|mprojectid0000039|mprojectid0000040|mprojectid0000041|mviewerid0000057,0.2,132.956000,0.177993,1.011473,344.126167,0.000000,0.000000,true,71.340000,35,898.019000,"{""bora011"":14,""diablo03"":19,""h4d-standard-192-7"":25}","{""bora011"":0.008558,""diablo03"":0.006262,""h3-standard-88-2"":0,""h4d-standard-192-7"":0.016566}"
prism_cc_time,cluster_homo,14,maddid0000018|maddid0000056|mbackgroundid0000013|mbackgroundid0000033|mbackgroundid0000052|mbackgroundid0000053|mbgmodelid0000031|mconcatfitid0000030|mconcatfitid0000049|mdifffitid0000005|mdifffitid0000007|mdifffitid0000008|mdifffitid0000010|mdifffitid0000025|mdifffitid0000044|mdifffitid0000045|mdifffitid0000046|mdifffitid0000047|mdifffitid0000048|mimgtblid0000017|mimgtblid0000055|mprojectid0000001|mprojectid0000003|mprojectid0000020|mprojectid0000021|mprojectid0000023|mprojectid0000039|mprojectid0000041|mviewerid0000058,0.2,313.685000,0.000000,1.011473,344.126167,0.000000,0.000000,true,100.860000,7,695.296000,"{""bora001"":17,""bora002"":19,""bora003"":11,""bora004"":11}","{""bora001"":0.067198,""bora002"":0.05306,""bora003"":0.031852,""bora004"":0.019024}"
prism_cc_cost,cluster_homo,14,maddid0000018|maddid0000056|mbackgroundid0000013|mbackgroundid0000033|mbackgroundid0000052|mbackgroundid0000053|mbgmodelid0000031|mconcatfitid0000030|mconcatfitid0000049|mdifffitid0000005|mdifffitid0000007|mdifffitid0000008|mdifffitid0000010|mdifffitid0000025|mdifffitid0000044|mdifffitid0000045|mdifffitid0000046|mdifffitid0000047|mdifffitid0000048|mimgtblid0000017|mimgtblid0000055|mprojectid0000001|mprojectid0000003|mprojectid0000020|mprojectid0000021|mprojectid0000023|mprojectid0000039|mprojectid0000041|mviewerid0000058,0.2,313.685000,0.000000,1.011473,344.126167,0.000000,0.000000,true,100.860000,7,696.172000,"{""bora001"":17,""bora002"":19,""bora003"":11,""bora004"":11}","{""bora001"":0.067198,""bora002"":0.05306,""bora003"":0.031852,""bora004"":0.019024}"
prism_cc_time,cluster_hetero,14,maddid0000018|maddid0000056|mbackgroundid0000013|mbackgroundid0000033|mbackgroundid0000052|mbackgroundid0000053|mbgmodelid0000031|mconcatfitid0000030|mconcatfitid0000049|mdifffitid0000005|mdifffitid0000007|mdifffitid0000008|mdifffitid0000010|mdifffitid0000025|mdifffitid0000044|mdifffitid0000045|mdifffitid0000046|mdifffitid0000047|mdifffitid0000048|mimgtblid0000017|mimgtblid0000055|mprojectid0000001|mprojectid0000003|mprojectid0000020|mprojectid0000021|mprojectid0000023|mprojectid0000039|mprojectid0000041|mviewerid0000058,0.2,324.595000,0.000000,1.011473,344.126167,0.000000,0.000000,true,72.965000,8,756.077000,"{""bora005"":20,""bora006"":23,""diablo01"":7,""diablo02"":8}","{""bora005"":0.078518,""bora006"":0.049393,""diablo01"":0.010532,""diablo02"":0.014131}"
prism_cc_cost,cluster_hetero,14,maddid0000018|maddid0000056|mbackgroundid0000013|mbackgroundid0000033|mbackgroundid0000052|mbackgroundid0000053|mbgmodelid0000031|mconcatfitid0000030|mconcatfitid0000049|mdifffitid0000005|mdifffitid0000007|mdifffitid0000008|mdifffitid0000010|mdifffitid0000025|mdifffitid0000044|mdifffitid0000045|mdifffitid0000046|mdifffitid0000047|mdifffitid0000048|mimgtblid0000017|mimgtblid0000055|mprojectid0000001|mprojectid0000003|mprojectid0000020|mprojectid0000021|mprojectid0000023|mprojectid0000039|mprojectid0000041|mviewerid0000058,0.2,324.595000,0.000000,1.011473,344.126167,0.000000,0.000000,true,72.965000,8,749.413000,"{""bora005"":20,""bora006"":23,""diablo01"":7,""diablo02"":8}","{""bora005"":0.078518,""bora006"":0.049393,""diablo01"":0.010532,""diablo02"":0.014131}"
prism_cc_time,cloud_homo,14,maddid0000018|maddid0000056|mbackgroundid0000013|mbackgroundid0000033|mbackgroundid0000052|mbackgroundid0000053|mbgmodelid0000031|mconcatfitid0000030|mconcatfitid0000049|mdifffitid0000005|mdifffitid0000007|mdifffitid0000008|mdifffitid0000010|mdifffitid0000025|mdifffitid0000044|mdifffitid0000045|mdifffitid0000046|mdifffitid0000047|mdifffitid0000048|mimgtblid0000017|mimgtblid0000055|mprojectid0000001|mprojectid0000003|mprojectid0000020|mprojectid0000021|mprojectid0000023|mprojectid0000039|mprojectid0000041|mviewerid0000058,0.2,101.689000,0.997364,1.011473,344.126167,0.000000,0.000000,true,11.795000,11,1043.263000,"{""h4d-standard-192-1"":17,""h4d-standard-192-2"":28,""h4d-standard-192-3"":8,""h4d-standard-192-4"":5}","{""h4d-standard-192-1"":0.006469,""h4d-standard-192-2"":0.008358,""h4d-standard-192-3"":0.001958,""h4d-standard-192-4"":0.00331}"
prism_cc_cost,cloud_homo,14,maddid0000018|maddid0000056|mbackgroundid0000013|mbackgroundid0000033|mbackgroundid0000052|mbackgroundid0000053|mbgmodelid0000031|mconcatfitid0000030|mconcatfitid0000049|mdifffitid0000005|mdifffitid0000007|mdifffitid0000008|mdifffitid0000010|mdifffitid0000025|mdifffitid0000044|mdifffitid0000045|mdifffitid0000046|mdifffitid0000047|mdifffitid0000048|mimgtblid0000017|mimgtblid0000055|mprojectid0000001|mprojectid0000003|mprojectid0000020|mprojectid0000021|mprojectid0000023|mprojectid0000039|mprojectid0000041|mviewerid0000058,0.2,119.226000,0.464637,1.011473,344.126167,0.000000,0.000000,true,53.202000,42,1075.845000,"{""h4d-standard-192-1"":5,""h4d-standard-192-4"":53}","{""h4d-standard-192-1"":0.004935,""h4d-standard-192-2"":0,""h4d-standard-192-3"":0,""h4d-standard-192-4"":0.015811}"
prism_cc_time,cloud_hetero,14,maddid0000018|maddid0000056|mbackgroundid0000013|mbackgroundid0000033|mbackgroundid0000052|mbackgroundid0000053|mbgmodelid0000031|mconcatfitid0000030|mconcatfitid0000049|mdifffitid0000005|mdifffitid0000007|mdifffitid0000008|mdifffitid0000010|mdifffitid0000025|mdifffitid0000044|mdifffitid0000045|mdifffitid0000046|mdifffitid0000047|mdifffitid0000048|mimgtblid0000017|mimgtblid0000055|mprojectid0000001|mprojectid0000003|mprojectid0000020|mprojectid0000021|mprojectid0000023|mprojectid0000039|mprojectid0000041|mviewerid0000058,0.2,119.226000,0.465182,1.011473,344.126167,0.000000,0.000000,true,52.725000,38,1009.351000,"{""h4d-highmem-192-1"":55,""h4d-standard-192-1"":3}","{""h3-standard-88-1"":0,""h3-standard-88-2"":0,""h4d-highmem-192-1"":0.017791,""h4d-standard-192-1"":0.003054}"
prism_cc_cost,cloud_hetero,14,maddid0000018|maddid0000056|mbackgroundid0000013|mbackgroundid0000033|mbackgroundid0000052|mbackgroundid0000053|mbgmodelid0000031|mconcatfitid0000030|mconcatfitid0000049|mdifffitid0000005|mdifffitid0000007|mdifffitid0000008|mdifffitid0000010|mdifffitid0000025|mdifffitid0000044|mdifffitid0000045|mdifffitid0000046|mdifffitid0000047|mdifffitid0000048|mimgtblid0000017|mimgtblid0000055|mprojectid0000001|mprojectid0000003|mprojectid0000020|mprojectid0000021|mprojectid0000023|mprojectid0000039|mprojectid0000041|mviewerid0000058,0.2,174.374000,0.421930,1.011473,344.126167,0.000000,0.000000,true,122.484000,58,1081.151000,"{""h3-standard-88-1"":5,""h3-standard-88-2"":11,""h4d-standard-192-1"":42}","{""h3-standard-88-1"":0.000674,""h3-standard-88-2"":0.001309,""h4d-highmem-192-1"":0,""h4d-standard-192-1"":0.015734}"
prism_cc_time,hybrid_homo,14,maddid0000018|maddid0000056|mbackgroundid0000013|mbackgroundid0000033|mbackgroundid0000052|mbackgroundid0000053|mbgmodelid0000031|mconcatfitid0000030|mconcatfitid0000049|mdifffitid0000005|mdifffitid0000007|mdifffitid0000008|mdifffitid0000010|mdifffitid0000025|mdifffitid0000044|mdifffitid0000045|mdifffitid0000046|mdifffitid0000047|mdifffitid0000048|mimgtblid0000017|mimgtblid0000055|mprojectid0000001|mprojectid0000003|mprojectid0000020|mprojectid0000021|mprojectid0000023|mprojectid0000039|mprojectid0000041|mviewerid0000058,0.2,119.835000,0.595307,1.011473,344.126167,0.000000,0.000000,true,48.623000,16,977.841000,"{""bora009"":7,""bora010"":8,""h4d-standard-192-5"":19,""h4d-standard-192-6"":24}","{""bora009"":0.003834,""bora010"":0.003339,""h4d-standard-192-5"":0.010094,""h4d-standard-192-6"":0.008469}"
prism_cc_cost,hybrid_homo,14,maddid0000018|maddid0000056|mbackgroundid0000013|mbackgroundid0000033|mbackgroundid0000052|mbackgroundid0000053|mbgmodelid0000031|mconcatfitid0000030|mconcatfitid0000049|mdifffitid0000005|mdifffitid0000007|mdifffitid0000008|mdifffitid0000010|mdifffitid0000025|mdifffitid0000044|mdifffitid0000045|mdifffitid0000046|mdifffitid0000047|mdifffitid0000048|mimgtblid0000017|mimgtblid0000055|mprojectid0000001|mprojectid0000003|mprojectid0000020|mprojectid0000021|mprojectid0000023|mprojectid0000039|mprojectid0000041|mviewerid0000058,0.2,274.453000,0.140713,1.011473,344.126167,0.000000,0.000000,true,50.947000,24,994.431000,"{""bora009"":19,""bora010"":24,""h4d-standard-192-6"":15}","{""bora009"":0.028402,""bora010"":0.012249,""h4d-standard-192-5"":0,""h4d-standard-192-6"":0.006144}"
prism_cc_time,hybrid_hetero,14,maddid0000018|maddid0000056|mbackgroundid0000013|mbackgroundid0000033|mbackgroundid0000052|mbackgroundid0000053|mbgmodelid0000031|mconcatfitid0000030|mconcatfitid0000049|mdifffitid0000005|mdifffitid0000007|mdifffitid0000008|mdifffitid0000010|mdifffitid0000025|mdifffitid0000044|mdifffitid0000045|mdifffitid0000046|mdifffitid0000047|mdifffitid0000048|mimgtblid0000017|mimgtblid0000055|mprojectid0000001|mprojectid0000003|mprojectid0000020|mprojectid0000021|mprojectid0000023|mprojectid0000039|mprojectid0000041|mviewerid0000058,0.2,137.511000,0.519492,1.011473,344.126167,0.000000,0.000000,true,87.793000,34,878.519000,"{""bora011"":8,""diablo03"":6,""h3-standard-88-2"":5,""h4d-standard-192-7"":39}","{""bora011"":0.004206,""diablo03"":0.00133,""h3-standard-88-2"":0.002316,""h4d-standard-192-7"":0.017222}"
prism_cc_cost,hybrid_hetero,14,maddid0000018|maddid0000056|mbackgroundid0000013|mbackgroundid0000033|mbackgroundid0000052|mbackgroundid0000053|mbgmodelid0000031|mconcatfitid0000030|mconcatfitid0000049|mdifffitid0000005|mdifffitid0000007|mdifffitid0000008|mdifffitid0000010|mdifffitid0000025|mdifffitid0000044|mdifffitid0000045|mdifffitid0000046|mdifffitid0000047|mdifffitid0000048|mimgtblid0000017|mimgtblid0000055|mprojectid0000001|mprojectid0000003|mprojectid0000020|mprojectid0000021|mprojectid0000023|mprojectid0000039|mprojectid0000041|mviewerid0000058,0.2,276.484000,0.140713,1.011473,344.126167,0.000000,0.000000,true,53.372000,26,854.535000,"{""bora011"":22,""diablo03"":22,""h4d-standard-192-7"":14}","{""bora011"":0.029322,""diablo03"":0.007771,""h3-standard-88-2"":0,""h4d-standard-192-7"":0.006063}"
prism_cc_time,cluster_homo,15,maddid0000037|maddid0000056|mbackgroundid0000014|mbackgroundid0000032|mbackgroundid0000034|mbackgroundid0000051|mbackgroundid0000052|mbgmodelid0000031|mbgmodelid0000050|mconcatfitid0000011|mconcatfitid0000030|mconcatfitid0000049|mdifffitid0000006|mdifffitid0000008|mdifffitid0000025|mdifffitid0000026|mdifffitid0000027|mdifffitid0000046|mdifffitid0000047|mimgtblid0000055|mprojectid0000001|mprojectid0000003|mprojectid0000004|mprojectid0000021|mprojectid0000023|mprojectid0000039|mprojectid0000041|mviewerid0000038|mviewerid0000057,0.2,313.685000,0.000000,1.011473,344.126167,0.000000,0.000000,true,101.330000,8,674.970000,"{""bora001"":16,""bora002"":20,""bora003"":10,""bora004"":12}","{""bora001"":0.067073,""bora002"":0.059385,""bora003"":0.029141,""bora004"":0.01558}"
prism_cc_cost,cluster_homo,15,maddid0000037|maddid0000056|mbackgroundid0000014|mbackgroundid0000032|mbackgroundid0000034|mbackgroundid0000051|mbackgroundid0000052|mbgmodelid0000031|mbgmodelid0000050|mconcatfitid0000011|mconcatfitid0000030|mconcatfitid0000049|mdifffitid0000006|mdifffitid0000008|mdifffitid0000025|mdifffitid0000026|mdifffitid0000027|mdifffitid0000046|mdifffitid0000047|mimgtblid0000055|mprojectid0000001|mprojectid0000003|mprojectid0000004|mprojectid0000021|mprojectid0000023|mprojectid0000039|mprojectid0000041|mviewerid0000038|mviewerid0000057,0.2,313.685000,0.000000,1.011473,344.126167,0.000000,0.000000,true,101.330000,8,680.019000,"{""bora001"":16,""bora002"":20,""bora003"":10,""bora004"":12}","{""bora001"":0.067073,""bora002"":0.059385,""bora003"":0.029141,""bora004"":0.01558}"
prism_cc_time,cluster_hetero,15,maddid0000037|maddid0000056|mbackgroundid0000014|mbackgroundid0000032|mbackgroundid0000034|mbackgroundid0000051|mbackgroundid0000052|mbgmodelid0000031|mbgmodelid0000050|mconcatfitid0000011|mconcatfitid0000030|mconcatfitid0000049|mdifffitid0000006|mdifffitid0000008|mdifffitid0000025|mdifffitid0000026|mdifffitid0000027|mdifffitid0000046|mdifffitid0000047|mimgtblid0000055|mprojectid0000001|mprojectid0000003|mprojectid0000004|mprojectid0000021|mprojectid0000023|mprojectid0000039|mprojectid0000041|mviewerid0000038|mviewerid0000057,0.2,324.595000,0.000000,1.011473,344.126167,0.000000,0.000000,true,73.573000,11,753.535000,"{""bora005"":20,""bora006"":21,""diablo01"":8,""diablo02"":9}","{""bora005"":0.075206,""bora006"":0.051947,""diablo01"":0.010824,""diablo02"":0.014183}"
prism_cc_cost,cluster_hetero,15,maddid0000037|maddid0000056|mbackgroundid0000014|mbackgroundid0000032|mbackgroundid0000034|mbackgroundid0000051|mbackgroundid0000052|mbgmodelid0000031|mbgmodelid0000050|mconcatfitid0000011|mconcatfitid0000030|mconcatfitid0000049|mdifffitid0000006|mdifffitid0000008|mdifffitid0000025|mdifffitid0000026|mdifffitid0000027|mdifffitid0000046|mdifffitid0000047|mimgtblid0000055|mprojectid0000001|mprojectid0000003|mprojectid0000004|mprojectid0000021|mprojectid0000023|mprojectid0000039|mprojectid0000041|mviewerid0000038|mviewerid0000057,0.2,324.595000,0.000000,1.011473,344.126167,0.000000,0.000000,true,73.573000,11,762.230000,"{""bora005"":20,""bora006"":21,""diablo01"":8,""diablo02"":9}","{""bora005"":0.075206,""bora006"":0.051947,""diablo01"":0.010824,""diablo02"":0.014183}"
prism_cc_time,cloud_homo,15,maddid0000037|maddid0000056|mbackgroundid0000014|mbackgroundid0000032|mbackgroundid0000034|mbackgroundid0000051|mbackgroundid0000052|mbgmodelid0000031|mbgmodelid0000050|mconcatfitid0000011|mconcatfitid0000030|mconcatfitid0000049|mdifffitid0000006|mdifffitid0000008|mdifffitid0000025|mdifffitid0000026|mdifffitid0000027|mdifffitid0000046|mdifffitid0000047|mimgtblid0000055|mprojectid0000001|mprojectid0000003|mprojectid0000004|mprojectid0000021|mprojectid0000023|mprojectid0000039|mprojectid0000041|mviewerid0000038|mviewerid0000057,0.2,102.309000,0.853373,1.011473,344.126167,0.000000,0.000000,true,24.722000,17,1084.069000,"{""h4d-standard-192-1"":18,""h4d-standard-192-2"":27,""h4d-standard-192-3"":13}","{""h4d-standard-192-1"":0.005685,""h4d-standard-192-2"":0.007456,""h4d-standard-192-3"":0.007969,""h4d-standard-192-4"":0}"
prism_cc_cost,cloud_homo,15,maddid0000037|maddid0000056|mbackgroundid0000014|mbackgroundid0000032|mbackgroundid0000034|mbackgroundid0000051|mbackgroundid0000052|mbgmodelid0000031|mbgmodelid0000050|mconcatfitid0000011|mconcatfitid0000030|mconcatfitid0000049|mdifffitid0000006|mdifffitid0000008|mdifffitid0000025|mdifffitid0000026|mdifffitid0000027|mdifffitid0000046|mdifffitid0000047|mimgtblid0000055|mprojectid0000001|mprojectid0000003|mprojectid0000004|mprojectid0000021|mprojectid0000023|mprojectid0000039|mprojectid0000041|mviewerid0000038|mviewerid0000057,0.2,119.794000,0.454814,1.011473,344.126167,0.000000,0.000000,true,55.278000,32,1088.003000,"{""h4d-standard-192-1"":4,""h4d-standard-192-4"":54}","{""h4d-standard-192-1"":0.004729,""h4d-standard-192-2"":0,""h4d-standard-192-3"":0,""h4d-standard-192-4"":0.015958}"
prism_cc_time,cloud_hetero,15,maddid0000037|maddid0000056|mbackgroundid0000014|mbackgroundid0000032|mbackgroundid0000034|mbackgroundid0000051|mbackgroundid0000052|mbgmodelid0000031|mbgmodelid0000050|mconcatfitid0000011|mconcatfitid0000030|mconcatfitid0000049|mdifffitid0000006|mdifffitid0000008|mdifffitid0000025|mdifffitid0000026|mdifffitid0000027|mdifffitid0000046|mdifffitid0000047|mimgtblid0000055|mprojectid0000001|mprojectid0000003|mprojectid0000004|mprojectid0000021|mprojectid0000023|mprojectid0000039|mprojectid0000041|mviewerid0000038|mviewerid0000057,0.2,118.224000,0.518416,1.011473,344.126167,0.000000,0.000000,true,59.867000,34,1016.234000,"{""h4d-highmem-192-1"":7,""h4d-standard-192-1"":51}","{""h3-standard-88-1"":0,""h3-standard-88-2"":0,""h4d-highmem-192-1"":0.005209,""h4d-standard-192-1"":0.017081}"
prism_cc_cost,cloud_hetero,15,maddid0000037|maddid0000056|mbackgroundid0000014|mbackgroundid0000032|mbackgroundid0000034|mbackgroundid0000051|mbackgroundid0000052|mbgmodelid0000031|mbgmodelid0000050|mconcatfitid0000011|mconcatfitid0000030|mconcatfitid0000049|mdifffitid0000006|mdifffitid0000008|mdifffitid0000025|mdifffitid0000026|mdifffitid0000027|mdifffitid0000046|mdifffitid0000047|mimgtblid0000055|mprojectid0000001|mprojectid0000003|mprojectid0000004|mprojectid0000021|mprojectid0000023|mprojectid0000039|mprojectid0000041|mviewerid0000038|mviewerid0000057,0.2,174.101000,0.457754,1.011473,344.126167,0.000000,0.000000,true,129.353000,56,1085.596000,"{""h3-standard-88-1"":3,""h3-standard-88-2"":15,""h4d-standard-192-1"":40}","{""h3-standard-88-1"":0.000454,""h3-standard-88-2"":0.001728,""h4d-highmem-192-1"":0,""h4d-standard-192-1"":0.015883}"
prism_cc_time,hybrid_homo,15,maddid0000037|maddid0000056|mbackgroundid0000014|mbackgroundid0000032|mbackgroundid0000034|mbackgroundid0000051|mbackgroundid0000052|mbgmodelid0000031|mbgmodelid0000050|mconcatfitid0000011|mconcatfitid0000030|mconcatfitid0000049|mdifffitid0000006|mdifffitid0000008|mdifffitid0000025|mdifffitid0000026|mdifffitid0000027|mdifffitid0000046|mdifffitid0000047|mimgtblid0000055|mprojectid0000001|mprojectid0000003|mprojectid0000004|mprojectid0000021|mprojectid0000023|mprojectid0000039|mprojectid0000041|mviewerid0000038|mviewerid0000057,0.2,119.835000,0.613028,1.011473,344.126167,0.000000,0.000000,true,49.805000,17,988.137000,"{""bora009"":7,""bora010"":9,""h4d-standard-192-5"":20,""h4d-standard-192-6"":22}","{""bora009"":0.003879,""bora010"":0.003745,""h4d-standard-192-5"":0.010333,""h4d-standard-192-6"":0.008303}"
prism_cc_cost,hybrid_homo,15,maddid0000037|maddid0000056|mbackgroundid0000014|mbackgroundid0000032|mbackgroundid0000034|mbackgroundid0000051|mbackgroundid0000052|mbgmodelid0000031|mbgmodelid0000050|mconcatfitid0000011|mconcatfitid0000030|mconcatfitid0000049|mdifffitid0000006|mdifffitid0000008|mdifffitid0000025|mdifffitid0000026|mdifffitid0000027|mdifffitid0000046|mdifffitid0000047|mimgtblid0000055|mprojectid0000001|mprojectid0000003|mprojectid0000004|mprojectid0000021|mprojectid0000023|mprojectid0000039|mprojectid0000041|mviewerid0000038|mviewerid0000057,0.2,274.453000,0.141396,1.011473,344.126167,0.000000,0.000000,true,55.444000,28,928.263000,"{""bora009"":18,""bora010"":24,""h4d-standard-192-6"":16}","{""bora009"":0.028038,""bora010"":0.01223,""h4d-standard-192-5"":0,""h4d-standard-192-6"":0.006234}"
prism_cc_time,hybrid_hetero,15,maddid0000037|maddid0000056|mbackgroundid0000014|mbackgroundid0000032|mbackgroundid0000034|mbackgroundid0000051|mbackgroundid0000052|mbgmodelid0000031|mbgmodelid0000050|mconcatfitid0000011|mconcatfitid0000030|mconcatfitid0000049|mdifffitid0000006|mdifffitid0000008|mdifffitid0000025|mdifffitid0000026|mdifffitid0000027|mdifffitid0000046|mdifffitid0000047|mimgtblid0000055|mprojectid0000001|mprojectid0000003|mprojectid0000004|mprojectid0000021|mprojectid0000023|mprojectid0000039|mprojectid0000041|mviewerid0000038|mviewerid0000057,0.2,137.511000,0.519493,1.011473,344.126167,0.000000,0.000000,true,92.037000,34,874.707000,"{""bora011"":8,""diablo03"":7,""h3-standard-88-2"":5,""h4d-standard-192-7"":38}","{""bora011"":0.004288,""diablo03"":0.001389,""h3-standard-88-2"":0.002316,""h4d-standard-192-7"":0.017341}"
prism_cc_cost,hybrid_hetero,15,maddid0000037|maddid0000056|mbackgroundid0000014|mbackgroundid0000032|mbackgroundid0000034|mbackgroundid0000051|mbackgroundid0000052|mbgmodelid0000031|mbgmodelid0000050|mconcatfitid0000011|mconcatfitid0000030|mconcatfitid0000049|mdifffitid0000006|mdifffitid0000008|mdifffitid0000025|mdifffitid0000026|mdifffitid0000027|mdifffitid0000046|mdifffitid0000047|mimgtblid0000055|mprojectid0000001|mprojectid0000003|mprojectid0000004|mprojectid0000021|mprojectid0000023|mprojectid0000039|mprojectid0000041|mviewerid0000038|mviewerid0000057,0.2,276.484000,0.140713,1.011473,344.126167,0.000000,0.000000,true,53.809000,25,848.871000,"{""bora011"":22,""diablo03"":22,""h4d-standard-192-7"":14}","{""bora011"":0.029336,""diablo03"":0.007618,""h3-standard-88-2"":0,""h4d-standard-192-7"":0.006116}"
prism_cc_time,cluster_homo,16,maddid0000056|mbackgroundid0000013|mbackgroundid0000014|mbackgroundid0000033|mbackgroundid0000034|mbackgroundid0000051|mbackgroundid0000053|mbgmodelid0000012|mbgmodelid0000031|mconcatfitid0000011|mconcatfitid0000030|mdifffitid0000006|mdifffitid0000007|mdifffitid0000009|mdifffitid0000010|mdifffitid0000024|mdifffitid0000025|mdifffitid0000027|mdifffitid0000028|mdifffitid0000029|mdifffitid0000045|mdifffitid0000046|mimgtblid0000017|mprojectid0000004|mprojectid0000020|mprojectid0000041|mprojectid0000042|mviewerid0000019|mviewerid0000038,0.2,292.983000,0.000000,1.011473,344.126167,0.000000,0.000000,true,3.461000,6,697.472000,"{""bora001"":16,""bora002"":19,""bora003"":11,""bora004"":12}","{""bora001"":0.054002,""bora002"":0.06555,""bora003"":0.033611,""bora004"":0.020913}"
prism_cc_cost,cluster_homo,16,maddid0000056|mbackgroundid0000013|mbackgroundid0000014|mbackgroundid0000033|mbackgroundid0000034|mbackgroundid0000051|mbackgroundid0000053|mbgmodelid0000012|mbgmodelid0000031|mconcatfitid0000011|mconcatfitid0000030|mdifffitid0000006|mdifffitid0000007|mdifffitid0000009|mdifffitid0000010|mdifffitid0000024|mdifffitid0000025|mdifffitid0000027|mdifffitid0000028|mdifffitid0000029|mdifffitid0000045|mdifffitid0000046|mimgtblid0000017|mprojectid0000004|mprojectid0000020|mprojectid0000041|mprojectid0000042|mviewerid0000019|mviewerid0000038,0.2,292.983000,0.000000,1.011473,344.126167,0.000000,0.000000,true,3.461000,6,717.439000,"{""bora001"":16,""bora002"":19,""bora003"":11,""bora004"":12}","{""bora001"":0.054002,""bora002"":0.06555,""bora003"":0.033611,""bora004"":0.020913}"
prism_cc_time,cluster_hetero,16,maddid0000056|mbackgroundid0000013|mbackgroundid0000014|mbackgroundid0000033|mbackgroundid0000034|mbackgroundid0000051|mbackgroundid0000053|mbgmodelid0000012|mbgmodelid0000031|mconcatfitid0000011|mconcatfitid0000030|mdifffitid0000006|mdifffitid0000007|mdifffitid0000009|mdifffitid0000010|mdifffitid0000024|mdifffitid0000025|mdifffitid0000027|mdifffitid0000028|mdifffitid0000029|mdifffitid0000045|mdifffitid0000046|mimgtblid0000017|mprojectid0000004|mprojectid0000020|mprojectid0000041|mprojectid0000042|mviewerid0000019|mviewerid0000038,0.2,313.161000,0.000000,1.011473,344.126167,0.000000,0.000000,true,70.860000,9,751.493000,"{""bora005"":18,""bora006"":22,""diablo01"":7,""diablo02"":11}","{""bora005"":0.103732,""bora006"":0.061106,""diablo01"":0.001233,""diablo02"":0.001579}"
prism_cc_cost,cluster_hetero,16,maddid0000056|mbackgroundid0000013|mbackgroundid0000014|mbackgroundid0000033|mbackgroundid0000034|mbackgroundid0000051|mbackgroundid0000053|mbgmodelid0000012|mbgmodelid0000031|mconcatfitid0000011|mconcatfitid0000030|mdifffitid0000006|mdifffitid0000007|mdifffitid0000009|mdifffitid0000010|mdifffitid0000024|mdifffitid0000025|mdifffitid0000027|mdifffitid0000028|mdifffitid0000029|mdifffitid0000045|mdifffitid0000046|mimgtblid0000017|mprojectid0000004|mprojectid0000020|mprojectid0000041|mprojectid0000042|mviewerid0000019|mviewerid0000038,0.2,313.161000,0.000000,1.011473,344.126167,0.000000,0.000000,true,70.860000,9,764.140000,"{""bora005"":18,""bora006"":22,""diablo01"":7,""diablo02"":11}","{""bora005"":0.103732,""bora006"":0.061106,""diablo01"":0.001233,""diablo02"":0.001579}"
prism_cc_time,cloud_homo,16,maddid0000056|mbackgroundid0000013|mbackgroundid0000014|mbackgroundid0000033|mbackgroundid0000034|mbackgroundid0000051|mbackgroundid0000053|mbgmodelid0000012|mbgmodelid0000031|mconcatfitid0000011|mconcatfitid0000030|mdifffitid0000006|mdifffitid0000007|mdifffitid0000009|mdifffitid0000010|mdifffitid0000024|mdifffitid0000025|mdifffitid0000027|mdifffitid0000028|mdifffitid0000029|mdifffitid0000045|mdifffitid0000046|mimgtblid0000017|mprojectid0000004|mprojectid0000020|mprojectid0000041|mprojectid0000042|mviewerid0000019|mviewerid0000038,0.2,107.776000,0.888319,1.011473,344.126167,0.000000,0.000000,true,7.227000,9,993.985000,"{""h4d-standard-192-1"":32,""h4d-standard-192-3"":19,""h4d-standard-192-4"":7}","{""h4d-standard-192-1"":0.011536,""h4d-standard-192-2"":0,""h4d-standard-192-3"":0.003643,""h4d-standard-192-4"":0.00484}"
prism_cc_cost,cloud_homo,16,maddid0000056|mbackgroundid0000013|mbackgroundid0000014|mbackgroundid0000033|mbackgroundid0000034|mbackgroundid0000051|mbackgroundid0000053|mbgmodelid0000012|mbgmodelid0000031|mconcatfitid0000011|mconcatfitid0000030|mdifffitid0000006|mdifffitid0000007|mdifffitid0000009|mdifffitid0000010|mdifffitid0000024|mdifffitid0000025|mdifffitid0000027|mdifffitid0000028|mdifffitid0000029|mdifffitid0000045|mdifffitid0000046|mimgtblid0000017|mprojectid0000004|mprojectid0000020|mprojectid0000041|mprojectid0000042|mviewerid0000019|mviewerid0000038,0.2,133.957000,0.352180,1.011473,344.126167,0.000000,0.000000,true,48.678000,35,996.342000,"{""h4d-standard-192-1"":1,""h4d-standard-192-4"":57}","{""h4d-standard-192-1"":0.000045,""h4d-standard-192-2"":0,""h4d-standard-192-3"":0,""h4d-standard-192-4"":0.018316}"
prism_cc_time,cloud_hetero,16,maddid0000056|mbackgroundid0000013|mbackgroundid0000014|mbackgroundid0000033|mbackgroundid0000034|mbackgroundid0000051|mbackgroundid0000053|mbgmodelid0000012|mbgmodelid0000031|mconcatfitid0000011|mconcatfitid0000030|mdifffitid0000006|mdifffitid0000007|mdifffitid0000009|mdifffitid0000010|mdifffitid0000024|mdifffitid0000025|mdifffitid0000027|mdifffitid0000028|mdifffitid0000029|mdifffitid0000045|mdifffitid0000046|mimgtblid0000017|mprojectid0000004|mprojectid0000020|mprojectid0000041|mprojectid0000042|mviewerid0000019|mviewerid0000038,0.2,115.683000,0.806291,1.011473,344.126167,0.000000,0.000000,true,18.682000,18,969.542000,"{""h4d-highmem-192-1"":34,""h4d-standard-192-1"":24}","{""h3-standard-88-1"":0,""h3-standard-88-2"":0,""h4d-highmem-192-1"":0.011186,""h4d-standard-192-1"":0.008245}"
prism_cc_cost,cloud_hetero,16,maddid0000056|mbackgroundid0000013|mbackgroundid0000014|mbackgroundid0000033|mbackgroundid0000034|mbackgroundid0000051|mbackgroundid0000053|mbgmodelid0000012|mbgmodelid0000031|mconcatfitid0000011|mconcatfitid0000030|mdifffitid0000006|mdifffitid0000007|mdifffitid0000009|mdifffitid0000010|mdifffitid0000024|mdifffitid0000025|mdifffitid0000027|mdifffitid0000028|mdifffitid0000029|mdifffitid0000045|mdifffitid0000046|mimgtblid0000017|mprojectid0000004|mprojectid0000020|mprojectid0000041|mprojectid0000042|mviewerid0000019|mviewerid0000038,0.2,138.855000,0.339124,1.011473,344.126167,0.000000,0.000000,true,53.660000,37,1020.202000,"{""h3-standard-88-1"":1,""h4d-standard-192-1"":57}","{""h3-standard-88-1"":0.000135,""h3-standard-88-2"":0,""h4d-highmem-192-1"":0,""h4d-standard-192-1"":0.018806}"
prism_cc_time,hybrid_homo,16,maddid0000056|mbackgroundid0000013|mbackgroundid0000014|mbackgroundid0000033|mbackgroundid0000034|mbackgroundid0000051|mbackgroundid0000053|mbgmodelid0000012|mbgmodelid0000031|mconcatfitid0000011|mconcatfitid0000030|mdifffitid0000006|mdifffitid0000007|mdifffitid0000009|mdifffitid0000010|mdifffitid0000024|mdifffitid0000025|mdifffitid0000027|mdifffitid0000028|mdifffitid0000029|mdifffitid0000045|mdifffitid0000046|mimgtblid0000017|mprojectid0000004|mprojectid0000020|mprojectid0000041|mprojectid0000042|mviewerid0000019|mviewerid0000038,0.2,112.102000,0.562612,1.011473,344.126167,0.000000,0.000000,true,16.349000,13,986.120000,"{""bora009"":5,""bora010"":7,""h4d-standard-192-5"":18,""h4d-standard-192-6"":28}","{""bora009"":0.002687,""bora010"":0.003221,""h4d-standard-192-5"":0.007894,""h4d-standard-192-6"":0.010656}"
prism_cc_cost,hybrid_homo,16,maddid0000056|mbackgroundid0000013|mbackgroundid0000014|mbackgroundid0000033|mbackgroundid0000034|mbackgroundid0000051|mbackgroundid0000053|mbgmodelid0000012|mbgmodelid0000031|mconcatfitid0000011|mconcatfitid0000030|mdifffitid0000006|mdifffitid0000007|mdifffitid0000009|mdifffitid0000010|mdifffitid0000024|mdifffitid0000025|mdifffitid0000027|mdifffitid0000028|mdifffitid0000029|mdifffitid0000045|mdifffitid0000046|mimgtblid0000017|mprojectid0000004|mprojectid0000020|mprojectid0000041|mprojectid0000042|mviewerid0000019|mviewerid0000038,0.2,317.776000,0.000000,1.011473,344.126167,0.000000,0.000000,true,75.610000,17,986.477000,"{""bora009"":26,""bora010"":32}","{""bora009"":0.104859,""bora010"":0.063679,""h4d-standard-192-5"":0,""h4d-standard-192-6"":0}"
prism_cc_time,hybrid_hetero,16,maddid0000056|mbackgroundid0000013|mbackgroundid0000014|mbackgroundid0000033|mbackgroundid0000034|mbackgroundid0000051|mbackgroundid0000053|mbgmodelid0000012|mbgmodelid0000031|mconcatfitid0000011|mconcatfitid0000030|mdifffitid0000006|mdifffitid0000007|mdifffitid0000009|mdifffitid0000010|mdifffitid0000024|mdifffitid0000025|mdifffitid0000027|mdifffitid0000028|mdifffitid0000029|mdifffitid0000045|mdifffitid0000046|mimgtblid0000017|mprojectid0000004|mprojectid0000020|mprojectid0000041|mprojectid0000042|mviewerid0000019|mviewerid0000038,0.2,130.544000,0.283322,1.011473,344.126167,0.000000,0.000000,true,46.202000,28,867.656000,"{""bora011"":8,""diablo03"":8,""h4d-standard-192-7"":42}","{""bora011"":0.004371,""diablo03"":0.002012,""h3-standard-88-2"":0,""h4d-standard-192-7"":0.017193}"
prism_cc_cost,hybrid_hetero,16,maddid0000056|mbackgroundid0000013|mbackgroundid0000014|mbackgroundid0000033|mbackgroundid0000034|mbackgroundid0000051|mbackgroundid0000053|mbgmodelid0000012|mbgmodelid0000031|mconcatfitid0000011|mconcatfitid0000030|mdifffitid0000006|mdifffitid0000007|mdifffitid0000009|mdifffitid0000010|mdifffitid0000024|mdifffitid0000025|mdifffitid0000027|mdifffitid0000028|mdifffitid0000029|mdifffitid0000045|mdifffitid0000046|mimgtblid0000017|mprojectid0000004|mprojectid0000020|mprojectid0000041|mprojectid0000042|mviewerid0000019|mviewerid0000038,0.2,319.041000,0.000000,1.011473,344.126167,0.000000,0.000000,true,82.048000,18,875.046000,"{""bora011"":30,""diablo03"":28}","{""bora011"":0.139447,""diablo03"":0.019856,""h3-standard-88-2"":0,""h4d-standard-192-7"":0}"
prism_cc_time,cluster_homo,17,maddid0000018|maddid0000037|maddid0000056|mbackgroundid0000013|mbackgroundid0000015|mbackgroundid0000032|mbackgroundid0000033|mbackgroundid0000034|mbackgroundid0000035|mbackgroundid0000052|mbackgroundid0000053|mbgmodelid0000031|mconcatfitid0000030|mdifffitid0000006|mdifffitid0000007|mdifffitid0000008|mdifffitid0000009|mdifffitid0000024|mdifffitid0000026|mdifffitid0000029|mdifffitid0000043|mdifffitid0000044|mimgtblid0000036|mprojectid0000003|mprojectid0000004|mprojectid0000020|mprojectid0000022|mprojectid0000023|mprojectid0000042,0.2,311.833000,0.000000,1.011473,344.126167,0.000000,0.000000,true,79.050000,8,695.747000,"{""bora001"":16,""bora002"":19,""bora003"":11,""bora004"":12}","{""bora001"":0.086766,""bora002"":0.042006,""bora003"":0.031834,""bora004"":0.009468}"
prism_cc_cost,cluster_homo,17,maddid0000018|maddid0000037|maddid0000056|mbackgroundid0000013|mbackgroundid0000015|mbackgroundid0000032|mbackgroundid0000033|mbackgroundid0000034|mbackgroundid0000035|mbackgroundid0000052|mbackgroundid0000053|mbgmodelid0000031|mconcatfitid0000030|mdifffitid0000006|mdifffitid0000007|mdifffitid0000008|mdifffitid0000009|mdifffitid0000024|mdifffitid0000026|mdifffitid0000029|mdifffitid0000043|mdifffitid0000044|mimgtblid0000036|mprojectid0000003|mprojectid0000004|mprojectid0000020|mprojectid0000022|mprojectid0000023|mprojectid0000042,0.2,311.833000,0.000000,1.011473,344.126167,0.000000,0.000000,true,79.050000,8,685.557000,"{""bora001"":16,""bora002"":19,""bora003"":11,""bora004"":12}","{""bora001"":0.086766,""bora002"":0.042006,""bora003"":0.031834,""bora004"":0.009468}"
prism_cc_time,cluster_hetero,17,maddid0000018|maddid0000037|maddid0000056|mbackgroundid0000013|mbackgroundid0000015|mbackgroundid0000032|mbackgroundid0000033|mbackgroundid0000034|mbackgroundid0000035|mbackgroundid0000052|mbackgroundid0000053|mbgmodelid0000031|mconcatfitid0000030|mdifffitid0000006|mdifffitid0000007|mdifffitid0000008|mdifffitid0000009|mdifffitid0000024|mdifffitid0000026|mdifffitid0000029|mdifffitid0000043|mdifffitid0000044|mimgtblid0000036|mprojectid0000003|mprojectid0000004|mprojectid0000020|mprojectid0000022|mprojectid0000023|mprojectid0000042,0.2,317.197000,0.000000,1.011473,344.126167,0.000000,0.000000,true,82.187000,11,745.413000,"{""bora005"":20,""bora006"":20,""diablo01"":7,""diablo02"":11}","{""bora005"":0.085423,""bora006"":0.064877,""diablo01"":0.005919,""diablo02"":0.006066}"
prism_cc_cost,cluster_hetero,17,maddid0000018|maddid0000037|maddid0000056|mbackgroundid0000013|mbackgroundid0000015|mbackgroundid0000032|mbackgroundid0000033|mbackgroundid0000034|mbackgroundid0000035|mbackgroundid0000052|mbackgroundid0000053|mbgmodelid0000031|mconcatfitid0000030|mdifffitid0000006|mdifffitid0000007|mdifffitid0000008|mdifffitid0000009|mdifffitid0000024|mdifffitid0000026|mdifffitid0000029|mdifffitid0000043|mdifffitid0000044|mimgtblid0000036|mprojectid0000003|mprojectid0000004|mprojectid0000020|mprojectid0000022|mprojectid0000023|mprojectid0000042,0.2,317.197000,0.000000,1.011473,344.126167,0.000000,0.000000,true,82.187000,11,734.015000,"{""bora005"":20,""bora006"":20,""diablo01"":7,""diablo02"":11}","{""bora005"":0.085423,""bora006"":0.064877,""diablo01"":0.005919,""diablo02"":0.006066}"
prism_cc_time,cloud_homo,17,maddid0000018|maddid0000037|maddid0000056|mbackgroundid0000013|mbackgroundid0000015|mbackgroundid0000032|mbackgroundid0000033|mbackgroundid0000034|mbackgroundid0000035|mbackgroundid0000052|mbackgroundid0000053|mbgmodelid0000031|mconcatfitid0000030|mdifffitid0000006|mdifffitid0000007|mdifffitid0000008|mdifffitid0000009|mdifffitid0000024|mdifffitid0000026|mdifffitid0000029|mdifffitid0000043|mdifffitid0000044|mimgtblid0000036|mprojectid0000003|mprojectid0000004|mprojectid0000020|mprojectid0000022|mprojectid0000023|mprojectid0000042,0.2,112.075000,0.790337,1.011473,344.126167,0.000000,0.000000,true,21.664000,15,1047.801000,"{""h4d-standard-192-1"":19,""h4d-standard-192-2"":35,""h4d-standard-192-3"":4}","{""h4d-standard-192-1"":0.008536,""h4d-standard-192-2"":0.008219,""h4d-standard-192-3"":0.002488,""h4d-standard-192-4"":0}"
prism_cc_cost,cloud_homo,17,maddid0000018|maddid0000037|maddid0000056|mbackgroundid0000013|mbackgroundid0000015|mbackgroundid0000032|mbackgroundid0000033|mbackgroundid0000034|mbackgroundid0000035|mbackgroundid0000052|mbackgroundid0000053|mbgmodelid0000031|mconcatfitid0000030|mdifffitid0000006|mdifffitid0000007|mdifffitid0000008|mdifffitid0000009|mdifffitid0000024|mdifffitid0000026|mdifffitid0000029|mdifffitid0000043|mdifffitid0000044|mimgtblid0000036|mprojectid0000003|mprojectid0000004|mprojectid0000020|mprojectid0000022|mprojectid0000023|mprojectid0000042,0.2,121.326000,0.400920,1.011473,344.126167,0.000000,0.000000,true,66.188000,44,1044.865000,"{""h4d-standard-192-1"":1,""h4d-standard-192-4"":57}","{""h4d-standard-192-1"":0.001696,""h4d-standard-192-2"":0,""h4d-standard-192-3"":0,""h4d-standard-192-4"":0.01935}"
prism_cc_time,cloud_hetero,17,maddid0000018|maddid0000037|maddid0000056|mbackgroundid0000013|mbackgroundid0000015|mbackgroundid0000032|mbackgroundid0000033|mbackgroundid0000034|mbackgroundid0000035|mbackgroundid0000052|mbackgroundid0000053|mbgmodelid0000031|mconcatfitid0000030|mdifffitid0000006|mdifffitid0000007|mdifffitid0000008|mdifffitid0000009|mdifffitid0000024|mdifffitid0000026|mdifffitid0000029|mdifffitid0000043|mdifffitid0000044|mimgtblid0000036|mprojectid0000003|mprojectid0000004|mprojectid0000020|mprojectid0000022|mprojectid0000023|mprojectid0000042,0.2,123.753000,0.874898,1.011473,344.126167,0.000000,0.000000,true,42.934000,19,966.013000,"{""h4d-highmem-192-1"":33,""h4d-standard-192-1"":25}","{""h3-standard-88-1"":0,""h3-standard-88-2"":0,""h4d-highmem-192-1"":0.010895,""h4d-standard-192-1"":0.008267}"
prism_cc_cost,cloud_hetero,17,maddid0000018|maddid0000037|maddid0000056|mbackgroundid0000013|mbackgroundid0000015|mbackgroundid0000032|mbackgroundid0000033|mbackgroundid0000034|mbackgroundid0000035|mbackgroundid0000052|mbackgroundid0000053|mbgmodelid0000031|mconcatfitid0000030|mdifffitid0000006|mdifffitid0000007|mdifffitid0000008|mdifffitid0000009|mdifffitid0000024|mdifffitid0000026|mdifffitid0000029|mdifffitid0000043|mdifffitid0000044|mimgtblid0000036|mprojectid0000003|mprojectid0000004|mprojectid0000020|mprojectid0000022|mprojectid0000023|mprojectid0000042,0.2,146.153000,0.533117,1.011473,344.126167,0.000000,0.000000,true,69.641000,41,927.430000,"{""h3-standard-88-1"":42,""h4d-standard-192-1"":16}","{""h3-standard-88-1"":0.015696,""h3-standard-88-2"":0,""h4d-highmem-192-1"":0,""h4d-standard-192-1"":0.012633}"
prism_cc_time,hybrid_homo,17,maddid0000018|maddid0000037|maddid0000056|mbackgroundid0000013|mbackgroundid0000015|mbackgroundid0000032|mbackgroundid0000033|mbackgroundid0000034|mbackgroundid0000035|mbackgroundid0000052|mbackgroundid0000053|mbgmodelid0000031|mconcatfitid0000030|mdifffitid0000006|mdifffitid0000007|mdifffitid0000008|mdifffitid0000009|mdifffitid0000024|mdifffitid0000026|mdifffitid0000029|mdifffitid0000043|mdifffitid0000044|mimgtblid0000036|mprojectid0000003|mprojectid0000004|mprojectid0000020|mprojectid0000022|mprojectid0000023|mprojectid0000042,0.2,119.373000,0.607929,1.011473,344.126167,0.000000,0.000000,true,41.005000,15,984.472000,"{""bora009"":5,""bora010"":8,""h4d-standard-192-5"":16,""h4d-standard-192-6"":29}","{""bora009"":0.002619,""bora010"":0.004261,""h4d-standard-192-5"":0.008706,""h4d-standard-192-6"":0.009696}"
prism_cc_cost,hybrid_homo,17,maddid0000018|maddid0000037|maddid0000056|mbackgroundid0000013|mbackgroundid0000015|mbackgroundid0000032|mbackgroundid0000033|mbackgroundid0000034|mbackgroundid0000035|mbackgroundid0000052|mbackgroundid0000053|mbgmodelid0000031|mconcatfitid0000030|mdifffitid0000006|mdifffitid0000007|mdifffitid0000008|mdifffitid0000009|mdifffitid0000024|mdifffitid0000026|mdifffitid0000029|mdifffitid0000043|mdifffitid0000044|mimgtblid0000036|mprojectid0000003|mprojectid0000004|mprojectid0000020|mprojectid0000022|mprojectid0000023|mprojectid0000042,0.2,273.545000,0.140713,1.011473,344.126167,0.000000,0.000000,true,44.403000,26,942.904000,"{""bora009"":17,""bora010"":25,""h4d-standard-192-6"":16}","{""bora009"":0.027797,""bora010"":0.015719,""h4d-standard-192-5"":0,""h4d-standard-192-6"":0.005962}"
prism_cc_time,hybrid_hetero,17,maddid0000018|maddid0000037|maddid0000056|mbackgroundid0000013|mbackgroundid0000015|mbackgroundid0000032|mbackgroundid0000033|mbackgroundid0000034|mbackgroundid0000035|mbackgroundid0000052|mbackgroundid0000053|mbgmodelid0000031|mconcatfitid0000030|mdifffitid0000006|mdifffitid0000007|mdifffitid0000008|mdifffitid0000009|mdifffitid0000024|mdifffitid0000026|mdifffitid0000029|mdifffitid0000043|mdifffitid0000044|mimgtblid0000036|mprojectid0000003|mprojectid0000004|mprojectid0000020|mprojectid0000022|mprojectid0000023|mprojectid0000042,0.2,147.134000,0.319517,1.011473,344.126167,0.000000,0.000000,true,99.708000,31,864.370000,"{""bora011"":12,""diablo03"":9,""h4d-standard-192-7"":37}","{""bora011"":0.006165,""diablo03"":0.002077,""h3-standard-88-2"":0,""h4d-standard-192-7"":0.01672}"
prism_cc_cost,hybrid_hetero,17,maddid0000018|maddid0000037|maddid0000056|mbackgroundid0000013|mbackgroundid0000015|mbackgroundid0000032|mbackgroundid0000033|mbackgroundid0000034|mbackgroundid0000035|mbackgroundid0000052|mbackgroundid0000053|mbgmodelid0000031|mconcatfitid0000030|mdifffitid0000006|mdifffitid0000007|mdifffitid0000008|mdifffitid0000009|mdifffitid0000024|mdifffitid0000026|mdifffitid0000029|mdifffitid0000043|mdifffitid0000044|mimgtblid0000036|mprojectid0000003|mprojectid0000004|mprojectid0000020|mprojectid0000022|mprojectid0000023|mprojectid0000042,0.2,275.016000,0.153897,1.011473,344.126167,0.000000,0.000000,true,60.919000,31,865.854000,"{""bora011"":16,""diablo03"":22,""h4d-standard-192-7"":20}","{""bora011"":0.027106,""diablo03"":0.004342,""h3-standard-88-2"":0,""h4d-standard-192-7"":0.006713}"
prism_cc_time,cluster_homo,18,maddid0000018|maddid0000056|mbackgroundid0000014|mbackgroundid0000015|mbackgroundid0000035|mbackgroundid0000053|mbgmodelid0000012|mbgmodelid0000050|mconcatfitid0000030|mconcatfitid0000049|mdifffitid0000006|mdifffitid0000007|mdifffitid0000008|mdifffitid0000010|mdifffitid0000024|mdifffitid0000026|mdifffitid0000027|mdifffitid0000046|mdifffitid0000048|mprojectid0000001|mprojectid0000002|mprojectid0000020|mprojectid0000021|mprojectid0000039|mprojectid0000041|mprojectid0000042|mviewerid0000038|mviewerid0000057|mviewerid0000058,0.2,313.782000,0.000000,1.011473,344.126167,0.000000,0.000000,true,112.595000,10,677.469000,"{""bora001"":14,""bora002"":18,""bora003"":13,""bora004"":13}","{""bora001"":0.040983,""bora002"":0.080959,""bora003"":0.034321,""bora004"":0.015729}"
prism_cc_cost,cluster_homo,18,maddid0000018|maddid0000056|mbackgroundid0000014|mbackgroundid0000015|mbackgroundid0000035|mbackgroundid0000053|mbgmodelid0000012|mbgmodelid0000050|mconcatfitid0000030|mconcatfitid0000049|mdifffitid0000006|mdifffitid0000007|mdifffitid0000008|mdifffitid0000010|mdifffitid0000024|mdifffitid0000026|mdifffitid0000027|mdifffitid0000046|mdifffitid0000048|mprojectid0000001|mprojectid0000002|mprojectid0000020|mprojectid0000021|mprojectid0000039|mprojectid0000041|mprojectid0000042|mviewerid0000038|mviewerid0000057|mviewerid0000058,0.2,313.782000,0.000000,1.011473,344.126167,0.000000,0.000000,true,112.595000,10,684.041000,"{""bora001"":14,""bora002"":18,""bora003"":13,""bora004"":13}","{""bora001"":0.040983,""bora002"":0.080959,""bora003"":0.034321,""bora004"":0.015729}"
prism_cc_time,cluster_hetero,18,maddid0000018|maddid0000056|mbackgroundid0000014|mbackgroundid0000015|mbackgroundid0000035|mbackgroundid0000053|mbgmodelid0000012|mbgmodelid0000050|mconcatfitid0000030|mconcatfitid0000049|mdifffitid0000006|mdifffitid0000007|mdifffitid0000008|mdifffitid0000010|mdifffitid0000024|mdifffitid0000026|mdifffitid0000027|mdifffitid0000046|mdifffitid0000048|mprojectid0000001|mprojectid0000002|mprojectid0000020|mprojectid0000021|mprojectid0000039|mprojectid0000041|mprojectid0000042|mviewerid0000038|mviewerid0000057|mviewerid0000058,0.2,326.437000,0.000000,1.011473,344.126167,0.000000,0.000000,true,72.682000,10,738.099000,"{""bora005"":20,""bora006"":25,""diablo01"":6,""diablo02"":7}","{""bora005"":0.07478,""bora006"":0.047843,""diablo01"":0.014112,""diablo02"":0.013934}"
prism_cc_cost,cluster_hetero,18,maddid0000018|maddid0000056|mbackgroundid0000014|mbackgroundid0000015|mbackgroundid0000035|mbackgroundid0000053|mbgmodelid0000012|mbgmodelid0000050|mconcatfitid0000030|mconcatfitid0000049|mdifffitid0000006|mdifffitid0000007|mdifffitid0000008|mdifffitid0000010|mdifffitid0000024|mdifffitid0000026|mdifffitid0000027|mdifffitid0000046|mdifffitid0000048|mprojectid0000001|mprojectid0000002|mprojectid0000020|mprojectid0000021|mprojectid0000039|mprojectid0000041|mprojectid0000042|mviewerid0000038|mviewerid0000057|mviewerid0000058,0.2,326.437000,0.000000,1.011473,344.126167,0.000000,0.000000,true,72.682000,10,795.448000,"{""bora005"":20,""bora006"":25,""diablo01"":6,""diablo02"":7}","{""bora005"":0.07478,""bora006"":0.047843,""diablo01"":0.014112,""diablo02"":0.013934}"
prism_cc_time,cloud_homo,18,maddid0000018|maddid0000056|mbackgroundid0000014|mbackgroundid0000015|mbackgroundid0000035|mbackgroundid0000053|mbgmodelid0000012|mbgmodelid0000050|mconcatfitid0000030|mconcatfitid0000049|mdifffitid0000006|mdifffitid0000007|mdifffitid0000008|mdifffitid0000010|mdifffitid0000024|mdifffitid0000026|mdifffitid0000027|mdifffitid0000046|mdifffitid0000048|mprojectid0000001|mprojectid0000002|mprojectid0000020|mprojectid0000021|mprojectid0000039|mprojectid0000041|mprojectid0000042|mviewerid0000038|mviewerid0000057|mviewerid0000058,0.2,107.166000,0.932844,1.011473,344.126167,0.000000,0.000000,true,14.661000,9,1091.942000,"{""h4d-standard-192-1"":17,""h4d-standard-192-2"":31,""h4d-standard-192-3"":1,""h4d-standard-192-4"":9}","{""h4d-standard-192-1"":0.005455,""h4d-standard-192-2"":0.008235,""h4d-standard-192-3"":0.001038,""h4d-standard-192-4"":0.004775}"
prism_cc_cost,cloud_homo,18,maddid0000018|maddid0000056|mbackgroundid0000014|mbackgroundid0000015|mbackgroundid0000035|mbackgroundid0000053|mbgmodelid0000012|mbgmodelid0000050|mconcatfitid0000030|mconcatfitid0000049|mdifffitid0000006|mdifffitid0000007|mdifffitid0000008|mdifffitid0000010|mdifffitid0000024|mdifffitid0000026|mdifffitid0000027|mdifffitid0000046|mdifffitid0000048|mprojectid0000001|mprojectid0000002|mprojectid0000020|mprojectid0000021|mprojectid0000039|mprojectid0000041|mprojectid0000042|mviewerid0000038|mviewerid0000057|mviewerid0000058,0.2,117.718000,0.515762,1.011473,344.126167,0.000000,0.000000,true,48.911000,30,1092.822000,"{""h4d-standard-192-1"":15,""h4d-standard-192-4"":43}","{""h4d-standard-192-1"":0.010959,""h4d-standard-192-2"":0,""h4d-standard-192-3"":0,""h4d-standard-192-4"":0.009896}"
prism_cc_time,cloud_hetero,18,maddid0000018|maddid0000056|mbackgroundid0000014|mbackgroundid0000015|mbackgroundid0000035|mbackgroundid0000053|mbgmodelid0000012|mbgmodelid0000050|mconcatfitid0000030|mconcatfitid0000049|mdifffitid0000006|mdifffitid0000007|mdifffitid0000008|mdifffitid0000010|mdifffitid0000024|mdifffitid0000026|mdifffitid0000027|mdifffitid0000046|mdifffitid0000048|mprojectid0000001|mprojectid0000002|mprojectid0000020|mprojectid0000021|mprojectid0000039|mprojectid0000041|mprojectid0000042|mviewerid0000038|mviewerid0000057|mviewerid0000058,0.2,129.541000,0.562820,1.011473,344.126167,0.000000,0.000000,true,45.498000,30,1033.878000,"{""h4d-highmem-192-1"":17,""h4d-standard-192-1"":41}","{""h3-standard-88-1"":0,""h3-standard-88-2"":0,""h4d-highmem-192-1"":0.010046,""h4d-standard-192-1"":0.009272}"
prism_cc_cost,cloud_hetero,18,maddid0000018|maddid0000056|mbackgroundid0000014|mbackgroundid0000015|mbackgroundid0000035|mbackgroundid0000053|mbgmodelid0000012|mbgmodelid0000050|mconcatfitid0000030|mconcatfitid0000049|mdifffitid0000006|mdifffitid0000007|mdifffitid0000008|mdifffitid0000010|mdifffitid0000024|mdifffitid0000026|mdifffitid0000027|mdifffitid0000046|mdifffitid0000048|mprojectid0000001|mprojectid0000002|mprojectid0000020|mprojectid0000021|mprojectid0000039|mprojectid0000041|mprojectid0000042|mviewerid0000038|mviewerid0000057|mviewerid0000058,0.2,160.741000,0.504881,1.011473,344.126167,0.000000,0.000000,true,62.335000,44,1043.622000,"{""h3-standard-88-1"":43,""h4d-standard-192-1"":15}","{""h3-standard-88-1"":0.026358,""h3-standard-88-2"":0,""h4d-highmem-192-1"":0,""h4d-standard-192-1"":0.00817}"
prism_cc_time,hybrid_homo,18,maddid0000018|maddid0000056|mbackgroundid0000014|mbackgroundid0000015|mbackgroundid0000035|mbackgroundid0000053|mbgmodelid0000012|mbgmodelid0000050|mconcatfitid0000030|mconcatfitid0000049|mdifffitid0000006|mdifffitid0000007|mdifffitid0000008|mdifffitid0000010|mdifffitid0000024|mdifffitid0000026|mdifffitid0000027|mdifffitid0000046|mdifffitid0000048|mprojectid0000001|mprojectid0000002|mprojectid0000020|mprojectid0000021|mprojectid0000039|mprojectid0000041|mprojectid0000042|mviewerid0000038|mviewerid0000057|mviewerid0000058,0.2,124.073000,0.379963,1.011473,344.126167,0.000000,0.000000,true,40.753000,24,1002.753000,"{""bora009"":9,""bora010"":13,""h4d-standard-192-5"":18,""h4d-standard-192-6"":18}","{""bora009"":0.005578,""bora010"":0.006383,""h4d-standard-192-5"":0.006556,""h4d-standard-192-6"":0.010516}"
prism_cc_cost,hybrid_homo,18,maddid0000018|maddid0000056|mbackgroundid0000014|mbackgroundid0000015|mbackgroundid0000035|mbackgroundid0000053|mbgmodelid0000012|mbgmodelid0000050|mconcatfitid0000030|mconcatfitid0000049|mdifffitid0000006|mdifffitid0000007|mdifffitid0000008|mdifffitid0000010|mdifffitid0000024|mdifffitid0000026|mdifffitid0000027|mdifffitid0000046|mdifffitid0000048|mprojectid0000001|mprojectid0000002|mprojectid0000020|mprojectid0000021|mprojectid0000039|mprojectid0000041|mprojectid0000042|mviewerid0000038|mviewerid0000057|mviewerid0000058,0.2,274.599000,0.136443,1.011473,344.126167,0.000000,0.000000,true,42.410000,33,950.382000,"{""bora009"":16,""bora010"":23,""h4d-standard-192-6"":19}","{""bora009"":0.027362,""bora010"":0.028894,""h4d-standard-192-5"":0,""h4d-standard-192-6"":0.005543}"
prism_cc_time,hybrid_hetero,18,maddid0000018|maddid0000056|mbackgroundid0000014|mbackgroundid0000015|mbackgroundid0000035|mbackgroundid0000053|mbgmodelid0000012|mbgmodelid0000050|mconcatfitid0000030|mconcatfitid0000049|mdifffitid0000006|mdifffitid0000007|mdifffitid0000008|mdifffitid0000010|mdifffitid0000024|mdifffitid0000026|mdifffitid0000027|mdifffitid0000046|mdifffitid0000048|mprojectid0000001|mprojectid0000002|mprojectid0000020|mprojectid0000021|mprojectid0000039|mprojectid0000041|mprojectid0000042|mviewerid0000038|mviewerid0000057|mviewerid0000058,0.2,146.491000,0.549012,1.011473,344.126167,0.000000,0.000000,true,97.258000,35,865.842000,"{""bora011"":9,""diablo03"":8,""h3-standard-88-2"":5,""h4d-standard-192-7"":36}","{""bora011"":0.004663,""diablo03"":0.001733,""h3-standard-88-2"":0.002082,""h4d-standard-192-7"":0.016296}"
prism_cc_cost,hybrid_hetero,18,maddid0000018|maddid0000056|mbackgroundid0000014|mbackgroundid0000015|mbackgroundid0000035|mbackgroundid0000053|mbgmodelid0000012|mbgmodelid0000050|mconcatfitid0000030|mconcatfitid0000049|mdifffitid0000006|mdifffitid0000007|mdifffitid0000008|mdifffitid0000010|mdifffitid0000024|mdifffitid0000026|mdifffitid0000027|mdifffitid0000046|mdifffitid0000048|mprojectid0000001|mprojectid0000002|mprojectid0000020|mprojectid0000021|mprojectid0000039|mprojectid0000041|mprojectid0000042|mviewerid0000038|mviewerid0000057|mviewerid0000058,0.2,330.549000,0.136443,1.011473,344.126167,0.000000,0.000000,true,42.711000,33,856.775000,"{""bora011"":19,""diablo03"":20,""h4d-standard-192-7"":19}","{""bora011"":0.023847,""diablo03"":0.01582,""h3-standard-88-2"":0,""h4d-standard-192-7"":0.004605}"
prism_cc_time,cluster_homo,19,maddid0000018|maddid0000037|mbackgroundid0000015|mbackgroundid0000016|mbackgroundid0000033|mbackgroundid0000053|mbgmodelid0000012|mconcatfitid0000030|mconcatfitid0000049|mdifffitid0000005|mdifffitid0000007|mdifffitid0000008|mdifffitid0000010|mdifffitid0000024|mdifffitid0000025|mdifffitid0000026|mdifffitid0000029|mimgtblid0000017|mimgtblid0000036|mprojectid0000001|mprojectid0000002|mprojectid0000003|mprojectid0000020|mprojectid0000021|mprojectid0000022|mprojectid0000039|mprojectid0000041|mviewerid0000057|mviewerid0000058,0.2,313.685000,0.000000,1.011473,344.126167,0.000000,0.000000,true,112.496000,10,692.808000,"{""bora001"":15,""bora002"":19,""bora003"":12,""bora004"":12}","{""bora001"":0.066615,""bora002"":0.035559,""bora003"":0.039413,""bora004"":0.030733}"
prism_cc_cost,cluster_homo,19,maddid0000018|maddid0000037|mbackgroundid0000015|mbackgroundid0000016|mbackgroundid0000033|mbackgroundid0000053|mbgmodelid0000012|mconcatfitid0000030|mconcatfitid0000049|mdifffitid0000005|mdifffitid0000007|mdifffitid0000008|mdifffitid0000010|mdifffitid0000024|mdifffitid0000025|mdifffitid0000026|mdifffitid0000029|mimgtblid0000017|mimgtblid0000036|mprojectid0000001|mprojectid0000002|mprojectid0000003|mprojectid0000020|mprojectid0000021|mprojectid0000022|mprojectid0000039|mprojectid0000041|mviewerid0000057|mviewerid0000058,0.2,313.685000,0.000000,1.011473,344.126167,0.000000,0.000000,true,112.496000,10,681.047000,"{""bora001"":15,""bora002"":19,""bora003"":12,""bora004"":12}","{""bora001"":0.066615,""bora002"":0.035559,""bora003"":0.039413,""bora004"":0.030733}"
prism_cc_time,cluster_hetero,19,maddid0000018|maddid0000037|mbackgroundid0000015|mbackgroundid0000016|mbackgroundid0000033|mbackgroundid0000053|mbgmodelid0000012|mconcatfitid0000030|mconcatfitid0000049|mdifffitid0000005|mdifffitid0000007|mdifffitid0000008|mdifffitid0000010|mdifffitid0000024|mdifffitid0000025|mdifffitid0000026|mdifffitid0000029|mimgtblid0000017|mimgtblid0000036|mprojectid0000001|mprojectid0000002|mprojectid0000003|mprojectid0000020|mprojectid0000021|mprojectid0000022|mprojectid0000039|mprojectid0000041|mviewerid0000057|mviewerid0000058,0.2,325.377000,0.000000,1.011473,344.126167,0.000000,0.000000,true,141.155000,10,723.209000,"{""bora005"":19,""bora006"":24,""diablo01"":6,""diablo02"":9}","{""bora005"":0.086863,""bora006"":0.056143,""diablo01"":0.013979,""diablo02"":0.00424}"
prism_cc_cost,cluster_hetero,19,maddid0000018|maddid0000037|mbackgroundid0000015|mbackgroundid0000016|mbackgroundid0000033|mbackgroundid0000053|mbgmodelid0000012|mconcatfitid0000030|mconcatfitid0000049|mdifffitid0000005|mdifffitid0000007|mdifffitid0000008|mdifffitid0000010|mdifffitid0000024|mdifffitid0000025|mdifffitid0000026|mdifffitid0000029|mimgtblid0000017|mimgtblid0000036|mprojectid0000001|mprojectid0000002|mprojectid0000003|mprojectid0000020|mprojectid0000021|mprojectid0000022|mprojectid0000039|mprojectid0000041|mviewerid0000057|mviewerid0000058,0.2,325.377000,0.000000,1.011473,344.126167,0.000000,0.000000,true,141.155000,10,746.784000,"{""bora005"":19,""bora006"":24,""diablo01"":6,""diablo02"":9}","{""bora005"":0.086863,""bora006"":0.056143,""diablo01"":0.013979,""diablo02"":0.00424}"
prism_cc_time,cloud_homo,19,maddid0000018|maddid0000037|mbackgroundid0000015|mbackgroundid0000016|mbackgroundid0000033|mbackgroundid0000053|mbgmodelid0000012|mconcatfitid0000030|mconcatfitid0000049|mdifffitid0000005|mdifffitid0000007|mdifffitid0000008|mdifffitid0000010|mdifffitid0000024|mdifffitid0000025|mdifffitid0000026|mdifffitid0000029|mimgtblid0000017|mimgtblid0000036|mprojectid0000001|mprojectid0000002|mprojectid0000003|mprojectid0000020|mprojectid0000021|mprojectid0000022|mprojectid0000039|mprojectid0000041|mviewerid0000057|mviewerid0000058,0.2,101.689000,0.898479,1.011473,344.126167,0.000000,0.000000,true,16.569000,13,1028.024000,"{""h4d-standard-192-1"":17,""h4d-standard-192-2"":33,""h4d-standard-192-3"":6,""h4d-standard-192-4"":2}","{""h4d-standard-192-1"":0.006573,""h4d-standard-192-2"":0.009444,""h4d-standard-192-3"":0.00329,""h4d-standard-192-4"":0.001598}"
prism_cc_cost,cloud_homo,19,maddid0000018|maddid0000037|mbackgroundid0000015|mbackgroundid0000016|mbackgroundid0000033|mbackgroundid0000053|mbgmodelid0000012|mconcatfitid0000030|mconcatfitid0000049|mdifffitid0000005|mdifffitid0000007|mdifffitid0000008|mdifffitid0000010|mdifffitid0000024|mdifffitid0000025|mdifffitid0000026|mdifffitid0000029|mimgtblid0000017|mimgtblid0000036|mprojectid0000001|mprojectid0000002|mprojectid0000003|mprojectid0000020|mprojectid0000021|mprojectid0000022|mprojectid0000039|mprojectid0000041|mviewerid0000057|mviewerid0000058,0.2,120.531000,0.462707,1.011473,344.126167,0.000000,0.000000,true,69.786000,38,1083.806000,"{""h4d-standard-192-1"":5,""h4d-standard-192-2"":53}","{""h4d-standard-192-1"":0.00474,""h4d-standard-192-2"":0.016469,""h4d-standard-192-3"":0,""h4d-standard-192-4"":0}"
prism_cc_time,cloud_hetero,19,maddid0000018|maddid0000037|mbackgroundid0000015|mbackgroundid0000016|mbackgroundid0000033|mbackgroundid0000053|mbgmodelid0000012|mconcatfitid0000030|mconcatfitid0000049|mdifffitid0000005|mdifffitid0000007|mdifffitid0000008|mdifffitid0000010|mdifffitid0000024|mdifffitid0000025|mdifffitid0000026|mdifffitid0000029|mimgtblid0000017|mimgtblid0000036|mprojectid0000001|mprojectid0000002|mprojectid0000003|mprojectid0000020|mprojectid0000021|mprojectid0000022|mprojectid0000039|mprojectid0000041|mviewerid0000057|mviewerid0000058,0.2,116.639000,0.549873,1.011473,344.126167,0.000000,0.000000,true,53.317000,33,1018.577000,"{""h4d-highmem-192-1"":49,""h4d-standard-192-1"":9}","{""h3-standard-88-1"":0,""h3-standard-88-2"":0,""h4d-highmem-192-1"":0.013129,""h4d-standard-192-1"":0.008376}"
prism_cc_cost,cloud_hetero,19,maddid0000018|maddid0000037|mbackgroundid0000015|mbackgroundid0000016|mbackgroundid0000033|mbackgroundid0000053|mbgmodelid0000012|mconcatfitid0000030|mconcatfitid0000049|mdifffitid0000005|mdifffitid0000007|mdifffitid0000008|mdifffitid0000010|mdifffitid0000024|mdifffitid0000025|mdifffitid0000026|mdifffitid0000029|mimgtblid0000017|mimgtblid0000036|mprojectid0000001|mprojectid0000002|mprojectid0000003|mprojectid0000020|mprojectid0000021|mprojectid0000022|mprojectid0000039|mprojectid0000041|mviewerid0000057|mviewerid0000058,0.2,169.402000,0.410984,1.011473,344.126167,0.000000,0.000000,true,156.590000,69,965.280000,"{""h3-standard-88-2"":18,""h4d-standard-192-1"":40}","{""h3-standard-88-1"":0,""h3-standard-88-2"":0.002233,""h4d-highmem-192-1"":0,""h4d-standard-192-1"":0.017128}"
prism_cc_time,hybrid_homo,19,maddid0000018|maddid0000037|mbackgroundid0000015|mbackgroundid0000016|mbackgroundid0000033|mbackgroundid0000053|mbgmodelid0000012|mconcatfitid0000030|mconcatfitid0000049|mdifffitid0000005|mdifffitid0000007|mdifffitid0000008|mdifffitid0000010|mdifffitid0000024|mdifffitid0000025|mdifffitid0000026|mdifffitid0000029|mimgtblid0000017|mimgtblid0000036|mprojectid0000001|mprojectid0000002|mprojectid0000003|mprojectid0000020|mprojectid0000021|mprojectid0000022|mprojectid0000039|mprojectid0000041|mviewerid0000057|mviewerid0000058,0.2,118.690000,0.308346,1.011473,344.126167,0.000000,0.000000,true,45.852000,20,1001.468000,"{""bora009"":14,""bora010"":22,""h4d-standard-192-5"":9,""h4d-standard-192-6"":13}","{""bora009"":0.010267,""bora010"":0.01481,""h4d-standard-192-5"":0.008278,""h4d-standard-192-6"":0.008511}"
prism_cc_cost,hybrid_homo,19,maddid0000018|maddid0000037|mbackgroundid0000015|mbackgroundid0000016|mbackgroundid0000033|mbackgroundid0000053|mbgmodelid0000012|mconcatfitid0000030|mconcatfitid0000049|mdifffitid0000005|mdifffitid0000007|mdifffitid0000008|mdifffitid0000010|mdifffitid0000024|mdifffitid0000025|mdifffitid0000026|mdifffitid0000029|mimgtblid0000017|mimgtblid0000036|mprojectid0000001|mprojectid0000002|mprojectid0000003|mprojectid0000020|mprojectid0000021|mprojectid0000022|mprojectid0000039|mprojectid0000041|mviewerid0000057|mviewerid0000058,0.2,293.549000,0.129633,1.011473,344.126167,0.000000,0.000000,true,127.476000,19,977.958000,"{""bora009"":24,""bora010"":30,""h4d-standard-192-6"":4}","{""bora009"":0.071482,""bora010"":0.04259,""h4d-standard-192-5"":0,""h4d-standard-192-6"":0.0027}"
prism_cc_time,hybrid_hetero,19,maddid0000018|maddid0000037|mbackgroundid0000015|mbackgroundid0000016|mbackgroundid0000033|mbackgroundid0000053|mbgmodelid0000012|mconcatfitid0000030|mconcatfitid0000049|mdifffitid0000005|mdifffitid0000007|mdifffitid0000008|mdifffitid0000010|mdifffitid0000024|mdifffitid0000025|mdifffitid0000026|mdifffitid0000029|mimgtblid0000017|mimgtblid0000036|mprojectid0000001|mprojectid0000002|mprojectid0000003|mprojectid0000020|mprojectid0000021|mprojectid0000022|mprojectid0000039|mprojectid0000041|mviewerid0000057|mviewerid0000058,0.2,146.351000,0.561724,1.011473,344.126167,0.000000,0.000000,true,111.805000,33,878.171000,"{""bora011"":12,""diablo03"":12,""h3-standard-88-2"":7,""h4d-standard-192-7"":27}","{""bora011"":0.007352,""diablo03"":0.003237,""h3-standard-88-2"":0.002858,""h4d-standard-192-7"":0.016064}"
prism_cc_cost,hybrid_hetero,19,maddid0000018|maddid0000037|mbackgroundid0000015|mbackgroundid0000016|mbackgroundid0000033|mbackgroundid0000053|mbgmodelid0000012|mconcatfitid0000030|mconcatfitid0000049|mdifffitid0000005|mdifffitid0000007|mdifffitid0000008|mdifffitid0000010|mdifffitid0000024|mdifffitid0000025|mdifffitid0000026|mdifffitid0000029|mimgtblid0000017|mimgtblid0000036|mprojectid0000001|mprojectid0000002|mprojectid0000003|mprojectid0000020|mprojectid0000021|mprojectid0000022|mprojectid0000039|mprojectid0000041|mviewerid0000057|mviewerid0000058,0.2,300.398000,0.127296,1.011473,344.126167,0.000000,0.000000,true,127.790000,21,854.015000,"{""bora011"":29,""diablo03"":26,""h4d-standard-192-7"":3}","{""bora011"":0.099744,""diablo03"":0.021596,""h3-standard-88-2"":0,""h4d-standard-192-7"":0.001908}"
prism_cc_time,cluster_homo,20,maddid0000018|mbackgroundid0000015|mbackgroundid0000016|mbackgroundid0000032|mbackgroundid0000033|mbackgroundid0000053|mbackgroundid0000054|mbgmodelid0000031|mbgmodelid0000050|mconcatfitid0000011|mconcatfitid0000030|mconcatfitid0000049|mdifffitid0000005|mdifffitid0000006|mdifffitid0000010|mdifffitid0000025|mdifffitid0000027|mdifffitid0000044|mdifffitid0000046|mdifffitid0000047|mimgtblid0000055|mprojectid0000001|mprojectid0000004|mprojectid0000020|mprojectid0000021|mprojectid0000039|mprojectid0000040|mprojectid0000042|mviewerid0000057,0.2,314.916000,0.000000,1.011473,344.126167,0.000000,0.000000,true,138.769000,13,685.404000,"{""bora001"":15,""bora002"":19,""bora003"":10,""bora004"":14}","{""bora001"":0.046119,""bora002"":0.045652,""bora003"":0.060934,""bora004"":0.020811}"
prism_cc_cost,cluster_homo,20,maddid0000018|mbackgroundid0000015|mbackgroundid0000016|mbackgroundid0000032|mbackgroundid0000033|mbackgroundid0000053|mbackgroundid0000054|mbgmodelid0000031|mbgmodelid0000050|mconcatfitid0000011|mconcatfitid0000030|mconcatfitid0000049|mdifffitid0000005|mdifffitid0000006|mdifffitid0000010|mdifffitid0000025|mdifffitid0000027|mdifffitid0000044|mdifffitid0000046|mdifffitid0000047|mimgtblid0000055|mprojectid0000001|mprojectid0000004|mprojectid0000020|mprojectid0000021|mprojectid0000039|mprojectid0000040|mprojectid0000042|mviewerid0000057,0.2,314.916000,0.000000,1.011473,344.126167,0.000000,0.000000,true,138.769000,13,675.919000,"{""bora001"":15,""bora002"":19,""bora003"":10,""bora004"":14}","{""bora001"":0.046119,""bora002"":0.045652,""bora003"":0.060934,""bora004"":0.020811}"
prism_cc_time,cluster_hetero,20,maddid0000018|mbackgroundid0000015|mbackgroundid0000016|mbackgroundid0000032|mbackgroundid0000033|mbackgroundid0000053|mbackgroundid0000054|mbgmodelid0000031|mbgmodelid0000050|mconcatfitid0000011|mconcatfitid0000030|mconcatfitid0000049|mdifffitid0000005|mdifffitid0000006|mdifffitid0000010|mdifffitid0000025|mdifffitid0000027|mdifffitid0000044|mdifffitid0000046|mdifffitid0000047|mimgtblid0000055|mprojectid0000001|mprojectid0000004|mprojectid0000020|mprojectid0000021|mprojectid0000039|mprojectid0000040|mprojectid0000042|mviewerid0000057,0.2,356.205000,0.000000,1.011473,344.126167,0.000000,12.079000,false,126.367000,14,755.698000,"{""bora005"":19,""bora006"":23,""diablo01"":7,""diablo02"":9}","{""bora005"":0.087891,""bora006"":0.028394,""diablo01"":0.012865,""diablo02"":0.012864}"
prism_cc_cost,cluster_hetero,20,maddid0000018|mbackgroundid0000015|mbackgroundid0000016|mbackgroundid0000032|mbackgroundid0000033|mbackgroundid0000053|mbackgroundid0000054|mbgmodelid0000031|mbgmodelid0000050|mconcatfitid0000011|mconcatfitid0000030|mconcatfitid0000049|mdifffitid0000005|mdifffitid0000006|mdifffitid0000010|mdifffitid0000025|mdifffitid0000027|mdifffitid0000044|mdifffitid0000046|mdifffitid0000047|mimgtblid0000055|mprojectid0000001|mprojectid0000004|mprojectid0000020|mprojectid0000021|mprojectid0000039|mprojectid0000040|mprojectid0000042|mviewerid0000057,0.2,356.205000,0.000000,1.011473,344.126167,0.000000,12.079000,false,126.367000,14,740.377000,"{""bora005"":19,""bora006"":23,""diablo01"":7,""diablo02"":9}","{""bora005"":0.087891,""bora006"":0.028394,""diablo01"":0.012865,""diablo02"":0.012864}"
prism_cc_time,cloud_homo,20,maddid0000018|mbackgroundid0000015|mbackgroundid0000016|mbackgroundid0000032|mbackgroundid0000033|mbackgroundid0000053|mbackgroundid0000054|mbgmodelid0000031|mbgmodelid0000050|mconcatfitid0000011|mconcatfitid0000030|mconcatfitid0000049|mdifffitid0000005|mdifffitid0000006|mdifffitid0000010|mdifffitid0000025|mdifffitid0000027|mdifffitid0000044|mdifffitid0000046|mdifffitid0000047|mimgtblid0000055|mprojectid0000001|mprojectid0000004|mprojectid0000020|mprojectid0000021|mprojectid0000039|mprojectid0000040|mprojectid0000042|mviewerid0000057,0.2,121.530000,0.525896,1.011473,344.126167,0.000000,0.000000,true,56.654000,42,1046.332000,"{""h4d-standard-192-1"":46,""h4d-standard-192-2"":12}","{""h4d-standard-192-1"":0.01218,""h4d-standard-192-2"":0.009171,""h4d-standard-192-3"":0,""h4d-standard-192-4"":0}"
prism_cc_cost,cloud_homo,20,maddid0000018|mbackgroundid0000015|mbackgroundid0000016|mbackgroundid0000032|mbackgroundid0000033|mbackgroundid0000053|mbackgroundid0000054|mbgmodelid0000031|mbgmodelid0000050|mconcatfitid0000011|mconcatfitid0000030|mconcatfitid0000049|mdifffitid0000005|mdifffitid0000006|mdifffitid0000010|mdifffitid0000025|mdifffitid0000027|mdifffitid0000044|mdifffitid0000046|mdifffitid0000047|mimgtblid0000055|mprojectid0000001|mprojectid0000004|mprojectid0000020|mprojectid0000021|mprojectid0000039|mprojectid0000040|mprojectid0000042|mviewerid0000057,0.2,121.530000,0.525896,1.011473,344.126167,0.000000,0.000000,true,56.654000,42,1046.126000,"{""h4d-standard-192-1"":46,""h4d-standard-192-2"":12}","{""h4d-standard-192-1"":0.01218,""h4d-standard-192-2"":0.009171,""h4d-standard-192-3"":0,""h4d-standard-192-4"":0}"
prism_cc_time,cloud_hetero,20,maddid0000018|mbackgroundid0000015|mbackgroundid0000016|mbackgroundid0000032|mbackgroundid0000033|mbackgroundid0000053|mbackgroundid0000054|mbgmodelid0000031|mbgmodelid0000050|mconcatfitid0000011|mconcatfitid0000030|mconcatfitid0000049|mdifffitid0000005|mdifffitid0000006|mdifffitid0000010|mdifffitid0000025|mdifffitid0000027|mdifffitid0000044|mdifffitid0000046|mdifffitid0000047|mimgtblid0000055|mprojectid0000001|mprojectid0000004|mprojectid0000020|mprojectid0000021|mprojectid0000039|mprojectid0000040|mprojectid0000042|mviewerid0000057,0.2,126.260000,0.580277,1.011473,344.126167,0.000000,0.000000,true,59.512000,42,975.886000,"{""h4d-highmem-192-1"":44,""h4d-standard-192-1"":14}","{""h3-standard-88-1"":0,""h3-standard-88-2"":0,""h4d-highmem-192-1"":0.010234,""h4d-standard-192-1"":0.009964}"
prism_cc_cost,cloud_hetero,20,maddid0000018|mbackgroundid0000015|mbackgroundid0000016|mbackgroundid0000032|mbackgroundid0000033|mbackgroundid0000053|mbackgroundid0000054|mbgmodelid0000031|mbgmodelid0000050|mconcatfitid0000011|mconcatfitid0000030|mconcatfitid0000049|mdifffitid0000005|mdifffitid0000006|mdifffitid0000010|mdifffitid0000025|mdifffitid0000027|mdifffitid0000044|mdifffitid0000046|mdifffitid0000047|mimgtblid0000055|mprojectid0000001|mprojectid0000004|mprojectid0000020|mprojectid0000021|mprojectid0000039|mprojectid0000040|mprojectid0000042|mviewerid0000057,0.2,170.791000,0.413843,1.011473,344.126167,0.000000,0.000000,true,176.537000,77,956.196000,"{""h3-standard-88-2"":15,""h4d-standard-192-1"":43}","{""h3-standard-88-1"":0,""h3-standard-88-2"":0.001973,""h4d-highmem-192-1"":0,""h4d-standard-192-1"":0.017832}"
prism_cc_time,hybrid_homo,20,maddid0000018|mbackgroundid0000015|mbackgroundid0000016|mbackgroundid0000032|mbackgroundid0000033|mbackgroundid0000053|mbackgroundid0000054|mbgmodelid0000031|mbgmodelid0000050|mconcatfitid0000011|mconcatfitid0000030|mconcatfitid0000049|mdifffitid0000005|mdifffitid0000006|mdifffitid0000010|mdifffitid0000025|mdifffitid0000027|mdifffitid0000044|mdifffitid0000046|mdifffitid0000047|mimgtblid0000055|mprojectid0000001|mprojectid0000004|mprojectid0000020|mprojectid0000021|mprojectid0000039|mprojectid0000040|mprojectid0000042|mviewerid0000057,0.2,124.073000,0.379862,1.011473,344.126167,0.000000,0.000000,true,46.304000,18,985.579000,"{""bora009"":11,""bora010"":13,""h4d-standard-192-5"":19,""h4d-standard-192-6"":15}","{""bora009"":0.006957,""bora010"":0.006489,""h4d-standard-192-5"":0.008535,""h4d-standard-192-6"":0.008715}"
prism_cc_cost,hybrid_homo,20,maddid0000018|mbackgroundid0000015|mbackgroundid0000016|mbackgroundid0000032|mbackgroundid0000033|mbackgroundid0000053|mbackgroundid0000054|mbgmodelid0000031|mbgmodelid0000050|mconcatfitid0000011|mconcatfitid0000030|mconcatfitid0000049|mdifffitid0000005|mdifffitid0000006|mdifffitid0000010|mdifffitid0000025|mdifffitid0000027|mdifffitid0000044|mdifffitid0000046|mdifffitid0000047|mimgtblid0000055|mprojectid0000001|mprojectid0000004|mprojectid0000020|mprojectid0000021|mprojectid0000039|mprojectid0000040|mprojectid0000042|mviewerid0000057,0.2,314.286000,0.136439,1.011473,344.126167,0.000000,0.000000,true,74.913000,28,1024.717000,"{""bora009"":16,""bora010"":24,""h4d-standard-192-6"":18}","{""bora009"":0.023994,""bora010"":0.048659,""h4d-standard-192-5"":0,""h4d-standard-192-6"":0.003959}"
prism_cc_time,hybrid_hetero,20,maddid0000018|mbackgroundid0000015|mbackgroundid0000016|mbackgroundid0000032|mbackgroundid0000033|mbackgroundid0000053|mbackgroundid0000054|mbgmodelid0000031|mbgmodelid0000050|mconcatfitid0000011|mconcatfitid0000030|mconcatfitid0000049|mdifffitid0000005|mdifffitid0000006|mdifffitid0000010|mdifffitid0000025|mdifffitid0000027|mdifffitid0000044|mdifffitid0000046|mdifffitid0000047|mimgtblid0000055|mprojectid0000001|mprojectid0000004|mprojectid0000020|mprojectid0000021|mprojectid0000039|mprojectid0000040|mprojectid0000042|mviewerid0000057,0.2,146.491000,0.554173,1.011473,344.126167,0.000000,0.000000,true,114.421000,31,886.729000,"{""bora011"":10,""diablo03"":9,""h3-standard-88-2"":7,""h4d-standard-192-7"":32}","{""bora011"":0.005294,""diablo03"":0.002533,""h3-standard-88-2"":0.002437,""h4d-standard-192-7"":0.016599}"
prism_cc_cost,hybrid_hetero,20,maddid0000018|mbackgroundid0000015|mbackgroundid0000016|mbackgroundid0000032|mbackgroundid0000033|mbackgroundid0000053|mbackgroundid0000054|mbgmodelid0000031|mbgmodelid0000050|mconcatfitid0000011|mconcatfitid0000030|mconcatfitid0000049|mdifffitid0000005|mdifffitid0000006|mdifffitid0000010|mdifffitid0000025|mdifffitid0000027|mdifffitid0000044|mdifffitid0000046|mdifffitid0000047|mimgtblid0000055|mprojectid0000001|mprojectid0000004|mprojectid0000020|mprojectid0000021|mprojectid0000039|mprojectid0000040|mprojectid0000042|mviewerid0000057,0.2,330.549000,0.136439,1.011473,344.126167,0.000000,0.000000,true,75.789000,28,919.812000,"{""bora011"":19,""diablo03"":20,""h4d-standard-192-7"":19}","{""bora011"":0.046045,""diablo03"":0.015876,""h3-standard-88-2"":0,""h4d-standard-192-7"":0.003812}"
prism_cc_time,cluster_homo,21,maddid0000018|maddid0000037|maddid0000056|mbackgroundid0000014|mbackgroundid0000015|mbackgroundid0000034|mbackgroundid0000035|mbackgroundid0000053|mbgmodelid0000050|mconcatfitid0000011|mconcatfitid0000049|mdifffitid0000005|mdifffitid0000006|mdifffitid0000008|mdifffitid0000010|mdifffitid0000024|mdifffitid0000025|mdifffitid0000028|mdifffitid0000043|mdifffitid0000045|mdifffitid0000046|mprojectid0000002|mprojectid0000020|mprojectid0000023|mprojectid0000039|mprojectid0000040|mprojectid0000042|mviewerid0000038|mviewerid0000058,0.2,311.833000,0.000000,1.011473,344.126167,0.000000,0.000000,true,92.385000,12,686.805000,"{""bora001"":19,""bora002"":19,""bora003"":9,""bora004"":11}","{""bora001"":0.073269,""bora002"":0.065378,""bora003"":0.016969,""bora004"":0.015357}"
prism_cc_cost,cluster_homo,21,maddid0000018|maddid0000037|maddid0000056|mbackgroundid0000014|mbackgroundid0000015|mbackgroundid0000034|mbackgroundid0000035|mbackgroundid0000053|mbgmodelid0000050|mconcatfitid0000011|mconcatfitid0000049|mdifffitid0000005|mdifffitid0000006|mdifffitid0000008|mdifffitid0000010|mdifffitid0000024|mdifffitid0000025|mdifffitid0000028|mdifffitid0000043|mdifffitid0000045|mdifffitid0000046|mprojectid0000002|mprojectid0000020|mprojectid0000023|mprojectid0000039|mprojectid0000040|mprojectid0000042|mviewerid0000038|mviewerid0000058,0.2,311.833000,0.000000,1.011473,344.126167,0.000000,0.000000,true,92.385000,12,705.168000,"{""bora001"":19,""bora002"":19,""bora003"":9,""bora004"":11}","{""bora001"":0.073269,""bora002"":0.065378,""bora003"":0.016969,""bora004"":0.015357}"
prism_cc_time,cluster_hetero,21,maddid0000018|maddid0000037|maddid0000056|mbackgroundid0000014|mbackgroundid0000015|mbackgroundid0000034|mbackgroundid0000035|mbackgroundid0000053|mbgmodelid0000050|mconcatfitid0000011|mconcatfitid0000049|mdifffitid0000005|mdifffitid0000006|mdifffitid0000008|mdifffitid0000010|mdifffitid0000024|mdifffitid0000025|mdifffitid0000028|mdifffitid0000043|mdifffitid0000045|mdifffitid0000046|mprojectid0000002|mprojectid0000020|mprojectid0000023|mprojectid0000039|mprojectid0000040|mprojectid0000042|mviewerid0000038|mviewerid0000058,0.2,326.437000,0.000000,1.011473,344.126167,0.000000,0.000000,true,65.829000,13,748.152000,"{""bora005"":21,""bora006"":20,""diablo01"":7,""diablo02"":10}","{""bora005"":0.062824,""bora006"":0.058223,""diablo01"":0.014233,""diablo02"":0.014219}"
prism_cc_cost,cluster_hetero,21,maddid0000018|maddid0000037|maddid0000056|mbackgroundid0000014|mbackgroundid0000015|mbackgroundid0000034|mbackgroundid0000035|mbackgroundid0000053|mbgmodelid0000050|mconcatfitid0000011|mconcatfitid0000049|mdifffitid0000005|mdifffitid0000006|mdifffitid0000008|mdifffitid0000010|mdifffitid0000024|mdifffitid0000025|mdifffitid0000028|mdifffitid0000043|mdifffitid0000045|mdifffitid0000046|mprojectid0000002|mprojectid0000020|mprojectid0000023|mprojectid0000039|mprojectid0000040|mprojectid0000042|mviewerid0000038|mviewerid0000058,0.2,326.437000,0.000000,1.011473,344.126167,0.000000,0.000000,true,65.829000,13,744.586000,"{""bora005"":21,""bora006"":20,""diablo01"":7,""diablo02"":10}","{""bora005"":0.062824,""bora006"":0.058223,""diablo01"":0.014233,""diablo02"":0.014219}"
prism_cc_time,cloud_homo,21,maddid0000018|maddid0000037|maddid0000056|mbackgroundid0000014|mbackgroundid0000015|mbackgroundid0000034|mbackgroundid0000035|mbackgroundid0000053|mbgmodelid0000050|mconcatfitid0000011|mconcatfitid0000049|mdifffitid0000005|mdifffitid0000006|mdifffitid0000008|mdifffitid0000010|mdifffitid0000024|mdifffitid0000025|mdifffitid0000028|mdifffitid0000043|mdifffitid0000045|mdifffitid0000046|mprojectid0000002|mprojectid0000020|mprojectid0000023|mprojectid0000039|mprojectid0000040|mprojectid0000042|mviewerid0000038|mviewerid0000058,0.2,107.447000,0.831418,1.011473,344.126167,0.000000,0.000000,true,24.855000,13,1122.712000,"{""h4d-standard-192-1"":19,""h4d-standard-192-2"":31,""h4d-standard-192-3"":8}","{""h4d-standard-192-1"":0.008612,""h4d-standard-192-2"":0.006682,""h4d-standard-192-3"":0.004738,""h4d-standard-192-4"":0}"
prism_cc_cost,cloud_homo,21,maddid0000018|maddid0000037|maddid0000056|mbackgroundid0000014|mbackgroundid0000015|mbackgroundid0000034|mbackgroundid0000035|mbackgroundid0000053|mbgmodelid0000050|mconcatfitid0000011|mconcatfitid0000049|mdifffitid0000005|mdifffitid0000006|mdifffitid0000008|mdifffitid0000010|mdifffitid0000024|mdifffitid0000025|mdifffitid0000028|mdifffitid0000043|mdifffitid0000045|mdifffitid0000046|mprojectid0000002|mprojectid0000020|mprojectid0000023|mprojectid0000039|mprojectid0000040|mprojectid0000042|mviewerid0000038|mviewerid0000058,0.2,121.530000,0.524853,1.011473,344.126167,0.000000,0.000000,true,51.236000,30,1082.212000,"{""h4d-standard-192-1"":44,""h4d-standard-192-4"":14}","{""h4d-standard-192-1"":0.011916,""h4d-standard-192-2"":0,""h4d-standard-192-3"":0,""h4d-standard-192-4"":0.008853}"
prism_cc_time,cloud_hetero,21,maddid0000018|maddid0000037|maddid0000056|mbackgroundid0000014|mbackgroundid0000015|mbackgroundid0000034|mbackgroundid0000035|mbackgroundid0000053|mbgmodelid0000050|mconcatfitid0000011|mconcatfitid0000049|mdifffitid0000005|mdifffitid0000006|mdifffitid0000008|mdifffitid0000010|mdifffitid0000024|mdifffitid0000025|mdifffitid0000028|mdifffitid0000043|mdifffitid0000045|mdifffitid0000046|mprojectid0000002|mprojectid0000020|mprojectid0000023|mprojectid0000039|mprojectid0000040|mprojectid0000042|mviewerid0000038|mviewerid0000058,0.2,123.187000,0.835527,1.011473,344.126167,0.000000,0.000000,true,55.467000,25,975.556000,"{""h4d-highmem-192-1"":34,""h4d-standard-192-1"":24}","{""h3-standard-88-1"":0,""h3-standard-88-2"":0,""h4d-highmem-192-1"":0.00977,""h4d-standard-192-1"":0.009931}"
prism_cc_cost,cloud_hetero,21,maddid0000018|maddid0000037|maddid0000056|mbackgroundid0000014|mbackgroundid0000015|mbackgroundid0000034|mbackgroundid0000035|mbackgroundid0000053|mbgmodelid0000050|mconcatfitid0000011|mconcatfitid0000049|mdifffitid0000005|mdifffitid0000006|mdifffitid0000008|mdifffitid0000010|mdifffitid0000024|mdifffitid0000025|mdifffitid0000028|mdifffitid0000043|mdifffitid0000045|mdifffitid0000046|mprojectid0000002|mprojectid0000020|mprojectid0000023|mprojectid0000039|mprojectid0000040|mprojectid0000042|mviewerid0000038|mviewerid0000058,0.2,163.471000,0.396244,1.011473,344.126167,0.000000,0.000000,true,142.085000,65,1036.635000,"{""h3-standard-88-1"":13,""h4d-standard-192-1"":45}","{""h3-standard-88-1"":0.002402,""h3-standard-88-2"":0,""h4d-highmem-192-1"":0,""h4d-standard-192-1"":0.017492}"
prism_cc_time,hybrid_homo,21,maddid0000018|maddid0000037|maddid0000056|mbackgroundid0000014|mbackgroundid0000015|mbackgroundid0000034|mbackgroundid0000035|mbackgroundid0000053|mbgmodelid0000050|mconcatfitid0000011|mconcatfitid0000049|mdifffitid0000005|mdifffitid0000006|mdifffitid0000008|mdifffitid0000010|mdifffitid0000024|mdifffitid0000025|mdifffitid0000028|mdifffitid0000043|mdifffitid0000045|mdifffitid0000046|mprojectid0000002|mprojectid0000020|mprojectid0000023|mprojectid0000039|mprojectid0000040|mprojectid0000042|mviewerid0000038|mviewerid0000058,0.2,119.373000,0.601377,1.011473,344.126167,0.000000,0.000000,true,50.977000,17,1006.786000,"{""bora009"":7,""bora010"":7,""h4d-standard-192-5"":20,""h4d-standard-192-6"":24}","{""bora009"":0.004334,""bora010"":0.003114,""h4d-standard-192-5"":0.009893,""h4d-standard-192-6"":0.008697}"
prism_cc_cost,hybrid_homo,21,maddid0000018|maddid0000037|maddid0000056|mbackgroundid0000014|mbackgroundid0000015|mbackgroundid0000034|mbackgroundid0000035|mbackgroundid0000053|mbgmodelid0000050|mconcatfitid0000011|mconcatfitid0000049|mdifffitid0000005|mdifffitid0000006|mdifffitid0000008|mdifffitid0000010|mdifffitid0000024|mdifffitid0000025|mdifffitid0000028|mdifffitid0000043|mdifffitid0000045|mdifffitid0000046|mprojectid0000002|mprojectid0000020|mprojectid0000023|mprojectid0000039|mprojectid0000040|mprojectid0000042|mviewerid0000038|mviewerid0000058,0.2,144.315000,0.202307,1.011473,344.126167,0.000000,0.000000,true,88.977000,29,997.135000,"{""bora009"":14,""bora010"":20,""h4d-standard-192-5"":24}","{""bora009"":0.019167,""bora010"":0.010466,""h4d-standard-192-5"":0.015548,""h4d-standard-192-6"":0}"
prism_cc_time,hybrid_hetero,21,maddid0000018|maddid0000037|maddid0000056|mbackgroundid0000014|mbackgroundid0000015|mbackgroundid0000034|mbackgroundid0000035|mbackgroundid0000053|mbgmodelid0000050|mconcatfitid0000011|mconcatfitid0000049|mdifffitid0000005|mdifffitid0000006|mdifffitid0000008|mdifffitid0000010|mdifffitid0000024|mdifffitid0000025|mdifffitid0000028|mdifffitid0000043|mdifffitid0000045|mdifffitid0000046|mprojectid0000002|mprojectid0000020|mprojectid0000023|mprojectid0000039|mprojectid0000040|mprojectid0000042|mviewerid0000038|mviewerid0000058,0.2,147.134000,0.319512,1.011473,344.126167,0.000000,0.000000,true,123.321000,42,894.958000,"{""bora011"":9,""diablo03"":7,""h4d-standard-192-7"":42}","{""bora011"":0.004759,""diablo03"":0.00154,""h3-standard-88-2"":0,""h4d-standard-192-7"":0.017898}"
prism_cc_cost,hybrid_hetero,21,maddid0000018|maddid0000037|maddid0000056|mbackgroundid0000014|mbackgroundid0000015|mbackgroundid0000034|mbackgroundid0000035|mbackgroundid0000053|mbgmodelid0000050|mconcatfitid0000011|mconcatfitid0000049|mdifffitid0000005|mdifffitid0000006|mdifffitid0000008|mdifffitid0000010|mdifffitid0000024|mdifffitid0000025|mdifffitid0000028|mdifffitid0000043|mdifffitid0000045|mdifffitid0000046|mprojectid0000002|mprojectid0000020|mprojectid0000023|mprojectid0000039|mprojectid0000040|mprojectid0000042|mviewerid0000038|mviewerid0000058,0.2,275.016000,0.195705,1.011473,344.126167,0.000000,0.000000,true,80.901000,31,890.095000,"{""bora011"":16,""diablo03"":17,""h4d-standard-192-7"":25}","{""bora011"":0.026738,""diablo03"":0.002856,""h3-standard-88-2"":0,""h4d-standard-192-7"":0.00747}"
prism_cc_time,cluster_homo,22,maddid0000018|maddid0000037|maddid0000056|mbackgroundid0000014|mbackgroundid0000015|mbackgroundid0000032|mbackgroundid0000033|mbackgroundid0000035|mbackgroundid0000051|mbackgroundid0000053|mbgmodelid0000050|mdifffitid0000007|mdifffitid0000008|mdifffitid0000009|mdifffitid0000025|mdifffitid0000043|mdifffitid0000044|mdifffitid0000045|mimgtblid0000055|mprojectid0000002|mprojectid0000021|mprojectid0000022|mprojectid0000023|mprojectid0000039|mprojectid0000041|mprojectid0000042|mviewerid0000019|mviewerid0000038|mviewerid0000057,0.2,314.375000,0.000000,1.011473,344.126167,0.000000,0.000000,true,112.965000,10,684.524000,"{""bora001"":17,""bora002"":17,""bora003"":11,""bora004"":13}","{""bora001"":0.061849,""bora002"":0.050405,""bora003"":0.028546,""bora004"":0.030851}"
prism_cc_cost,cluster_homo,22,maddid0000018|maddid0000037|maddid0000056|mbackgroundid0000014|mbackgroundid0000015|mbackgroundid0000032|mbackgroundid0000033|mbackgroundid0000035|mbackgroundid0000051|mbackgroundid0000053|mbgmodelid0000050|mdifffitid0000007|mdifffitid0000008|mdifffitid0000009|mdifffitid0000025|mdifffitid0000043|mdifffitid0000044|mdifffitid0000045|mimgtblid0000055|mprojectid0000002|mprojectid0000021|mprojectid0000022|mprojectid0000023|mprojectid0000039|mprojectid0000041|mprojectid0000042|mviewerid0000019|mviewerid0000038|mviewerid0000057,0.2,314.375000,0.000000,1.011473,344.126167,0.000000,0.000000,true,112.965000,10,701.947000,"{""bora001"":17,""bora002"":17,""bora003"":11,""bora004"":13}","{""bora001"":0.061849,""bora002"":0.050405,""bora003"":0.028546,""bora004"":0.030851}"
prism_cc_time,cluster_hetero,22,maddid0000018|maddid0000037|maddid0000056|mbackgroundid0000014|mbackgroundid0000015|mbackgroundid0000032|mbackgroundid0000033|mbackgroundid0000035|mbackgroundid0000051|mbackgroundid0000053|mbgmodelid0000050|mdifffitid0000007|mdifffitid0000008|mdifffitid0000009|mdifffitid0000025|mdifffitid0000043|mdifffitid0000044|mdifffitid0000045|mimgtblid0000055|mprojectid0000002|mprojectid0000021|mprojectid0000022|mprojectid0000023|mprojectid0000039|mprojectid0000041|mprojectid0000042|mviewerid0000019|mviewerid0000038|mviewerid0000057,0.2,327.030000,0.000000,1.011473,344.126167,0.000000,0.000000,true,111.374000,12,737.046000,"{""bora005"":21,""bora006"":23,""diablo01"":5,""diablo02"":9}","{""bora005"":0.081189,""bora006"":0.044437,""diablo01"":0.013758,""diablo02"":0.014125}"
prism_cc_cost,cluster_hetero,22,maddid0000018|maddid0000037|maddid0000056|mbackgroundid0000014|mbackgroundid0000015|mbackgroundid0000032|mbackgroundid0000033|mbackgroundid0000035|mbackgroundid0000051|mbackgroundid0000053|mbgmodelid0000050|mdifffitid0000007|mdifffitid0000008|mdifffitid0000009|mdifffitid0000025|mdifffitid0000043|mdifffitid0000044|mdifffitid0000045|mimgtblid0000055|mprojectid0000002|mprojectid0000021|mprojectid0000022|mprojectid0000023|mprojectid0000039|mprojectid0000041|mprojectid0000042|mviewerid0000019|mviewerid0000038|mviewerid0000057,0.2,327.030000,0.000000,1.011473,344.126167,0.000000,0.000000,true,111.374000,12,740.250000,"{""bora005"":21,""bora006"":23,""diablo01"":5,""diablo02"":9}","{""bora005"":0.081189,""bora006"":0.044437,""diablo01"":0.013758,""diablo02"":0.014125}"
prism_cc_time,cloud_homo,22,maddid0000018|maddid0000037|maddid0000056|mbackgroundid0000014|mbackgroundid0000015|mbackgroundid0000032|mbackgroundid0000033|mbackgroundid0000035|mbackgroundid0000051|mbackgroundid0000053|mbgmodelid0000050|mdifffitid0000007|mdifffitid0000008|mdifffitid0000009|mdifffitid0000025|mdifffitid0000043|mdifffitid0000044|mdifffitid0000045|mimgtblid0000055|mprojectid0000002|mprojectid0000021|mprojectid0000022|mprojectid0000023|mprojectid0000039|mprojectid0000041|mprojectid0000042|mviewerid0000019|mviewerid0000038|mviewerid0000057,0.2,110.301000,0.985020,1.011473,344.126167,0.000000,0.000000,true,18.937000,12,981.086000,"{""h4d-standard-192-1"":29,""h4d-standard-192-2"":3,""h4d-standard-192-3"":1,""h4d-standard-192-4"":25}","{""h4d-standard-192-1"":0.007171,""h4d-standard-192-2"":0.002705,""h4d-standard-192-3"":0.00139,""h4d-standard-192-4"":0.008788}"
prism_cc_cost,cloud_homo,22,maddid0000018|maddid0000037|maddid0000056|mbackgroundid0000014|mbackgroundid0000015|mbackgroundid0000032|mbackgroundid0000033|mbackgroundid0000035|mbackgroundid0000051|mbackgroundid0000053|mbgmodelid0000050|mdifffitid0000007|mdifffitid0000008|mdifffitid0000009|mdifffitid0000025|mdifffitid0000043|mdifffitid0000044|mdifffitid0000045|mimgtblid0000055|mprojectid0000002|mprojectid0000021|mprojectid0000022|mprojectid0000023|mprojectid0000039|mprojectid0000041|mprojectid0000042|mviewerid0000019|mviewerid0000038|mviewerid0000057,0.2,123.055000,0.541928,1.011473,344.126167,0.000000,0.000000,true,66.296000,42,1005.866000,"{""h4d-standard-192-1"":48,""h4d-standard-192-3"":10}","{""h4d-standard-192-1"":0.012071,""h4d-standard-192-2"":0,""h4d-standard-192-3"":0.009285,""h4d-standard-192-4"":0}"
prism_cc_time,cloud_hetero,22,maddid0000018|maddid0000037|maddid0000056|mbackgroundid0000014|mbackgroundid0000015|mbackgroundid0000032|mbackgroundid0000033|mbackgroundid0000035|mbackgroundid0000051|mbackgroundid0000053|mbgmodelid0000050|mdifffitid0000007|mdifffitid0000008|mdifffitid0000009|mdifffitid0000025|mdifffitid0000043|mdifffitid0000044|mdifffitid0000045|mimgtblid0000055|mprojectid0000002|mprojectid0000021|mprojectid0000022|mprojectid0000023|mprojectid0000039|mprojectid0000041|mprojectid0000042|mviewerid0000019|mviewerid0000038|mviewerid0000057,0.2,117.991000,0.579468,1.011473,344.126167,0.000000,0.000000,true,72.059000,42,1072.874000,"{""h4d-highmem-192-1"":47,""h4d-standard-192-1"":11}","{""h3-standard-88-1"":0,""h3-standard-88-2"":0,""h4d-highmem-192-1"":0.010782,""h4d-standard-192-1"":0.01138}"
prism_cc_cost,cloud_hetero,22,maddid0000018|maddid0000037|maddid0000056|mbackgroundid0000014|mbackgroundid0000015|mbackgroundid0000032|mbackgroundid0000033|mbackgroundid0000035|mbackgroundid0000051|mbackgroundid0000053|mbgmodelid0000050|mdifffitid0000007|mdifffitid0000008|mdifffitid0000009|mdifffitid0000025|mdifffitid0000043|mdifffitid0000044|mdifffitid0000045|mimgtblid0000055|mprojectid0000002|mprojectid0000021|mprojectid0000022|mprojectid0000023|mprojectid0000039|mprojectid0000041|mprojectid0000042|mviewerid0000019|mviewerid0000038|mviewerid0000057,0.2,168.474000,0.386359,1.011473,344.126167,0.000000,0.000000,true,163.468000,66,977.527000,"{""h3-standard-88-2"":10,""h4d-standard-192-1"":48}","{""h3-standard-88-1"":0,""h3-standard-88-2"":0.001199,""h4d-highmem-192-1"":0,""h4d-standard-192-1"":0.017968}"
prism_cc_time,hybrid_homo,22,maddid0000018|maddid0000037|maddid0000056|mbackgroundid0000014|mbackgroundid0000015|mbackgroundid0000032|mbackgroundid0000033|mbackgroundid0000035|mbackgroundid0000051|mbackgroundid0000053|mbgmodelid0000050|mdifffitid0000007|mdifffitid0000008|mdifffitid0000009|mdifffitid0000025|mdifffitid0000043|mdifffitid0000044|mdifffitid0000045|mimgtblid0000055|mprojectid0000002|mprojectid0000021|mprojectid0000022|mprojectid0000023|mprojectid0000039|mprojectid0000041|mprojectid0000042|mviewerid0000019|mviewerid0000038|mviewerid0000057,0.2,125.996000,0.446219,1.011473,344.126167,0.000000,0.000000,true,57.006000,18,1010.968000,"{""bora009"":13,""bora010"":11,""h4d-standard-192-5"":20,""h4d-standard-192-6"":14}","{""bora009"":0.008283,""bora010"":0.005451,""h4d-standard-192-5"":0.006622,""h4d-standard-192-6"":0.010718}"
prism_cc_cost,hybrid_homo,22,maddid0000018|maddid0000037|maddid0000056|mbackgroundid0000014|mbackgroundid0000015|mbackgroundid0000032|mbackgroundid0000033|mbackgroundid0000035|mbackgroundid0000051|mbackgroundid0000053|mbgmodelid0000050|mdifffitid0000007|mdifffitid0000008|mdifffitid0000009|mdifffitid0000025|mdifffitid0000043|mdifffitid0000044|mdifffitid0000045|mimgtblid0000055|mprojectid0000002|mprojectid0000021|mprojectid0000022|mprojectid0000023|mprojectid0000039|mprojectid0000041|mprojectid0000042|mviewerid0000019|mviewerid0000038|mviewerid0000057,0.2,319.766000,0.137046,1.011473,344.126167,0.000000,0.000000,true,86.307000,29,1012.916000,"{""bora009"":19,""bora010"":24,""h4d-standard-192-6"":15}","{""bora009"":0.023792,""bora010"":0.03389,""h4d-standard-192-5"":0,""h4d-standard-192-6"":0.004428}"
prism_cc_time,hybrid_hetero,22,maddid0000018|maddid0000037|maddid0000056|mbackgroundid0000014|mbackgroundid0000015|mbackgroundid0000032|mbackgroundid0000033|mbackgroundid0000035|mbackgroundid0000051|mbackgroundid0000053|mbgmodelid0000050|mdifffitid0000007|mdifffitid0000008|mdifffitid0000009|mdifffitid0000025|mdifffitid0000043|mdifffitid0000044|mdifffitid0000045|mimgtblid0000055|mprojectid0000002|mprojectid0000021|mprojectid0000022|mprojectid0000023|mprojectid0000039|mprojectid0000041|mprojectid0000042|mviewerid0000019|mviewerid0000038|mviewerid0000057,0.2,146.761000,0.552703,1.011473,344.126167,0.000000,0.000000,true,107.627000,29,877.434000,"{""bora011"":9,""diablo03"":5,""h3-standard-88-2"":5,""h4d-standard-192-7"":39}","{""bora011"":0.004559,""diablo03"":0.000756,""h3-standard-88-2"":0.002079,""h4d-standard-192-7"":0.01698}"
prism_cc_cost,hybrid_hetero,22,maddid0000018|maddid0000037|maddid0000056|mbackgroundid0000014|mbackgroundid0000015|mbackgroundid0000032|mbackgroundid0000033|mbackgroundid0000035|mbackgroundid0000051|mbackgroundid0000053|mbgmodelid0000050|mdifffitid0000007|mdifffitid0000008|mdifffitid0000009|mdifffitid0000025|mdifffitid0000043|mdifffitid0000044|mdifffitid0000045|mimgtblid0000055|mprojectid0000002|mprojectid0000021|mprojectid0000022|mprojectid0000023|mprojectid0000039|mprojectid0000041|mprojectid0000042|mviewerid0000019|mviewerid0000038|mviewerid0000057,0.2,330.936000,0.140713,1.011473,344.126167,0.000000,0.000000,true,61.773000,33,885.522000,"{""bora011"":23,""diablo03"":19,""h4d-standard-192-7"":16}","{""bora011"":0.025305,""diablo03"":0.015589,""h3-standard-88-2"":0,""h4d-standard-192-7"":0.004783}"
prism_cc_time,cluster_homo,23,maddid0000018|mbackgroundid0000013|mbackgroundid0000014|mbackgroundid0000015|mbackgroundid0000016|mbackgroundid0000032|mbackgroundid0000033|mbackgroundid0000035|mbackgroundid0000054|mconcatfitid0000011|mdifffitid0000007|mdifffitid0000026|mdifffitid0000029|mdifffitid0000043|mdifffitid0000044|mdifffitid0000045|mdifffitid0000047|mimgtblid0000036|mimgtblid0000055|mprojectid0000001|mprojectid0000002|mprojectid0000003|mprojectid0000004|mprojectid0000022|mprojectid0000023|mprojectid0000041|mprojectid0000042|mviewerid0000038|mviewerid0000057,0.2,311.833000,0.000000,1.011473,344.126167,0.000000,0.000000,true,133.634000,13,676.721000,"{""bora001"":16,""bora002"":20,""bora003"":10,""bora004"":12}","{""bora001"":0.06744,""bora002"":0.055252,""bora003"":0.026942,""bora004"":0.025374}"
prism_cc_cost,cluster_homo,23,maddid0000018|mbackgroundid0000013|mbackgroundid0000014|mbackgroundid0000015|mbackgroundid0000016|mbackgroundid0000032|mbackgroundid0000033|mbackgroundid0000035|mbackgroundid0000054|mconcatfitid0000011|mdifffitid0000007|mdifffitid0000026|mdifffitid0000029|mdifffitid0000043|mdifffitid0000044|mdifffitid0000045|mdifffitid0000047|mimgtblid0000036|mimgtblid0000055|mprojectid0000001|mprojectid0000002|mprojectid0000003|mprojectid0000004|mprojectid0000022|mprojectid0000023|mprojectid0000041|mprojectid0000042|mviewerid0000038|mviewerid0000057,0.2,311.833000,0.000000,1.011473,344.126167,0.000000,0.000000,true,133.634000,13,688.880000,"{""bora001"":16,""bora002"":20,""bora003"":10,""bora004"":12}","{""bora001"":0.06744,""bora002"":0.055252,""bora003"":0.026942,""bora004"":0.025374}"
prism_cc_time,cluster_hetero,23,maddid0000018|mbackgroundid0000013|mbackgroundid0000014|mbackgroundid0000015|mbackgroundid0000016|mbackgroundid0000032|mbackgroundid0000033|mbackgroundid0000035|mbackgroundid0000054|mconcatfitid0000011|mdifffitid0000007|mdifffitid0000026|mdifffitid0000029|mdifffitid0000043|mdifffitid0000044|mdifffitid0000045|mdifffitid0000047|mimgtblid0000036|mimgtblid0000055|mprojectid0000001|mprojectid0000002|mprojectid0000003|mprojectid0000004|mprojectid0000022|mprojectid0000023|mprojectid0000041|mprojectid0000042|mviewerid0000038|mviewerid0000057,0.2,356.205000,0.000000,1.011473,344.126167,0.000000,12.079000,false,175.977000,17,736.678000,"{""bora005"":17,""bora006"":23,""diablo01"":7,""diablo02"":11}","{""bora005"":0.075752,""bora006"":0.053071,""diablo01"":0.009679,""diablo02"":0.009871}"
prism_cc_cost,cluster_hetero,23,maddid0000018|mbackgroundid0000013|mbackgroundid0000014|mbackgroundid0000015|mbackgroundid0000016|mbackgroundid0000032|mbackgroundid0000033|mbackgroundid0000035|mbackgroundid0000054|mconcatfitid0000011|mdifffitid0000007|mdifffitid0000026|mdifffitid0000029|mdifffitid0000043|mdifffitid0000044|mdifffitid0000045|mdifffitid0000047|mimgtblid0000036|mimgtblid0000055|mprojectid0000001|mprojectid0000002|mprojectid0000003|mprojectid0000004|mprojectid0000022|mprojectid0000023|mprojectid0000041|mprojectid0000042|mviewerid0000038|mviewerid0000057,0.2,356.205000,0.000000,1.011473,344.126167,0.000000,12.079000,false,175.977000,17,747.633000,"{""bora005"":17,""bora006"":23,""diablo01"":7,""diablo02"":11}","{""bora005"":0.075752,""bora006"":0.053071,""diablo01"":0.009679,""diablo02"":0.009871}"
prism_cc_time,cloud_homo,23,maddid0000018|mbackgroundid0000013|mbackgroundid0000014|mbackgroundid0000015|mbackgroundid0000016|mbackgroundid0000032|mbackgroundid0000033|mbackgroundid0000035|mbackgroundid0000054|mconcatfitid0000011|mdifffitid0000007|mdifffitid0000026|mdifffitid0000029|mdifffitid0000043|mdifffitid0000044|mdifffitid0000045|mdifffitid0000047|mimgtblid0000036|mimgtblid0000055|mprojectid0000001|mprojectid0000002|mprojectid0000003|mprojectid0000004|mprojectid0000022|mprojectid0000023|mprojectid0000041|mprojectid0000042|mviewerid0000038|mviewerid0000057,0.2,113.749000,0.587946,1.011473,344.126167,0.000000,0.000000,true,61.145000,50,1097.517000,"{""h4d-standard-192-1"":1,""h4d-standard-192-2"":52,""h4d-standard-192-4"":5}","{""h4d-standard-192-1"":0.001809,""h4d-standard-192-2"":0.015349,""h4d-standard-192-3"":0,""h4d-standard-192-4"":0.004808}"
prism_cc_cost,cloud_homo,23,maddid0000018|mbackgroundid0000013|mbackgroundid0000014|mbackgroundid0000015|mbackgroundid0000016|mbackgroundid0000032|mbackgroundid0000033|mbackgroundid0000035|mbackgroundid0000054|mconcatfitid0000011|mdifffitid0000007|mdifffitid0000026|mdifffitid0000029|mdifffitid0000043|mdifffitid0000044|mdifffitid0000045|mdifffitid0000047|mimgtblid0000036|mimgtblid0000055|mprojectid0000001|mprojectid0000002|mprojectid0000003|mprojectid0000004|mprojectid0000022|mprojectid0000023|mprojectid0000041|mprojectid0000042|mviewerid0000038|mviewerid0000057,0.2,126.095000,0.411327,1.011473,344.126167,0.000000,0.000000,true,117.366000,54,1119.736000,"{""h4d-standard-192-1"":1,""h4d-standard-192-3"":57}","{""h4d-standard-192-1"":0.001632,""h4d-standard-192-2"":0,""h4d-standard-192-3"":0.02166,""h4d-standard-192-4"":0}"
prism_cc_time,cloud_hetero,23,maddid0000018|mbackgroundid0000013|mbackgroundid0000014|mbackgroundid0000015|mbackgroundid0000016|mbackgroundid0000032|mbackgroundid0000033|mbackgroundid0000035|mbackgroundid0000054|mconcatfitid0000011|mdifffitid0000007|mdifffitid0000026|mdifffitid0000029|mdifffitid0000043|mdifffitid0000044|mdifffitid0000045|mdifffitid0000047|mimgtblid0000036|mimgtblid0000055|mprojectid0000001|mprojectid0000002|mprojectid0000003|mprojectid0000004|mprojectid0000022|mprojectid0000023|mprojectid0000041|mprojectid0000042|mviewerid0000038|mviewerid0000057,0.2,129.541000,0.611193,1.011473,344.126167,0.000000,0.000000,true,77.364000,43,968.512000,"{""h4d-highmem-192-1"":15,""h4d-standard-192-1"":43}","{""h3-standard-88-1"":0,""h3-standard-88-2"":0,""h4d-highmem-192-1"":0.011051,""h4d-standard-192-1"":0.009692}"
prism_cc_cost,cloud_hetero,23,maddid0000018|mbackgroundid0000013|mbackgroundid0000014|mbackgroundid0000015|mbackgroundid0000016|mbackgroundid0000032|mbackgroundid0000033|mbackgroundid0000035|mbackgroundid0000054|mconcatfitid0000011|mdifffitid0000007|mdifffitid0000026|mdifffitid0000029|mdifffitid0000043|mdifffitid0000044|mdifffitid0000045|mdifffitid0000047|mimgtblid0000036|mimgtblid0000055|mprojectid0000001|mprojectid0000002|mprojectid0000003|mprojectid0000004|mprojectid0000022|mprojectid0000023|mprojectid0000041|mprojectid0000042|mviewerid0000038|mviewerid0000057,0.2,145.254000,0.541087,1.011473,344.126167,0.000000,0.000000,true,113.881000,45,1064.297000,"{""h3-standard-88-1"":40,""h4d-standard-192-1"":18}","{""h3-standard-88-1"":0.015088,""h3-standard-88-2"":0,""h4d-highmem-192-1"":0,""h4d-standard-192-1"":0.014634}"
prism_cc_time,hybrid_homo,23,maddid0000018|mbackgroundid0000013|mbackgroundid0000014|mbackgroundid0000015|mbackgroundid0000016|mbackgroundid0000032|mbackgroundid0000033|mbackgroundid0000035|mbackgroundid0000054|mconcatfitid0000011|mdifffitid0000007|mdifffitid0000026|mdifffitid0000029|mdifffitid0000043|mdifffitid0000044|mdifffitid0000045|mdifffitid0000047|mimgtblid0000036|mimgtblid0000055|mprojectid0000001|mprojectid0000002|mprojectid0000003|mprojectid0000004|mprojectid0000022|mprojectid0000023|mprojectid0000041|mprojectid0000042|mviewerid0000038|mviewerid0000057,0.2,127.621000,0.349181,1.011473,344.126167,0.000000,0.000000,true,68.338000,20,1010.495000,"{""bora009"":15,""bora010"":22,""h4d-standard-192-5"":6,""h4d-standard-192-6"":15}","{""bora009"":0.009897,""bora010"":0.014308,""h4d-standard-192-5"":0.004923,""h4d-standard-192-6"":0.011593}"
prism_cc_cost,hybrid_homo,23,maddid0000018|mbackgroundid0000013|mbackgroundid0000014|mbackgroundid0000015|mbackgroundid0000016|mbackgroundid0000032|mbackgroundid0000033|mbackgroundid0000035|mbackgroundid0000054|mconcatfitid0000011|mdifffitid0000007|mdifffitid0000026|mdifffitid0000029|mdifffitid0000043|mdifffitid0000044|mdifffitid0000045|mdifffitid0000047|mimgtblid0000036|mimgtblid0000055|mprojectid0000001|mprojectid0000002|mprojectid0000003|mprojectid0000004|mprojectid0000022|mprojectid0000023|mprojectid0000041|mprojectid0000042|mviewerid0000038|mviewerid0000057,0.2,294.290000,0.128047,1.011473,344.126167,0.000000,0.000000,true,213.162000,22,1018.579000,"{""bora009"":26,""bora010"":31,""h4d-standard-192-5"":1}","{""bora009"":0.0904,""bora010"":0.083994,""h4d-standard-192-5"":0.000753,""h4d-standard-192-6"":0}"
prism_cc_time,hybrid_hetero,23,maddid0000018|mbackgroundid0000013|mbackgroundid0000014|mbackgroundid0000015|mbackgroundid0000016|mbackgroundid0000032|mbackgroundid0000033|mbackgroundid0000035|mbackgroundid0000054|mconcatfitid0000011|mdifffitid0000007|mdifffitid0000026|mdifffitid0000029|mdifffitid0000043|mdifffitid0000044|mdifffitid0000045|mdifffitid0000047|mimgtblid0000036|mimgtblid0000055|mprojectid0000001|mprojectid0000002|mprojectid0000003|mprojectid0000004|mprojectid0000022|mprojectid0000023|mprojectid0000041|mprojectid0000042|mviewerid0000038|mviewerid0000057,0.2,154.921000,0.582417,1.011473,344.126167,0.000000,0.000000,true,128.018000,29,875.288000,"{""bora011"":10,""diablo03"":8,""h3-standard-88-2"":6,""h4d-standard-192-7"":34}","{""bora011"":0.004857,""diablo03"":0.001567,""h3-standard-88-2"":0.003487,""h4d-standard-192-7"":0.016012}"
prism_cc_cost,hybrid_hetero,23,maddid0000018|mbackgroundid0000013|mbackgroundid0000014|mbackgroundid0000015|mbackgroundid0000016|mbackgroundid0000032|mbackgroundid0000033|mbackgroundid0000035|mbackgroundid0000054|mconcatfitid0000011|mdifffitid0000007|mdifffitid0000026|mdifffitid0000029|mdifffitid0000043|mdifffitid0000044|mdifffitid0000045|mdifffitid0000047|mimgtblid0000036|mimgtblid0000055|mprojectid0000001|mprojectid0000002|mprojectid0000003|mprojectid0000004|mprojectid0000022|mprojectid0000023|mprojectid0000041|mprojectid0000042|mviewerid0000038|mviewerid0000057,0.2,322.345000,0.129633,1.011473,344.126167,0.000000,0.000000,true,243.749000,26,862.845000,"{""bora011"":29,""diablo03"":28,""h4d-standard-192-7"":1}","{""bora011"":0.114256,""diablo03"":0.03196,""h3-standard-88-2"":0,""h4d-standard-192-7"":0.000681}"
prism_cc_time,cluster_homo,24,maddid0000037|maddid0000056|mbackgroundid0000032|mbackgroundid0000034|mbackgroundid0000035|mbgmodelid0000012|mbgmodelid0000050|mconcatfitid0000011|mconcatfitid0000049|mdifffitid0000006|mdifffitid0000007|mdifffitid0000008|mdifffitid0000009|mdifffitid0000010|mdifffitid0000024|mdifffitid0000025|mdifffitid0000028|mdifffitid0000045|mdifffitid0000046|mdifffitid0000047|mimgtblid0000017|mprojectid0000003|mprojectid0000004|mprojectid0000021|mprojectid0000022|mprojectid0000039|mprojectid0000041|mviewerid0000019|mviewerid0000038,0.2,292.983000,0.000000,1.011473,344.126167,0.000000,0.000000,true,56.169000,7,673.953000,"{""bora001"":17,""bora002"":19,""bora003"":9,""bora004"":13}","{""bora001"":0.069932,""bora002"":0.048071,""bora003"":0.038302,""bora004"":0.022271}"
prism_cc_cost,cluster_homo,24,maddid0000037|maddid0000056|mbackgroundid0000032|mbackgroundid0000034|mbackgroundid0000035|mbgmodelid0000012|mbgmodelid0000050|mconcatfitid0000011|mconcatfitid0000049|mdifffitid0000006|mdifffitid0000007|mdifffitid0000008|mdifffitid0000009|mdifffitid0000010|mdifffitid0000024|mdifffitid0000025|mdifffitid0000028|mdifffitid0000045|mdifffitid0000046|mdifffitid0000047|mimgtblid0000017|mprojectid0000003|mprojectid0000004|mprojectid0000021|mprojectid0000022|mprojectid0000039|mprojectid0000041|mviewerid0000019|mviewerid0000038,0.2,292.983000,0.000000,1.011473,344.126167,0.000000,0.000000,true,56.169000,7,699.754000,"{""bora001"":17,""bora002"":19,""bora003"":9,""bora004"":13}","{""bora001"":0.069932,""bora002"":0.048071,""bora003"":0.038302,""bora004"":0.022271}"
prism_cc_time,cluster_hetero,24,maddid0000037|maddid0000056|mbackgroundid0000032|mbackgroundid0000034|mbackgroundid0000035|mbgmodelid0000012|mbgmodelid0000050|mconcatfitid0000011|mconcatfitid0000049|mdifffitid0000006|mdifffitid0000007|mdifffitid0000008|mdifffitid0000009|mdifffitid0000010|mdifffitid0000024|mdifffitid0000025|mdifffitid0000028|mdifffitid0000045|mdifffitid0000046|mdifffitid0000047|mimgtblid0000017|mprojectid0000003|mprojectid0000004|mprojectid0000021|mprojectid0000022|mprojectid0000039|mprojectid0000041|mviewerid0000019|mviewerid0000038,0.2,314.315000,0.000000,1.011473,344.126167,0.000000,0.000000,true,61.948000,14,755.526000,"{""bora005"":20,""bora006"":20,""diablo01"":8,""diablo02"":10}","{""bora005"":0.100435,""bora006"":0.039732,""diablo01"":0.011106,""diablo02"":0.00797}"
prism_cc_cost,cluster_hetero,24,maddid0000037|maddid0000056|mbackgroundid0000032|mbackgroundid0000034|mbackgroundid0000035|mbgmodelid0000012|mbgmodelid0000050|mconcatfitid0000011|mconcatfitid0000049|mdifffitid0000006|mdifffitid0000007|mdifffitid0000008|mdifffitid0000009|mdifffitid0000010|mdifffitid0000024|mdifffitid0000025|mdifffitid0000028|mdifffitid0000045|mdifffitid0000046|mdifffitid0000047|mimgtblid0000017|mprojectid0000003|mprojectid0000004|mprojectid0000021|mprojectid0000022|mprojectid0000039|mprojectid0000041|mviewerid0000019|mviewerid0000038,0.2,314.315000,0.000000,1.011473,344.126167,0.000000,0.000000,true,61.948000,14,749.969000,"{""bora005"":20,""bora006"":20,""diablo01"":8,""diablo02"":10}","{""bora005"":0.100435,""bora006"":0.039732,""diablo01"":0.011106,""diablo02"":0.00797}"
prism_cc_time,cloud_homo,24,maddid0000037|maddid0000056|mbackgroundid0000032|mbackgroundid0000034|mbackgroundid0000035|mbgmodelid0000012|mbgmodelid0000050|mconcatfitid0000011|mconcatfitid0000049|mdifffitid0000006|mdifffitid0000007|mdifffitid0000008|mdifffitid0000009|mdifffitid0000010|mdifffitid0000024|mdifffitid0000025|mdifffitid0000028|mdifffitid0000045|mdifffitid0000046|mdifffitid0000047|mimgtblid0000017|mprojectid0000003|mprojectid0000004|mprojectid0000021|mprojectid0000022|mprojectid0000039|mprojectid0000041|mviewerid0000019|mviewerid0000038,0.2,106.558000,0.955295,1.011473,344.126167,0.000000,0.000000,true,15.834000,16,1069.217000,"{""h4d-standard-192-1"":31,""h4d-standard-192-3"":14,""h4d-standard-192-4"":13}","{""h4d-standard-192-1"":0.009901,""h4d-standard-192-2"":0,""h4d-standard-192-3"":0.007315,""h4d-standard-192-4"":0.003552}"
prism_cc_cost,cloud_homo,24,maddid0000037|maddid0000056|mbackgroundid0000032|mbackgroundid0000034|mbackgroundid0000035|mbgmodelid0000012|mbgmodelid0000050|mconcatfitid0000011|mconcatfitid0000049|mdifffitid0000006|mdifffitid0000007|mdifffitid0000008|mdifffitid0000009|mdifffitid0000010|mdifffitid0000024|mdifffitid0000025|mdifffitid0000028|mdifffitid0000045|mdifffitid0000046|mdifffitid0000047|mimgtblid0000017|mprojectid0000003|mprojectid0000004|mprojectid0000021|mprojectid0000022|mprojectid0000039|mprojectid0000041|mviewerid0000019|mviewerid0000038,0.2,149.751000,0.424644,1.011473,344.126167,0.000000,0.000000,true,99.049000,52,1114.914000,"{""h4d-standard-192-2"":29,""h4d-standard-192-4"":29}","{""h4d-standard-192-1"":0,""h4d-standard-192-2"":0.002043,""h4d-standard-192-3"":0,""h4d-standard-192-4"":0.015855}"
prism_cc_time,cloud_hetero,24,maddid0000037|maddid0000056|mbackgroundid0000032|mbackgroundid0000034|mbackgroundid0000035|mbgmodelid0000012|mbgmodelid0000050|mconcatfitid0000011|mconcatfitid0000049|mdifffitid0000006|mdifffitid0000007|mdifffitid0000008|mdifffitid0000009|mdifffitid0000010|mdifffitid0000024|mdifffitid0000025|mdifffitid0000028|mdifffitid0000045|mdifffitid0000046|mdifffitid0000047|mimgtblid0000017|mprojectid0000003|mprojectid0000004|mprojectid0000021|mprojectid0000022|mprojectid0000039|mprojectid0000041|mviewerid0000019|mviewerid0000038,0.2,122.568000,0.561751,1.011473,344.126167,0.000000,0.000000,true,39.741000,31,1054.101000,"{""h4d-highmem-192-1"":16,""h4d-standard-192-1"":42}","{""h3-standard-88-1"":0,""h3-standard-88-2"":0,""h4d-highmem-192-1"":0.00795,""h4d-standard-192-1"":0.012272}"
prism_cc_cost,cloud_hetero,24,maddid0000037|maddid0000056|mbackgroundid0000032|mbackgroundid0000034|mbackgroundid0000035|mbgmodelid0000012|mbgmodelid0000050|mconcatfitid0000011|mconcatfitid0000049|mdifffitid0000006|mdifffitid0000007|mdifffitid0000008|mdifffitid0000009|mdifffitid0000010|mdifffitid0000024|mdifffitid0000025|mdifffitid0000028|mdifffitid0000045|mdifffitid0000046|mdifffitid0000047|mimgtblid0000017|mprojectid0000003|mprojectid0000004|mprojectid0000021|mprojectid0000022|mprojectid0000039|mprojectid0000041|mviewerid0000019|mviewerid0000038,0.2,152.376000,0.343726,1.011473,344.126167,0.000000,0.000000,true,101.303000,59,1022.103000,"{""h3-standard-88-2"":11,""h4d-standard-192-1"":47}","{""h3-standard-88-1"":0,""h3-standard-88-2"":0.001504,""h4d-highmem-192-1"":0,""h4d-standard-192-1"":0.017549}"
prism_cc_time,hybrid_homo,24,maddid0000037|maddid0000056|mbackgroundid0000032|mbackgroundid0000034|mbackgroundid0000035|mbgmodelid0000012|mbgmodelid0000050|mconcatfitid0000011|mconcatfitid0000049|mdifffitid0000006|mdifffitid0000007|mdifffitid0000008|mdifffitid0000009|mdifffitid0000010|mdifffitid0000024|mdifffitid0000025|mdifffitid0000028|mdifffitid0000045|mdifffitid0000046|mdifffitid0000047|mimgtblid0000017|mprojectid0000003|mprojectid0000004|mprojectid0000021|mprojectid0000022|mprojectid0000039|mprojectid0000041|mviewerid0000019|mviewerid0000038,0.2,119.835000,0.656865,1.011473,344.126167,0.000000,0.000000,true,37.977000,18,941.698000,"{""bora009"":7,""bora010"":10,""h4d-standard-192-5"":21,""h4d-standard-192-6"":20}","{""bora009"":0.003994,""bora010"":0.004527,""h4d-standard-192-5"":0.010011,""h4d-standard-192-6"":0.008209}"
prism_cc_cost,hybrid_homo,24,maddid0000037|maddid0000056|mbackgroundid0000032|mbackgroundid0000034|mbackgroundid0000035|mbgmodelid0000012|mbgmodelid0000050|mconcatfitid0000011|mconcatfitid0000049|mdifffitid0000006|mdifffitid0000007|mdifffitid0000008|mdifffitid0000009|mdifffitid0000010|mdifffitid0000024|mdifffitid0000025|mdifffitid0000028|mdifffitid0000045|mdifffitid0000046|mdifffitid0000047|mimgtblid0000017|mprojectid0000003|mprojectid0000004|mprojectid0000021|mprojectid0000022|mprojectid0000039|mprojectid0000041|mviewerid0000019|mviewerid0000038,0.2,318.433000,0.000000,1.011473,344.126167,0.000000,0.000000,true,174.865000,26,953.927000,"{""bora009"":29,""bora010"":29}","{""bora009"":0.115414,""bora010"":0.061517,""h4d-standard-192-5"":0,""h4d-standard-192-6"":0}"
prism_cc_time,hybrid_hetero,24,maddid0000037|maddid0000056|mbackgroundid0000032|mbackgroundid0000034|mbackgroundid0000035|mbgmodelid0000012|mbgmodelid0000050|mconcatfitid0000011|mconcatfitid0000049|mdifffitid0000006|mdifffitid0000007|mdifffitid0000008|mdifffitid0000009|mdifffitid0000010|mdifffitid0000024|mdifffitid0000025|mdifffitid0000028|mdifffitid0000045|mdifffitid0000046|mdifffitid0000047|mimgtblid0000017|mprojectid0000003|mprojectid0000004|mprojectid0000021|mprojectid0000022|mprojectid0000039|mprojectid0000041|mviewerid0000019|mviewerid0000038,0.2,137.598000,0.298712,1.011473,344.126167,0.000000,0.000000,true,89.423000,36,846.547000,"{""bora011"":8,""diablo03"":7,""h4d-standard-192-7"":43}","{""bora011"":0.004398,""diablo03"":0.001647,""h3-standard-88-2"":0,""h4d-standard-192-7"":0.017959}"
prism_cc_cost,hybrid_hetero,24,maddid0000037|maddid0000056|mbackgroundid0000032|mbackgroundid0000034|mbackgroundid0000035|mbgmodelid0000012|mbgmodelid0000050|mconcatfitid0000011|mconcatfitid0000049|mdifffitid0000006|mdifffitid0000007|mdifffitid0000008|mdifffitid0000009|mdifffitid0000010|mdifffitid0000024|mdifffitid0000025|mdifffitid0000028|mdifffitid0000045|mdifffitid0000046|mdifffitid0000047|mimgtblid0000017|mprojectid0000003|mprojectid0000004|mprojectid0000021|mprojectid0000022|mprojectid0000039|mprojectid0000041|mviewerid0000019|mviewerid0000038,0.2,337.814000,0.000000,1.011473,344.126167,0.000000,0.000000,true,209.350000,24,849.214000,"{""bora011"":32,""diablo03"":26}","{""bora011"":0.12561,""diablo03"":0.029315,""h3-standard-88-2"":0,""h4d-standard-192-7"":0}"
prism_cc_time,cluster_homo,25,maddid0000037|maddid0000056|mbackgroundid0000013|mbackgroundid0000015|mbackgroundid0000054|mbgmodelid0000012|mbgmodelid0000031|mbgmodelid0000050|mconcatfitid0000011|mdifffitid0000006|mdifffitid0000026|mdifffitid0000027|mdifffitid0000028|mdifffitid0000029|mdifffitid0000043|mdifffitid0000046|mdifffitid0000047|mdifffitid0000048|mimgtblid0000017|mimgtblid0000036|mimgtblid0000055|mprojectid0000001|mprojectid0000002|mprojectid0000004|mprojectid0000020|mprojectid0000021|mprojectid0000042|mviewerid0000019|mviewerid0000038,0.2,311.833000,0.000000,1.011473,344.126167,0.000000,0.000000,true,55.827000,5,667.883000,"{""bora001"":15,""bora002"":20,""bora003"":11,""bora004"":12}","{""bora001"":0.076285,""bora002"":0.049857,""bora003"":0.022537,""bora004"":0.019467}"
prism_cc_cost,cluster_homo,25,maddid0000037|maddid0000056|mbackgroundid0000013|mbackgroundid0000015|mbackgroundid0000054|mbgmodelid0000012|mbgmodelid0000031|mbgmodelid0000050|mconcatfitid0000011|mdifffitid0000006|mdifffitid0000026|mdifffitid0000027|mdifffitid0000028|mdifffitid0000029|mdifffitid0000043|mdifffitid0000046|mdifffitid0000047|mdifffitid0000048|mimgtblid0000017|mimgtblid0000036|mimgtblid0000055|mprojectid0000001|mprojectid0000002|mprojectid0000004|mprojectid0000020|mprojectid0000021|mprojectid0000042|mviewerid0000019|mviewerid0000038,0.2,311.833000,0.000000,1.011473,344.126167,0.000000,0.000000,true,55.827000,5,678.934000,"{""bora001"":15,""bora002"":20,""bora003"":11,""bora004"":12}","{""bora001"":0.076285,""bora002"":0.049857,""bora003"":0.022537,""bora004"":0.019467}"
prism_cc_time,cluster_hetero,25,maddid0000037|maddid0000056|mbackgroundid0000013|mbackgroundid0000015|mbackgroundid0000054|mbgmodelid0000012|mbgmodelid0000031|mbgmodelid0000050|mconcatfitid0000011|mdifffitid0000006|mdifffitid0000026|mdifffitid0000027|mdifffitid0000028|mdifffitid0000029|mdifffitid0000043|mdifffitid0000046|mdifffitid0000047|mdifffitid0000048|mimgtblid0000017|mimgtblid0000036|mimgtblid0000055|mprojectid0000001|mprojectid0000002|mprojectid0000004|mprojectid0000020|mprojectid0000021|mprojectid0000042|mviewerid0000019|mviewerid0000038,0.2,326.437000,0.000000,1.011473,344.126167,0.000000,0.000000,true,29.354000,5,752.557000,"{""bora005"":19,""bora006"":22,""diablo01"":6,""diablo02"":11}","{""bora005"":0.07778,""bora006"":0.054472,""diablo01"":0.014138,""diablo02"":0.004463}"
prism_cc_cost,cluster_hetero,25,maddid0000037|maddid0000056|mbackgroundid0000013|mbackgroundid0000015|mbackgroundid0000054|mbgmodelid0000012|mbgmodelid0000031|mbgmodelid0000050|mconcatfitid0000011|mdifffitid0000006|mdifffitid0000026|mdifffitid0000027|mdifffitid0000028|mdifffitid0000029|mdifffitid0000043|mdifffitid0000046|mdifffitid0000047|mdifffitid0000048|mimgtblid0000017|mimgtblid0000036|mimgtblid0000055|mprojectid0000001|mprojectid0000002|mprojectid0000004|mprojectid0000020|mprojectid0000021|mprojectid0000042|mviewerid0000019|mviewerid0000038,0.2,326.437000,0.000000,1.011473,344.126167,0.000000,0.000000,true,29.354000,5,740.154000,"{""bora005"":19,""bora006"":22,""diablo01"":6,""diablo02"":11}","{""bora005"":0.07778,""bora006"":0.054472,""diablo01"":0.014138,""diablo02"":0.004463}"
prism_cc_time,cloud_homo,25,maddid0000037|maddid0000056|mbackgroundid0000013|mbackgroundid0000015|mbackgroundid0000054|mbgmodelid0000012|mbgmodelid0000031|mbgmodelid0000050|mconcatfitid0000011|mdifffitid0000006|mdifffitid0000026|mdifffitid0000027|mdifffitid0000028|mdifffitid0000029|mdifffitid0000043|mdifffitid0000046|mdifffitid0000047|mdifffitid0000048|mimgtblid0000017|mimgtblid0000036|mimgtblid0000055|mprojectid0000001|mprojectid0000002|mprojectid0000004|mprojectid0000020|mprojectid0000021|mprojectid0000042|mviewerid0000019|mviewerid0000038,0.2,102.098000,1.001219,1.011473,344.126167,0.000000,0.000000,true,6.978000,12,1048.641000,"{""h4d-standard-192-1"":15,""h4d-standard-192-2"":27,""h4d-standard-192-3"":15,""h4d-standard-192-4"":1}","{""h4d-standard-192-1"":0.003063,""h4d-standard-192-2"":0.008979,""h4d-standard-192-3"":0.007372,""h4d-standard-192-4"":0.000725}"
prism_cc_cost,cloud_homo,25,maddid0000037|maddid0000056|mbackgroundid0000013|mbackgroundid0000015|mbackgroundid0000054|mbgmodelid0000012|mbgmodelid0000031|mbgmodelid0000050|mconcatfitid0000011|mdifffitid0000006|mdifffitid0000026|mdifffitid0000027|mdifffitid0000028|mdifffitid0000029|mdifffitid0000043|mdifffitid0000046|mdifffitid0000047|mdifffitid0000048|mimgtblid0000017|mimgtblid0000036|mimgtblid0000055|mprojectid0000001|mprojectid0000002|mprojectid0000004|mprojectid0000020|mprojectid0000021|mprojectid0000042|mviewerid0000019|mviewerid0000038,0.2,113.055000,0.428125,1.011473,344.126167,0.000000,0.000000,true,35.829000,31,1079.081000,"{""h4d-standard-192-1"":4,""h4d-standard-192-4"":54}","{""h4d-standard-192-1"":0.002038,""h4d-standard-192-2"":0,""h4d-standard-192-3"":0,""h4d-standard-192-4"":0.018832}"
prism_cc_time,cloud_hetero,25,maddid0000037|maddid0000056|mbackgroundid0000013|mbackgroundid0000015|mbackgroundid0000054|mbgmodelid0000012|mbgmodelid0000031|mbgmodelid0000050|mconcatfitid0000011|mdifffitid0000006|mdifffitid0000026|mdifffitid0000027|mdifffitid0000028|mdifffitid0000029|mdifffitid0000043|mdifffitid0000046|mdifffitid0000047|mdifffitid0000048|mimgtblid0000017|mimgtblid0000036|mimgtblid0000055|mprojectid0000001|mprojectid0000002|mprojectid0000004|mprojectid0000020|mprojectid0000021|mprojectid0000042|mviewerid0000019|mviewerid0000038,0.2,123.187000,0.837555,1.011473,344.126167,0.000000,0.000000,true,30.905000,15,1028.161000,"{""h4d-highmem-192-1"":34,""h4d-standard-192-1"":24}","{""h3-standard-88-1"":0,""h3-standard-88-2"":0,""h4d-highmem-192-1"":0.008751,""h4d-standard-192-1"":0.009981}"
prism_cc_cost,cloud_hetero,25,maddid0000037|maddid0000056|mbackgroundid0000013|mbackgroundid0000015|mbackgroundid0000054|mbgmodelid0000012|mbgmodelid0000031|mbgmodelid0000050|mconcatfitid0000011|mdifffitid0000006|mdifffitid0000026|mdifffitid0000027|mdifffitid0000028|mdifffitid0000029|mdifffitid0000043|mdifffitid0000046|mdifffitid0000047|mdifffitid0000048|mimgtblid0000017|mimgtblid0000036|mimgtblid0000055|mprojectid0000001|mprojectid0000002|mprojectid0000004|mprojectid0000020|mprojectid0000021|mprojectid0000042|mviewerid0000019|mviewerid0000038,0.2,145.762000,0.500664,1.011473,344.126167,0.000000,0.000000,true,52.416000,44,1014.401000,"{""h3-standard-88-1"":40,""h4d-standard-192-1"":18}","{""h3-standard-88-1"":0.016031,""h3-standard-88-2"":0,""h4d-highmem-192-1"":0,""h4d-standard-192-1"":0.012046}"
prism_cc_time,hybrid_homo,25,maddid0000037|maddid0000056|mbackgroundid0000013|mbackgroundid0000015|mbackgroundid0000054|mbgmodelid0000012|mbgmodelid0000031|mbgmodelid0000050|mconcatfitid0000011|mdifffitid0000006|mdifffitid0000026|mdifffitid0000027|mdifffitid0000028|mdifffitid0000029|mdifffitid0000043|mdifffitid0000046|mdifffitid0000047|mdifffitid0000048|mimgtblid0000017|mimgtblid0000036|mimgtblid0000055|mprojectid0000001|mprojectid0000002|mprojectid0000004|mprojectid0000020|mprojectid0000021|mprojectid0000042|mviewerid0000019|mviewerid0000038,0.2,119.373000,0.572723,1.011473,344.126167,0.000000,0.000000,true,32.407000,14,984.586000,"{""bora009"":6,""bora010"":6,""h4d-standard-192-5"":19,""h4d-standard-192-6"":27}","{""bora009"":0.003336,""bora010"":0.002064,""h4d-standard-192-5"":0.009809,""h4d-standard-192-6"":0.008245}"
prism_cc_cost,hybrid_homo,25,maddid0000037|maddid0000056|mbackgroundid0000013|mbackgroundid0000015|mbackgroundid0000054|mbgmodelid0000012|mbgmodelid0000031|mbgmodelid0000050|mconcatfitid0000011|mdifffitid0000006|mdifffitid0000026|mdifffitid0000027|mdifffitid0000028|mdifffitid0000029|mdifffitid0000043|mdifffitid0000046|mdifffitid0000047|mdifffitid0000048|mimgtblid0000017|mimgtblid0000036|mimgtblid0000055|mprojectid0000001|mprojectid0000002|mprojectid0000004|mprojectid0000020|mprojectid0000021|mprojectid0000042|mviewerid0000019|mviewerid0000038,0.2,273.606000,0.136441,1.011473,344.126167,0.000000,0.000000,true,34.392000,21,996.178000,"{""bora009"":15,""bora010"":25,""h4d-standard-192-6"":18}","{""bora009"":0.026672,""bora010"":0.007682,""h4d-standard-192-5"":0,""h4d-standard-192-6"":0.006186}"
prism_cc_time,hybrid_hetero,25,maddid0000037|maddid0000056|mbackgroundid0000013|mbackgroundid0000015|mbackgroundid0000054|mbgmodelid0000012|mbgmodelid0000031|mbgmodelid0000050|mconcatfitid0000011|mdifffitid0000006|mdifffitid0000026|mdifffitid0000027|mdifffitid0000028|mdifffitid0000029|mdifffitid0000043|mdifffitid0000046|mdifffitid0000047|mdifffitid0000048|mimgtblid0000017|mimgtblid0000036|mimgtblid0000055|mprojectid0000001|mprojectid0000002|mprojectid0000004|mprojectid0000020|mprojectid0000021|mprojectid0000042|mviewerid0000019|mviewerid0000038,0.2,147.134000,0.319514,1.011473,344.126167,0.000000,0.000000,true,78.009000,34,880.207000,"{""bora011"":9,""diablo03"":6,""h4d-standard-192-7"":43}","{""bora011"":0.004513,""diablo03"":0.00141,""h3-standard-88-2"":0,""h4d-standard-192-7"":0.016307}"
prism_cc_cost,hybrid_hetero,25,maddid0000037|maddid0000056|mbackgroundid0000013|mbackgroundid0000015|mbackgroundid0000054|mbgmodelid0000012|mbgmodelid0000031|mbgmodelid0000050|mconcatfitid0000011|mdifffitid0000006|mdifffitid0000026|mdifffitid0000027|mdifffitid0000028|mdifffitid0000029|mdifffitid0000043|mdifffitid0000046|mdifffitid0000047|mdifffitid0000048|mimgtblid0000017|mimgtblid0000036|mimgtblid0000055|mprojectid0000001|mprojectid0000002|mprojectid0000004|mprojectid0000020|mprojectid0000021|mprojectid0000042|mviewerid0000019|mviewerid0000038,0.2,275.016000,0.136442,1.011473,344.126167,0.000000,0.000000,true,35.373000,22,832.719000,"{""bora011"":16,""diablo03"":22,""h4d-standard-192-7"":20}","{""bora011"":0.027541,""diablo03"":0.004139,""h3-standard-88-2"":0,""h4d-standard-192-7"":0.006223}"
prism_cc_time,cluster_homo,26,maddid0000018|maddid0000037|mbackgroundid0000015|mbackgroundid0000016|mbackgroundid0000032|mbackgroundid0000033|mbackgroundid0000034|mbackgroundid0000051|mbackgroundid0000052|mbackgroundid0000053|mbgmodelid0000012|mconcatfitid0000011|mconcatfitid0000030|mdifffitid0000006|mdifffitid0000007|mdifffitid0000009|mdifffitid0000025|mdifffitid0000026|mdifffitid0000029|mdifffitid0000044|mdifffitid0000045|mdifffitid0000046|mimgtblid0000017|mprojectid0000002|mprojectid0000003|mprojectid0000022|mprojectid0000041|mviewerid0000038|mviewerid0000058,0.2,292.983000,0.000000,1.011473,344.126167,0.000000,0.000000,true,1.858000,3,678.470000,"{""bora001"":18,""bora002"":20,""bora003"":9,""bora004"":11}","{""bora001"":0.084053,""bora002"":0.04533,""bora003"":0.027678,""bora004"":0.016335}"
prism_cc_cost,cluster_homo,26,maddid0000018|maddid0000037|mbackgroundid0000015|mbackgroundid0000016|mbackgroundid0000032|mbackgroundid0000033|mbackgroundid0000034|mbackgroundid0000051|mbackgroundid0000052|mbackgroundid0000053|mbgmodelid0000012|mconcatfitid0000011|mconcatfitid0000030|mdifffitid0000006|mdifffitid0000007|mdifffitid0000009|mdifffitid0000025|mdifffitid0000026|mdifffitid0000029|mdifffitid0000044|mdifffitid0000045|mdifffitid0000046|mimgtblid0000017|mprojectid0000002|mprojectid0000003|mprojectid0000022|mprojectid0000041|mviewerid0000038|mviewerid0000058,0.2,292.983000,0.000000,1.011473,344.126167,0.000000,0.000000,true,1.858000,3,669.915000,"{""bora001"":18,""bora002"":20,""bora003"":9,""bora004"":11}","{""bora001"":0.084053,""bora002"":0.04533,""bora003"":0.027678,""bora004"":0.016335}"
prism_cc_time,cluster_hetero,26,maddid0000018|maddid0000037|mbackgroundid0000015|mbackgroundid0000016|mbackgroundid0000032|mbackgroundid0000033|mbackgroundid0000034|mbackgroundid0000051|mbackgroundid0000052|mbackgroundid0000053|mbgmodelid0000012|mconcatfitid0000011|mconcatfitid0000030|mdifffitid0000006|mdifffitid0000007|mdifffitid0000009|mdifffitid0000025|mdifffitid0000026|mdifffitid0000029|mdifffitid0000044|mdifffitid0000045|mdifffitid0000046|mimgtblid0000017|mprojectid0000002|mprojectid0000003|mprojectid0000022|mprojectid0000041|mviewerid0000038|mviewerid0000058,0.2,293.451000,0.000000,1.011473,344.126167,0.000000,0.000000,true,39.858000,5,748.032000,"{""bora005"":22,""bora006"":21,""diablo01"":6,""diablo02"":9}","{""bora005"":0.115938,""bora006"":0.05778,""diablo01"":0.001141,""diablo02"":0.001215}"
prism_cc_cost,cluster_hetero,26,maddid0000018|maddid0000037|mbackgroundid0000015|mbackgroundid0000016|mbackgroundid0000032|mbackgroundid0000033|mbackgroundid0000034|mbackgroundid0000051|mbackgroundid0000052|mbackgroundid0000053|mbgmodelid0000012|mconcatfitid0000011|mconcatfitid0000030|mdifffitid0000006|mdifffitid0000007|mdifffitid0000009|mdifffitid0000025|mdifffitid0000026|mdifffitid0000029|mdifffitid0000044|mdifffitid0000045|mdifffitid0000046|mimgtblid0000017|mprojectid0000002|mprojectid0000003|mprojectid0000022|mprojectid0000041|mviewerid0000038|mviewerid0000058,0.2,293.451000,0.000000,1.011473,344.126167,0.000000,0.000000,true,39.858000,5,743.550000,"{""bora005"":22,""bora006"":21,""diablo01"":6,""diablo02"":9}","{""bora005"":0.115938,""bora006"":0.05778,""diablo01"":0.001141,""diablo02"":0.001215}"
prism_cc_time,cloud_homo,26,maddid0000018|maddid0000037|mbackgroundid0000015|mbackgroundid0000016|mbackgroundid0000032|mbackgroundid0000033|mbackgroundid0000034|mbackgroundid0000051|mbackgroundid0000052|mbackgroundid0000053|mbgmodelid0000012|mconcatfitid0000011|mconcatfitid0000030|mdifffitid0000006|mdifffitid0000007|mdifffitid0000009|mdifffitid0000025|mdifffitid0000026|mdifffitid0000029|mdifffitid0000044|mdifffitid0000045|mdifffitid0000046|mimgtblid0000017|mprojectid0000002|mprojectid0000003|mprojectid0000022|mprojectid0000041|mviewerid0000038|mviewerid0000058,0.2,106.690000,0.829813,1.011473,344.126167,0.000000,0.000000,true,9.143000,11,1001.128000,"{""h4d-standard-192-1"":31,""h4d-standard-192-3"":25,""h4d-standard-192-4"":2}","{""h4d-standard-192-1"":0.01245,""h4d-standard-192-2"":0,""h4d-standard-192-3"":0.006288,""h4d-standard-192-4"":0.001384}"
prism_cc_cost,cloud_homo,26,maddid0000018|maddid0000037|mbackgroundid0000015|mbackgroundid0000016|mbackgroundid0000032|mbackgroundid0000033|mbackgroundid0000034|mbackgroundid0000051|mbackgroundid0000052|mbackgroundid0000053|mbgmodelid0000012|mconcatfitid0000011|mconcatfitid0000030|mdifffitid0000006|mdifffitid0000007|mdifffitid0000009|mdifffitid0000025|mdifffitid0000026|mdifffitid0000029|mdifffitid0000044|mdifffitid0000045|mdifffitid0000046|mimgtblid0000017|mprojectid0000002|mprojectid0000003|mprojectid0000022|mprojectid0000041|mviewerid0000038|mviewerid0000058,0.2,108.741000,0.237229,1.011473,344.126167,0.000000,0.000000,true,41.255000,39,1030.825000,"{""h4d-standard-192-2"":58}","{""h4d-standard-192-1"":0,""h4d-standard-192-2"":0.022563,""h4d-standard-192-3"":0,""h4d-standard-192-4"":0}"
prism_cc_time,cloud_hetero,26,maddid0000018|maddid0000037|mbackgroundid0000015|mbackgroundid0000016|mbackgroundid0000032|mbackgroundid0000033|mbackgroundid0000034|mbackgroundid0000051|mbackgroundid0000052|mbackgroundid0000053|mbgmodelid0000012|mconcatfitid0000011|mconcatfitid0000030|mdifffitid0000006|mdifffitid0000007|mdifffitid0000009|mdifffitid0000025|mdifffitid0000026|mdifffitid0000029|mdifffitid0000044|mdifffitid0000045|mdifffitid0000046|mimgtblid0000017|mprojectid0000002|mprojectid0000003|mprojectid0000022|mprojectid0000041|mviewerid0000038|mviewerid0000058,0.2,107.731000,0.787300,1.011473,344.126167,0.000000,0.000000,true,12.506000,9,1001.785000,"{""h4d-highmem-192-1"":33,""h4d-standard-192-1"":25}","{""h3-standard-88-1"":0,""h3-standard-88-2"":0,""h4d-highmem-192-1"":0.011177,""h4d-standard-192-1"":0.009384}"
prism_cc_cost,cloud_hetero,26,maddid0000018|maddid0000037|mbackgroundid0000015|mbackgroundid0000016|mbackgroundid0000032|mbackgroundid0000033|mbackgroundid0000034|mbackgroundid0000051|mbackgroundid0000052|mbackgroundid0000053|mbgmodelid0000012|mconcatfitid0000011|mconcatfitid0000030|mdifffitid0000006|mdifffitid0000007|mdifffitid0000009|mdifffitid0000025|mdifffitid0000026|mdifffitid0000029|mdifffitid0000044|mdifffitid0000045|mdifffitid0000046|mimgtblid0000017|mprojectid0000002|mprojectid0000003|mprojectid0000022|mprojectid0000041|mviewerid0000038|mviewerid0000058,0.2,121.829000,0.348616,1.011473,344.126167,0.000000,0.000000,true,46.154000,42,963.781000,"{""h3-standard-88-1"":27,""h4d-standard-192-1"":31}","{""h3-standard-88-1"":0.008631,""h3-standard-88-2"":0,""h4d-highmem-192-1"":0,""h4d-standard-192-1"":0.017382}"
prism_cc_time,hybrid_homo,26,maddid0000018|maddid0000037|mbackgroundid0000015|mbackgroundid0000016|mbackgroundid0000032|mbackgroundid0000033|mbackgroundid0000034|mbackgroundid0000051|mbackgroundid0000052|mbackgroundid0000053|mbgmodelid0000012|mconcatfitid0000011|mconcatfitid0000030|mdifffitid0000006|mdifffitid0000007|mdifffitid0000009|mdifffitid0000025|mdifffitid0000026|mdifffitid0000029|mdifffitid0000044|mdifffitid0000045|mdifffitid0000046|mimgtblid0000017|mprojectid0000002|mprojectid0000003|mprojectid0000022|mprojectid0000041|mviewerid0000038|mviewerid0000058,0.2,106.976000,0.569619,1.011473,344.126167,0.000000,0.000000,true,11.273000,5,969.719000,"{""bora009"":6,""bora010"":7,""h4d-standard-192-5"":17,""h4d-standard-192-6"":28}","{""bora009"":0.003316,""bora010"":0.003376,""h4d-standard-192-5"":0.008567,""h4d-standard-192-6"":0.010592}"
prism_cc_cost,hybrid_homo,26,maddid0000018|maddid0000037|mbackgroundid0000015|mbackgroundid0000016|mbackgroundid0000032|mbackgroundid0000033|mbackgroundid0000034|mbackgroundid0000051|mbackgroundid0000052|mbackgroundid0000053|mbgmodelid0000012|mconcatfitid0000011|mconcatfitid0000030|mdifffitid0000006|mdifffitid0000007|mdifffitid0000009|mdifffitid0000025|mdifffitid0000026|mdifffitid0000029|mdifffitid0000044|mdifffitid0000045|mdifffitid0000046|mimgtblid0000017|mprojectid0000002|mprojectid0000003|mprojectid0000022|mprojectid0000041|mviewerid0000038|mviewerid0000058,0.2,293.549000,0.000000,1.011473,344.126167,0.000000,0.000000,true,40.689000,5,975.144000,"{""bora009"":26,""bora010"":32}","{""bora009"":0.117388,""bora010"":0.061462,""h4d-standard-192-5"":0,""h4d-standard-192-6"":0}"
prism_cc_time,hybrid_hetero,26,maddid0000018|maddid0000037|mbackgroundid0000015|mbackgroundid0000016|mbackgroundid0000032|mbackgroundid0000033|mbackgroundid0000034|mbackgroundid0000051|mbackgroundid0000052|mbackgroundid0000053|mbgmodelid0000012|mconcatfitid0000011|mconcatfitid0000030|mdifffitid0000006|mdifffitid0000007|mdifffitid0000009|mdifffitid0000025|mdifffitid0000026|mdifffitid0000029|mdifffitid0000044|mdifffitid0000045|mdifffitid0000046|mimgtblid0000017|mprojectid0000002|mprojectid0000003|mprojectid0000022|mprojectid0000041|mviewerid0000038|mviewerid0000058,0.2,110.569000,0.229847,1.011473,344.126167,0.000000,0.000000,true,32.664000,16,862.512000,"{""bora011"":11,""diablo03"":4,""h4d-standard-192-7"":43}","{""bora011"":0.007058,""diablo03"":0.001328,""h3-standard-88-2"":0,""h4d-standard-192-7"":0.019577}"
prism_cc_cost,hybrid_hetero,26,maddid0000018|maddid0000037|mbackgroundid0000015|mbackgroundid0000016|mbackgroundid0000032|mbackgroundid0000033|mbackgroundid0000034|mbackgroundid0000051|mbackgroundid0000052|mbackgroundid0000053|mbgmodelid0000012|mconcatfitid0000011|mconcatfitid0000030|mdifffitid0000006|mdifffitid0000007|mdifffitid0000009|mdifffitid0000025|mdifffitid0000026|mdifffitid0000029|mdifffitid0000044|mdifffitid0000045|mdifffitid0000046|mimgtblid0000017|mprojectid0000002|mprojectid0000003|mprojectid0000022|mprojectid0000041|mviewerid0000038|mviewerid0000058,0.2,296.466000,0.000000,1.011473,344.126167,0.000000,0.000000,true,88.065000,14,885.764000,"{""bora011"":33,""diablo03"":25}","{""bora011"":0.164965,""diablo03"":0.011489,""h3-standard-88-2"":0,""h4d-standard-192-7"":0}"
prism_cc_time,cluster_homo,27,maddid0000037|mbackgroundid0000013|mbackgroundid0000033|mbackgroundid0000034|mbackgroundid0000035|mbackgroundid0000052|mbgmodelid0000012|mbgmodelid0000050|mdifffitid0000005|mdifffitid0000006|mdifffitid0000007|mdifffitid0000009|mdifffitid0000010|mdifffitid0000024|mdifffitid0000026|mdifffitid0000027|mdifffitid0000028|mdifffitid0000048|mimgtblid0000017|mimgtblid0000036|mprojectid0000002|mprojectid0000003|mprojectid0000020|mprojectid0000021|mprojectid0000039|mprojectid0000041|mviewerid0000038|mviewerid0000057|mviewerid0000058,0.2,292.983000,0.000000,1.011473,344.126167,0.000000,0.000000,true,34.716000,6,669.168000,"{""bora001"":18,""bora002"":17,""bora003"":11,""bora004"":12}","{""bora001"":0.060205,""bora002"":0.059863,""bora003"":0.037625,""bora004"":0.019034}"
prism_cc_cost,cluster_homo,27,maddid0000037|mbackgroundid0000013|mbackgroundid0000033|mbackgroundid0000034|mbackgroundid0000035|mbackgroundid0000052|mbgmodelid0000012|mbgmodelid0000050|mdifffitid0000005|mdifffitid0000006|mdifffitid0000007|mdifffitid0000009|mdifffitid0000010|mdifffitid0000024|mdifffitid0000026|mdifffitid0000027|mdifffitid0000028|mdifffitid0000048|mimgtblid0000017|mimgtblid0000036|mprojectid0000002|mprojectid0000003|mprojectid0000020|mprojectid0000021|mprojectid0000039|mprojectid0000041|mviewerid0000038|mviewerid0000057|mviewerid0000058,0.2,292.983000,0.000000,1.011473,344.126167,0.000000,0.000000,true,34.716000,6,679.609000,"{""bora001"":18,""bora002"":17,""bora003"":11,""bora004"":12}","{""bora001"":0.060205,""bora002"":0.059863,""bora003"":0.037625,""bora004"":0.019034}"
prism_cc_time,cluster_hetero,27,maddid0000037|mbackgroundid0000013|mbackgroundid0000033|mbackgroundid0000034|mbackgroundid0000035|mbackgroundid0000052|mbgmodelid0000012|mbgmodelid0000050|mdifffitid0000005|mdifffitid0000006|mdifffitid0000007|mdifffitid0000009|mdifffitid0000010|mdifffitid0000024|mdifffitid0000026|mdifffitid0000027|mdifffitid0000028|mdifffitid0000048|mimgtblid0000017|mimgtblid0000036|mprojectid0000002|mprojectid0000003|mprojectid0000020|mprojectid0000021|mprojectid0000039|mprojectid0000041|mviewerid0000038|mviewerid0000057|mviewerid0000058,0.2,314.412000,0.000000,1.011473,344.126167,0.000000,0.000000,true,63.152000,8,733.387000,"{""bora005"":21,""bora006"":20,""diablo01"":7,""diablo02"":10}","{""bora005"":0.082224,""bora006"":0.067551,""diablo01"":0.007762,""diablo02"":0.004476}"
prism_cc_cost,cluster_hetero,27,maddid0000037|mbackgroundid0000013|mbackgroundid0000033|mbackgroundid0000034|mbackgroundid0000035|mbackgroundid0000052|mbgmodelid0000012|mbgmodelid0000050|mdifffitid0000005|mdifffitid0000006|mdifffitid0000007|mdifffitid0000009|mdifffitid0000010|mdifffitid0000024|mdifffitid0000026|mdifffitid0000027|mdifffitid0000028|mdifffitid0000048|mimgtblid0000017|mimgtblid0000036|mprojectid0000002|mprojectid0000003|mprojectid0000020|mprojectid0000021|mprojectid0000039|mprojectid0000041|mviewerid0000038|mviewerid0000057|mviewerid0000058,0.2,314.412000,0.000000,1.011473,344.126167,0.000000,0.000000,true,63.152000,8,715.138000,"{""bora005"":21,""bora006"":20,""diablo01"":7,""diablo02"":10}","{""bora005"":0.082224,""bora006"":0.067551,""diablo01"":0.007762,""diablo02"":0.004476}"
prism_cc_time,cloud_homo,27,maddid0000037|mbackgroundid0000013|mbackgroundid0000033|mbackgroundid0000034|mbackgroundid0000035|mbackgroundid0000052|mbgmodelid0000012|mbgmodelid0000050|mdifffitid0000005|mdifffitid0000006|mdifffitid0000007|mdifffitid0000009|mdifffitid0000010|mdifffitid0000024|mdifffitid0000026|mdifffitid0000027|mdifffitid0000028|mdifffitid0000048|mimgtblid0000017|mimgtblid0000036|mprojectid0000002|mprojectid0000003|mprojectid0000020|mprojectid0000021|mprojectid0000039|mprojectid0000041|mviewerid0000038|mviewerid0000057|mviewerid0000058,0.2,101.568000,0.797826,1.011473,344.126167,0.000000,0.000000,true,11.230000,9,1047.704000,"{""h4d-standard-192-1"":22,""h4d-standard-192-2"":30,""h4d-standard-192-4"":6}","{""h4d-standard-192-1"":0.009457,""h4d-standard-192-2"":0.007641,""h4d-standard-192-3"":0,""h4d-standard-192-4"":0.003272}"
prism_cc_cost,cloud_homo,27,maddid0000037|mbackgroundid0000013|mbackgroundid0000033|mbackgroundid0000034|mbackgroundid0000035|mbackgroundid0000052|mbgmodelid0000012|mbgmodelid0000050|mdifffitid0000005|mdifffitid0000006|mdifffitid0000007|mdifffitid0000009|mdifffitid0000010|mdifffitid0000024|mdifffitid0000026|mdifffitid0000027|mdifffitid0000028|mdifffitid0000048|mimgtblid0000017|mimgtblid0000036|mprojectid0000002|mprojectid0000003|mprojectid0000020|mprojectid0000021|mprojectid0000039|mprojectid0000041|mviewerid0000038|mviewerid0000057|mviewerid0000058,0.2,137.154000,0.299217,1.011473,344.126167,0.000000,0.000000,true,95.368000,54,1036.022000,"{""h4d-standard-192-2"":58}","{""h4d-standard-192-1"":0,""h4d-standard-192-2"":0.019944,""h4d-standard-192-3"":0,""h4d-standard-192-4"":0}"
prism_cc_time,cloud_hetero,27,maddid0000037|mbackgroundid0000013|mbackgroundid0000033|mbackgroundid0000034|mbackgroundid0000035|mbackgroundid0000052|mbgmodelid0000012|mbgmodelid0000050|mdifffitid0000005|mdifffitid0000006|mdifffitid0000007|mdifffitid0000009|mdifffitid0000010|mdifffitid0000024|mdifffitid0000026|mdifffitid0000027|mdifffitid0000028|mdifffitid0000048|mimgtblid0000017|mimgtblid0000036|mprojectid0000002|mprojectid0000003|mprojectid0000020|mprojectid0000021|mprojectid0000039|mprojectid0000041|mviewerid0000038|mviewerid0000057|mviewerid0000058,0.2,117.169000,0.539415,1.011473,344.126167,0.000000,0.000000,true,35.204000,30,1010.379000,"{""h4d-highmem-192-1"":48,""h4d-standard-192-1"":10}","{""h3-standard-88-1"":0,""h3-standard-88-2"":0,""h4d-highmem-192-1"":0.011494,""h4d-standard-192-1"":0.008982}"
prism_cc_cost,cloud_hetero,27,maddid0000037|mbackgroundid0000013|mbackgroundid0000033|mbackgroundid0000034|mbackgroundid0000035|mbackgroundid0000052|mbgmodelid0000012|mbgmodelid0000050|mdifffitid0000005|mdifffitid0000006|mdifffitid0000007|mdifffitid0000009|mdifffitid0000010|mdifffitid0000024|mdifffitid0000026|mdifffitid0000027|mdifffitid0000028|mdifffitid0000048|mimgtblid0000017|mimgtblid0000036|mprojectid0000002|mprojectid0000003|mprojectid0000020|mprojectid0000021|mprojectid0000039|mprojectid0000041|mviewerid0000038|mviewerid0000057|mviewerid0000058,0.2,146.781000,0.351645,1.011473,344.126167,0.000000,0.000000,true,88.064000,51,945.199000,"{""h3-standard-88-2"":1,""h4d-standard-192-1"":57}","{""h3-standard-88-1"":0,""h3-standard-88-2"":0.000184,""h4d-highmem-192-1"":0,""h4d-standard-192-1"":0.018987}"
prism_cc_time,hybrid_homo,27,maddid0000037|mbackgroundid0000013|mbackgroundid0000033|mbackgroundid0000034|mbackgroundid0000035|mbackgroundid0000052|mbgmodelid0000012|mbgmodelid0000050|mdifffitid0000005|mdifffitid0000006|mdifffitid0000007|mdifffitid0000009|mdifffitid0000010|mdifffitid0000024|mdifffitid0000026|mdifffitid0000027|mdifffitid0000028|mdifffitid0000048|mimgtblid0000017|mimgtblid0000036|mprojectid0000002|mprojectid0000003|mprojectid0000020|mprojectid0000021|mprojectid0000039|mprojectid0000041|mviewerid0000038|mviewerid0000057|mviewerid0000058,0.2,115.972000,0.301975,1.011473,344.126167,0.000000,0.000000,true,25.112000,15,963.003000,"{""bora009"":15,""bora010"":20,""h4d-standard-192-5"":5,""h4d-standard-192-6"":18}","{""bora009"":0.011497,""bora010"":0.014456,""h4d-standard-192-5"":0.005154,""h4d-standard-192-6"":0.011174}"
prism_cc_cost,hybrid_homo,27,maddid0000037|mbackgroundid0000013|mbackgroundid0000033|mbackgroundid0000034|mbackgroundid0000035|mbackgroundid0000052|mbgmodelid0000012|mbgmodelid0000050|mdifffitid0000005|mdifffitid0000006|mdifffitid0000007|mdifffitid0000009|mdifffitid0000010|mdifffitid0000024|mdifffitid0000026|mdifffitid0000027|mdifffitid0000028|mdifffitid0000048|mimgtblid0000017|mimgtblid0000036|mprojectid0000002|mprojectid0000003|mprojectid0000020|mprojectid0000021|mprojectid0000039|mprojectid0000041|mviewerid0000038|mviewerid0000057|mviewerid0000058,0.2,318.515000,0.000000,1.011473,344.126167,0.000000,0.000000,true,132.790000,17,955.611000,"{""bora009"":30,""bora010"":28}","{""bora009"":0.090858,""bora010"":0.082269,""h4d-standard-192-5"":0,""h4d-standard-192-6"":0}"
prism_cc_time,hybrid_hetero,27,maddid0000037|mbackgroundid0000013|mbackgroundid0000033|mbackgroundid0000034|mbackgroundid0000035|mbackgroundid0000052|mbgmodelid0000012|mbgmodelid0000050|mdifffitid0000005|mdifffitid0000006|mdifffitid0000007|mdifffitid0000009|mdifffitid0000010|mdifffitid0000024|mdifffitid0000026|mdifffitid0000027|mdifffitid0000028|mdifffitid0000048|mimgtblid0000017|mimgtblid0000036|mprojectid0000002|mprojectid0000003|mprojectid0000020|mprojectid0000021|mprojectid0000039|mprojectid0000041|mviewerid0000038|mviewerid0000057|mviewerid0000058,0.2,137.598000,0.298712,1.011473,344.126167,0.000000,0.000000,true,80.059000,36,855.516000,"{""bora011"":9,""diablo03"":6,""h4d-standard-192-7"":43}","{""bora011"":0.004964,""diablo03"":0.001588,""h3-standard-88-2"":0,""h4d-standard-192-7"":0.017475}"
prism_cc_cost,hybrid_hetero,27,maddid0000037|mbackgroundid0000013|mbackgroundid0000033|mbackgroundid0000034|mbackgroundid0000035|mbackgroundid0000052|mbgmodelid0000012|mbgmodelid0000050|mdifffitid0000005|mdifffitid0000006|mdifffitid0000007|mdifffitid0000009|mdifffitid0000010|mdifffitid0000024|mdifffitid0000026|mdifffitid0000027|mdifffitid0000028|mdifffitid0000048|mimgtblid0000017|mimgtblid0000036|mprojectid0000002|mprojectid0000003|mprojectid0000020|mprojectid0000021|mprojectid0000039|mprojectid0000041|mviewerid0000038|mviewerid0000057|mviewerid0000058,0.2,320.464000,0.000000,1.011473,344.126167,0.000000,0.000000,true,141.478000,19,832.476000,"{""bora011"":29,""diablo03"":29}","{""bora011"":0.144866,""diablo03"":0.01869,""h3-standard-88-2"":0,""h4d-standard-192-7"":0}"
prism_cc_time,cluster_homo,28,maddid0000037|maddid0000056|mbackgroundid0000013|mbackgroundid0000014|mbackgroundid0000015|mbackgroundid0000016|mbackgroundid0000032|mbackgroundid0000035|mbackgroundid0000053|mbackgroundid0000054|mbgmodelid0000012|mbgmodelid0000050|mconcatfitid0000030|mdifffitid0000005|mdifffitid0000009|mdifffitid0000010|mdifffitid0000024|mdifffitid0000028|mdifffitid0000044|mdifffitid0000046|mimgtblid0000036|mprojectid0000001|mprojectid0000002|mprojectid0000004|mprojectid0000040|mprojectid0000041|mprojectid0000042|mviewerid0000019|mviewerid0000057,0.2,311.833000,0.000000,1.011473,344.126167,0.000000,0.000000,true,70.156000,11,652.625000,"{""bora001"":14,""bora002"":19,""bora003"":12,""bora004"":13}","{""bora001"":0.066793,""bora002"":0.033086,""bora003"":0.0485,""bora004"":0.020924}"
prism_cc_cost,cluster_homo,28,maddid0000037|maddid0000056|mbackgroundid0000013|mbackgroundid0000014|mbackgroundid0000015|mbackgroundid0000016|mbackgroundid0000032|mbackgroundid0000035|mbackgroundid0000053|mbackgroundid0000054|mbgmodelid0000012|mbgmodelid0000050|mconcatfitid0000030|mdifffitid0000005|mdifffitid0000009|mdifffitid0000010|mdifffitid0000024|mdifffitid0000028|mdifffitid0000044|mdifffitid0000046|mimgtblid0000036|mprojectid0000001|mprojectid0000002|mprojectid0000004|mprojectid0000040|mprojectid0000041|mprojectid0000042|mviewerid0000019|mviewerid0000057,0.2,311.833000,0.000000,1.011473,344.126167,0.000000,0.000000,true,70.156000,11,661.806000,"{""bora001"":14,""bora002"":19,""bora003"":12,""bora004"":13}","{""bora001"":0.066793,""bora002"":0.033086,""bora003"":0.0485,""bora004"":0.020924}"
prism_cc_time,cluster_hetero,28,maddid0000037|maddid0000056|mbackgroundid0000013|mbackgroundid0000014|mbackgroundid0000015|mbackgroundid0000016|mbackgroundid0000032|mbackgroundid0000035|mbackgroundid0000053|mbackgroundid0000054|mbgmodelid0000012|mbgmodelid0000050|mconcatfitid0000030|mdifffitid0000005|mdifffitid0000009|mdifffitid0000010|mdifffitid0000024|mdifffitid0000028|mdifffitid0000044|mdifffitid0000046|mimgtblid0000036|mprojectid0000001|mprojectid0000002|mprojectid0000004|mprojectid0000040|mprojectid0000041|mprojectid0000042|mviewerid0000019|mviewerid0000057,0.2,326.437000,0.000000,1.011473,344.126167,0.000000,0.000000,true,72.590000,12,724.674000,"{""bora005"":19,""bora006"":21,""diablo01"":6,""diablo02"":12}","{""bora005"":0.081031,""bora006"":0.049963,""diablo01"":0.014073,""diablo02"":0.007992}"
prism_cc_cost,cluster_hetero,28,maddid0000037|maddid0000056|mbackgroundid0000013|mbackgroundid0000014|mbackgroundid0000015|mbackgroundid0000016|mbackgroundid0000032|mbackgroundid0000035|mbackgroundid0000053|mbackgroundid0000054|mbgmodelid0000012|mbgmodelid0000050|mconcatfitid0000030|mdifffitid0000005|mdifffitid0000009|mdifffitid0000010|mdifffitid0000024|mdifffitid0000028|mdifffitid0000044|mdifffitid0000046|mimgtblid0000036|mprojectid0000001|mprojectid0000002|mprojectid0000004|mprojectid0000040|mprojectid0000041|mprojectid0000042|mviewerid0000019|mviewerid0000057,0.2,326.437000,0.000000,1.011473,344.126167,0.000000,0.000000,true,72.590000,12,711.906000,"{""bora005"":19,""bora006"":21,""diablo01"":6,""diablo02"":12}","{""bora005"":0.081031,""bora006"":0.049963,""diablo01"":0.014073,""diablo02"":0.007992}"
prism_cc_time,cloud_homo,28,maddid0000037|maddid0000056|mbackgroundid0000013|mbackgroundid0000014|mbackgroundid0000015|mbackgroundid0000016|mbackgroundid0000032|mbackgroundid0000035|mbackgroundid0000053|mbackgroundid0000054|mbgmodelid0000012|mbgmodelid0000050|mconcatfitid0000030|mdifffitid0000005|mdifffitid0000009|mdifffitid0000010|mdifffitid0000024|mdifffitid0000028|mdifffitid0000044|mdifffitid0000046|mimgtblid0000036|mprojectid0000001|mprojectid0000002|mprojectid0000004|mprojectid0000040|mprojectid0000041|mprojectid0000042|mviewerid0000019|mviewerid0000057,0.2,112.301000,0.929777,1.011473,344.126167,0.000000,0.000000,true,19.917000,20,999.419000,"{""h4d-standard-192-1"":27,""h4d-standard-192-2"":5,""h4d-standard-192-3"":26}","{""h4d-standard-192-1"":0.006569,""h4d-standard-192-2"":0.00338,""h4d-standard-192-3"":0.009869,""h4d-standard-192-4"":0}"
prism_cc_cost,cloud_homo,28,maddid0000037|maddid0000056|mbackgroundid0000013|mbackgroundid0000014|mbackgroundid0000015|mbackgroundid0000016|mbackgroundid0000032|mbackgroundid0000035|mbackgroundid0000053|mbackgroundid0000054|mbgmodelid0000012|mbgmodelid0000050|mconcatfitid0000030|mdifffitid0000005|mdifffitid0000009|mdifffitid0000010|mdifffitid0000024|mdifffitid0000028|mdifffitid0000044|mdifffitid0000046|mimgtblid0000036|mprojectid0000001|mprojectid0000002|mprojectid0000004|mprojectid0000040|mprojectid0000041|mprojectid0000042|mviewerid0000019|mviewerid0000057,0.2,116.684000,0.525803,1.011473,344.126167,0.000000,0.000000,true,43.766000,36,1033.534000,"{""h4d-standard-192-1"":17,""h4d-standard-192-2"":41}","{""h4d-standard-192-1"":0.012607,""h4d-standard-192-2"":0.007798,""h4d-standard-192-3"":0,""h4d-standard-192-4"":0}"
prism_cc_time,cloud_hetero,28,maddid0000037|maddid0000056|mbackgroundid0000013|mbackgroundid0000014|mbackgroundid0000015|mbackgroundid0000016|mbackgroundid0000032|mbackgroundid0000035|mbackgroundid0000053|mbackgroundid0000054|mbgmodelid0000012|mbgmodelid0000050|mconcatfitid0000030|mdifffitid0000005|mdifffitid0000009|mdifffitid0000010|mdifffitid0000024|mdifffitid0000028|mdifffitid0000044|mdifffitid0000046|mimgtblid0000036|mprojectid0000001|mprojectid0000002|mprojectid0000004|mprojectid0000040|mprojectid0000041|mprojectid0000042|mviewerid0000019|mviewerid0000057,0.2,117.830000,0.584244,1.011473,344.126167,0.000000,0.000000,true,40.674000,30,968.012000,"{""h4d-highmem-192-1"":44,""h4d-standard-192-1"":14}","{""h3-standard-88-1"":0,""h3-standard-88-2"":0,""h4d-highmem-192-1"":0.008136,""h4d-standard-192-1"":0.012628}"
prism_cc_cost,cloud_hetero,28,maddid0000037|maddid0000056|mbackgroundid0000013|mbackgroundid0000014|mbackgroundid0000015|mbackgroundid0000016|mbackgroundid0000032|mbackgroundid0000035|mbackgroundid0000053|mbackgroundid0000054|mbgmodelid0000012|mbgmodelid0000050|mconcatfitid0000030|mdifffitid0000005|mdifffitid0000009|mdifffitid0000010|mdifffitid0000024|mdifffitid0000028|mdifffitid0000044|mdifffitid0000046|mimgtblid0000036|mprojectid0000001|mprojectid0000002|mprojectid0000004|mprojectid0000040|mprojectid0000041|mprojectid0000042|mviewerid0000019|mviewerid0000057,0.2,162.281000,0.398062,1.011473,344.126167,0.000000,0.000000,true,121.566000,72,1002.145000,"{""h3-standard-88-2"":15,""h4d-standard-192-1"":43}","{""h3-standard-88-1"":0,""h3-standard-88-2"":0.002055,""h4d-highmem-192-1"":0,""h4d-standard-192-1"":0.017013}"
prism_cc_time,hybrid_homo,28,maddid0000037|maddid0000056|mbackgroundid0000013|mbackgroundid0000014|mbackgroundid0000015|mbackgroundid0000016|mbackgroundid0000032|mbackgroundid0000035|mbackgroundid0000053|mbackgroundid0000054|mbgmodelid0000012|mbgmodelid0000050|mconcatfitid0000030|mdifffitid0000005|mdifffitid0000009|mdifffitid0000010|mdifffitid0000024|mdifffitid0000028|mdifffitid0000044|mdifffitid0000046|mimgtblid0000036|mprojectid0000001|mprojectid0000002|mprojectid0000004|mprojectid0000040|mprojectid0000041|mprojectid0000042|mviewerid0000019|mviewerid0000057,0.2,119.939000,0.644299,1.011473,344.126167,0.000000,0.000000,true,37.836000,15,919.702000,"{""bora009"":6,""bora010"":6,""h4d-standard-192-5"":19,""h4d-standard-192-6"":27}","{""bora009"":0.003363,""bora010"":0.002054,""h4d-standard-192-5"":0.007562,""h4d-standard-192-6"":0.01077}"
prism_cc_cost,hybrid_homo,28,maddid0000037|maddid0000056|mbackgroundid0000013|mbackgroundid0000014|mbackgroundid0000015|mbackgroundid0000016|mbackgroundid0000032|mbackgroundid0000035|mbackgroundid0000053|mbackgroundid0000054|mbgmodelid0000012|mbgmodelid0000050|mconcatfitid0000030|mdifffitid0000005|mdifffitid0000009|mdifffitid0000010|mdifffitid0000024|mdifffitid0000028|mdifffitid0000044|mdifffitid0000046|mimgtblid0000036|mprojectid0000001|mprojectid0000002|mprojectid0000004|mprojectid0000040|mprojectid0000041|mprojectid0000042|mviewerid0000019|mviewerid0000057,0.2,273.545000,0.136439,1.011473,344.126167,0.000000,0.000000,true,36.628000,35,937.317000,"{""bora009"":15,""bora010"":24,""h4d-standard-192-6"":19}","{""bora009"":0.027083,""bora010"":0.029491,""h4d-standard-192-5"":0,""h4d-standard-192-6"":0.005485}"
prism_cc_time,hybrid_hetero,28,maddid0000037|maddid0000056|mbackgroundid0000013|mbackgroundid0000014|mbackgroundid0000015|mbackgroundid0000016|mbackgroundid0000032|mbackgroundid0000035|mbackgroundid0000053|mbackgroundid0000054|mbgmodelid0000012|mbgmodelid0000050|mconcatfitid0000030|mdifffitid0000005|mdifffitid0000009|mdifffitid0000010|mdifffitid0000024|mdifffitid0000028|mdifffitid0000044|mdifffitid0000046|mimgtblid0000036|mprojectid0000001|mprojectid0000002|mprojectid0000004|mprojectid0000040|mprojectid0000041|mprojectid0000042|mviewerid0000019|mviewerid0000057,0.2,147.134000,0.319517,1.011473,344.126167,0.000000,0.000000,true,100.472000,35,870.646000,"{""bora011"":10,""diablo03"":8,""h4d-standard-192-7"":40}","{""bora011"":0.004819,""diablo03"":0.001725,""h3-standard-88-2"":0,""h4d-standard-192-7"":0.017127}"
prism_cc_cost,hybrid_hetero,28,maddid0000037|maddid0000056|mbackgroundid0000013|mbackgroundid0000014|mbackgroundid0000015|mbackgroundid0000016|mbackgroundid0000032|mbackgroundid0000035|mbackgroundid0000053|mbackgroundid0000054|mbgmodelid0000012|mbgmodelid0000050|mconcatfitid0000030|mdifffitid0000005|mdifffitid0000009|mdifffitid0000010|mdifffitid0000024|mdifffitid0000028|mdifffitid0000044|mdifffitid0000046|mimgtblid0000036|mprojectid0000001|mprojectid0000002|mprojectid0000004|mprojectid0000040|mprojectid0000041|mprojectid0000042|mviewerid0000019|mviewerid0000057,0.2,326.502000,0.136439,1.011473,344.126167,0.000000,0.000000,true,37.405000,35,854.420000,"{""bora011"":18,""diablo03"":21,""h4d-standard-192-7"":19}","{""bora011"":0.02388,""diablo03"":0.016253,""h3-standard-88-2"":0,""h4d-standard-192-7"":0.004596}"
prism_cc_time,cluster_homo,29,maddid0000037|maddid0000056|mbackgroundid0000013|mbackgroundid0000016|mbackgroundid0000033|mbgmodelid0000050|mconcatfitid0000011|mconcatfitid0000049|mdifffitid0000006|mdifffitid0000007|mdifffitid0000008|mdifffitid0000009|mdifffitid0000010|mdifffitid0000024|mdifffitid0000025|mdifffitid0000027|mdifffitid0000028|mdifffitid0000029|mdifffitid0000044|mdifffitid0000047|mimgtblid0000017|mprojectid0000001|mprojectid0000003|mprojectid0000020|mprojectid0000039|mprojectid0000040|mprojectid0000042|mviewerid0000019|mviewerid0000038,0.2,311.833000,0.000000,1.011473,344.126167,0.000000,0.000000,true,92.985000,12,660.640000,"{""bora001"":13,""bora002"":19,""bora003"":14,""bora004"":12}","{""bora001"":0.056629,""bora002"":0.065235,""bora003"":0.030196,""bora004"":0.019499}"
prism_cc_cost,cluster_homo,29,maddid0000037|maddid0000056|mbackgroundid0000013|mbackgroundid0000016|mbackgroundid0000033|mbgmodelid0000050|mconcatfitid0000011|mconcatfitid0000049|mdifffitid0000006|mdifffitid0000007|mdifffitid0000008|mdifffitid0000009|mdifffitid0000010|mdifffitid0000024|mdifffitid0000025|mdifffitid0000027|mdifffitid0000028|mdifffitid0000029|mdifffitid0000044|mdifffitid0000047|mimgtblid0000017|mprojectid0000001|mprojectid0000003|mprojectid0000020|mprojectid0000039|mprojectid0000040|mprojectid0000042|mviewerid0000019|mviewerid0000038,0.2,311.833000,0.000000,1.011473,344.126167,0.000000,0.000000,true,92.985000,12,675.834000,"{""bora001"":13,""bora002"":19,""bora003"":14,""bora004"":12}","{""bora001"":0.056629,""bora002"":0.065235,""bora003"":0.030196,""bora004"":0.019499}"
prism_cc_time,cluster_hetero,29,maddid0000037|maddid0000056|mbackgroundid0000013|mbackgroundid0000016|mbackgroundid0000033|mbgmodelid0000050|mconcatfitid0000011|mconcatfitid0000049|mdifffitid0000006|mdifffitid0000007|mdifffitid0000008|mdifffitid0000009|mdifffitid0000010|mdifffitid0000024|mdifffitid0000025|mdifffitid0000027|mdifffitid0000028|mdifffitid0000029|mdifffitid0000044|mdifffitid0000047|mimgtblid0000017|mprojectid0000001|mprojectid0000003|mprojectid0000020|mprojectid0000039|mprojectid0000040|mprojectid0000042|mviewerid0000019|mviewerid0000038,0.2,326.437000,0.000000,1.011473,344.126167,0.000000,0.000000,true,69.654000,17,760.619000,"{""bora005"":19,""bora006"":21,""diablo01"":7,""diablo02"":11}","{""bora005"":0.06965,""bora006"":0.051424,""diablo01"":0.014291,""diablo02"":0.014301}"
prism_cc_cost,cluster_hetero,29,maddid0000037|maddid0000056|mbackgroundid0000013|mbackgroundid0000016|mbackgroundid0000033|mbgmodelid0000050|mconcatfitid0000011|mconcatfitid0000049|mdifffitid0000006|mdifffitid0000007|mdifffitid0000008|mdifffitid0000009|mdifffitid0000010|mdifffitid0000024|mdifffitid0000025|mdifffitid0000027|mdifffitid0000028|mdifffitid0000029|mdifffitid0000044|mdifffitid0000047|mimgtblid0000017|mprojectid0000001|mprojectid0000003|mprojectid0000020|mprojectid0000039|mprojectid0000040|mprojectid0000042|mviewerid0000019|mviewerid0000038,0.2,326.437000,0.000000,1.011473,344.126167,0.000000,0.000000,true,69.654000,17,726.044000,"{""bora005"":19,""bora006"":21,""diablo01"":7,""diablo02"":11}","{""bora005"":0.06965,""bora006"":0.051424,""diablo01"":0.014291,""diablo02"":0.014301}"
prism_cc_time,cloud_homo,29,maddid0000037|maddid0000056|mbackgroundid0000013|mbackgroundid0000016|mbackgroundid0000033|mbgmodelid0000050|mconcatfitid0000011|mconcatfitid0000049|mdifffitid0000006|mdifffitid0000007|mdifffitid0000008|mdifffitid0000009|mdifffitid0000010|mdifffitid0000024|mdifffitid0000025|mdifffitid0000027|mdifffitid0000028|mdifffitid0000029|mdifffitid0000044|mdifffitid0000047|mimgtblid0000017|mprojectid0000001|mprojectid0000003|mprojectid0000020|mprojectid0000039|mprojectid0000040|mprojectid0000042|mviewerid0000019|mviewerid0000038,0.2,106.912000,0.853058,1.011473,344.126167,0.000000,0.000000,true,22.356000,15,1006.098000,"{""h4d-standard-192-1"":17,""h4d-standard-192-2"":31,""h4d-standard-192-4"":10}","{""h4d-standard-192-1"":0.006383,""h4d-standard-192-2"":0.008604,""h4d-standard-192-3"":0,""h4d-standard-192-4"":0.004905}"
prism_cc_cost,cloud_homo,29,maddid0000037|maddid0000056|mbackgroundid0000013|mbackgroundid0000016|mbackgroundid0000033|mbgmodelid0000050|mconcatfitid0000011|mconcatfitid0000049|mdifffitid0000006|mdifffitid0000007|mdifffitid0000008|mdifffitid0000009|mdifffitid0000010|mdifffitid0000024|mdifffitid0000025|mdifffitid0000027|mdifffitid0000028|mdifffitid0000029|mdifffitid0000044|mdifffitid0000047|mimgtblid0000017|mprojectid0000001|mprojectid0000003|mprojectid0000020|mprojectid0000039|mprojectid0000040|mprojectid0000042|mviewerid0000019|mviewerid0000038,0.2,162.489000,0.455975,1.011473,344.126167,0.000000,0.000000,true,146.604000,86,969.834000,"{""h4d-standard-192-3"":41,""h4d-standard-192-4"":17}","{""h4d-standard-192-1"":0,""h4d-standard-192-2"":0,""h4d-standard-192-3"":0.017646,""h4d-standard-192-4"":0.001155}"
prism_cc_time,cloud_hetero,29,maddid0000037|maddid0000056|mbackgroundid0000013|mbackgroundid0000016|mbackgroundid0000033|mbgmodelid0000050|mconcatfitid0000011|mconcatfitid0000049|mdifffitid0000006|mdifffitid0000007|mdifffitid0000008|mdifffitid0000009|mdifffitid0000010|mdifffitid0000024|mdifffitid0000025|mdifffitid0000027|mdifffitid0000028|mdifffitid0000029|mdifffitid0000044|mdifffitid0000047|mimgtblid0000017|mprojectid0000001|mprojectid0000003|mprojectid0000020|mprojectid0000039|mprojectid0000040|mprojectid0000042|mviewerid0000019|mviewerid0000038,0.2,123.187000,0.838685,1.011473,344.126167,0.000000,0.000000,true,53.686000,29,992.224000,"{""h4d-highmem-192-1"":35,""h4d-standard-192-1"":23}","{""h3-standard-88-1"":0,""h3-standard-88-2"":0,""h4d-highmem-192-1"":0.008114,""h4d-standard-192-1"":0.011556}"
prism_cc_cost,cloud_hetero,29,maddid0000037|maddid0000056|mbackgroundid0000013|mbackgroundid0000016|mbackgroundid0000033|mbgmodelid0000050|mconcatfitid0000011|mconcatfitid0000049|mdifffitid0000006|mdifffitid0000007|mdifffitid0000008|mdifffitid0000009|mdifffitid0000010|mdifffitid0000024|mdifffitid0000025|mdifffitid0000027|mdifffitid0000028|mdifffitid0000029|mdifffitid0000044|mdifffitid0000047|mimgtblid0000017|mprojectid0000001|mprojectid0000003|mprojectid0000020|mprojectid0000039|mprojectid0000040|mprojectid0000042|mviewerid0000019|mviewerid0000038,0.2,163.471000,0.391808,1.011473,344.126167,0.000000,0.000000,true,147.927000,89,995.700000,"{""h3-standard-88-1"":12,""h4d-standard-192-1"":46}","{""h3-standard-88-1"":0.002078,""h3-standard-88-2"":0,""h4d-highmem-192-1"":0,""h4d-standard-192-1"":0.017849}"
prism_cc_time,hybrid_homo,29,maddid0000037|maddid0000056|mbackgroundid0000013|mbackgroundid0000016|mbackgroundid0000033|mbgmodelid0000050|mconcatfitid0000011|mconcatfitid0000049|mdifffitid0000006|mdifffitid0000007|mdifffitid0000008|mdifffitid0000009|mdifffitid0000010|mdifffitid0000024|mdifffitid0000025|mdifffitid0000027|mdifffitid0000028|mdifffitid0000029|mdifffitid0000044|mdifffitid0000047|mimgtblid0000017|mprojectid0000001|mprojectid0000003|mprojectid0000020|mprojectid0000039|mprojectid0000040|mprojectid0000042|mviewerid0000019|mviewerid0000038,0.2,119.507000,0.548137,1.011473,344.126167,0.000000,0.000000,true,48.974000,18,927.121000,"{""bora009"":7,""bora010"":9,""h4d-standard-192-5"":17,""h4d-standard-192-6"":25}","{""bora009"":0.004026,""bora010"":0.004812,""h4d-standard-192-5"":0.011254,""h4d-standard-192-6"":0.00713}"
prism_cc_cost,hybrid_homo,29,maddid0000037|maddid0000056|mbackgroundid0000013|mbackgroundid0000016|mbackgroundid0000033|mbgmodelid0000050|mconcatfitid0000011|mconcatfitid0000049|mdifffitid0000006|mdifffitid0000007|mdifffitid0000008|mdifffitid0000009|mdifffitid0000010|mdifffitid0000024|mdifffitid0000025|mdifffitid0000027|mdifffitid0000028|mdifffitid0000029|mdifffitid0000044|mdifffitid0000047|mimgtblid0000017|mprojectid0000001|mprojectid0000003|mprojectid0000020|mprojectid0000039|mprojectid0000040|mprojectid0000042|mviewerid0000019|mviewerid0000038,0.2,144.724000,0.203199,1.011473,344.126167,0.000000,0.000000,true,84.251000,33,949.032000,"{""bora009"":17,""bora010"":18,""h4d-standard-192-6"":23}","{""bora009"":0.010663,""bora010"":0.024226,""h4d-standard-192-5"":0,""h4d-standard-192-6"":0.014982}"
prism_cc_time,hybrid_hetero,29,maddid0000037|maddid0000056|mbackgroundid0000013|mbackgroundid0000016|mbackgroundid0000033|mbgmodelid0000050|mconcatfitid0000011|mconcatfitid0000049|mdifffitid0000006|mdifffitid0000007|mdifffitid0000008|mdifffitid0000009|mdifffitid0000010|mdifffitid0000024|mdifffitid0000025|mdifffitid0000027|mdifffitid0000028|mdifffitid0000029|mdifffitid0000044|mdifffitid0000047|mimgtblid0000017|mprojectid0000001|mprojectid0000003|mprojectid0000020|mprojectid0000039|mprojectid0000040|mprojectid0000042|mviewerid0000019|mviewerid0000038,0.2,147.134000,0.319514,1.011473,344.126167,0.000000,0.000000,true,116.734000,43,830.239000,"{""bora011"":12,""diablo03"":8,""h4d-standard-192-7"":38}","{""bora011"":0.006975,""diablo03"":0.001979,""h3-standard-88-2"":0,""h4d-standard-192-7"":0.017242}"
prism_cc_cost,hybrid_hetero,29,maddid0000037|maddid0000056|mbackgroundid0000013|mbackgroundid0000016|mbackgroundid0000033|mbgmodelid0000050|mconcatfitid0000011|mconcatfitid0000049|mdifffitid0000006|mdifffitid0000007|mdifffitid0000008|mdifffitid0000009|mdifffitid0000010|mdifffitid0000024|mdifffitid0000025|mdifffitid0000027|mdifffitid0000028|mdifffitid0000029|mdifffitid0000044|mdifffitid0000047|mimgtblid0000017|mprojectid0000001|mprojectid0000003|mprojectid0000020|mprojectid0000039|mprojectid0000040|mprojectid0000042|mviewerid0000019|mviewerid0000038,0.2,275.016000,0.195709,1.011473,344.126167,0.000000,0.000000,true,77.292000,39,875.423000,"{""bora011"":15,""diablo03"":18,""h4d-standard-192-7"":25}","{""bora011"":0.026712,""diablo03"":0.002758,""h3-standard-88-2"":0,""h4d-standard-192-7"":0.007386}"
prism_cc_time,cluster_homo,30,mbackgroundid0000014|mbackgroundid0000032|mbackgroundid0000033|mbackgroundid0000034|mbackgroundid0000052|mbgmodelid0000031|mconcatfitid0000011|mconcatfitid0000030|mdifffitid0000005|mdifffitid0000006|mdifffitid0000007|mdifffitid0000010|mdifffitid0000026|mdifffitid0000028|mdifffitid0000029|mdifffitid0000043|mdifffitid0000044|mdifffitid0000045|mdifffitid0000046|mdifffitid0000048|mprojectid0000001|mprojectid0000002|mprojectid0000020|mprojectid0000039|mprojectid0000040|mprojectid0000041|mprojectid0000042|mviewerid0000038|mviewerid0000058,0.2,311.833000,0.000000,1.011473,344.126167,0.000000,0.000000,true,114.513000,13,711.010000,"{""bora001"":15,""bora002"":18,""bora003"":12,""bora004"":13}","{""bora001"":0.046382,""bora002"":0.066557,""bora003"":0.03392,""bora004"":0.026252}"
prism_cc_cost,cluster_homo,30,mbackgroundid0000014|mbackgroundid0000032|mbackgroundid0000033|mbackgroundid0000034|mbackgroundid0000052|mbgmodelid0000031|mconcatfitid0000011|mconcatfitid0000030|mdifffitid0000005|mdifffitid0000006|mdifffitid0000007|mdifffitid0000010|mdifffitid0000026|mdifffitid0000028|mdifffitid0000029|mdifffitid0000043|mdifffitid0000044|mdifffitid0000045|mdifffitid0000046|mdifffitid0000048|mprojectid0000001|mprojectid0000002|mprojectid0000020|mprojectid0000039|mprojectid0000040|mprojectid0000041|mprojectid0000042|mviewerid0000038|mviewerid0000058,0.2,311.833000,0.000000,1.011473,344.126167,0.000000,0.000000,true,114.513000,13,675.309000,"{""bora001"":15,""bora002"":18,""bora003"":12,""bora004"":13}","{""bora001"":0.046382,""bora002"":0.066557,""bora003"":0.03392,""bora004"":0.026252}"
prism_cc_time,cluster_hetero,30,mbackgroundid0000014|mbackgroundid0000032|mbackgroundid0000033|mbackgroundid0000034|mbackgroundid0000052|mbgmodelid0000031|mconcatfitid0000011|mconcatfitid0000030|mdifffitid0000005|mdifffitid0000006|mdifffitid0000007|mdifffitid0000010|mdifffitid0000026|mdifffitid0000028|mdifffitid0000029|mdifffitid0000043|mdifffitid0000044|mdifffitid0000045|mdifffitid0000046|mdifffitid0000048|mprojectid0000001|mprojectid0000002|mprojectid0000020|mprojectid0000039|mprojectid0000040|mprojectid0000041|mprojectid0000042|mviewerid0000038|mviewerid0000058,0.2,326.437000,0.000000,1.011473,344.126167,0.000000,0.000000,true,112.547000,17,732.838000,"{""bora005"":21,""bora006"":21,""diablo01"":7,""diablo02"":9}","{""bora005"":0.075094,""bora006"":0.050149,""diablo01"":0.014329,""diablo02"":0.014107}"
prism_cc_cost,cluster_hetero,30,mbackgroundid0000014|mbackgroundid0000032|mbackgroundid0000033|mbackgroundid0000034|mbackgroundid0000052|mbgmodelid0000031|mconcatfitid0000011|mconcatfitid0000030|mdifffitid0000005|mdifffitid0000006|mdifffitid0000007|mdifffitid0000010|mdifffitid0000026|mdifffitid0000028|mdifffitid0000029|mdifffitid0000043|mdifffitid0000044|mdifffitid0000045|mdifffitid0000046|mdifffitid0000048|mprojectid0000001|mprojectid0000002|mprojectid0000020|mprojectid0000039|mprojectid0000040|mprojectid0000041|mprojectid0000042|mviewerid0000038|mviewerid0000058,0.2,326.437000,0.000000,1.011473,344.126167,0.000000,0.000000,true,112.547000,17,712.404000,"{""bora005"":21,""bora006"":21,""diablo01"":7,""diablo02"":9}","{""bora005"":0.075094,""bora006"":0.050149,""diablo01"":0.014329,""diablo02"":0.014107}"
prism_cc_time,cloud_homo,30,mbackgroundid0000014|mbackgroundid0000032|mbackgroundid0000033|mbackgroundid0000034|mbackgroundid0000052|mbgmodelid0000031|mconcatfitid0000011|mconcatfitid0000030|mdifffitid0000005|mdifffitid0000006|mdifffitid0000007|mdifffitid0000010|mdifffitid0000026|mdifffitid0000028|mdifffitid0000029|mdifffitid0000043|mdifffitid0000044|mdifffitid0000045|mdifffitid0000046|mdifffitid0000048|mprojectid0000001|mprojectid0000002|mprojectid0000020|mprojectid0000039|mprojectid0000040|mprojectid0000041|mprojectid0000042|mviewerid0000038|mviewerid0000058,0.2,112.064000,0.743613,1.011473,344.126167,0.000000,0.000000,true,25.864000,22,1017.178000,"{""h4d-standard-192-1"":35,""h4d-standard-192-2"":4,""h4d-standard-192-4"":19}","{""h4d-standard-192-1"":0.008042,""h4d-standard-192-2"":0.003274,""h4d-standard-192-3"":0,""h4d-standard-192-4"":0.009358}"
prism_cc_cost,cloud_homo,30,mbackgroundid0000014|mbackgroundid0000032|mbackgroundid0000033|mbackgroundid0000034|mbackgroundid0000052|mbgmodelid0000031|mconcatfitid0000011|mconcatfitid0000030|mdifffitid0000005|mdifffitid0000006|mdifffitid0000007|mdifffitid0000010|mdifffitid0000026|mdifffitid0000028|mdifffitid0000029|mdifffitid0000043|mdifffitid0000044|mdifffitid0000045|mdifffitid0000046|mdifffitid0000048|mprojectid0000001|mprojectid0000002|mprojectid0000020|mprojectid0000039|mprojectid0000040|mprojectid0000041|mprojectid0000042|mviewerid0000038|mviewerid0000058,0.2,125.526000,0.527929,1.011473,344.126167,0.000000,0.000000,true,66.110000,59,993.902000,"{""h4d-standard-192-1"":16,""h4d-standard-192-4"":42}","{""h4d-standard-192-1"":0.009975,""h4d-standard-192-2"":0,""h4d-standard-192-3"":0,""h4d-standard-192-4"":0.010345}"
prism_cc_time,cloud_hetero,30,mbackgroundid0000014|mbackgroundid0000032|mbackgroundid0000033|mbackgroundid0000034|mbackgroundid0000052|mbgmodelid0000031|mconcatfitid0000011|mconcatfitid0000030|mdifffitid0000005|mdifffitid0000006|mdifffitid0000007|mdifffitid0000010|mdifffitid0000026|mdifffitid0000028|mdifffitid0000029|mdifffitid0000043|mdifffitid0000044|mdifffitid0000045|mdifffitid0000046|mdifffitid0000048|mprojectid0000001|mprojectid0000002|mprojectid0000020|mprojectid0000039|mprojectid0000040|mprojectid0000041|mprojectid0000042|mviewerid0000038|mviewerid0000058,0.2,125.526000,0.587087,1.011473,344.126167,0.000000,0.000000,true,69.276000,59,992.483000,"{""h4d-highmem-192-1"":45,""h4d-standard-192-1"":13}","{""h3-standard-88-1"":0,""h3-standard-88-2"":0,""h4d-highmem-192-1"":0.010618,""h4d-standard-192-1"":0.010046}"
prism_cc_cost,cloud_hetero,30,mbackgroundid0000014|mbackgroundid0000032|mbackgroundid0000033|mbackgroundid0000034|mbackgroundid0000052|mbgmodelid0000031|mconcatfitid0000011|mconcatfitid0000030|mdifffitid0000005|mdifffitid0000006|mdifffitid0000007|mdifffitid0000010|mdifffitid0000026|mdifffitid0000028|mdifffitid0000029|mdifffitid0000043|mdifffitid0000044|mdifffitid0000045|mdifffitid0000046|mdifffitid0000048|mprojectid0000001|mprojectid0000002|mprojectid0000020|mprojectid0000039|mprojectid0000040|mprojectid0000041|mprojectid0000042|mviewerid0000038|mviewerid0000058,0.2,186.596000,0.426595,1.011473,344.126167,0.000000,0.000000,true,176.008000,92,1011.103000,"{""h3-standard-88-1"":9,""h3-standard-88-2"":5,""h4d-standard-192-1"":44}","{""h3-standard-88-1"":0.001457,""h3-standard-88-2"":0.000659,""h4d-highmem-192-1"":0,""h4d-standard-192-1"":0.01638}"
prism_cc_time,hybrid_homo,30,mbackgroundid0000014|mbackgroundid0000032|mbackgroundid0000033|mbackgroundid0000034|mbackgroundid0000052|mbgmodelid0000031|mconcatfitid0000011|mconcatfitid0000030|mdifffitid0000005|mdifffitid0000006|mdifffitid0000007|mdifffitid0000010|mdifffitid0000026|mdifffitid0000028|mdifffitid0000029|mdifffitid0000043|mdifffitid0000044|mdifffitid0000045|mdifffitid0000046|mdifffitid0000048|mprojectid0000001|mprojectid0000002|mprojectid0000020|mprojectid0000039|mprojectid0000040|mprojectid0000041|mprojectid0000042|mviewerid0000038|mviewerid0000058,0.2,124.404000,0.394652,1.011473,344.126167,0.000000,0.000000,true,56.617000,35,971.630000,"{""bora009"":11,""bora010"":13,""h4d-standard-192-5"":18,""h4d-standard-192-6"":16}","{""bora009"":0.006785,""bora010"":0.006472,""h4d-standard-192-5"":0.007892,""h4d-standard-192-6"":0.009803}"
prism_cc_cost,hybrid_homo,30,mbackgroundid0000014|mbackgroundid0000032|mbackgroundid0000033|mbackgroundid0000034|mbackgroundid0000052|mbgmodelid0000031|mconcatfitid0000011|mconcatfitid0000030|mdifffitid0000005|mdifffitid0000006|mdifffitid0000007|mdifffitid0000010|mdifffitid0000026|mdifffitid0000028|mdifffitid0000029|mdifffitid0000043|mdifffitid0000044|mdifffitid0000045|mdifffitid0000046|mdifffitid0000048|mprojectid0000001|mprojectid0000002|mprojectid0000020|mprojectid0000039|mprojectid0000040|mprojectid0000041|mprojectid0000042|mviewerid0000038|mviewerid0000058,0.2,314.516000,0.136440,1.011473,344.126167,0.000000,0.000000,true,85.348000,37,918.762000,"{""bora009"":17,""bora010"":24,""h4d-standard-192-6"":17}","{""bora009"":0.02438,""bora010"":0.049002,""h4d-standard-192-5"":0,""h4d-standard-192-6"":0.003955}"
prism_cc_time,hybrid_hetero,30,mbackgroundid0000014|mbackgroundid0000032|mbackgroundid0000033|mbackgroundid0000034|mbackgroundid0000052|mbgmodelid0000031|mconcatfitid0000011|mconcatfitid0000030|mdifffitid0000005|mdifffitid0000006|mdifffitid0000007|mdifffitid0000010|mdifffitid0000026|mdifffitid0000028|mdifffitid0000029|mdifffitid0000043|mdifffitid0000044|mdifffitid0000045|mdifffitid0000046|mdifffitid0000048|mprojectid0000001|mprojectid0000002|mprojectid0000020|mprojectid0000039|mprojectid0000040|mprojectid0000041|mprojectid0000042|mviewerid0000038|mviewerid0000058,0.2,146.491000,0.573933,1.011473,344.126167,0.000000,0.000000,true,116.013000,39,840.044000,"{""bora011"":10,""diablo03"":9,""h3-standard-88-2"":9,""h4d-standard-192-7"":30}","{""bora011"":0.005164,""diablo03"":0.002769,""h3-standard-88-2"":0.004204,""h4d-standard-192-7"":0.016059}"
prism_cc_cost,hybrid_hetero,30,mbackgroundid0000014|mbackgroundid0000032|mbackgroundid0000033|mbackgroundid0000034|mbackgroundid0000052|mbgmodelid0000031|mconcatfitid0000011|mconcatfitid0000030|mdifffitid0000005|mdifffitid0000006|mdifffitid0000007|mdifffitid0000010|mdifffitid0000026|mdifffitid0000028|mdifffitid0000029|mdifffitid0000043|mdifffitid0000044|mdifffitid0000045|mdifffitid0000046|mdifffitid0000048|mprojectid0000001|mprojectid0000002|mprojectid0000020|mprojectid0000039|mprojectid0000040|mprojectid0000041|mprojectid0000042|mviewerid0000038|mviewerid0000058,0.2,330.549000,0.136440,1.011473,344.126167,0.000000,0.000000,true,85.097000,36,852.408000,"{""bora011"":20,""diablo03"":20,""h4d-standard-192-7"":18}","{""bora011"":0.046035,""diablo03"":0.016288,""h3-standard-88-2"":0,""h4d-standard-192-7"":0.003811}"
